EMPRES-i Plus,,,,,,,,,,,,,,,,,,
Date downloaded: 07/07/2026 20:02,,,,,,,,,,,,,,,,,,
,,,,,,,,,,,,,,,,,,
Filters,,,,,,,,,,,,,,,,,,
Disease: Peste des petits ruminants,,,,,,,,,,,,,,,,,,
Region: Africa,,,,,,,,,,,,,,,,,,
Subregion: All,,,,,,,,,,,,,,,,,,
Diagnosis source: All,,,,,,,,,,,,,,,,,,
Diagnosis status: All,,,,,,,,,,,,,,,,,,
Animal type: All,,,,,,,,,,,,,,,,,,
,,,,,,,,,,,,,,,,,,
Event.ID,Global.ID,Disease,Serotype,Region,Subregion,Country,Admin.level.1,Locality,Latitude,Longitude,Diagnosis.source,Diagnosis.status,Animal.type,Species,Observation.date..dd.mm.yyyy.,Report.date..dd.mm.yyyy.,Humans.affected,Human.deaths
51140,UNFAO-HQ-51140,Peste des petits ruminants,,Africa,Northern Africa,Libya,,191765ALJALIDA,32.5758,12.8701,WOAH (former OIE),Confirmed,Domestic - Goats,Domestic - Goats,10/06/2026,29/06/2026,,
401995,UNFAO-LEG-401995,Peste des petits ruminants,,Africa,Western Africa,Burkina Faso,Nord,152876 SECTEUR 10,13.5749,-2.4164,WOAH (former OIE),Confirmed,Domestic - Goats,Domestic - Goats,18/02/2025,10/03/2025,,
363688,UNFAO-LEG-363688,Peste des petits ruminants,,Africa,Eastern Africa,Rwanda,East/Iburasirazuba,Kayonza/Ndego,-2.0066,30.773,WOAH (former OIE),Confirmed,Domestic - Goats,Domestic - Goats,14/08/2023,02/10/2023,,
336723,UNFAO-LEG-336723,Peste des petits ruminants,,Africa,Northern Africa,Morocco,Rabat - Salé - Zemmour - Zaer,Skhirat Témara,33.843391,-7.076823,WOAH (former OIE),Confirmed,Domestic - Goats | Domestic - Sheep,Domestic - Goats | Domestic - Sheep,22/11/2022,02/12/2022,,
329618,UNFAO-LEG-329618,Peste des petits ruminants,,Africa,Northern Africa,Algeria,M'Sila,Sidi Aissa,35.8832,3.7793,WOAH (former OIE),Confirmed,Domestic - Goats | Domestic - Sheep,Domestic - Goats | Domestic - Sheep,03/08/2022,21/08/2022,,
329620,UNFAO-LEG-329620,Peste des petits ruminants,,Africa,Northern Africa,Algeria,El Bayadh,Rogassa,33.9404,0.9477,WOAH (former OIE),Confirmed,Domestic - Sheep,Domestic - Sheep,20/07/2022,21/08/2022,,
329621,UNFAO-LEG-329621,Peste des petits ruminants,,Africa,Northern Africa,Algeria,El Bayadh,kef el ahmar,33.8125,0.659,WOAH (former OIE),Confirmed,Domestic - Sheep,Domestic - Sheep,20/07/2022,21/08/2022,,
329615,UNFAO-LEG-329615,Peste des petits ruminants,,Africa,Northern Africa,Algeria,El Bayadh,Bougtoub,34.025,0.1583,WOAH (former OIE),Confirmed,Domestic - Goats | Domestic - Sheep,Domestic - Goats | Domestic - Sheep,17/07/2022,21/08/2022,,
329616,UNFAO-LEG-329616,Peste des petits ruminants,,Africa,Northern Africa,Algeria,El Bayadh,Kef El Ahmar,33.8248,0.639,WOAH (former OIE),Confirmed,Domestic - Goats | Domestic - Sheep,Domestic - Goats | Domestic - Sheep,17/07/2022,21/08/2022,,
329617,UNFAO-LEG-329617,Peste des petits ruminants,,Africa,Northern Africa,Algeria,El Bayadh,Rogassa,33.9452,0.9409,WOAH (former OIE),Confirmed,Domestic - Goats | Domestic - Sheep,Domestic - Goats | Domestic - Sheep,14/07/2022,21/08/2022,,
329619,UNFAO-LEG-329619,Peste des petits ruminants,,Africa,Northern Africa,Algeria,El Bayadh,Rogassa,33.9592,0.9396,WOAH (former OIE),Confirmed,Domestic - Goats | Domestic - Sheep,Domestic - Goats | Domestic - Sheep,14/07/2022,21/08/2022,,
327432,UNFAO-LEG-327432,Peste des petits ruminants,,Africa,Northern Africa,Algeria,Laghouat,El Assafia,33.8187,2.994,WOAH (former OIE),Confirmed,Domestic - Goats | Domestic - Sheep,Domestic - Goats | Domestic - Sheep,13/07/2022,21/07/2022,,
327433,UNFAO-LEG-327433,Peste des petits ruminants,,Africa,Northern Africa,Algeria,Tebessa,Guorriguer,35.4222,7.5833,WOAH (former OIE),Confirmed,Domestic - Goats | Domestic - Sheep,Domestic - Goats | Domestic - Sheep,13/07/2022,21/07/2022,,
327429,UNFAO-LEG-327429,Peste des petits ruminants,,Africa,Northern Africa,Algeria,Tebessa,Thelidjene,35.0727,7.7594,WOAH (former OIE),Confirmed,Domestic - Goats | Domestic - Sheep,Domestic - Goats | Domestic - Sheep,12/07/2022,21/07/2022,,
327428,UNFAO-LEG-327428,Peste des petits ruminants,,Africa,Northern Africa,Algeria,Tebessa,bir el ater,34.727,8.0622,WOAH (former OIE),Confirmed,Domestic - Goats | Domestic - Sheep,Domestic - Goats | Domestic - Sheep,11/07/2022,21/07/2022,,
327431,UNFAO-LEG-327431,Peste des petits ruminants,,Africa,Northern Africa,Algeria,El Bayadh,El Bayadh,33.6778,1.0263,WOAH (former OIE),Confirmed,Domestic - Sheep,Domestic - Sheep,11/07/2022,21/07/2022,,
327430,UNFAO-LEG-327430,Peste des petits ruminants,,Africa,Northern Africa,Algeria,El Bayadh,Rogassa,33.9649,0.9236,WOAH (former OIE),Confirmed,Domestic - Small Ruminant,Domestic - Small Ruminant,07/07/2022,21/07/2022,,
327434,UNFAO-LEG-327434,Peste des petits ruminants,,Africa,Northern Africa,Algeria,El Bayadh,Rogassa,33.9603,0.9148,WOAH (former OIE),Confirmed,Domestic - Small Ruminant | Domestic - Sheep,Domestic - Small Ruminant | Domestic - Sheep,04/07/2022,21/07/2022,,
327435,UNFAO-LEG-327435,Peste des petits ruminants,,Africa,Northern Africa,Algeria,Medea,Boughezoul,35.6987,2.8487,WOAH (former OIE),Confirmed,Domestic - Small Ruminant,Domestic - Small Ruminant,03/07/2022,21/07/2022,,
317248,UNFAO-LEG-317248,Peste des petits ruminants,,Africa,Northern Africa,Morocco,Souss - Massa - Draâ,Midelt,31.588,-5.961,WOAH (former OIE),Confirmed,Domestic - Goats | Domestic - Sheep,Domestic - Goats | Domestic - Sheep,23/03/2022,29/03/2022,,
317247,UNFAO-LEG-317247,Peste des petits ruminants,,Africa,Northern Africa,Morocco,Laâyoune - Boujdour - Sakia El Hamra,Laâyoune,27.940533,-12.274337,WOAH (former OIE),Confirmed,Domestic - Sheep | Domestic - Goats,Domestic - Sheep | Domestic - Goats,04/03/2022,28/03/2022,,
315063,UNFAO-LEG-315063,Peste des petits ruminants,,Africa,Northern Africa,Morocco,Chaouia - Ouardigha,Benslimane,33.547,-6.836,WOAH (former OIE),Confirmed,Domestic - Sheep,Domestic - Sheep,17/02/2022,07/03/2022,,
312814,UNFAO-LEG-312814,Peste des petits ruminants,,Africa,Northern Africa,Western Sahara,Saguia El Hamra,Laâyoune,27.15,-13.201,WOAH (former OIE),Confirmed,Domestic - Goats | Domestic - Sheep,Domestic - Goats | Domestic - Sheep,28/01/2022,07/02/2022,,
312813,UNFAO-LEG-312813,Peste des petits ruminants,,Africa,Northern Africa,Morocco,Marrakech - Tensift - Al Haouz,Rhamna,32.548,-7.743,WOAH (former OIE),Confirmed,Domestic - Sheep,Domestic - Sheep,11/01/2022,07/02/2022,,
309466,UNFAO-LEG-309466,Peste des petits ruminants,,Africa,Northern Africa,Morocco,Chaouia - Ouardigha,Benslimane,33.547389,-6.875639,WOAH (former OIE),Confirmed,Domestic - Sheep,Domestic - Sheep,02/12/2021,22/12/2021,,
308269,UNFAO-LEG-308269,Peste des petits ruminants,,Africa,Northern Africa,Morocco,Fès - Boulemane,boulemane,33.116474,-3.899709,WOAH (former OIE),Confirmed,Domestic - Sheep | Domestic - Goats,Domestic - Sheep | Domestic - Goats,19/11/2021,06/12/2021,,
306823,UNFAO-LEG-306823,Peste des petits ruminants,,Africa,Northern Africa,Morocco,Doukkala - Abda,Youssoufia,31.938,-8.55,WOAH (former OIE),Confirmed,Domestic - Sheep,Domestic - Sheep,01/11/2021,12/11/2021,,
306822,UNFAO-LEG-306822,Peste des petits ruminants,,Africa,Northern Africa,Morocco,Meknès - Tafilalet,Rhamna,31.918,-3.96,WOAH (former OIE),Confirmed,Domestic - Goats | Domestic - Sheep,Domestic - Goats | Domestic - Sheep,30/10/2021,11/11/2021,,
305568,UNFAO-LEG-305568,Peste des petits ruminants,,Africa,Northern Africa,Morocco,Fès - Boulemane,Boulemane,33.33833,-3.73055,WOAH (former OIE),Confirmed,Domestic - Goats | Domestic - Sheep,Domestic - Goats | Domestic - Sheep,13/10/2021,25/10/2021,,
304738,UNFAO-LEG-304738,Peste des petits ruminants,,Africa,Northern Africa,Morocco,Doukkala - Abda,Berrechid,33.3983,-7.9692,WOAH (former OIE),Confirmed,Domestic - Sheep,Domestic - Sheep,25/09/2021,08/10/2021,,
282400,UNFAO-LEG-282400,Peste des petits ruminants,,Africa,Northern Africa,Libya,Nuqat Al Khams,Sahel Aljafara,32.6913,12.4515,WOAH (former OIE),Confirmed,Domestic - Goats | Domestic - Sheep,Domestic - Goats | Domestic - Sheep,21/10/2020,01/11/2020,,
282399,UNFAO-LEG-282399,Peste des petits ruminants,,Africa,Northern Africa,Libya,Nuqat Al Khams,Sahel Aljafara,32.6401,12.4345,WOAH (former OIE),Confirmed,Domestic - Goats | Domestic - Sheep,Domestic - Goats | Domestic - Sheep,18/10/2020,01/11/2020,,
282398,UNFAO-LEG-282398,Peste des petits ruminants,,Africa,Northern Africa,Libya,Al Aziziyah,Sahel Aljafara,32.66522,13.022981,WOAH (former OIE),Confirmed,Domestic - Goats | Domestic - Sheep,Domestic - Goats | Domestic - Sheep,13/10/2020,01/11/2020,,
282397,UNFAO-LEG-282397,Peste des petits ruminants,,Africa,Northern Africa,Libya,Gharyan,Western mountain ,30.6418,13.9133,WOAH (former OIE),Confirmed,Domestic - Goat/sheep ,Domestic - Goat/Sheep ,10/10/2020,01/11/2020,,
279823,UNFAO-LEG-279823,Peste des petits ruminants,,Africa,Northern Africa,Libya,Az Zawia (azzawiya),Al Jufrah,32.42179,12.53315,WOAH (former OIE),Confirmed,Domestic - Goats | Domestic - Sheep,Domestic - Goats | Domestic - Sheep,17/09/2020,07/10/2020,,
271986,UNFAO-LEG-271986,Peste des petits ruminants,,Africa,Northern Africa,Morocco,Tadla - Azilal,Ait Ichou,32.4425,-6.08866,WOAH (former OIE),Confirmed,Domestic - Goats | Domestic - Sheep,Domestic - Goats | Domestic - Sheep,25/04/2020,12/05/2020,,
265364,UNFAO-LEG-265364,Peste des petits ruminants,,Africa,Northern Africa,Morocco,Tanger - Tétouan,Sdak,34.97434,-5.60618,WOAH (former OIE),Confirmed,Domestic - Goats | Domestic - Sheep,Domestic - Goats | Domestic - Sheep,03/02/2020,17/02/2020,,
291382,UNFAO-LEG-291382,Peste des petits ruminants,,Africa,Northern Africa,Algeria,Guelma,Guelma,36.5107,7.7041,WOAH (former OIE),Confirmed,Domestic - Goats,Domestic - Goats,01/02/2020,25/03/2020,,
264838,UNFAO-LEG-264838,Peste des petits ruminants,,Africa,Northern Africa,Morocco,Tanger - Tétouan,Daidat,35.661889,-5.926222,WOAH (former OIE),Confirmed,Domestic - Goats,Domestic - Goats,21/01/2020,07/02/2020,,
271394,UNFAO-LEG-271394,Peste des petits ruminants,,Africa,Northern Africa,Algeria,Tindouf,Tindouf,26.9606,-6.1112,WOAH (former OIE),Confirmed,Domestic - Goats,Domestic - Goats,29/12/2019,22/01/2020,,
252408,UNFAO-LEG-252408,Peste des petits ruminants,,Africa,Northern Africa,Algeria,Tizi Ouzou,Mizrana,36.714,4.2158,WOAH (former OIE),Confirmed,Domestic - Goats | Domestic - Sheep,Domestic - Goats | Domestic - Sheep,21/03/2019,30/04/2019,,
252407,UNFAO-LEG-252407,Peste des petits ruminants,,Africa,Northern Africa,Algeria,Tipaza,Attatba,36.5782,2.3486,WOAH (former OIE),Confirmed,Domestic - Goats | Domestic - Sheep,Domestic - Goats | Domestic - Sheep,19/03/2019,30/04/2019,,
251856,UNFAO-LEG-251856,Peste des petits ruminants,,Africa,Northern Africa,Algeria,Tizi Ouzou,Beni Douala,36.7358,4.2901,WOAH (former OIE),Confirmed,Domestic - Sheep,Domestic - Sheep,08/03/2019,24/03/2019,,
251855,UNFAO-LEG-251855,Peste des petits ruminants,,Africa,Northern Africa,Algeria,Tizi Ouzou,Tizi Rached,36.7165,4.2492,WOAH (former OIE),Confirmed,Domestic - Goats | Domestic - Sheep,Domestic - Goats | Domestic - Sheep,28/02/2019,24/03/2019,,
252405,UNFAO-LEG-252405,Peste des petits ruminants,,Africa,Northern Africa,Algeria,Tipaza,Messelmoun,36.5556,1.8682,WOAH (former OIE),Confirmed,Domestic - Goats,Domestic - Goats,14/02/2019,30/04/2019,,
252406,UNFAO-LEG-252406,Peste des petits ruminants,,Africa,Northern Africa,Algeria,Tipaza,Cherchell,36.5918,2.2942,WOAH (former OIE),Confirmed,Domestic - Sheep,Domestic - Sheep,14/02/2019,30/04/2019,,
251854,UNFAO-LEG-251854,Peste des petits ruminants,,Africa,Northern Africa,Algeria,Annaba,Sidi Amar,36.868,7.5275,WOAH (former OIE),Confirmed,Domestic - Goats | Domestic - Sheep,Domestic - Goats | Domestic - Sheep,07/02/2019,24/03/2019,,
252404,UNFAO-LEG-252404,Peste des petits ruminants,,Africa,Northern Africa,Algeria,Tipaza,Larhat,36.5737,2.3576,WOAH (former OIE),Confirmed,Domestic - Sheep,Domestic - Sheep,05/02/2019,30/04/2019,,
251853,UNFAO-LEG-251853,Peste des petits ruminants,,Africa,Northern Africa,Algeria,Tizi Ouzou,Aït Khellili,36.714,4.1796,WOAH (former OIE),Confirmed,Domestic - Goats,Domestic - Goats,04/02/2019,24/03/2019,,
251850,UNFAO-LEG-251850,Peste des petits ruminants,,Africa,Northern Africa,Algeria,El Oued,Beni Guecha,33.7799,6.405,WOAH (former OIE),Confirmed,Domestic - Sheep,Domestic - Sheep,31/01/2019,24/03/2019,,
251851,UNFAO-LEG-251851,Peste des petits ruminants,,Africa,Northern Africa,Algeria,Souk-Ahras,Safel El Ouiden,36.1117,7.8869,WOAH (former OIE),Confirmed,Domestic - Goats | Domestic - Sheep,Domestic - Goats | Domestic - Sheep,31/01/2019,24/03/2019,,
251852,UNFAO-LEG-251852,Peste des petits ruminants,,Africa,Northern Africa,Algeria,Medea,Bir Ben Laabed,36.1933,3.0918,WOAH (former OIE),Confirmed,Domestic - Goats | Domestic - Sheep,Domestic - Goats | Domestic - Sheep,31/01/2019,24/03/2019,,
251849,UNFAO-LEG-251849,Peste des petits ruminants,,Africa,Northern Africa,Algeria,Alger,Sidi Semiane,36.6891,2.8614,WOAH (former OIE),Confirmed,Domestic - Goats | Domestic - Sheep,Domestic - Goats | Domestic - Sheep,29/01/2019,24/03/2019,,
251848,UNFAO-LEG-251848,Peste des petits ruminants,,Africa,Northern Africa,Algeria,Ghardaia,El Atteuf,31.0219,3.1054,WOAH (former OIE),Confirmed,Domestic - Goats,Domestic - Goats,28/01/2019,24/03/2019,,
251564,UNFAO-LEG-251564,Peste des petits ruminants,,Africa,Northern Africa,Libya,Banghazi,Arrajma  Wadi Al Ghattara,31.1326,20.9667,WOAH (former OIE),Confirmed,Domestic - Goat/sheep ,Domestic - Goat/Sheep ,27/01/2019,17/04/2019,,
251846,UNFAO-LEG-251846,Peste des petits ruminants,,Africa,Northern Africa,Algeria,M'Sila,Aïn Errich,35.4234,4.4606,WOAH (former OIE),Confirmed,Domestic - Goats | Domestic - Sheep,Domestic - Goats | Domestic - Sheep,27/01/2019,24/03/2019,,
251847,UNFAO-LEG-251847,Peste des petits ruminants,,Africa,Northern Africa,Algeria,Tipaza,Beni Milleuk,36.503,2.112,WOAH (former OIE),Confirmed,Domestic - Sheep,Domestic - Sheep,27/01/2019,24/03/2019,,
251845,UNFAO-LEG-251845,Peste des petits ruminants,,Africa,Northern Africa,Algeria,Setif,Aïn Azel,36.1617,5.5211,WOAH (former OIE),Confirmed,Domestic - Sheep,Domestic - Sheep,25/01/2019,24/03/2019,,
251843,UNFAO-LEG-251843,Peste des petits ruminants,,Africa,Northern Africa,Algeria,Mostaganem,Kheireddine,36.1917,0.5605,WOAH (former OIE),Confirmed,Domestic - Goats | Domestic - Sheep,Domestic - Goats | Domestic - Sheep,24/01/2019,24/03/2019,,
251844,UNFAO-LEG-251844,Peste des petits ruminants,,Africa,Northern Africa,Algeria,Setif,Ouled Sabor,36.0935,5.5756,WOAH (former OIE),Confirmed,Domestic - Sheep,Domestic - Sheep,24/01/2019,24/03/2019,,
251842,UNFAO-LEG-251842,Peste des petits ruminants,,Africa,Northern Africa,Algeria,Annaba,Annaba,36.916,7.4772,WOAH (former OIE),Confirmed,Domestic - Goats | Domestic - Sheep,Domestic - Goats | Domestic - Sheep,22/01/2019,24/03/2019,,
251840,UNFAO-LEG-251840,Peste des petits ruminants,,Africa,Northern Africa,Algeria,Skikda,Es Sebt,36.8001,6.8807,WOAH (former OIE),Confirmed,Domestic - Goats | Domestic - Sheep,Domestic - Goats | Domestic - Sheep,21/01/2019,24/03/2019,,
251841,UNFAO-LEG-251841,Peste des petits ruminants,,Africa,Northern Africa,Algeria,Jijel,El Aouana,36.8032,5.8068,WOAH (former OIE),Confirmed,Domestic - Goats,Domestic - Goats,21/01/2019,24/03/2019,,
251835,UNFAO-LEG-251835,Peste des petits ruminants,,Africa,Northern Africa,Algeria,Oran,Gdyel,35.7087,-0.7514,WOAH (former OIE),Confirmed,Domestic - Goats | Domestic - Sheep,Domestic - Goats | Domestic - Sheep,20/01/2019,24/03/2019,,
251836,UNFAO-LEG-251836,Peste des petits ruminants,,Africa,Northern Africa,Algeria,Oran,Boufatis,35.668,-0.6245,WOAH (former OIE),Confirmed,Domestic - Goats | Domestic - Sheep,Domestic - Goats | Domestic - Sheep,20/01/2019,24/03/2019,,
251837,UNFAO-LEG-251837,Peste des petits ruminants,,Africa,Northern Africa,Algeria,Tamanrasset,Tamanrasset,23.3055,6.0379,WOAH (former OIE),Confirmed,Domestic - Goats | Domestic - Sheep,Domestic - Goats | Domestic - Sheep,20/01/2019,24/03/2019,,
251838,UNFAO-LEG-251838,Peste des petits ruminants,,Africa,Northern Africa,Algeria,Tizi Ouzou,Draâ Ben Khedda,36.6597,4.2974,WOAH (former OIE),Confirmed,Domestic - Goats | Domestic - Sheep,Domestic - Goats | Domestic - Sheep,20/01/2019,24/03/2019,,
251839,UNFAO-LEG-251839,Peste des petits ruminants,,Africa,Northern Africa,Algeria,Alger,Ahmar El Aïn,36.6977,2.887,WOAH (former OIE),Confirmed,Domestic - Sheep,Domestic - Sheep,20/01/2019,24/03/2019,,
251834,UNFAO-LEG-251834,Peste des petits ruminants,,Africa,Northern Africa,Algeria,Setif,Mezloug,36.1616,5.5573,WOAH (former OIE),Confirmed,Domestic - Sheep,Domestic - Sheep,19/01/2019,24/03/2019,,
251832,UNFAO-LEG-251832,Peste des petits ruminants,,Africa,Northern Africa,Algeria,Oran,Tafraoui,35.6635,-0.5883,WOAH (former OIE),Confirmed,Domestic - Sheep,Domestic - Sheep,18/01/2019,24/03/2019,,
251833,UNFAO-LEG-251833,Peste des petits ruminants,,Africa,Northern Africa,Algeria,Oran,El Braya,35.6418,-0.5831,WOAH (former OIE),Confirmed,Domestic - Sheep,Domestic - Sheep,18/01/2019,24/03/2019,,
251830,UNFAO-LEG-251830,Peste des petits ruminants,,Africa,Northern Africa,Algeria,Setif,Ain Arnat,36.1706,5.4758,WOAH (former OIE),Confirmed,Domestic - Goats | Domestic - Sheep,Domestic - Goats | Domestic - Sheep,17/01/2019,24/03/2019,,
251831,UNFAO-LEG-251831,Peste des petits ruminants,,Africa,Northern Africa,Algeria,Batna,Oued Chaaba,35.5638,5.9199,WOAH (former OIE),Confirmed,Domestic - Goats | Domestic - Sheep,Domestic - Goats | Domestic - Sheep,17/01/2019,24/03/2019,,
251828,UNFAO-LEG-251828,Peste des petits ruminants,,Africa,Northern Africa,Algeria,Ghardaia,Ghardaia,31.2729,3.0701,WOAH (former OIE),Confirmed,Domestic - Goats | Domestic - Sheep,Domestic - Goats | Domestic - Sheep,16/01/2019,24/03/2019,,
251829,UNFAO-LEG-251829,Peste des petits ruminants,,Africa,Northern Africa,Algeria,Oran,Bethioua,35.6544,-0.6155,WOAH (former OIE),Confirmed,Domestic - Sheep,Domestic - Sheep,16/01/2019,24/03/2019,,
251827,UNFAO-LEG-251827,Peste des petits ruminants,,Africa,Northern Africa,Algeria,Medea,Si Mahdjoub,36.1571,3.0646,WOAH (former OIE),Confirmed,Domestic - Goats | Domestic - Sheep,Domestic - Goats | Domestic - Sheep,15/01/2019,24/03/2019,,
251825,UNFAO-LEG-251825,Peste des petits ruminants,,Africa,Northern Africa,Algeria,Medea,Ouled Bouachra,36.0801,3.0828,WOAH (former OIE),Confirmed,Domestic - Sheep,Domestic - Sheep,14/01/2019,24/03/2019,,
251826,UNFAO-LEG-251826,Peste des petits ruminants,,Africa,Northern Africa,Algeria,Oran,Oued Tlelat,35.6272,-0.5883,WOAH (former OIE),Confirmed,Domestic - Sheep,Domestic - Sheep,14/01/2019,24/03/2019,,
251822,UNFAO-LEG-251822,Peste des petits ruminants,,Africa,Northern Africa,Algeria,Adrar,Adrar,28.649,0.5175,WOAH (former OIE),Confirmed,Domestic - Goats | Domestic - Sheep,Domestic - Goats | Domestic - Sheep,13/01/2019,24/03/2019,,
251823,UNFAO-LEG-251823,Peste des petits ruminants,,Africa,Northern Africa,Algeria,Medea,Sedraia,36.1301,3.2278,WOAH (former OIE),Confirmed,Domestic - Sheep,Domestic - Sheep,13/01/2019,24/03/2019,,
251824,UNFAO-LEG-251824,Peste des petits ruminants,,Africa,Northern Africa,Algeria,Setif,Tachouda,36.1616,5.5573,WOAH (former OIE),Confirmed,Domestic - Goats | Domestic - Sheep,Domestic - Goats | Domestic - Sheep,13/01/2019,24/03/2019,,
251821,UNFAO-LEG-251821,Peste des petits ruminants,,Africa,Northern Africa,Algeria,Tlemcen,Aïn Fezza,34.8846,-1.5446,WOAH (former OIE),Confirmed,Domestic - Sheep,Domestic - Sheep,10/01/2019,24/03/2019,,
251817,UNFAO-LEG-251817,Peste des petits ruminants,,Africa,Northern Africa,Algeria,Boumerdes,Ouled Moussa,36.7698,3.643,WOAH (former OIE),Confirmed,Domestic - Sheep,Domestic - Sheep,09/01/2019,24/03/2019,,
251818,UNFAO-LEG-251818,Peste des petits ruminants,,Africa,Northern Africa,Algeria,Boumerdes,Thénia,36.7514,3.553,WOAH (former OIE),Confirmed,Domestic - Sheep,Domestic - Sheep,09/01/2019,24/03/2019,,
251819,UNFAO-LEG-251819,Peste des petits ruminants,,Africa,Northern Africa,Algeria,Skikda,Ben Azzouz,36.7426,6.7353,WOAH (former OIE),Confirmed,Domestic - Goats | Domestic - Sheep,Domestic - Goats | Domestic - Sheep,09/01/2019,24/03/2019,,
251820,UNFAO-LEG-251820,Peste des petits ruminants,,Africa,Northern Africa,Algeria,Tlemcen,Tlemcen,34.7759,-1.4585,WOAH (former OIE),Confirmed,Domestic - Sheep,Domestic - Sheep,09/01/2019,24/03/2019,,
251810,UNFAO-LEG-251810,Peste des petits ruminants,,Africa,Northern Africa,Algeria,Tizi Ouzou,Souamaâ,36.714,4.1705,WOAH (former OIE),Confirmed,Domestic - Sheep,Domestic - Sheep,08/01/2019,24/03/2019,,
251811,UNFAO-LEG-251811,Peste des petits ruminants,,Africa,Northern Africa,Algeria,Tizi Ouzou,Aïn El Hammam,36.7774,4.234,WOAH (former OIE),Confirmed,Domestic - Goats,Domestic - Goats,08/01/2019,24/03/2019,,
251812,UNFAO-LEG-251812,Peste des petits ruminants,,Africa,Northern Africa,Algeria,Boumerdes,Dellys,36.7605,3.6595,WOAH (former OIE),Confirmed,Domestic - Sheep,Domestic - Sheep,08/01/2019,24/03/2019,,
251813,UNFAO-LEG-251813,Peste des petits ruminants,,Africa,Northern Africa,Algeria,Souk-Ahras,Tiffech,36.2114,7.9413,WOAH (former OIE),Confirmed,Domestic - Goats | Domestic - Sheep,Domestic - Goats | Domestic - Sheep,08/01/2019,24/03/2019,,
251814,UNFAO-LEG-251814,Peste des petits ruminants,,Africa,Northern Africa,Algeria,Souk-Ahras,Sedrata,36.2114,7.8778,WOAH (former OIE),Confirmed,Domestic - Goats | Domestic - Sheep,Domestic - Goats | Domestic - Sheep,08/01/2019,24/03/2019,,
251815,UNFAO-LEG-251815,Peste des petits ruminants,,Africa,Northern Africa,Algeria,Medea,Boughezoul,36.0622,3.11,WOAH (former OIE),Confirmed,Domestic - Goats | Domestic - Sheep,Domestic - Goats | Domestic - Sheep,08/01/2019,24/03/2019,,
251816,UNFAO-LEG-251816,Peste des petits ruminants,,Africa,Northern Africa,Algeria,Adrar,Tinerkouk,29.1109,0.1822,WOAH (former OIE),Confirmed,Domestic - Goats | Domestic - Sheep,Domestic - Goats | Domestic - Sheep,08/01/2019,24/03/2019,,
251805,UNFAO-LEG-251805,Peste des petits ruminants,,Africa,Northern Africa,Algeria,Medea,Sidi Damed,36.1162,3.0466,WOAH (former OIE),Confirmed,Domestic - Goats | Domestic - Sheep,Domestic - Goats | Domestic - Sheep,07/01/2019,24/03/2019,,
251806,UNFAO-LEG-251806,Peste des petits ruminants,,Africa,Northern Africa,Algeria,Ghardaia,Hassi F''hal,30.8689,3.245,WOAH (former OIE),Confirmed,Domestic - Goats | Domestic - Sheep,Domestic - Goats | Domestic - Sheep,07/01/2019,24/03/2019,,
251807,UNFAO-LEG-251807,Peste des petits ruminants,,Africa,Northern Africa,Algeria,Mostaganem,Fornaka,35.9407,0.3478,WOAH (former OIE),Confirmed,Domestic - Goats | Domestic - Sheep,Domestic - Goats | Domestic - Sheep,07/01/2019,24/03/2019,,
251808,UNFAO-LEG-251808,Peste des petits ruminants,,Africa,Northern Africa,Algeria,Blida,Blida,36.5646,3.0103,WOAH (former OIE),Confirmed,Domestic - Sheep,Domestic - Sheep,07/01/2019,24/03/2019,,
251809,UNFAO-LEG-251809,Peste des petits ruminants,,Africa,Northern Africa,Algeria,Tlemcen,Sidi Djillali,34.7759,-1.3044,WOAH (former OIE),Confirmed,Domestic - Sheep,Domestic - Sheep,07/01/2019,24/03/2019,,
251792,UNFAO-LEG-251792,Peste des petits ruminants,,Africa,Northern Africa,Algeria,Tlemcen,Sebdou,34.7849,-1.5128,WOAH (former OIE),Confirmed,Domestic - Sheep,Domestic - Sheep,06/01/2019,24/03/2019,,
251793,UNFAO-LEG-251793,Peste des petits ruminants,,Africa,Northern Africa,Algeria,Adrar,Ouled Ahmed Timmi,28.9388,0.5901,WOAH (former OIE),Confirmed,Domestic - Goats | Domestic - Sheep,Domestic - Goats | Domestic - Sheep,06/01/2019,24/03/2019,,
251794,UNFAO-LEG-251794,Peste des petits ruminants,,Africa,Northern Africa,Algeria,Batna,Aïn Djasser,35.6324,5.8907,WOAH (former OIE),Confirmed,Domestic - Goats | Domestic - Sheep,Domestic - Goats | Domestic - Sheep,06/01/2019,24/03/2019,,
251795,UNFAO-LEG-251795,Peste des petits ruminants,,Africa,Northern Africa,Algeria,Batna,Chemora,35.5819,5.9199,WOAH (former OIE),Confirmed,Domestic - Goats | Domestic - Sheep,Domestic - Goats | Domestic - Sheep,06/01/2019,24/03/2019,,
251796,UNFAO-LEG-251796,Peste des petits ruminants,,Africa,Northern Africa,Algeria,Tizi Ouzou,Mekla,36.7321,4.2702,WOAH (former OIE),Confirmed,Domestic - Goats | Domestic - Sheep,Domestic - Goats | Domestic - Sheep,06/01/2019,24/03/2019,,
251797,UNFAO-LEG-251797,Peste des petits ruminants,,Africa,Northern Africa,Algeria,Tizi Ouzou,Tizi N''Tleta,36.7503,4.2702,WOAH (former OIE),Confirmed,Domestic - Goats,Domestic - Goats,06/01/2019,24/03/2019,,
251798,UNFAO-LEG-251798,Peste des petits ruminants,,Africa,Northern Africa,Algeria,Skikda,Tamalous,36.7459,7.0442,WOAH (former OIE),Confirmed,Domestic - Goats,Domestic - Goats,06/01/2019,24/03/2019,,
251799,UNFAO-LEG-251799,Peste des petits ruminants,,Africa,Northern Africa,Algeria,Oran,Es Senia,35.7857,-0.4523,WOAH (former OIE),Confirmed,Domestic - Sheep,Domestic - Sheep,06/01/2019,24/03/2019,,
251800,UNFAO-LEG-251800,Peste des petits ruminants,,Africa,Northern Africa,Algeria,Oran,Ben Freha,35.6363,-0.7696,WOAH (former OIE),Confirmed,Domestic - Goats | Domestic - Sheep,Domestic - Goats | Domestic - Sheep,06/01/2019,24/03/2019,,
251801,UNFAO-LEG-251801,Peste des petits ruminants,,Africa,Northern Africa,Algeria,Souk-Ahras,Sidi Fredj,36.3201,8.2223,WOAH (former OIE),Confirmed,Domestic - Goats | Domestic - Sheep,Domestic - Goats | Domestic - Sheep,06/01/2019,24/03/2019,,
251802,UNFAO-LEG-251802,Peste des petits ruminants,,Africa,Northern Africa,Algeria,Ghardaia,Daia Ben Dahoua,31.7105,3.2414,WOAH (former OIE),Confirmed,Domestic - Goats | Domestic - Sheep,Domestic - Goats | Domestic - Sheep,06/01/2019,24/03/2019,,
251803,UNFAO-LEG-251803,Peste des petits ruminants,,Africa,Northern Africa,Algeria,Setif,Ouled Si Ahmed,36.3608,5.512,WOAH (former OIE),Confirmed,Domestic - Goats | Domestic - Sheep,Domestic - Goats | Domestic - Sheep,06/01/2019,24/03/2019,,
251804,UNFAO-LEG-251804,Peste des petits ruminants,,Africa,Northern Africa,Algeria,Setif,Guellal,36.1435,5.5075,WOAH (former OIE),Confirmed,Domestic - Sheep,Domestic - Sheep,06/01/2019,24/03/2019,,
251791,UNFAO-LEG-251791,Peste des petits ruminants,,Africa,Northern Africa,Algeria,Tlemcen,MSirda Fouaga,34.8483,-1.395,WOAH (former OIE),Confirmed,Domestic - Goats | Domestic - Sheep,Domestic - Goats | Domestic - Sheep,04/01/2019,24/03/2019,,
251789,UNFAO-LEG-251789,Peste des petits ruminants,,Africa,Northern Africa,Algeria,Oran,Hassi Bounif,35.7316,-0.4887,WOAH (former OIE),Confirmed,Domestic - Goats | Domestic - Sheep,Domestic - Goats | Domestic - Sheep,03/01/2019,24/03/2019,,
251790,UNFAO-LEG-251790,Peste des petits ruminants,,Africa,Northern Africa,Algeria,Tlemcen,Fellaoucene,34.7759,-1.4675,WOAH (former OIE),Confirmed,Domestic - Sheep,Domestic - Sheep,03/01/2019,24/03/2019,,
251783,UNFAO-LEG-251783,Peste des petits ruminants,,Africa,Northern Africa,Algeria,Guelma,Medjez Sfa,36.5039,7.5112,WOAH (former OIE),Confirmed,Domestic - Sheep,Domestic - Sheep,02/01/2019,24/03/2019,,
251784,UNFAO-LEG-251784,Peste des petits ruminants,,Africa,Northern Africa,Algeria,El Oued,El Oued,33.6113,6.3604,WOAH (former OIE),Confirmed,Domestic - Goats | Domestic - Sheep,Domestic - Goats | Domestic - Sheep,02/01/2019,24/03/2019,,
251785,UNFAO-LEG-251785,Peste des petits ruminants,,Africa,Northern Africa,Algeria,El Oued,Robbah,33.4134,6.9952,WOAH (former OIE),Confirmed,Domestic - Goats | Domestic - Sheep,Domestic - Goats | Domestic - Sheep,02/01/2019,24/03/2019,,
251786,UNFAO-LEG-251786,Peste des petits ruminants,,Africa,Northern Africa,Algeria,El Oued,El Ogla,33.7196,7.0131,WOAH (former OIE),Confirmed,Domestic - Goats | Domestic - Sheep,Domestic - Goats | Domestic - Sheep,02/01/2019,24/03/2019,,
251787,UNFAO-LEG-251787,Peste des petits ruminants,,Africa,Northern Africa,Algeria,Souk-Ahras,M''daourouch,36.2476,7.9413,WOAH (former OIE),Confirmed,Domestic - Goats | Domestic - Sheep,Domestic - Goats | Domestic - Sheep,02/01/2019,24/03/2019,,
251788,UNFAO-LEG-251788,Peste des petits ruminants,,Africa,Northern Africa,Algeria,Setif,Ksar El Abtal,36.1435,5.5301,WOAH (former OIE),Confirmed,Domestic - Sheep,Domestic - Sheep,02/01/2019,24/03/2019,,
248019,UNFAO-LEG-248019,Peste des petits ruminants,,Africa,Northern Africa,Algeria,Oran,Hassi Ben Okba,35.7314,-0.5702,WOAH (former OIE),Confirmed,Domestic - Sheep | Domestic - Goats,Domestic - Sheep | Domestic - Goats,30/12/2018,26/02/2019,,
248020,UNFAO-LEG-248020,Peste des petits ruminants,,Africa,Northern Africa,Algeria,Guelma,Bouchegouf,36.4378,7.2977,WOAH (former OIE),Confirmed,Domestic - Sheep,Domestic - Sheep,30/12/2018,26/02/2019,,
248021,UNFAO-LEG-248021,Peste des petits ruminants,,Africa,Northern Africa,Algeria,Tlemcen,El Aricha,34.803,-1.4992,WOAH (former OIE),Confirmed,Domestic - Sheep,Domestic - Sheep,30/12/2018,26/02/2019,,
248017,UNFAO-LEG-248017,Peste des petits ruminants,,Africa,Northern Africa,Algeria,Tlemcen,Sabra,34.8665,-1.4358,WOAH (former OIE),Confirmed,Domestic - Sheep,Domestic - Sheep,27/12/2018,26/02/2019,,
248018,UNFAO-LEG-248018,Peste des petits ruminants,,Africa,Northern Africa,Algeria,Illizi,Illizi,27.6217,8.3283,WOAH (former OIE),Confirmed,Domestic - Sheep | Domestic - Goats,Domestic - Sheep | Domestic - Goats,27/12/2018,26/02/2019,,
248015,UNFAO-LEG-248015,Peste des petits ruminants,,Africa,Northern Africa,Algeria,Boumerdes,Khemis El Khechna,36.8227,3.7717,WOAH (former OIE),Confirmed,Domestic - Goats,Domestic - Goats,25/12/2018,26/02/2019,,
248016,UNFAO-LEG-248016,Peste des petits ruminants,,Africa,Northern Africa,Algeria,Ghardaia,El Guerrara,31.9004,3.4453,WOAH (former OIE),Confirmed,Domestic - Sheep | Domestic - Goats,Domestic - Sheep | Domestic - Goats,25/12/2018,26/02/2019,,
248014,UNFAO-LEG-248014,Peste des petits ruminants,,Africa,Northern Africa,Algeria,Setif,Ain Oulmene,36.1525,5.503,WOAH (former OIE),Confirmed,Domestic - Sheep,Domestic - Sheep,24/12/2018,26/02/2019,,
248012,UNFAO-LEG-248012,Peste des petits ruminants,,Africa,Northern Africa,Algeria,M'Sila,Sidi Aissa,35.3691,3.9983,WOAH (former OIE),Confirmed,Domestic - Sheep | Domestic - Goats,Domestic - Sheep | Domestic - Goats,23/12/2018,26/02/2019,,
248013,UNFAO-LEG-248013,Peste des petits ruminants,,Africa,Northern Africa,Algeria,M'Sila,Slim,35.4959,4.0608,WOAH (former OIE),Confirmed,Domestic - Sheep | Domestic - Goats,Domestic - Sheep | Domestic - Goats,23/12/2018,26/02/2019,,
248011,UNFAO-LEG-248011,Peste des petits ruminants,,Africa,Northern Africa,Algeria,Ghardaia,Berriane,31.8623,3.026,WOAH (former OIE),Confirmed,Domestic - Sheep | Domestic - Goats,Domestic - Sheep | Domestic - Goats,17/12/2018,26/02/2019,,
248009,UNFAO-LEG-248009,Peste des petits ruminants,,Africa,Northern Africa,Algeria,Tebessa,Bekkaria,35.2061,7.9594,WOAH (former OIE),Confirmed,Domestic - Sheep,Domestic - Sheep,13/12/2018,26/02/2019,,
248010,UNFAO-LEG-248010,Peste des petits ruminants,,Africa,Northern Africa,Algeria,Tebessa,Bir Dheb,35.1517,7.9413,WOAH (former OIE),Confirmed,Domestic - Sheep | Domestic - Goats,Domestic - Sheep | Domestic - Goats,13/12/2018,26/02/2019,,
248008,UNFAO-LEG-248008,Peste des petits ruminants,,Africa,Northern Africa,Algeria,Ouargla,Rouissat,31.6875,5.7114,WOAH (former OIE),Confirmed,Domestic - Sheep,Domestic - Sheep,12/12/2018,26/02/2019,,
248007,UNFAO-LEG-248007,Peste des petits ruminants,,Africa,Northern Africa,Algeria,Medea,Ouled Maaref,36.1571,2.9559,WOAH (former OIE),Confirmed,Domestic - Sheep | Domestic - Goats,Domestic - Sheep | Domestic - Goats,10/12/2018,26/02/2019,,
248006,UNFAO-LEG-248006,Peste des petits ruminants,,Africa,Northern Africa,Algeria,Khenchela,Babar,34.9616,6.8898,WOAH (former OIE),Confirmed,Domestic - Sheep,Domestic - Sheep,08/12/2018,26/02/2019,,
248005,UNFAO-LEG-248005,Peste des petits ruminants,,Africa,Northern Africa,Algeria,Batna,Barika,35.6227,6.0468,WOAH (former OIE),Confirmed,Domestic - Sheep,Domestic - Sheep,07/12/2018,26/02/2019,,
248004,UNFAO-LEG-248004,Peste des petits ruminants,,Africa,Northern Africa,Algeria,Khenchela,Ouled Rechache,34.8619,6.9261,WOAH (former OIE),Confirmed,Domestic - Sheep | Domestic - Goats,Domestic - Sheep | Domestic - Goats,02/12/2018,26/02/2019,,
248003,UNFAO-LEG-248003,Peste des petits ruminants,,Africa,Northern Africa,Algeria,Djelfa,Sed Rahal,34.1736,3.7399,WOAH (former OIE),Confirmed,Domestic - Sheep,Domestic - Sheep,15/11/2018,26/02/2019,,
244697,UNFAO-LEG-244697,Peste des petits ruminants,,Africa,Northern Africa,Algeria,Bejaia,chemini,36.4876,4.5965,WOAH (former OIE),Confirmed,Domestic - Goats,Domestic - Goats,14/11/2018,20/12/2018,,
244696,UNFAO-LEG-244696,Peste des petits ruminants,,Africa,Northern Africa,Algeria,Laghouat,Sidi Makhlouf,33.5351,2.5616,WOAH (former OIE),Confirmed,Domestic - Sheep,Domestic - Sheep,12/11/2018,20/12/2018,,
248002,UNFAO-LEG-248002,Peste des petits ruminants,,Africa,Northern Africa,Algeria,Djelfa,Deldoul,34.3095,3.5405,WOAH (former OIE),Confirmed,Domestic - Sheep,Domestic - Sheep,12/11/2018,26/02/2019,,
244693,UNFAO-LEG-244693,Peste des petits ruminants,,Africa,Northern Africa,Algeria,Tebessa,Stah Guentis,35.4597,7.8506,WOAH (former OIE),Confirmed,Domestic - Sheep,Domestic - Sheep,28/10/2018,20/12/2018,,
244694,UNFAO-LEG-244694,Peste des petits ruminants,,Africa,Northern Africa,Algeria,Tebessa,El Mazraa,34.9525,7.9594,WOAH (former OIE),Confirmed,Domestic - Sheep,Domestic - Sheep,28/10/2018,20/12/2018,,
244695,UNFAO-LEG-244695,Peste des petits ruminants,,Africa,Northern Africa,Algeria,Tebessa,Thlidjen,34.9253,7.7419,WOAH (former OIE),Confirmed,Domestic - Sheep,Domestic - Sheep,28/10/2018,20/12/2018,,
244692,UNFAO-LEG-244692,Peste des petits ruminants,,Africa,Northern Africa,Algeria,Tebessa,Bedjene,35.6317,7.9866,WOAH (former OIE),Confirmed,Domestic - Sheep,Domestic - Sheep,23/10/2018,20/12/2018,,
238885,UNFAO-LEG-238885,Peste des petits ruminants,,Africa,Western Africa,Sierra Leone,Eastern,Moindu Wondor,7.833333,-11.166667,WOAH (former OIE),Confirmed,Domestic - Goat/sheep ,Domestic - Goat/Sheep ,10/07/2018,07/08/2018,,
240271,UNFAO-LEG-240271,Peste des petits ruminants,,Africa,Western Africa,Sierra Leone,Northern,mathaska,8.7739,-12.793,WOAH (former OIE),Confirmed,Domestic - Goats | Domestic - Goats/sheep ,Domestic - Goats | Domestic - Goats/Sheep ,10/07/2018,13/09/2018,,
238808,UNFAO-LEG-238808,Peste des petits ruminants,,Africa,Eastern Africa,Burundi,Bubanza,Commune Gihanga,-3.0684,29.4522,WOAH (former OIE),Confirmed,Domestic - Goat/sheep ,Domestic - Goat/Sheep ,17/04/2018,06/08/2018,,
238807,UNFAO-LEG-238807,Peste des petits ruminants,,Africa,Eastern Africa,Burundi,Cibitoke,Commune Murwi,-2.8607,29.3842,WOAH (former OIE),Confirmed,Domestic - Goat/sheep ,Domestic - Goat/Sheep ,06/04/2018,06/08/2018,,
238520,UNFAO-LEG-238520,Peste des petits ruminants,,Africa,Western Africa,Sierra Leone,Eastern,Moindu,7.946366,-11.191452,FAO Field Officer,Confirmed,Domestic - Goat/sheep ,Domestic - Goat/Sheep ,31/03/2018,23/07/2018,,
238521,UNFAO-LEG-238521,Peste des petits ruminants,,Africa,Western Africa,Sierra Leone,Southern,Kpangbama Kwellu,8.030413,-12.391498,FAO Field Officer,Confirmed,Domestic - Goat/sheep ,Domestic - Goat/Sheep ,31/03/2018,23/07/2018,,
238795,UNFAO-LEG-238795,Peste des petits ruminants,,Africa,Eastern Africa,Burundi,Kayanza,Muhanga and Butaganzwa townships,-3.0577,29.7742,WOAH (former OIE),Confirmed,Domestic - Goat/sheep ,Domestic - Goat/Sheep ,16/03/2018,03/08/2018,,
238794,UNFAO-LEG-238794,Peste des petits ruminants,,Africa,Eastern Africa,Burundi,Kayanza,Commune Rutegama,-3.202,29.7525,WOAH (former OIE),Confirmed,Domestic - Goat/sheep ,Domestic - Goat/Sheep ,24/02/2018,03/08/2018,,
238806,UNFAO-LEG-238806,Peste des petits ruminants,,Africa,Eastern Africa,Burundi,Karuzi,Commune Bugenyuzi,-3.0791,30.0425,WOAH (former OIE),Confirmed,Domestic - Goat/sheep ,Domestic - Goat/Sheep ,03/02/2018,06/08/2018,,
233109,UNFAO-LEG-233109,Peste des petits ruminants,,Africa,Eastern Africa,Burundi,Gitega,Gitega,-3.4008,29.9245,WOAH (former OIE),Confirmed,Domestic - Goat/sheep ,Domestic - Goat/Sheep ,01/01/2018,09/01/2018,,
233370,UNFAO-LEG-233370,Peste des petits ruminants,,Africa,Eastern Africa,Burundi,Kirundo,Busoni,-2.4386,30.2525,WOAH (former OIE),Confirmed,Domestic - Goat/sheep ,Domestic - Goat/Sheep ,01/01/2018,19/01/2018,,
233371,UNFAO-LEG-233371,Peste des petits ruminants,,Africa,Eastern Africa,Burundi,Mwaro,Bisoro and Nyabihanga ,-3.3767,29.7713,WOAH (former OIE),Confirmed,Domestic - Goat/sheep ,Domestic - Goat/Sheep ,01/01/2018,19/01/2018,,
216043,UNFAO-LEG-216043,Peste des petits ruminants,,Africa,Northern Africa,Tunisia,Kairouan,KAIROUAN,35.391576,9.543514,WOAH (former OIE),Confirmed,Domestic - Goats | Domestic - Sheep,Domestic - Goats | Domestic - Sheep,20/08/2016,30/08/2016,,
216042,UNFAO-LEG-216042,Peste des petits ruminants,,Africa,Northern Africa,Tunisia,Kairouan,Kairouan,35.391576,9.543514,WOAH (former OIE),Confirmed,Domestic - Sheep,Domestic - Sheep,19/08/2016,30/08/2016,,
216041,UNFAO-LEG-216041,Peste des petits ruminants,,Africa,Northern Africa,Tunisia,Tunis,Mannouba,36.834633,10.168168,WOAH (former OIE),Confirmed,Domestic - Goats | Domestic - Sheep,Domestic - Goats | Domestic - Sheep,13/08/2016,30/08/2016,,
216039,UNFAO-LEG-216039,Peste des petits ruminants,,Africa,Northern Africa,Tunisia,Manouba,Mannouba,36.712155,9.886461,WOAH (former OIE),Confirmed,Domestic - Goats | Domestic - Sheep,Domestic - Goats | Domestic - Sheep,12/08/2016,30/08/2016,,
216040,UNFAO-LEG-216040,Peste des petits ruminants,,Africa,Northern Africa,Tunisia,Sfax,Sfax,34.790425,9.998756,WOAH (former OIE),Confirmed,Domestic - Sheep,Domestic - Sheep,12/08/2016,30/08/2016,,
216038,UNFAO-LEG-216038,Peste des petits ruminants,,Africa,Northern Africa,Tunisia,Monastir,Monastir,35.602436,10.605953,WOAH (former OIE),Confirmed,Domestic - Goats | Domestic - Sheep,Domestic - Goats | Domestic - Sheep,11/08/2016,30/08/2016,,
216036,UNFAO-LEG-216036,Peste des petits ruminants,,Africa,Northern Africa,Tunisia,Manouba,Mannouba,36.840572,10.036372,WOAH (former OIE),Confirmed,Domestic - Goats | Domestic - Sheep,Domestic - Goats | Domestic - Sheep,10/08/2016,30/08/2016,,
216037,UNFAO-LEG-216037,Peste des petits ruminants,,Africa,Northern Africa,Tunisia,Manouba,Mannouba,36.754751,10.019822,WOAH (former OIE),Confirmed,Domestic - Sheep,Domestic - Sheep,10/08/2016,30/08/2016,,
216034,UNFAO-LEG-216034,Peste des petits ruminants,,Africa,Northern Africa,Tunisia,Nabeul,Nabeul,36.65042,10.587887,WOAH (former OIE),Confirmed,Domestic - Goats | Domestic - Sheep,Domestic - Goats | Domestic - Sheep,09/08/2016,30/08/2016,,
216035,UNFAO-LEG-216035,Peste des petits ruminants,,Africa,Northern Africa,Tunisia,Ariana,Ariana,36.934114,10.040088,WOAH (former OIE),Confirmed,Domestic - Goats | Domestic - Sheep,Domestic - Goats | Domestic - Sheep,09/08/2016,30/08/2016,,
216033,UNFAO-LEG-216033,Peste des petits ruminants,,Africa,Northern Africa,Tunisia,Jendouba,Jendouba,36.559071,8.75496,WOAH (former OIE),Confirmed,Domestic - Sheep,Domestic - Sheep,06/08/2016,30/08/2016,,
216031,UNFAO-LEG-216031,Peste des petits ruminants,,Africa,Northern Africa,Tunisia,Nabeul,Nabeul,36.551566,10.832906,WOAH (former OIE),Confirmed,Domestic - Goats | Domestic - Sheep,Domestic - Goats | Domestic - Sheep,02/08/2016,30/08/2016,,
216032,UNFAO-LEG-216032,Peste des petits ruminants,,Africa,Northern Africa,Tunisia,Sidi Bouz,Sidi Bouzid,35.333699,9.444125,WOAH (former OIE),Confirmed,Domestic - Sheep,Domestic - Sheep,02/08/2016,30/08/2016,,
215586,UNFAO-LEG-215586,Peste des petits ruminants,,Africa,Northern Africa,Tunisia,Manouba,Mannouba,36.809677,10.084956,WOAH (former OIE),Confirmed,Domestic - Sheep,Domestic - Sheep,01/08/2016,15/08/2016,,
215587,UNFAO-LEG-215587,Peste des petits ruminants,,Africa,Northern Africa,Tunisia,Ariana,Ariana,36.924828,10.047039,WOAH (former OIE),Confirmed,Domestic - Sheep,Domestic - Sheep,01/08/2016,15/08/2016,,
216029,UNFAO-LEG-216029,Peste des petits ruminants,,Africa,Northern Africa,Tunisia,Ariana,Ariana,37.062032,10.119413,WOAH (former OIE),Confirmed,Domestic - Goats | Domestic - Sheep,Domestic - Goats | Domestic - Sheep,01/08/2016,30/08/2016,,
216030,UNFAO-LEG-216030,Peste des petits ruminants,,Africa,Northern Africa,Tunisia,Gafsa,Gafsa,34.545864,9.071346,WOAH (former OIE),Confirmed,Domestic - Goats | Domestic - Sheep,Domestic - Goats | Domestic - Sheep,01/08/2016,30/08/2016,,
216028,UNFAO-LEG-216028,Peste des petits ruminants,,Africa,Northern Africa,Tunisia,Sidi Bouz,Sidi Bouzid,35.333699,9.444125,WOAH (former OIE),Confirmed,Domestic - Sheep,Domestic - Sheep,30/07/2016,30/08/2016,,
215585,UNFAO-LEG-215585,Peste des petits ruminants,,Africa,Northern Africa,Tunisia,Ariana,Ariana,37.062032,10.119413,WOAH (former OIE),Confirmed,Domestic - Sheep,Domestic - Sheep,28/07/2016,15/08/2016,,
216027,UNFAO-LEG-216027,Peste des petits ruminants,,Africa,Northern Africa,Tunisia,Ariana,Ariana,36.947896,10.196375,WOAH (former OIE),Confirmed,Domestic - Sheep,Domestic - Sheep,28/07/2016,30/08/2016,,
216026,UNFAO-LEG-216026,Peste des petits ruminants,,Africa,Northern Africa,Tunisia,Bizerte,Bizerte,37.142353,10.103988,WOAH (former OIE),Confirmed,Domestic - Sheep,Domestic - Sheep,26/07/2016,30/08/2016,,
216025,UNFAO-LEG-216025,Peste des petits ruminants,,Africa,Northern Africa,Tunisia,Manouba,Mannouba,36.857343,9.926733,WOAH (former OIE),Confirmed,Domestic - Goats | Domestic - Sheep,Domestic - Goats | Domestic - Sheep,20/07/2016,30/08/2016,,
216024,UNFAO-LEG-216024,Peste des petits ruminants,,Africa,Northern Africa,Tunisia,Monastir,Monastir,35.707952,10.678366,WOAH (former OIE),Confirmed,Domestic - Goats | Domestic - Sheep,Domestic - Goats | Domestic - Sheep,11/07/2016,30/08/2016,,
215584,UNFAO-LEG-215584,Peste des petits ruminants,,Africa,Northern Africa,Tunisia,Bizerte,Bizerte,37.1181,9.74159,WOAH (former OIE),Confirmed,Domestic - Sheep,Domestic - Sheep,10/07/2016,15/08/2016,,
210605,UNFAO-LEG-210605,Peste des petits ruminants,,Africa,Northern Africa,Algeria,El Bayadh,GARAT DJRIRI,33.4581,0.5765,WOAH (former OIE),Confirmed,Domestic - Goats | Domestic - Unspecified mammal | Domestic - Sheep,Domestic - Goats | Domestic - Unspecified Mammal | Domestic - Sheep,03/02/2016,15/02/2016,,
206624,UNFAO-LEG-206624,Peste des petits ruminants,,Africa,Northern Africa,Morocco,Tadla - Azilal,Legdama  Bni Oukil  Fkih Ben Salah,32.58,-6.86,WOAH (former OIE),Confirmed,Domestic - Sheep,Domestic - Sheep,18/07/2015,07/08/2015,,
205778,UNFAO-LEG-205778,Peste des petits ruminants,,Africa,Western Africa,Liberia,Nimba,Ganta,7.238,-8.995,WOAH (former OIE),Confirmed,Domestic - Goat/sheep ,Domestic - Goat/Sheep ,10/07/2015,16/07/2015,,
206264,UNFAO-LEG-206264,Peste des petits ruminants,,Africa,Northern Africa,Morocco,Chaouia - Ouardigha,Ouled Bourzegue  Sidi Bettache  Ben Slimane,33.51,-6.89,WOAH (former OIE),Confirmed,Domestic - Sheep,Domestic - Sheep,10/07/2015,31/07/2015,,
206265,UNFAO-LEG-206265,Peste des petits ruminants,,Africa,Northern Africa,Morocco,Chaouia - Ouardigha,Ouled Bourzegue  Sidi Bettache  Ben Slimane,33.51,-6.89,WOAH (former OIE),Confirmed,Domestic - Sheep,Domestic - Sheep,10/07/2015,31/07/2015,,
205728,UNFAO-LEG-205728,Peste des petits ruminants,,Africa,Northern Africa,Morocco,Rabat - Salé - Zemmour - Zaer,Rmamha  Sidi Yahya Zaër  Skhirate Témara,33.69,-6.89,WOAH (former OIE),Confirmed,Domestic - Sheep,Domestic - Sheep,04/07/2015,15/07/2015,,
205539,UNFAO-LEG-205539,Peste des petits ruminants,,Africa,Northern Africa,Morocco,Rabat - Salé - Zemmour - Zaer,Rmamha  Sidi Yahya Zaër  Skhirate Témara,33.69,-6.89,WOAH (former OIE),Confirmed,Domestic - Sheep,Domestic - Sheep,16/06/2015,03/07/2015,,
205775,UNFAO-LEG-205775,Peste des petits ruminants,,Africa,Western Africa,Liberia,Nimba,Gbonie,7.68,-8.57,WOAH (former OIE),Confirmed,Domestic - Goat/sheep ,Domestic - Goat/Sheep ,01/06/2015,16/07/2015,,
205776,UNFAO-LEG-205776,Peste des petits ruminants,,Africa,Western Africa,Liberia,Nimba,Leagbala,7.52,-8.58,WOAH (former OIE),Confirmed,Domestic - Goats,Domestic - Goats,01/06/2015,16/07/2015,,
205777,UNFAO-LEG-205777,Peste des petits ruminants,,Africa,Western Africa,Liberia,Nimba,Gbalayee,7.35,-8.71,WOAH (former OIE),Confirmed,Domestic - Goat/sheep ,Domestic - Goat/Sheep ,01/06/2015,16/07/2015,,
205541,UNFAO-LEG-205541,Peste des petits ruminants,,Africa,Eastern Africa,Zambia,North-Western,Zambezi  Solwezi,-13.3831,22.7165,WOAH (former OIE),Confirmed,Domestic - Goats,Domestic - Goats,29/05/2015,06/07/2015,,
205542,UNFAO-LEG-205542,Peste des petits ruminants,,Africa,Eastern Africa,Zambia,Copperbelt,Mufulira  Chililabombwe,-12.3207,27.9012,WOAH (former OIE),Confirmed,Domestic - Goats,Domestic - Goats,29/05/2015,06/07/2015,,
205543,UNFAO-LEG-205543,Peste des petits ruminants,,Africa,Eastern Africa,Zambia,Northern,Nakonde  Mbala  Mpulungu,-8.7902,31.2462,WOAH (former OIE),Confirmed,Domestic - Goats,Domestic - Goats,29/05/2015,06/07/2015,,
205544,UNFAO-LEG-205544,Peste des petits ruminants,,Africa,Eastern Africa,Zambia,Eastern,Nyimba  Lundazi,-14.296,31.5913,WOAH (former OIE),Confirmed,Domestic - Goats,Domestic - Goats,29/05/2015,06/07/2015,,
204049,UNFAO-LEG-204049,Peste des petits ruminants,,Africa,Western Africa,Liberia,Nimba,Kinnon ,7.35,-8.71,WOAH (former OIE),Confirmed,Domestic - Goats | Domestic - Sheep,Domestic - Goats | Domestic - Sheep,20/04/2015,18/05/2015,,
175969,UNFAO-LEG-175969,Peste des petits ruminants,,Africa,Northern Africa,Egypt,Behera,El nagah,31.0436,30.6129,WOAH (former OIE),Confirmed,Domestic - sheep,Domestic - Sheep,28/04/2013,24/05/2013,,
175970,UNFAO-LEG-175970,Peste des petits ruminants,,Africa,Northern Africa,Egypt,Red Sea,Hagar el Asas ,24.4112,34.9749,WOAH (former OIE),Confirmed,Domestic - Goat/sheep ,Domestic - Goat/Sheep ,17/03/2013,24/05/2013,,
174390,UNFAO-LEG-174390,Peste des petits ruminants,,Africa,Northern Africa,Algeria,Ghardaia,Berriane 1  ,31.1851,2.8284,WOAH (former OIE),Confirmed,Domestic - Goats | Domestic - sheep,Domestic - Goats | Domestic - Sheep,08/01/2013,23/01/2013,,
174391,UNFAO-LEG-174391,Peste des petits ruminants,,Africa,Northern Africa,Algeria,Ghardaia,Berriane 3   ,31.1851,2.8284,WOAH (former OIE),Confirmed,Domestic - Goats | Domestic - sheep,Domestic - Goats | Domestic - Sheep,08/01/2013,23/01/2013,,
174392,UNFAO-LEG-174392,Peste des petits ruminants,,Africa,Northern Africa,Algeria,Ghardaia,Berriane 2    ,31.1851,2.8284,WOAH (former OIE),Confirmed,Domestic - Goats,Domestic - Goats,08/01/2013,23/01/2013,,
174393,UNFAO-LEG-174393,Peste des petits ruminants,,Africa,Northern Africa,Algeria,Ghardaia,Berriane 4,31.1851,2.8284,WOAH (former OIE),Confirmed,Domestic - Goats | Domestic - cattle,Domestic - Goats | Domestic - Cattle,02/01/2013,23/01/2013,,
174788,UNFAO-LEG-174788,Peste des petits ruminants,,Africa,Northern Africa,Tunisia,Tataouine,Kambout  ,32.318908,10.397015,WOAH (former OIE),Confirmed,Domestic - sheep,Domestic - Sheep,13/12/2012,15/02/2013,,
174787,UNFAO-LEG-174787,Peste des petits ruminants,,Africa,Northern Africa,Tunisia,Sidi Bouz,Ezzitouna  ,35.065973,9.596558,WOAH (former OIE),Confirmed,Domestic - sheep,Domestic - Sheep,12/12/2012,15/02/2013,,
174241,UNFAO-LEG-174241,Peste des petits ruminants,,Africa,Eastern Africa,Comoros,Ngazidja,Topping-Chezani  ,-11.7148,43.2664,WOAH (former OIE),Confirmed,Domestic - Goats,Domestic - Goats,05/12/2012,14/01/2013,,
174786,UNFAO-LEG-174786,Peste des petits ruminants,,Africa,Northern Africa,Tunisia,Sidi Bouz,Elhichria   ,35.008628,9.385071,WOAH (former OIE),Confirmed,Domestic - sheep,Domestic - Sheep,05/12/2012,15/02/2013,,
174240,UNFAO-LEG-174240,Peste des petits ruminants,,Africa,Eastern Africa,Comoros,Ngazidja,Dzahani  ,-11.6425,43.2938,WOAH (former OIE),Confirmed,Domestic - Goats,Domestic - Goats,03/12/2012,14/01/2013,,
174239,UNFAO-LEG-174239,Peste des petits ruminants,,Africa,Eastern Africa,Comoros,Ngazidja,Mbéni-SadaMouwamboi-Dimadjou ,-11.4901,43.3599,WOAH (former OIE),Confirmed,Domestic - Goats,Domestic - Goats,24/11/2012,14/01/2013,,
174238,UNFAO-LEG-174238,Peste des petits ruminants,,Africa,Eastern Africa,Comoros,Ngazidja,Ouella-Batsa  ,-11.3843,43.3348,WOAH (former OIE),Confirmed,Domestic - Goats,Domestic - Goats,23/11/2012,14/01/2013,,
174785,UNFAO-LEG-174785,Peste des petits ruminants,,Africa,Northern Africa,Tunisia,Tozeur,Helba  ,33.924133,8.131428,WOAH (former OIE),Confirmed,Domestic - sheep,Domestic - Sheep,23/11/2012,15/02/2013,,
174237,UNFAO-LEG-174237,Peste des petits ruminants,,Africa,Eastern Africa,Comoros,Ngazidja,Hamanvou  ,-11.576,43.275,WOAH (former OIE),Confirmed,Domestic - Goats,Domestic - Goats,17/10/2012,14/01/2013,,
174783,UNFAO-LEG-174783,Peste des petits ruminants,,Africa,Northern Africa,Tunisia,Tataouine,Gorthab  ,33.076008,10.335732,WOAH (former OIE),Confirmed,Domestic - sheep,Domestic - Sheep,20/09/2012,15/02/2013,,
174784,UNFAO-LEG-174784,Peste des petits ruminants,,Africa,Northern Africa,Tunisia,Kairouan,Chbika,35.65839,9.930478,WOAH (former OIE),Confirmed,Domestic - sheep,Domestic - Sheep,20/09/2012,15/02/2013,,
174236,UNFAO-LEG-174236,Peste des petits ruminants,,Africa,Eastern Africa,Comoros,Ngazidja,Moroni  ,-11.7092,43.2433,WOAH (former OIE),Confirmed,Domestic - Goats,Domestic - Goats,10/09/2012,14/01/2013,,
174782,UNFAO-LEG-174782,Peste des petits ruminants,,Africa,Northern Africa,Tunisia,Le Kef,Neber,36.310284,8.724346,WOAH (former OIE),Confirmed,Domestic - Goat/sheep ,Domestic - Goat/Sheep ,14/08/2012,15/02/2013,,
174781,UNFAO-LEG-174781,Peste des petits ruminants,,Africa,Northern Africa,Tunisia,Monastir,Ounk jemel  ,35.619349,10.667725,WOAH (former OIE),Confirmed,Domestic - sheep,Domestic - Sheep,09/08/2012,15/02/2013,,
172954,UNFAO-LEG-172954,Peste des petits ruminants,,Africa,Middle Africa,Angola,Cabinda,São Pedro,-5.57225,12.249756,WOAH (former OIE),Confirmed,Domestic - Goat/sheep ,Domestic - Goat/Sheep ,26/07/2012,11/09/2012,,
172258,UNFAO-LEG-172258,Peste des petits ruminants,,Africa,Northern Africa,Tunisia,Sidi Bouz,Jelma Ouest,35.4626,9.4464,WOAH (former OIE),Confirmed,Domestic - sheep,Domestic - Sheep,11/07/2012,04/08/2012,,
172260,UNFAO-LEG-172260,Peste des petits ruminants,,Africa,Northern Africa,Tunisia,Sidi Bouz,Jelma Est,35.4626,9.4464,WOAH (former OIE),Confirmed,Domestic - sheep,Domestic - Sheep,11/07/2012,04/08/2012,,
172259,UNFAO-LEG-172259,Peste des petits ruminants,,Africa,Northern Africa,Tunisia,Sidi Bouz,Hemama,35.4307,9.3931,WOAH (former OIE),Confirmed,Domestic - sheep,Domestic - Sheep,10/07/2012,04/08/2012,,
172257,UNFAO-LEG-172257,Peste des petits ruminants,,Africa,Northern Africa,Tunisia,Sidi Bouz,Lessouda,35.071169,9.604333,WOAH (former OIE),Confirmed,Domestic - sheep,Domestic - Sheep,05/07/2012,04/08/2012,,
174778,UNFAO-LEG-174778,Peste des petits ruminants,,Africa,Northern Africa,Tunisia,Bizerte,Menzel Jemil ,37.235659,9.910183,WOAH (former OIE),Confirmed,Domestic - sheep,Domestic - Sheep,01/07/2012,15/02/2013,,
174779,UNFAO-LEG-174779,Peste des petits ruminants,,Africa,Northern Africa,Tunisia,Ben Arous,Jebel Rssas  ,36.6085,10.336761,WOAH (former OIE),Confirmed,Domestic - sheep,Domestic - Sheep,01/07/2012,15/02/2013,,
174780,UNFAO-LEG-174780,Peste des petits ruminants,,Africa,Northern Africa,Tunisia,Ben Arous,Chbeda,36.633665,10.101727,WOAH (former OIE),Confirmed,Domestic - Goat/sheep ,Domestic - Goat/Sheep ,01/07/2012,15/02/2013,,
172224,UNFAO-LEG-172224,Peste des petits ruminants,,Africa,Northern Africa,Tunisia,Sidi Bouz,Lessounda,35.0995,9.536839,WOAH (former OIE),Confirmed,Domestic - sheep,Domestic - Sheep,28/06/2012,01/08/2012,,
172232,UNFAO-LEG-172232,Peste des petits ruminants,,Africa,Northern Africa,Tunisia,Sidi Bouz,Bannoura,35.1926,9.624,WOAH (former OIE),Confirmed,Domestic - sheep,Domestic - Sheep,28/06/2012,01/08/2012,,
172225,UNFAO-LEG-172225,Peste des petits ruminants,,Africa,Northern Africa,Tunisia,Gafsa,Majoura,34.585,9.1763,WOAH (former OIE),Confirmed,Domestic - sheep,Domestic - Sheep,26/06/2012,01/08/2012,,
172228,UNFAO-LEG-172228,Peste des petits ruminants,,Africa,Northern Africa,Tunisia,Ariana,Borj Ettouil,36.908606,10.055608,WOAH (former OIE),Confirmed,Domestic - sheep,Domestic - Sheep,21/06/2012,01/08/2012,,
172234,UNFAO-LEG-172234,Peste des petits ruminants,,Africa,Northern Africa,Egypt,Ismailia,Aboseier,30.462,32.5364,WOAH (former OIE),Confirmed,Domestic - sheep,Domestic - Sheep,15/06/2012,01/08/2012,,
172226,UNFAO-LEG-172226,Peste des petits ruminants,,Africa,Northern Africa,Tunisia,Sidi Bouz,Lessounda,35.0995,9.536839,WOAH (former OIE),Confirmed,Domestic - sheep,Domestic - Sheep,13/06/2012,01/08/2012,,
172227,UNFAO-LEG-172227,Peste des petits ruminants,,Africa,Northern Africa,Tunisia,Sidi Bouz,Sandouk,35.100706,9.4588,WOAH (former OIE),Confirmed,Domestic - sheep,Domestic - Sheep,12/06/2012,01/08/2012,,
172231,UNFAO-LEG-172231,Peste des petits ruminants,,Africa,Northern Africa,Tunisia,Sidi Bouz,Dheras,35.071169,9.604333,WOAH (former OIE),Confirmed,Domestic - sheep,Domestic - Sheep,12/06/2012,01/08/2012,,
172233,UNFAO-LEG-172233,Peste des petits ruminants,,Africa,Northern Africa,Egypt,Cairo,Mazraha Torah,29.9987,31.2912,WOAH (former OIE),Confirmed,Domestic - sheep,Domestic - Sheep,03/06/2012,01/08/2012,,
172229,UNFAO-LEG-172229,Peste des petits ruminants,,Africa,Northern Africa,Tunisia,Sidi Bouz,Radhaa,34.858572,9.804191,WOAH (former OIE),Confirmed,Domestic - sheep,Domestic - Sheep,30/05/2012,01/08/2012,,
172230,UNFAO-LEG-172230,Peste des petits ruminants,,Africa,Northern Africa,Tunisia,Sidi Bouz,Rabta,34.8018,9.1017,WOAH (former OIE),Confirmed,Domestic - sheep,Domestic - Sheep,30/05/2012,01/08/2012,,
171379,UNFAO-LEG-171379,Peste des petits ruminants,,Africa,Middle Africa,Democratic Republic of the Congo,Bandundu,KENGE (Pelende Nord),-4.85,16.983334,National authorities,Confirmed,Domestic - Goats,Domestic - Goats,27/04/2012,31/05/2012,,
171380,UNFAO-LEG-171380,Peste des petits ruminants,,Africa,Middle Africa,Democratic Republic of the Congo,Bandundu,KOLOKOSO,-6.333333,17.283334,National authorities,Confirmed,Domestic - Goats,Domestic - Goats,27/04/2012,31/05/2012,,
171381,UNFAO-LEG-171381,Peste des petits ruminants,,Africa,Middle Africa,Democratic Republic of the Congo,Bandundu,BUKANGALOZO,-4.73333,16.76667,National authorities,Confirmed,Domestic - Goats,Domestic - Goats,27/04/2012,31/05/2012,,
171382,UNFAO-LEG-171382,Peste des petits ruminants,,Africa,Middle Africa,Democratic Republic of the Congo,Bandundu,KENGE Cité,-4.85,16.983334,National authorities,Confirmed,Domestic - Goats | Domestic - sheep,Domestic - Goats | Domestic - Sheep,27/04/2012,31/05/2012,,
171378,UNFAO-LEG-171378,Peste des petits ruminants,,Africa,Middle Africa,Democratic Republic of the Congo,Bandundu,Masimanimba,-4.766666,17.9,National authorities,Confirmed,Domestic - Goats | Domestic - sheep,Domestic - Goats | Domestic - Sheep,25/04/2012,31/05/2012,,
169309,UNFAO-LEG-169309,Peste des petits ruminants,,Africa,Northern Africa,Algeria,Ghardaia,SATTAFA,31.3615,3.0408,WOAH (former OIE),Confirmed,Domestic - Goats | Domestic - sheep,Domestic - Goats | Domestic - Sheep,26/02/2012,19/03/2012,,
169307,UNFAO-LEG-169307,Peste des petits ruminants,,Africa,Northern Africa,Algeria,Ghardaia,EL MADAGH,32.1284,2.9888,WOAH (former OIE),Confirmed,Domestic - Goats | Domestic - sheep,Domestic - Goats | Domestic - Sheep,25/02/2012,19/03/2012,,
169308,UNFAO-LEG-169308,Peste des petits ruminants,,Africa,Northern Africa,Algeria,Ghardaia,BABA AMI,31.4039,3.351,WOAH (former OIE),Confirmed,Domestic - Goats | Domestic - sheep,Domestic - Goats | Domestic - Sheep,25/02/2012,19/03/2012,,
170405,UNFAO-LEG-170405,Peste des petits ruminants,,Africa,Northern Africa,Tunisia,Sidi Bouz,Bir Bader,34.864067,9.554741,WOAH (former OIE),Confirmed,Domestic - sheep,Domestic - Sheep,11/02/2012,16/04/2012,,
170406,UNFAO-LEG-170406,Peste des petits ruminants,,Africa,Northern Africa,Tunisia,Sidi Bouz,Lessouda,35.071169,9.604333,WOAH (former OIE),Confirmed,Domestic - sheep | Domestic - Goats,Domestic - Sheep | Domestic - Goats,24/01/2012,16/04/2012,,
169794,UNFAO-LEG-169794,Peste des petits ruminants,,Africa,Middle Africa,Democratic Republic of the Congo,Bandundu,Kwilu,-4.843565,18.812568,WOAH (former OIE),Confirmed,Domestic - Goats,Domestic - Goats,23/01/2012,27/03/2012,,
171364,UNFAO-LEG-171364,Peste des petits ruminants,,Africa,Middle Africa,Democratic Republic of the Congo,Bandundu,Idiofa,-4.95,19.583334,FAO Field Officer,Suspected,Domestic - Goats,Domestic - Goats,01/01/2012,30/05/2012,,
171365,UNFAO-LEG-171365,Peste des petits ruminants,,Africa,Middle Africa,Democratic Republic of the Congo,Bandundu,Kikwit,-5.041111,18.816112,FAO Field Officer,Suspected,Domestic - Goats,Domestic - Goats,01/01/2012,30/05/2012,,
166398,UNFAO-LEG-166398,Peste des petits ruminants,,Africa,Western Africa,Senegal,Fatick,Fatick,14.3213257378,-16.4881143039,National authorities,Confirmed,Domestic - sheep,Domestic - Sheep,23/12/2011,27/12/2011,,
166380,UNFAO-LEG-166380,Peste des petits ruminants,,Africa,Middle Africa,Gabon,Haut-Ogooue,Aboumi,-0.8427,14.2714,WOAH (former OIE),Confirmed,Domestic - Goat/sheep ,Domestic - Goat/Sheep ,20/09/2011,22/12/2011,,
163053,UNFAO-LEG-163053,Peste des petits ruminants,,Africa,Northern Africa,Tunisia,Siliana,Sidi bouzid,35.5324,9.3208,WOAH (former OIE),Confirmed,Domestic - Goats | Domestic - sheep,Domestic - Goats | Domestic - Sheep,18/05/2011,02/06/2011,,
163055,UNFAO-LEG-163055,Peste des petits ruminants,,Africa,Northern Africa,Tunisia,Siliana,Sidi bouzid,35.5324,9.3208,WOAH (former OIE),Confirmed,Domestic - Goats | Domestic - sheep,Domestic - Goats | Domestic - Sheep,18/05/2011,02/06/2011,,
163054,UNFAO-LEG-163054,Peste des petits ruminants,,Africa,Northern Africa,Tunisia,Kairouan,Kairouan,35.4207,9.5528,WOAH (former OIE),Confirmed,Domestic - Goats | Domestic - sheep,Domestic - Goats | Domestic - Sheep,15/05/2011,02/06/2011,,
163056,UNFAO-LEG-163056,Peste des petits ruminants,,Africa,Northern Africa,Tunisia,Kairouan,Kairouan,35.4733,9.515,WOAH (former OIE),Confirmed,Domestic - Goats | Domestic - sheep,Domestic - Goats | Domestic - Sheep,12/05/2011,02/06/2011,,
162756,UNFAO-LEG-162756,Peste des petits ruminants,,Africa,Northern Africa,Tunisia,Kairouan,Jouaouda,35.4207,9.5528,WOAH (former OIE),Confirmed,Domestic - sheep | Domestic - cattle,Domestic - Sheep | Domestic - Cattle,09/04/2011,16/05/2011,,
160642,UNFAO-LEG-160642,Peste des petits ruminants,,Africa,Northern Africa,Algeria,Tamanrasset,Idless,26.0361,2.7781,WOAH (former OIE),Confirmed,Domestic - Goats | Domestic - sheep,Domestic - Goats | Domestic - Sheep,28/02/2011,20/03/2011,,
160645,UNFAO-LEG-160645,Peste des petits ruminants,,Africa,Northern Africa,Algeria,Adrar,Asbaa,27.8928,-1.3789,WOAH (former OIE),Confirmed,Domestic - sheep | Domestic - Goats,Domestic - Sheep | Domestic - Goats,28/02/2011,20/03/2011,,
160640,UNFAO-LEG-160640,Peste des petits ruminants,,Africa,Northern Africa,Algeria,Bechar,Tabelbala,31.7419,-2.0582,WOAH (former OIE),Confirmed,Domestic - Goats,Domestic - Goats,27/02/2011,20/03/2011,,
160643,UNFAO-LEG-160643,Peste des petits ruminants,,Africa,Northern Africa,Algeria,Bechar,Béchar,30.2113,-3.7699,WOAH (former OIE),Confirmed,Domestic - sheep,Domestic - Sheep,27/02/2011,20/03/2011,,
160641,UNFAO-LEG-160641,Peste des petits ruminants,,Africa,Northern Africa,Algeria,Naama,Kesdir,32.7381,-0.9895,WOAH (former OIE),Confirmed,Domestic - Goats,Domestic - Goats,23/02/2011,20/03/2011,,
160644,UNFAO-LEG-160644,Peste des petits ruminants,,Africa,Northern Africa,Algeria,Naama,Ben Khelil,33.6076,-1.3155,WOAH (former OIE),Confirmed,Domestic - sheep,Domestic - Sheep,23/02/2011,20/03/2011,,
160646,UNFAO-LEG-160646,Peste des petits ruminants,,Africa,Northern Africa,Algeria,Tindouf,Tindouf,28.9162,-7.1209,WOAH (former OIE),Confirmed,Domestic - sheep | Domestic - Goats,Domestic - Sheep | Domestic - Goats,23/02/2011,20/03/2011,,
156212,UNFAO-LEG-156212,Peste des petits ruminants,,Africa,Eastern Africa,United Republic of Tanzania,Arusha,Ngorongoro,-1.9431,35.4285,WOAH (former OIE),Confirmed,Domestic - Goat/sheep ,Domestic - Goat/Sheep ,16/02/2009,20/05/2009,,
156211,UNFAO-LEG-156211,Peste des petits ruminants,,Africa,Eastern Africa,United Republic of Tanzania,Arusha,Soitasambu,-2.1044,35.8048,WOAH (former OIE),Confirmed,Domestic - Goat/sheep ,Domestic - Goat/Sheep ,03/02/2009,20/05/2009,,
156221,UNFAO-LEG-156221,Peste des petits ruminants,,Africa,Eastern Africa,United Republic of Tanzania,Arusha,Soitasambu,-1.9,35.583,WOAH (former OIE),Confirmed,Domestic - Goat/sheep ,Domestic - Goat/Sheep ,09/12/2008,30/03/2009,,
129537,UNFAO-LEG-129537,Peste des petits ruminants,,Africa,Northern Africa,Morocco,Fès - Boulemane,Ouled El Bakri,33.06,-4.01,WOAH (former OIE),Confirmed,Domestic - Goats | Domestic - sheep,Domestic - Goats | Domestic - Sheep,22/10/2008,03/11/2008,,
129536,UNFAO-LEG-129536,Peste des petits ruminants,,Africa,Northern Africa,Morocco,Tadla - Azilal,Kyass,32.55,-6.69,WOAH (former OIE),Confirmed,Domestic - Goats | Domestic - sheep,Domestic - Goats | Domestic - Sheep,15/10/2008,03/11/2008,,
129640,UNFAO-LEG-129640,Peste des petits ruminants,,Africa,Northern Africa,Morocco,Taza - Al Hoceima - Taounate,Moualda,34.09,-4.67,National authorities,Confirmed,Domestic - Goats | Domestic - sheep,Domestic - Goats | Domestic - Sheep,13/10/2008,28/11/2008,,
129535,UNFAO-LEG-129535,Peste des petits ruminants,,Africa,Northern Africa,Morocco,Tadla - Azilal,Ouled Ghazouani,32.58,-6.86,WOAH (former OIE),Confirmed,Domestic - Goats | Domestic - sheep,Domestic - Goats | Domestic - Sheep,10/10/2008,03/11/2008,,
129534,UNFAO-LEG-129534,Peste des petits ruminants,,Africa,Northern Africa,Morocco,Tadla - Azilal,Oulad Ghazouani,32.58,-6.86,WOAH (former OIE),Confirmed,Domestic - Goats | Domestic - sheep,Domestic - Goats | Domestic - Sheep,07/10/2008,03/11/2008,,
129533,UNFAO-LEG-129533,Peste des petits ruminants,,Africa,Northern Africa,Morocco,Tadla - Azilal,Legdama,32.58,-6.86,WOAH (former OIE),Confirmed,Domestic - Goats | Domestic - sheep,Domestic - Goats | Domestic - Sheep,05/10/2008,03/11/2008,,
129641,UNFAO-LEG-129641,Peste des petits ruminants,,Africa,Northern Africa,Morocco,Fès - Boulemane,Ferte,33.06,-4.01,National authorities,Confirmed,Domestic - Goats | Domestic - sheep,Domestic - Goats | Domestic - Sheep,05/10/2008,28/11/2008,,
129532,UNFAO-LEG-129532,Peste des petits ruminants,,Africa,Northern Africa,Morocco,Tadla - Azilal,Oulad M'barek,32.29,-6.49,WOAH (former OIE),Confirmed,Domestic - Goats | Domestic - sheep,Domestic - Goats | Domestic - Sheep,03/10/2008,03/11/2008,,
129531,UNFAO-LEG-129531,Peste des petits ruminants,,Africa,Northern Africa,Morocco,Tadla - Azilal,Ouled Ghazouani,32.58,-6.86,WOAH (former OIE),Confirmed,Domestic - Goats | Domestic - sheep,Domestic - Goats | Domestic - Sheep,02/10/2008,03/11/2008,,
129538,UNFAO-LEG-129538,Peste des petits ruminants,,Africa,Northern Africa,Morocco,Meknès - Tafilalet,Timkhdoudine,32.92,-5.8,WOAH (former OIE),Confirmed,Domestic - Goats | Domestic - sheep,Domestic - Goats | Domestic - Sheep,01/10/2008,03/11/2008,,
129691,UNFAO-LEG-129691,Peste des petits ruminants,,Africa,Northern Africa,Morocco,Rabat - Salé - Zemmour - Zaer,Ain Khaloya,33.97,-6.87,National authorities,Confirmed,Domestic - sheep,Domestic - Sheep,01/10/2008,14/10/2008,,
129694,UNFAO-LEG-129694,Peste des petits ruminants,,Africa,Northern Africa,Morocco,Rabat - Salé - Zemmour - Zaer,Ait Azzouz Maarif,33.71,-6.34,National authorities,Confirmed,Domestic - sheep | Domestic - Goats,Domestic - Sheep | Domestic - Goats,27/09/2008,14/10/2008,,
129695,UNFAO-LEG-129695,Peste des petits ruminants,,Africa,Northern Africa,Morocco,Gharb - Chrarda - Béni Hssen,Lahrarich,34.9,-5.94,National authorities,Confirmed,Domestic - sheep,Domestic - Sheep,24/09/2008,14/10/2008,,
129539,UNFAO-LEG-129539,Peste des petits ruminants,,Africa,Northern Africa,Morocco,Marrakech - Tensift - Al Haouz,Lakhouimate,31.96,-8.13,WOAH (former OIE),Confirmed,Domestic - sheep,Domestic - Sheep,22/09/2008,03/11/2008,,
129692,UNFAO-LEG-129692,Peste des petits ruminants,,Africa,Northern Africa,Morocco,Meknès - Tafilalet,Oulghes,33.09,-5.43,National authorities,Confirmed,Domestic - sheep,Domestic - Sheep,20/09/2008,14/10/2008,,
129693,UNFAO-LEG-129693,Peste des petits ruminants,,Africa,Northern Africa,Morocco,Meknès - Tafilalet,Takarmout,32.65,-5.54,National authorities,Confirmed,Domestic - sheep,Domestic - Sheep,20/09/2008,14/10/2008,,
129754,UNFAO-LEG-129754,Peste des petits ruminants,,Africa,Northern Africa,Morocco,Fès - Boulemane,Achlouj,33.09,-4.58,National authorities,Confirmed,Domestic - sheep | Domestic - Goats,Domestic - Sheep | Domestic - Goats,20/09/2008,30/09/2008,,
129690,UNFAO-LEG-129690,Peste des petits ruminants,,Africa,Northern Africa,Morocco,Chaouia - Ouardigha,Laamiriyine,33.22,-7.48,National authorities,Confirmed,Domestic - sheep | Domestic - Goats,Domestic - Sheep | Domestic - Goats,17/09/2008,14/10/2008,,
129758,UNFAO-LEG-129758,Peste des petits ruminants,,Africa,Northern Africa,Morocco,Oriental,Chnane,35.06,-2.36,National authorities,Confirmed,Domestic - sheep | Domestic - Goats,Domestic - Sheep | Domestic - Goats,15/09/2008,30/09/2008,,
129642,UNFAO-LEG-129642,Peste des petits ruminants,,Africa,Northern Africa,Morocco,Marrakech - Tensift - Al Haouz,Tighisrite,31.22,-9.1,National authorities,Confirmed,Domestic - sheep,Domestic - Sheep,10/09/2008,28/11/2008,,
129643,UNFAO-LEG-129643,Peste des petits ruminants,,Africa,Northern Africa,Morocco,Marrakech - Tensift - Al Haouz,Tizzi,31.22,-9.1,National authorities,Confirmed,Domestic - sheep,Domestic - Sheep,10/09/2008,28/11/2008,,
129645,UNFAO-LEG-129645,Peste des petits ruminants,,Africa,Northern Africa,Morocco,Taza - Al Hoceima - Taounate,Zrarda,33.94,-4.36,National authorities,Confirmed,Domestic - sheep | Domestic - Goats,Domestic - Sheep | Domestic - Goats,10/09/2008,28/11/2008,,
129697,UNFAO-LEG-129697,Peste des petits ruminants,,Africa,Northern Africa,Morocco,Grand Casablanca,Sidi Bernoussi,33.61,-7.5,National authorities,Confirmed,Domestic - sheep,Domestic - Sheep,10/09/2008,14/10/2008,,
129703,UNFAO-LEG-129703,Peste des petits ruminants,,Africa,Northern Africa,Morocco,Fès - Boulemane,Ait Tanout,33.91,-4.79,National authorities,Confirmed,Domestic - sheep,Domestic - Sheep,10/09/2008,30/09/2008,,
129722,UNFAO-LEG-129722,Peste des petits ruminants,,Africa,Northern Africa,Morocco,Rabat - Salé - Zemmour - Zaer,Timksaouine,33.66,-6.09,National authorities,Confirmed,Domestic - sheep | Domestic - Goats,Domestic - Sheep | Domestic - Goats,09/09/2008,30/09/2008,,
129646,UNFAO-LEG-129646,Peste des petits ruminants,,Africa,Northern Africa,Morocco,Gharb - Chrarda - Béni Hssen,Tazrout,34.62,-5.28,National authorities,Confirmed,Domestic - sheep,Domestic - Sheep,08/09/2008,14/10/2008,,
129726,UNFAO-LEG-129726,Peste des petits ruminants,,Africa,Northern Africa,Morocco,Gharb - Chrarda - Béni Hssen,Dachra,34.84,-6.06,National authorities,Confirmed,Domestic - sheep | Domestic - Goats,Domestic - Sheep | Domestic - Goats,08/09/2008,30/09/2008,,
129728,UNFAO-LEG-129728,Peste des petits ruminants,,Africa,Northern Africa,Morocco,Gharb - Chrarda - Béni Hssen,Ouled Nefkha,34.84,-6.06,National authorities,Confirmed,Domestic - sheep,Domestic - Sheep,08/09/2008,30/09/2008,,
129778,UNFAO-LEG-129778,Peste des petits ruminants,,Africa,Northern Africa,Morocco,Gharb - Chrarda - Béni Hssen,Ouled Meriem,34.19,-5.58,National authorities,Confirmed,Domestic - sheep,Domestic - Sheep,08/09/2008,19/09/2008,,
129727,UNFAO-LEG-129727,Peste des petits ruminants,,Africa,Northern Africa,Morocco,Gharb - Chrarda - Béni Hssen,Cooperative Lahmar,34.74,-6.21,National authorities,Confirmed,Domestic - sheep,Domestic - Sheep,07/09/2008,30/09/2008,,
129753,UNFAO-LEG-129753,Peste des petits ruminants,,Africa,Northern Africa,Morocco,Marrakech - Tensift - Al Haouz,Jloud Barri,32.24,-7.95,National authorities,Confirmed,Domestic - sheep,Domestic - Sheep,07/09/2008,30/09/2008,,
129775,UNFAO-LEG-129775,Peste des petits ruminants,,Africa,Northern Africa,Morocco,Taza - Al Hoceima - Taounate,Lahouissi,34.2,-3.29,National authorities,Confirmed,Domestic - sheep | Domestic - Goats,Domestic - Sheep | Domestic - Goats,07/09/2008,19/09/2008,,
129704,UNFAO-LEG-129704,Peste des petits ruminants,,Africa,Northern Africa,Morocco,Oriental,Haj Moussa,34.59,-2.08,National authorities,Confirmed,Domestic - sheep,Domestic - Sheep,05/09/2008,30/09/2008,,
129705,UNFAO-LEG-129705,Peste des petits ruminants,,Africa,Northern Africa,Morocco,Oriental,Oulad Rahou Zkara,34.52,-2.13,National authorities,Confirmed,Domestic - sheep | Domestic - Goats,Domestic - Sheep | Domestic - Goats,05/09/2008,30/09/2008,,
129707,UNFAO-LEG-129707,Peste des petits ruminants,,Africa,Northern Africa,Morocco,Oriental,Ouled dif,34.59,-2.08,National authorities,Confirmed,Domestic - sheep | Domestic - Goats,Domestic - Sheep | Domestic - Goats,05/09/2008,30/09/2008,,
129715,UNFAO-LEG-129715,Peste des petits ruminants,,Africa,Northern Africa,Morocco,Tanger - Tétouan,Tarya,35.12,-5.6,National authorities,Confirmed,Domestic - sheep | Domestic - Goats,Domestic - Sheep | Domestic - Goats,05/09/2008,30/09/2008,,
129718,UNFAO-LEG-129718,Peste des petits ruminants,,Africa,Northern Africa,Morocco,Meknès - Tafilalet,Ziar 5,33.15,-5.85,National authorities,Confirmed,Domestic - sheep,Domestic - Sheep,05/09/2008,30/09/2008,,
129719,UNFAO-LEG-129719,Peste des petits ruminants,,Africa,Northern Africa,Morocco,Meknès - Tafilalet,Ziar 4,33.15,-5.85,National authorities,Confirmed,Domestic - sheep | Domestic - Goats,Domestic - Sheep | Domestic - Goats,05/09/2008,30/09/2008,,
129720,UNFAO-LEG-129720,Peste des petits ruminants,,Africa,Northern Africa,Morocco,Meknès - Tafilalet,Ziar 2,33.15,-5.85,National authorities,Confirmed,Domestic - sheep,Domestic - Sheep,05/09/2008,30/09/2008,,
129721,UNFAO-LEG-129721,Peste des petits ruminants,,Africa,Northern Africa,Morocco,Meknès - Tafilalet,Ziar 1,33.15,-5.85,National authorities,Confirmed,Domestic - sheep | Domestic - Goats,Domestic - Sheep | Domestic - Goats,05/09/2008,30/09/2008,,
129803,UNFAO-LEG-129803,Peste des petits ruminants,,Africa,Northern Africa,Morocco,Marrakech - Tensift - Al Haouz,Ouled Soula,31.36,-8.83,National authorities,Confirmed,Domestic - sheep | Domestic - Goats,Domestic - Sheep | Domestic - Goats,05/09/2008,19/09/2008,,
129842,UNFAO-LEG-129842,Peste des petits ruminants,,Africa,Northern Africa,Morocco,Meknès - Tafilalet,Ait Lahcen Ousaid Lagalda,33.03,-6.03,National authorities,Confirmed,Domestic - sheep | Domestic - Goats,Domestic - Sheep | Domestic - Goats,05/09/2008,30/09/2008,,
129843,UNFAO-LEG-129843,Peste des petits ruminants,,Africa,Northern Africa,Morocco,Meknès - Tafilalet,Ziar 3,33.15,-5.85,National authorities,Confirmed,Domestic - sheep | Domestic - Goats,Domestic - Sheep | Domestic - Goats,05/09/2008,30/09/2008,,
129759,UNFAO-LEG-129759,Peste des petits ruminants,,Africa,Northern Africa,Morocco,Tadla - Azilal,Ait Ouaariane,32.21,-6.66,National authorities,Confirmed,Domestic - sheep | Domestic - Goats,Domestic - Sheep | Domestic - Goats,04/09/2008,30/09/2008,,
129784,UNFAO-LEG-129784,Peste des petits ruminants,,Africa,Northern Africa,Morocco,Meknès - Tafilalet,Ait Said ou Haddou,32.83,-5.15,National authorities,Confirmed,Domestic - sheep | Domestic - Goats,Domestic - Sheep | Domestic - Goats,04/09/2008,19/09/2008,,
129785,UNFAO-LEG-129785,Peste des petits ruminants,,Africa,Northern Africa,Morocco,Meknès - Tafilalet,Bouadil,32.41,-5.43,National authorities,Confirmed,Domestic - sheep | Domestic - Goats,Domestic - Sheep | Domestic - Goats,03/09/2008,19/09/2008,,
129804,UNFAO-LEG-129804,Peste des petits ruminants,,Africa,Northern Africa,Morocco,Fès - Boulemane,Tghazoute,33.06,-4.01,National authorities,Confirmed,Domestic - sheep,Domestic - Sheep,03/09/2008,19/09/2008,,
129706,UNFAO-LEG-129706,Peste des petits ruminants,,Africa,Northern Africa,Morocco,Oriental,Joudra,34.69,-1.87,National authorities,Confirmed,Domestic - sheep | Domestic - Goats,Domestic - Sheep | Domestic - Goats,02/09/2008,30/09/2008,,
129752,UNFAO-LEG-129752,Peste des petits ruminants,,Africa,Northern Africa,Morocco,Oriental,Lkhoufiene,34.44,-2,National authorities,Confirmed,Domestic - sheep,Domestic - Sheep,02/09/2008,30/09/2008,,
129786,UNFAO-LEG-129786,Peste des petits ruminants,,Africa,Northern Africa,Morocco,Meknès - Tafilalet,Ait Wahi ou Haqqi,32.63,-5.27,National authorities,Confirmed,Domestic - sheep | Domestic - Goats,Domestic - Sheep | Domestic - Goats,02/09/2008,19/09/2008,,
129701,UNFAO-LEG-129701,Peste des petits ruminants,,Africa,Northern Africa,Morocco,Oriental,Kijou,34.91,-2.48,National authorities,Confirmed,Domestic - sheep | Domestic - Goats,Domestic - Sheep | Domestic - Goats,01/09/2008,14/10/2008,,
129779,UNFAO-LEG-129779,Peste des petits ruminants,,Africa,Northern Africa,Morocco,Chaouia - Ouardigha,Melalia,32.51,-7.2,National authorities,Confirmed,Domestic - Goats,Domestic - Goats,01/09/2008,19/09/2008,,
129787,UNFAO-LEG-129787,Peste des petits ruminants,,Africa,Northern Africa,Morocco,Meknès - Tafilalet,Ait Ahmed ou Ammou,33.15,-5.85,National authorities,Confirmed,Domestic - sheep | Domestic - Goats,Domestic - Sheep | Domestic - Goats,01/09/2008,19/09/2008,,
129789,UNFAO-LEG-129789,Peste des petits ruminants,,Africa,Northern Africa,Morocco,Meknès - Tafilalet,Ait Ouaaziz,32.63,-5.27,National authorities,Confirmed,Domestic - sheep | Domestic - Goats,Domestic - Sheep | Domestic - Goats,01/09/2008,19/09/2008,,
129802,UNFAO-LEG-129802,Peste des petits ruminants,,Africa,Northern Africa,Morocco,Marrakech - Tensift - Al Haouz,Mrabtine,32.28,-7.86,National authorities,Confirmed,Domestic - sheep,Domestic - Sheep,01/09/2008,19/09/2008,,
129780,UNFAO-LEG-129780,Peste des petits ruminants,,Africa,Northern Africa,Morocco,Meknès - Tafilalet,Aviation,33.04,-5.61,National authorities,Confirmed,Domestic - sheep,Domestic - Sheep,31/08/2008,19/09/2008,,
129793,UNFAO-LEG-129793,Peste des petits ruminants,,Africa,Northern Africa,Morocco,Meknès - Tafilalet,Ait Moussa,33.12,-6.12,National authorities,Confirmed,Domestic - sheep,Domestic - Sheep,30/08/2008,19/09/2008,,
129794,UNFAO-LEG-129794,Peste des petits ruminants,,Africa,Northern Africa,Morocco,Meknès - Tafilalet,Taghat,33.04,-5.61,National authorities,Confirmed,Domestic - sheep | Domestic - Goats,Domestic - Sheep | Domestic - Goats,30/08/2008,19/09/2008,,
129805,UNFAO-LEG-129805,Peste des petits ruminants,,Africa,Northern Africa,Morocco,Fès - Boulemane,Atchana,32.86,-4.06,National authorities,Confirmed,Domestic - sheep | Domestic - Goats,Domestic - Sheep | Domestic - Goats,30/08/2008,19/09/2008,,
129777,UNFAO-LEG-129777,Peste des petits ruminants,,Africa,Northern Africa,Morocco,Oriental,Oulad Abdelhakim,34.51,-2.46,National authorities,Confirmed,Domestic - sheep | Domestic - Goats,Domestic - Sheep | Domestic - Goats,29/08/2008,19/09/2008,,
129792,UNFAO-LEG-129792,Peste des petits ruminants,,Africa,Northern Africa,Morocco,Meknès - Tafilalet,Ait Ikkou ou Ali,33.15,-5.85,National authorities,Confirmed,Domestic - sheep,Domestic - Sheep,29/08/2008,19/09/2008,,
129788,UNFAO-LEG-129788,Peste des petits ruminants,,Africa,Northern Africa,Morocco,Meknès - Tafilalet,Ait Ahmed ou Ammou 2,33.15,-5.85,National authorities,Confirmed,Domestic - sheep,Domestic - Sheep,28/08/2008,19/09/2008,,
129791,UNFAO-LEG-129791,Peste des petits ruminants,,Africa,Northern Africa,Morocco,Meknès - Tafilalet,Ait Ahmed ou Ammou,33.15,-5.85,National authorities,Confirmed,Domestic - sheep | Domestic - Goats,Domestic - Sheep | Domestic - Goats,28/08/2008,19/09/2008,,
129700,UNFAO-LEG-129700,Peste des petits ruminants,,Africa,Northern Africa,Morocco,Oriental,Zouit El Harbi,34.94,-2.15,National authorities,Confirmed,Domestic - sheep | Domestic - Goats,Domestic - Sheep | Domestic - Goats,27/08/2008,14/10/2008,,
129790,UNFAO-LEG-129790,Peste des petits ruminants,,Africa,Northern Africa,Morocco,Meknès - Tafilalet,Amahrouq,33.15,-5.85,National authorities,Confirmed,Domestic - sheep | Domestic - Goats,Domestic - Sheep | Domestic - Goats,27/08/2008,19/09/2008,,
129708,UNFAO-LEG-129708,Peste des petits ruminants,,Africa,Northern Africa,Morocco,Meknès - Tafilalet,Ait Haddou ou Hammou,33.81,-5.52,National authorities,Confirmed,Domestic - sheep,Domestic - Sheep,26/08/2008,30/09/2008,,
129795,UNFAO-LEG-129795,Peste des petits ruminants,,Africa,Northern Africa,Morocco,Meknès - Tafilalet,Ait Sidi Belkacem,33.28,-5.64,National authorities,Confirmed,Domestic - sheep | Domestic - Goats,Domestic - Sheep | Domestic - Goats,26/08/2008,19/09/2008,,
129723,UNFAO-LEG-129723,Peste des petits ruminants,,Africa,Northern Africa,Morocco,Rabat - Salé - Zemmour - Zaer,Labzaiz Ouled Khalifa,33.72,-6.65,National authorities,Confirmed,Domestic - sheep,Domestic - Sheep,25/08/2008,30/09/2008,,
129776,UNFAO-LEG-129776,Peste des petits ruminants,,Africa,Northern Africa,Morocco,Souss - Massa - Draâ,Arazane,30.47,-8.54,National authorities,Confirmed,Domestic - sheep,Domestic - Sheep,25/08/2008,19/09/2008,,
129801,UNFAO-LEG-129801,Peste des petits ruminants,,Africa,Northern Africa,Morocco,Marrakech - Tensift - Al Haouz, Mtaguil Mesrane,32.37,-7.73,National authorities,Confirmed,Domestic - sheep | Domestic - Goats,Domestic - Sheep | Domestic - Goats,25/08/2008,19/09/2008,,
129781,UNFAO-LEG-129781,Peste des petits ruminants,,Africa,Northern Africa,Morocco,Meknès - Tafilalet,Amahroq,33.15,-5.85,National authorities,Confirmed,Domestic - sheep,Domestic - Sheep,21/08/2008,19/09/2008,,
129783,UNFAO-LEG-129783,Peste des petits ruminants,,Africa,Northern Africa,Morocco,Meknès - Tafilalet,Ait Mansour,33.15,-5.85,National authorities,Confirmed,Domestic - sheep,Domestic - Sheep,19/08/2008,19/09/2008,,
129812,UNFAO-LEG-129812,Peste des petits ruminants,,Africa,Northern Africa,Morocco,Chaouia - Ouardigha,Oulad Abdoune,32.86,-6.95,National authorities,Confirmed,Domestic - sheep,Domestic - Sheep,19/08/2008,19/09/2008,,
129813,UNFAO-LEG-129813,Peste des petits ruminants,,Africa,Northern Africa,Morocco,Chaouia - Ouardigha,Oulad Massoud,32.99,-6.85,National authorities,Confirmed,Domestic - sheep,Domestic - Sheep,19/08/2008,19/09/2008,,
129817,UNFAO-LEG-129817,Peste des petits ruminants,,Africa,Northern Africa,Morocco,Souss - Massa - Draâ,Laarab Ait Oumalya,30.22,-9.36,National authorities,Confirmed,Domestic - sheep | Domestic - Goats,Domestic - Sheep | Domestic - Goats,19/08/2008,19/09/2008,,
129818,UNFAO-LEG-129818,Peste des petits ruminants,,Africa,Northern Africa,Morocco,Souss - Massa - Draâ,Draid,30.23,-9.56,National authorities,Confirmed,Domestic - sheep | Domestic - Goats,Domestic - Sheep | Domestic - Goats,19/08/2008,19/09/2008,,
129898,UNFAO-LEG-129898,Peste des petits ruminants,,Africa,Northern Africa,Morocco,Chaouia - Ouardigha,Ouled Ghtaiss,33.17,-6.79,National authorities,Confirmed,Domestic - sheep | Domestic - Goats,Domestic - Sheep | Domestic - Goats,19/08/2008,13/09/2008,,
129782,UNFAO-LEG-129782,Peste des petits ruminants,,Africa,Northern Africa,Morocco,Meknès - Tafilalet,El Bach,33.15,-5.85,National authorities,Confirmed,Domestic - sheep | Domestic - Goats,Domestic - Sheep | Domestic - Goats,18/08/2008,19/09/2008,,
129810,UNFAO-LEG-129810,Peste des petits ruminants,,Africa,Northern Africa,Morocco,Oriental,Beni Mimoun,34.77,-2.13,National authorities,Confirmed,Domestic - sheep | Domestic - Goats,Domestic - Sheep | Domestic - Goats,18/08/2008,19/09/2008,,
129811,UNFAO-LEG-129811,Peste des petits ruminants,,Africa,Northern Africa,Morocco,Oriental,Hachlaf,34.59,-2.08,National authorities,Confirmed,Domestic - sheep | Domestic - Goats,Domestic - Sheep | Domestic - Goats,18/08/2008,19/09/2008,,
129814,UNFAO-LEG-129814,Peste des petits ruminants,,Africa,Northern Africa,Morocco,Oriental,Guenfouda centre,34.44,-2,National authorities,Confirmed,Domestic - sheep | Domestic - Goats,Domestic - Sheep | Domestic - Goats,18/08/2008,19/09/2008,,
129894,UNFAO-LEG-129894,Peste des petits ruminants,,Africa,Northern Africa,Morocco,Meknès - Tafilalet,Amhrouk,33.15,-5.85,National authorities,Confirmed,Domestic - sheep,Domestic - Sheep,17/08/2008,13/09/2008,,
129895,UNFAO-LEG-129895,Peste des petits ruminants,,Africa,Northern Africa,Morocco,Meknès - Tafilalet,Amhrouk 2,33.15,-5.85,National authorities,Confirmed,Domestic - sheep,Domestic - Sheep,17/08/2008,13/09/2008,,
129896,UNFAO-LEG-129896,Peste des petits ruminants,,Africa,Northern Africa,Morocco,Meknès - Tafilalet,Azerzou,32.68,-5.36,National authorities,Confirmed,Domestic - sheep,Domestic - Sheep,17/08/2008,13/09/2008,,
129903,UNFAO-LEG-129903,Peste des petits ruminants,,Africa,Northern Africa,Morocco,Oriental,Skaina Bni Drar 1,34.87,-2.02,National authorities,Confirmed,Domestic - sheep | Domestic - Goats,Domestic - Sheep | Domestic - Goats,17/08/2008,13/09/2008,,
129904,UNFAO-LEG-129904,Peste des petits ruminants,,Africa,Northern Africa,Morocco,Oriental,Skaina Bni Drar 2,34.87,-2.02,National authorities,Confirmed,Domestic - sheep | Domestic - Goats,Domestic - Sheep | Domestic - Goats,17/08/2008,13/09/2008,,
129905,UNFAO-LEG-129905,Peste des petits ruminants,,Africa,Northern Africa,Morocco,Fès - Boulemane,Ait Abdou,33.74,-5.06,National authorities,Confirmed,Domestic - sheep,Domestic - Sheep,17/08/2008,13/09/2008,,
129908,UNFAO-LEG-129908,Peste des petits ruminants,,Africa,Northern Africa,Morocco,Fès - Boulemane,Ouled Amer Ghboula,33.64,-4.8,National authorities,Confirmed,Domestic - sheep | Domestic - Goats,Domestic - Sheep | Domestic - Goats,17/08/2008,13/09/2008,,
129800,UNFAO-LEG-129800,Peste des petits ruminants,,Africa,Northern Africa,Morocco,Marrakech - Tensift - Al Haouz,Lkrikir,32.29,-8.09,National authorities,Confirmed,Domestic - sheep,Domestic - Sheep,16/08/2008,19/09/2008,,
129815,UNFAO-LEG-129815,Peste des petits ruminants,,Africa,Northern Africa,Morocco,Doukkala - Abda,Cheikh,32.67,-8.16,National authorities,Confirmed,Domestic - sheep,Domestic - Sheep,16/08/2008,19/09/2008,,
129906,UNFAO-LEG-129906,Peste des petits ruminants,,Africa,Northern Africa,Morocco,Fès - Boulemane,Larassen,33.64,-4.8,National authorities,Confirmed,Domestic - sheep,Domestic - Sheep,16/08/2008,13/09/2008,,
129907,UNFAO-LEG-129907,Peste des petits ruminants,,Africa,Northern Africa,Morocco,Fès - Boulemane,Ait Ichou,33.64,-4.8,National authorities,Confirmed,Domestic - sheep,Domestic - Sheep,16/08/2008,13/09/2008,,
129806,UNFAO-LEG-129806,Peste des petits ruminants,,Africa,Northern Africa,Morocco,Chaouia - Ouardigha,Laghouaouta,33.45,-7.32,National authorities,Confirmed,Domestic - sheep,Domestic - Sheep,15/08/2008,19/09/2008,,
129716,UNFAO-LEG-129716,Peste des petits ruminants,,Africa,Northern Africa,Morocco,Tanger - Tétouan,Jbila ,35.12,-5.6,National authorities,Confirmed,Domestic - Goats,Domestic - Goats,11/08/2008,30/09/2008,,
129717,UNFAO-LEG-129717,Peste des petits ruminants,,Africa,Northern Africa,Morocco,Tanger - Tétouan,Kasba,35.12,-5.6,National authorities,Confirmed,Domestic - Goats,Domestic - Goats,11/08/2008,30/09/2008,,
129892,UNFAO-LEG-129892,Peste des petits ruminants,,Africa,Northern Africa,Morocco,Meknès - Tafilalet,Ait Ali,33.48,-5.18,National authorities,Confirmed,Domestic - sheep,Domestic - Sheep,11/08/2008,13/09/2008,,
129893,UNFAO-LEG-129893,Peste des petits ruminants,,Africa,Northern Africa,Morocco,Gharb - Chrarda - Béni Hssen,Ouled Zid El Gharbia,34.3,-5.95,National authorities,Confirmed,Domestic - sheep,Domestic - Sheep,11/08/2008,13/09/2008,,
129897,UNFAO-LEG-129897,Peste des petits ruminants,,Africa,Northern Africa,Morocco,Chaouia - Ouardigha,Ouled Bouacha,33.08,-6.74,National authorities,Confirmed,Domestic - sheep | Domestic - Goats,Domestic - Sheep | Domestic - Goats,11/08/2008,13/09/2008,,
129909,UNFAO-LEG-129909,Peste des petits ruminants,,Africa,Northern Africa,Morocco,Fès - Boulemane,Nouifat,33.64,-4.8,National authorities,Confirmed,Domestic - sheep | Domestic - Goats,Domestic - Sheep | Domestic - Goats,11/08/2008,13/09/2008,,
129891,UNFAO-LEG-129891,Peste des petits ruminants,,Africa,Northern Africa,Morocco,Marrakech - Tensift - Al Haouz,Lkoudia,31.65,-8.59,National authorities,Confirmed,Domestic - sheep,Domestic - Sheep,10/08/2008,13/09/2008,,
129228,UNFAO-LEG-129228,Peste des petits ruminants,,Africa,Northern Africa,Morocco,Tadla - Azilal,Aghbalou,31.65,-7.11,WOAH (former OIE),Confirmed,Domestic - Goats | Domestic - sheep,Domestic - Goats | Domestic - Sheep,09/08/2008,12/08/2008,,
129796,UNFAO-LEG-129796,Peste des petits ruminants,,Africa,Northern Africa,Morocco,Meknès - Tafilalet,Bousseraf,33.11,-5.3,National authorities,Confirmed,Domestic - sheep | Domestic - Goats,Domestic - Sheep | Domestic - Goats,09/08/2008,19/09/2008,,
129899,UNFAO-LEG-129899,Peste des petits ruminants,,Africa,Northern Africa,Morocco,Meknès - Tafilalet,Rhamna,33.89,-5.58,National authorities,Confirmed,Domestic - sheep | Domestic - Goats,Domestic - Sheep | Domestic - Goats,09/08/2008,13/09/2008,,
129910,UNFAO-LEG-129910,Peste des petits ruminants,,Africa,Northern Africa,Morocco,Fès - Boulemane,Hajjeine,33.64,-4.8,National authorities,Confirmed,Domestic - sheep,Domestic - Sheep,09/08/2008,13/09/2008,,
129229,UNFAO-LEG-129229,Peste des petits ruminants,,Africa,Northern Africa,Morocco,Tadla - Azilal,Ait Hida,31.65,-7.11,WOAH (former OIE),Confirmed,Domestic - Goats | Domestic - sheep,Domestic - Goats | Domestic - Sheep,08/08/2008,12/08/2008,,
129809,UNFAO-LEG-129809,Peste des petits ruminants,,Africa,Northern Africa,Morocco,Tadla - Azilal,Oulad Moussa,32.58,-6.86,National authorities,Confirmed,Domestic - sheep | Domestic - Goats,Domestic - Sheep | Domestic - Goats,08/08/2008,19/09/2008,,
129890,UNFAO-LEG-129890,Peste des petits ruminants,,Africa,Northern Africa,Morocco,Taza - Al Hoceima - Taounate,Boukhachkhach,35.07,-4.32,National authorities,Confirmed,Domestic - Goats | Domestic - sheep,Domestic - Goats | Domestic - Sheep,08/08/2008,13/09/2008,,
129207,UNFAO-LEG-129207,Peste des petits ruminants,,Africa,Northern Africa,Morocco,Meknès - Tafilalet,Kobate 2,33.26,-5.3,WOAH (former OIE),Confirmed,Domestic - sheep,Domestic - Sheep,04/08/2008,12/08/2008,,
129212,UNFAO-LEG-129212,Peste des petits ruminants,,Africa,Northern Africa,Morocco,Fès - Boulemane,Gaaida,33.74,-5.06,WOAH (former OIE),Confirmed,Domestic - sheep,Domestic - Sheep,04/08/2008,12/08/2008,,
129219,UNFAO-LEG-129219,Peste des petits ruminants,,Africa,Northern Africa,Morocco,Meknès - Tafilalet,Kobate 1,33.26,-5.3,WOAH (former OIE),Confirmed,Domestic - sheep,Domestic - Sheep,04/08/2008,12/08/2008,,
129208,UNFAO-LEG-129208,Peste des petits ruminants,,Africa,Northern Africa,Morocco,Rabat - Salé - Zemmour - Zaer,Ait Saad Banu Ouzare,34.05,-5.97,WOAH (former OIE),Confirmed,Domestic - Goats,Domestic - Goats,03/08/2008,12/08/2008,,
129201,UNFAO-LEG-129201,Peste des petits ruminants,,Africa,Northern Africa,Morocco,Chaouia - Ouardigha,Bourzek,33.51,-6.89,WOAH (former OIE),Confirmed,Domestic - sheep,Domestic - Sheep,02/08/2008,12/08/2008,,
129203,UNFAO-LEG-129203,Peste des petits ruminants,,Africa,Northern Africa,Morocco,Chaouia - Ouardigha,Twaza,33.54,-7.18,WOAH (former OIE),Confirmed,Domestic - sheep,Domestic - Sheep,02/08/2008,12/08/2008,,
129225,UNFAO-LEG-129225,Peste des petits ruminants,,Africa,Northern Africa,Morocco,Tadla - Azilal,Ait Sida 1,31.65,-7.11,WOAH (former OIE),Confirmed,Domestic - Goats,Domestic - Goats,02/08/2008,12/08/2008,,
129227,UNFAO-LEG-129227,Peste des petits ruminants,,Africa,Northern Africa,Morocco,Tadla - Azilal,Ait Sida 2,31.65,-7.11,WOAH (former OIE),Confirmed,Domestic - Goats | Domestic - sheep,Domestic - Goats | Domestic - Sheep,02/08/2008,12/08/2008,,
129200,UNFAO-LEG-129200,Peste des petits ruminants,,Africa,Northern Africa,Morocco,Tadla - Azilal,Oulad Saad,32.58,-6.86,WOAH (former OIE),Confirmed,Domestic - sheep,Domestic - Sheep,01/08/2008,12/08/2008,,
129202,UNFAO-LEG-129202,Peste des petits ruminants,,Africa,Northern Africa,Morocco,Chaouia - Ouardigha,Laajalat,33.75,-7.2,WOAH (former OIE),Confirmed,Domestic - sheep,Domestic - Sheep,01/08/2008,12/08/2008,,
129205,UNFAO-LEG-129205,Peste des petits ruminants,,Africa,Northern Africa,Morocco,Oriental,Ouled Habja,34.91,-2.48,WOAH (former OIE),Confirmed,Domestic - sheep,Domestic - Sheep,01/08/2008,12/08/2008,,
129209,UNFAO-LEG-129209,Peste des petits ruminants,,Africa,Northern Africa,Morocco,Fès - Boulemane,Guerzim,34.08,-5.14,WOAH (former OIE),Confirmed,Domestic - sheep,Domestic - Sheep,01/08/2008,12/08/2008,,
129213,UNFAO-LEG-129213,Peste des petits ruminants,,Africa,Northern Africa,Morocco,Chaouia - Ouardigha,Ouled Aich,32.92,-7.33,WOAH (former OIE),Confirmed,Domestic - sheep,Domestic - Sheep,01/08/2008,12/08/2008,,
129217,UNFAO-LEG-129217,Peste des petits ruminants,,Africa,Northern Africa,Morocco,Meknès - Tafilalet,Boudssar,33.24,-5.02,WOAH (former OIE),Confirmed,Domestic - sheep,Domestic - Sheep,01/08/2008,12/08/2008,,
129218,UNFAO-LEG-129218,Peste des petits ruminants,,Africa,Northern Africa,Morocco,Meknès - Tafilalet,Ait Aissa,33.24,-5.02,WOAH (former OIE),Confirmed,Domestic - sheep,Domestic - Sheep,01/08/2008,12/08/2008,,
129222,UNFAO-LEG-129222,Peste des petits ruminants,,Africa,Northern Africa,Morocco,Tadla - Azilal,Ait Sida 1,31.65,-7.11,WOAH (former OIE),Confirmed,Domestic - Goats,Domestic - Goats,01/08/2008,12/08/2008,,
129226,UNFAO-LEG-129226,Peste des petits ruminants,,Africa,Northern Africa,Morocco,Tadla - Azilal,Ait Sida 2,31.65,-7.11,WOAH (former OIE),Confirmed,Domestic - Goats | Domestic - sheep,Domestic - Goats | Domestic - Sheep,01/08/2008,12/08/2008,,
129191,UNFAO-LEG-129191,Peste des petits ruminants,,Africa,Northern Africa,Morocco,Meknès - Tafilalet,Ait Ghaneb,33.24,-5.02,WOAH (former OIE),Confirmed,Domestic - sheep,Domestic - Sheep,31/07/2008,07/08/2008,,
129199,UNFAO-LEG-129199,Peste des petits ruminants,,Africa,Northern Africa,Morocco,Tadla - Azilal,Sacima,32.39,-6.74,WOAH (former OIE),Confirmed,Domestic - sheep,Domestic - Sheep,31/07/2008,12/08/2008,,
129204,UNFAO-LEG-129204,Peste des petits ruminants,,Africa,Northern Africa,Morocco,Oriental,Ouled Lhaj,34.91,-2.36,WOAH (former OIE),Confirmed,Domestic - sheep | Domestic - Goats,Domestic - Sheep | Domestic - Goats,31/07/2008,12/08/2008,,
129206,UNFAO-LEG-129206,Peste des petits ruminants,,Africa,Northern Africa,Morocco,Marrakech - Tensift - Al Haouz,Amarjane,31.18,-8.96,WOAH (former OIE),Confirmed,Domestic - sheep | Domestic - Goats,Domestic - Sheep | Domestic - Goats,31/07/2008,12/08/2008,,
129210,UNFAO-LEG-129210,Peste des petits ruminants,,Africa,Northern Africa,Morocco,Oriental,Oujda centre,34.69,-1.9,WOAH (former OIE),Confirmed,Domestic - sheep | Domestic - Goats,Domestic - Sheep | Domestic - Goats,31/07/2008,12/08/2008,,
129211,UNFAO-LEG-129211,Peste des petits ruminants,,Africa,Northern Africa,Morocco,Oriental,Ouled Amrane,34.59,-2.08,WOAH (former OIE),Confirmed,Domestic - sheep | Domestic - Goats,Domestic - Sheep | Domestic - Goats,31/07/2008,12/08/2008,,
129214,UNFAO-LEG-129214,Peste des petits ruminants,,Africa,Northern Africa,Morocco,Taza - Al Hoceima - Taounate,Ouled Ben Aissa,34.35,-5.21,WOAH (former OIE),Confirmed,Domestic - sheep,Domestic - Sheep,31/07/2008,12/08/2008,,
129215,UNFAO-LEG-129215,Peste des petits ruminants,,Africa,Northern Africa,Morocco,Taza - Al Hoceima - Taounate,Ouled Lghoul,34.52,-4.74,WOAH (former OIE),Confirmed,Domestic - sheep | Domestic - Goats,Domestic - Sheep | Domestic - Goats,31/07/2008,12/08/2008,,
129216,UNFAO-LEG-129216,Peste des petits ruminants,,Africa,Northern Africa,Morocco,Tanger - Tétouan,Tetouan,35.58,-5.35,WOAH (former OIE),Confirmed,Domestic - sheep | Domestic - Goats,Domestic - Sheep | Domestic - Goats,31/07/2008,12/08/2008,,
129220,UNFAO-LEG-129220,Peste des petits ruminants,,Africa,Northern Africa,Morocco,Meknès - Tafilalet,Ait Ouarziz,32.63,-5.27,WOAH (former OIE),Confirmed,Domestic - sheep | Domestic - Goats,Domestic - Sheep | Domestic - Goats,31/07/2008,12/08/2008,,
129221,UNFAO-LEG-129221,Peste des petits ruminants,,Africa,Northern Africa,Morocco,Meknès - Tafilalet,Ait Boulmane,32.63,-5.27,WOAH (former OIE),Confirmed,Domestic - sheep,Domestic - Sheep,31/07/2008,12/08/2008,,
129187,UNFAO-LEG-129187,Peste des petits ruminants,,Africa,Northern Africa,Morocco,Meknès - Tafilalet,Lahfour,33.24,-5.02,WOAH (former OIE),Confirmed,Domestic - sheep,Domestic - Sheep,29/07/2008,07/08/2008,,
129190,UNFAO-LEG-129190,Peste des petits ruminants,,Africa,Northern Africa,Morocco,Meknès - Tafilalet,Chminouanou,33.24,-5.02,WOAH (former OIE),Confirmed,Domestic - sheep,Domestic - Sheep,29/07/2008,07/08/2008,,
129143,UNFAO-LEG-129143,Peste des petits ruminants,,Africa,Northern Africa,Morocco,Chaouia - Ouardigha,Sidi Bettache centre,33.51,-6.89,National authorities,Confirmed,Domestic - sheep | Domestic - Goats,Domestic - Sheep | Domestic - Goats,28/07/2008,07/08/2008,,
129170,UNFAO-LEG-129170,Peste des petits ruminants,,Africa,Northern Africa,Morocco,Tanger - Tétouan,Fahcienne,34.91,-5.15,WOAH (former OIE),Confirmed,Domestic - sheep,Domestic - Sheep,28/07/2008,07/08/2008,,
129171,UNFAO-LEG-129171,Peste des petits ruminants,,Africa,Northern Africa,Morocco,Tanger - Tétouan,Chefchaouen centre,35.17,-5.27,WOAH (former OIE),Confirmed,Domestic - sheep,Domestic - Sheep,28/07/2008,07/08/2008,,
129172,UNFAO-LEG-129172,Peste des petits ruminants,,Africa,Northern Africa,Morocco,Meknès - Tafilalet,Ait Boubidmane,33.85,-5.32,WOAH (former OIE),Confirmed,Domestic - sheep,Domestic - Sheep,28/07/2008,07/08/2008,,
129142,UNFAO-LEG-129142,Peste des petits ruminants,,Africa,Northern Africa,Morocco,Chaouia - Ouardigha,Sidi Bettache centre,33.51,-6.89,National authorities,Confirmed,Domestic - sheep | Domestic - Goats,Domestic - Sheep | Domestic - Goats,27/07/2008,07/08/2008,,
129140,UNFAO-LEG-129140,Peste des petits ruminants,,Africa,Northern Africa,Morocco,Chaouia - Ouardigha,Ouled Bourzek ,33.51,-6.89,National authorities,Confirmed,Domestic - sheep,Domestic - Sheep,26/07/2008,07/08/2008,,
129185,UNFAO-LEG-129185,Peste des petits ruminants,,Africa,Northern Africa,Morocco,Meknès - Tafilalet,Ait Haddou 1,33.24,-5.02,WOAH (former OIE),Confirmed,Domestic - sheep,Domestic - Sheep,26/07/2008,07/08/2008,,
129186,UNFAO-LEG-129186,Peste des petits ruminants,,Africa,Northern Africa,Morocco,Meknès - Tafilalet,Ait Haddou 2,33.24,-5.02,WOAH (former OIE),Confirmed,Domestic - sheep,Domestic - Sheep,26/07/2008,07/08/2008,,
129178,UNFAO-LEG-129178,Peste des petits ruminants,,Africa,Northern Africa,Morocco,Fès - Boulemane,Sfira,34.12,-4.84,WOAH (former OIE),Confirmed,Domestic - sheep,Domestic - Sheep,25/07/2008,07/08/2008,,
129180,UNFAO-LEG-129180,Peste des petits ruminants,,Africa,Northern Africa,Morocco,Fès - Boulemane,Boushhyoul,33.91,-4.79,WOAH (former OIE),Confirmed,Domestic - sheep,Domestic - Sheep,25/07/2008,07/08/2008,,
129196,UNFAO-LEG-129196,Peste des petits ruminants,,Africa,Northern Africa,Morocco,Meknès - Tafilalet,Ait Ouchrif,32.63,-5.27,WOAH (former OIE),Confirmed,Domestic - sheep | Domestic - Goats,Domestic - Sheep | Domestic - Goats,25/07/2008,07/08/2008,,
129197,UNFAO-LEG-129197,Peste des petits ruminants,,Africa,Northern Africa,Morocco,Meknès - Tafilalet,Ait Said Khalouta,33.15,-5.85,WOAH (former OIE),Confirmed,Domestic - sheep | Domestic - Goats,Domestic - Sheep | Domestic - Goats,25/07/2008,07/08/2008,,
129139,UNFAO-LEG-129139,Peste des petits ruminants,,Africa,Northern Africa,Morocco,Chaouia - Ouardigha,Sidi Bettache centre ,33.51,-6.89,National authorities,Confirmed,Domestic - sheep,Domestic - Sheep,24/07/2008,07/08/2008,,
129146,UNFAO-LEG-129146,Peste des petits ruminants,,Africa,Northern Africa,Morocco,Oriental,Beniguil Lemris,34.94,-2.15,National authorities,Confirmed,Domestic - sheep | Domestic - Goats,Domestic - Sheep | Domestic - Goats,24/07/2008,07/08/2008,,
129176,UNFAO-LEG-129176,Peste des petits ruminants,,Africa,Northern Africa,Morocco,Fès - Boulemane,Zahoua,33.97,-5.09,WOAH (former OIE),Confirmed,Domestic - sheep,Domestic - Sheep,24/07/2008,07/08/2008,,
129177,UNFAO-LEG-129177,Peste des petits ruminants,,Africa,Northern Africa,Morocco,Fès - Boulemane,Skaliyene,34.24,-5.04,WOAH (former OIE),Confirmed,Domestic - sheep,Domestic - Sheep,24/07/2008,07/08/2008,,
129184,UNFAO-LEG-129184,Peste des petits ruminants,,Africa,Northern Africa,Morocco,Meknès - Tafilalet,Ait Lahcen,33.48,-5.18,WOAH (former OIE),Confirmed,Domestic - sheep,Domestic - Sheep,24/07/2008,07/08/2008,,
129138,UNFAO-LEG-129138,Peste des petits ruminants,,Africa,Northern Africa,Morocco,Chaouia - Ouardigha,Sidi Bettache centre 1,33.51,-6.89,National authorities,Confirmed,Domestic - sheep,Domestic - Sheep,23/07/2008,07/08/2008,,
129195,UNFAO-LEG-129195,Peste des petits ruminants,,Africa,Northern Africa,Morocco,Meknès - Tafilalet,Ait Sad Khakouta,33.15,-5.85,WOAH (former OIE),Confirmed,Domestic - sheep,Domestic - Sheep,23/07/2008,07/08/2008,,
129696,UNFAO-LEG-129696,Peste des petits ruminants,,Africa,Northern Africa,Morocco,Meknès - Tafilalet,Ait Moussa,33.66,-5.29,National authorities,Confirmed,Domestic - sheep | Domestic - Goats,Domestic - Sheep | Domestic - Goats,23/07/2008,14/10/2008,,
129134,UNFAO-LEG-129134,Peste des petits ruminants,,Africa,Northern Africa,Morocco,Tadla - Azilal,Fkarin Lamjarma,32.45,-6.95,National authorities,Confirmed,Domestic - sheep,Domestic - Sheep,22/07/2008,07/08/2008,,
129137,UNFAO-LEG-129137,Peste des petits ruminants,,Africa,Northern Africa,Morocco,Chaouia - Ouardigha,Ouled Bourzek,33.51,-6.89,National authorities,Confirmed,Domestic - sheep,Domestic - Sheep,22/07/2008,07/08/2008,,
129173,UNFAO-LEG-129173,Peste des petits ruminants,,Africa,Northern Africa,Morocco,Doukkala - Abda,Laabadia,32.44,-8.48,WOAH (former OIE),Confirmed,Domestic - sheep,Domestic - Sheep,22/07/2008,07/08/2008,,
129181,UNFAO-LEG-129181,Peste des petits ruminants,,Africa,Northern Africa,Morocco,Taza - Al Hoceima - Taounate,Ould Rahou,34.24,-4.78,WOAH (former OIE),Confirmed,Domestic - sheep | Domestic - Goats,Domestic - Sheep | Domestic - Goats,22/07/2008,07/08/2008,,
129194,UNFAO-LEG-129194,Peste des petits ruminants,,Africa,Northern Africa,Morocco,Meknès - Tafilalet,Ait Hammou Ouhaki,32.63,-5.27,WOAH (former OIE),Confirmed,Domestic - sheep | Domestic - Goats,Domestic - Sheep | Domestic - Goats,22/07/2008,07/08/2008,,
129145,UNFAO-LEG-129145,Peste des petits ruminants,,Africa,Northern Africa,Morocco,Oriental,Oulad Abdellah,34.94,-2.15,National authorities,Confirmed,Domestic - sheep | Domestic - Goats,Domestic - Sheep | Domestic - Goats,21/07/2008,07/08/2008,,
129174,UNFAO-LEG-129174,Peste des petits ruminants,,Africa,Northern Africa,Morocco,Grand Casablanca,Ouled Bouaziz,33.52,-7.44,WOAH (former OIE),Confirmed,Domestic - sheep | Domestic - Goats,Domestic - Sheep | Domestic - Goats,21/07/2008,07/08/2008,,
129175,UNFAO-LEG-129175,Peste des petits ruminants,,Africa,Northern Africa,Morocco,Meknès - Tafilalet,Lemkhazia,33.86,-5.55,WOAH (former OIE),Confirmed,Domestic - sheep,Domestic - Sheep,21/07/2008,07/08/2008,,
129182,UNFAO-LEG-129182,Peste des petits ruminants,,Africa,Northern Africa,Morocco,Taza - Al Hoceima - Taounate,Oufridene,33.94,-3.3,WOAH (former OIE),Confirmed,Domestic - sheep | Domestic - Goats,Domestic - Sheep | Domestic - Goats,21/07/2008,07/08/2008,,
129183,UNFAO-LEG-129183,Peste des petits ruminants,,Africa,Northern Africa,Morocco,Meknès - Tafilalet,Ait Lahcen,33.27,-5.31,WOAH (former OIE),Confirmed,Domestic - sheep,Domestic - Sheep,21/07/2008,07/08/2008,,
129193,UNFAO-LEG-129193,Peste des petits ruminants,,Africa,Northern Africa,Morocco,Meknès - Tafilalet,Ait Zaarour,32.63,-5.27,WOAH (former OIE),Confirmed,Domestic - sheep,Domestic - Sheep,21/07/2008,07/08/2008,,
129132,UNFAO-LEG-129132,Peste des petits ruminants,,Africa,Northern Africa,Morocco,Tadla - Azilal,Ouled Ziane,32.58,-6.86,National authorities,Confirmed,Domestic - sheep,Domestic - Sheep,20/07/2008,29/07/2008,,
129135,UNFAO-LEG-129135,Peste des petits ruminants,,Africa,Northern Africa,Morocco,Chaouia - Ouardigha,Sidi Bettache centre,33.51,-6.89,National authorities,Confirmed,Domestic - sheep,Domestic - Sheep,20/07/2008,07/08/2008,,
129136,UNFAO-LEG-129136,Peste des petits ruminants,,Africa,Northern Africa,Morocco,Chaouia - Ouardigha,Echaala,33.51,-6.89,National authorities,Confirmed,Domestic - sheep,Domestic - Sheep,20/07/2008,07/08/2008,,
129144,UNFAO-LEG-129144,Peste des petits ruminants,,Africa,Northern Africa,Morocco,Oriental,Beniguil Lemris,34.94,-2.15,National authorities,Confirmed,Domestic - sheep | Domestic - Goats,Domestic - Sheep | Domestic - Goats,20/07/2008,07/08/2008,,
129179,UNFAO-LEG-129179,Peste des petits ruminants,,Africa,Northern Africa,Morocco,Fès - Boulemane,Bouaajoul,33.91,-4.79,WOAH (former OIE),Confirmed,Domestic - sheep,Domestic - Sheep,20/07/2008,07/08/2008,,
129192,UNFAO-LEG-129192,Peste des petits ruminants,,Africa,Northern Africa,Morocco,Meknès - Tafilalet,Ait Si Belkacem,33.28,-5.64,WOAH (former OIE),Confirmed,Domestic - sheep,Domestic - Sheep,20/07/2008,07/08/2008,,
128822,UNFAO-LEG-128822,Peste des petits ruminants,,Africa,Northern Africa,Morocco,Fès - Boulemane,Tghaitia,33.8978577,-4.8181367,National authorities,Confirmed,Domestic - sheep,Domestic - Sheep,19/07/2008,29/07/2008,,
129108,UNFAO-LEG-129108,Peste des petits ruminants,,Africa,Northern Africa,Morocco,Fès - Boulemane,Belamoune Khoulane,34.06,-4.96,National authorities,Confirmed,Domestic - sheep | Domestic - Goats,Domestic - Sheep | Domestic - Goats,19/07/2008,29/07/2008,,
129123,UNFAO-LEG-129123,Peste des petits ruminants,,Africa,Northern Africa,Morocco,Meknès - Tafilalet,Tighessaline,32.65,-5.54,National authorities,Confirmed,Domestic - sheep,Domestic - Sheep,19/07/2008,29/07/2008,,
129126,UNFAO-LEG-129126,Peste des petits ruminants,,Africa,Northern Africa,Morocco,Meknès - Tafilalet,Aguelmous centre 3,33.15,-5.85,National authorities,Confirmed,Domestic - sheep,Domestic - Sheep,19/07/2008,29/07/2008,,
129127,UNFAO-LEG-129127,Peste des petits ruminants,,Africa,Northern Africa,Morocco,Meknès - Tafilalet,Iheddaren,33.15,-5.85,National authorities,Confirmed,Domestic - sheep,Domestic - Sheep,19/07/2008,29/07/2008,,
129128,UNFAO-LEG-129128,Peste des petits ruminants,,Africa,Northern Africa,Morocco,Meknès - Tafilalet,Tanedra,33.15,-5.85,National authorities,Confirmed,Domestic - sheep,Domestic - Sheep,19/07/2008,29/07/2008,,
129129,UNFAO-LEG-129129,Peste des petits ruminants,,Africa,Northern Africa,Morocco,Meknès - Tafilalet,Ait Quaziz,32.63,-5.27,National authorities,Confirmed,Domestic - sheep,Domestic - Sheep,19/07/2008,29/07/2008,,
129130,UNFAO-LEG-129130,Peste des petits ruminants,,Africa,Northern Africa,Morocco,Meknès - Tafilalet,Aguelmous centre 4,33.15,-5.85,National authorities,Confirmed,Domestic - sheep,Domestic - Sheep,19/07/2008,29/07/2008,,
129131,UNFAO-LEG-129131,Peste des petits ruminants,,Africa,Northern Africa,Morocco,Meknès - Tafilalet,Tizi Laassa,33.15,-5.85,National authorities,Confirmed,Domestic - sheep,Domestic - Sheep,19/07/2008,29/07/2008,,
129122,UNFAO-LEG-129122,Peste des petits ruminants,,Africa,Northern Africa,Morocco,Meknès - Tafilalet,Dayat Hachlaf,33.57,-4.99,National authorities,Confirmed,Domestic - sheep,Domestic - Sheep,18/07/2008,29/07/2008,,
129112,UNFAO-LEG-129112,Peste des petits ruminants,,Africa,Northern Africa,Morocco,Tadla - Azilal,Kotma,32.39,-6.74,National authorities,Confirmed,Domestic - sheep,Domestic - Sheep,17/07/2008,29/07/2008,,
129124,UNFAO-LEG-129124,Peste des petits ruminants,,Africa,Northern Africa,Morocco,Meknès - Tafilalet,Aguelmous centre 1,33.15,-5.85,National authorities,Confirmed,Domestic - sheep,Domestic - Sheep,17/07/2008,29/07/2008,,
129125,UNFAO-LEG-129125,Peste des petits ruminants,,Africa,Northern Africa,Morocco,Meknès - Tafilalet,Aguelmous centre 2,33.15,-5.85,National authorities,Confirmed,Domestic - sheep,Domestic - Sheep,17/07/2008,29/07/2008,,
129113,UNFAO-LEG-129113,Peste des petits ruminants,,Africa,Northern Africa,Morocco,Taza - Al Hoceima - Taounate,Touzelt,34.92,-4.26,National authorities,Confirmed,Domestic - sheep,Domestic - Sheep,15/07/2008,29/07/2008,,
129116,UNFAO-LEG-129116,Peste des petits ruminants,,Africa,Northern Africa,Morocco,Meknès - Tafilalet,Ait Ali,33.48,-5.18,National authorities,Confirmed,Domestic - sheep,Domestic - Sheep,14/07/2008,29/07/2008,,
129117,UNFAO-LEG-129117,Peste des petits ruminants,,Africa,Northern Africa,Morocco,Meknès - Tafilalet,Ait Ftoma,33.26,-5.3,National authorities,Confirmed,Domestic - sheep,Domestic - Sheep,14/07/2008,29/07/2008,,
129110,UNFAO-LEG-129110,Peste des petits ruminants,,Africa,Northern Africa,Morocco,Chaouia - Ouardigha,Khlaif,33.45,-7.87,National authorities,Confirmed,Domestic - sheep,Domestic - Sheep,12/07/2008,29/07/2008,,
129702,UNFAO-LEG-129702,Peste des petits ruminants,,Africa,Northern Africa,Morocco,Taza - Al Hoceima - Taounate,Tafrata,34.2,-3.29,National authorities,Confirmed,Domestic - sheep | Domestic - Goats,Domestic - Sheep | Domestic - Goats,12/07/2008,30/09/2008,,
128835,UNFAO-LEG-128835,Peste des petits ruminants,,Africa,Northern Africa,Morocco,Taza - Al Hoceima - Taounate,Zbar,34.2661858,-3.7317739,National authorities,Confirmed,Domestic - sheep,Domestic - Sheep,10/07/2008,29/07/2008,,
128836,UNFAO-LEG-128836,Peste des petits ruminants,,Africa,Northern Africa,Morocco,Taza - Al Hoceima - Taounate,Khemis Sidi Abdeljelil,34.2661858,-3.7317739,National authorities,Confirmed,Domestic - sheep,Domestic - Sheep,10/07/2008,29/07/2008,,
129109,UNFAO-LEG-129109,Peste des petits ruminants,,Africa,Northern Africa,Morocco,Chaouia - Ouardigha,Jouala,33.33,-7.86,National authorities,Confirmed,Domestic - sheep,Domestic - Sheep,10/07/2008,29/07/2008,,
129120,UNFAO-LEG-129120,Peste des petits ruminants,,Africa,Northern Africa,Morocco,Taza - Al Hoceima - Taounate,Zbar,34.2,-3.29,National authorities,Confirmed,Domestic - sheep,Domestic - Sheep,10/07/2008,29/07/2008,,
129121,UNFAO-LEG-129121,Peste des petits ruminants,,Africa,Northern Africa,Morocco,Taza - Al Hoceima - Taounate,Khemis Sidi Abdeljelil,34.1,-4.49,National authorities,Confirmed,Domestic - sheep,Domestic - Sheep,10/07/2008,29/07/2008,,
128834,UNFAO-LEG-128834,Peste des petits ruminants,,Africa,Northern Africa,Morocco,Taza - Al Hoceima - Taounate,Khoulane,34.2483788,-4.1033511,National authorities,Confirmed,Domestic - sheep,Domestic - Sheep,03/07/2008,29/07/2008,,
129119,UNFAO-LEG-129119,Peste des petits ruminants,,Africa,Northern Africa,Morocco,Fès - Boulemane,Khoulane,34.12,-4.84,National authorities,Confirmed,Domestic - sheep,Domestic - Sheep,03/07/2008,29/07/2008,,
129118,UNFAO-LEG-129118,Peste des petits ruminants,,Africa,Northern Africa,Morocco,Gharb - Chrarda - Béni Hssen,Mikal,34.8,-5.58,National authorities,Confirmed,Domestic - sheep,Domestic - Sheep,02/07/2008,29/07/2008,,
129107,UNFAO-LEG-129107,Peste des petits ruminants,,Africa,Northern Africa,Morocco,Fès - Boulemane,Belamoune Khoulane,34.12,-4.84,National authorities,Confirmed,Domestic - sheep,Domestic - Sheep,30/06/2008,29/07/2008,,
129111,UNFAO-LEG-129111,Peste des petits ruminants,,Africa,Northern Africa,Morocco,Taza - Al Hoceima - Taounate,Imaziouen,34.94,-4.47,National authorities,Confirmed,Domestic - sheep,Domestic - Sheep,30/06/2008,29/07/2008,,
129114,UNFAO-LEG-129114,Peste des petits ruminants,,Africa,Northern Africa,Morocco,Meknès - Tafilalet,Ouislane centre,33.91,-5.49,National authorities,Confirmed,Domestic - sheep,Domestic - Sheep,30/06/2008,29/07/2008,,
128819,UNFAO-LEG-128819,Peste des petits ruminants,,Africa,Northern Africa,Morocco,Chaouia - Ouardigha,Douar Sidi Bettache centre,33.5872192,-7.064456,National authorities,Confirmed,Domestic - sheep,Domestic - Sheep,26/06/2008,23/07/2008,,
129100,UNFAO-LEG-129100,Peste des petits ruminants,,Africa,Northern Africa,Morocco,Fès - Boulemane,Douar Ouled M'hamed,33.97,-5.09,WOAH (former OIE),Confirmed,Domestic - sheep,Domestic - Sheep,12/06/2008,23/07/2008,,
127746,UNFAO-LEG-127746,Peste des petits ruminants,,Africa,Eastern Africa,Uganda,Napak,unknown,2.5913773,34.2638166,WOAH (former OIE),Confirmed,Domestic - sheep | Domestic - Goats,Domestic - Sheep | Domestic - Goats,03/04/2007,30/07/2007,,
127747,UNFAO-LEG-127747,Peste des petits ruminants,,Africa,Eastern Africa,Kenya,Rift Valley,Kaputir,2.0667,35.4667,WOAH (former OIE),Confirmed,Domestic - Goat/sheep ,Domestic - Goat/Sheep ,25/03/2007,16/05/2007,,
129149,UNFAO-LEG-129149,Peste des petits ruminants,,Africa,Eastern Africa,Kenya,Rift Valley,Kaputir / Kakong,2.06,35.46,WOAH (former OIE),Confirmed,Domestic - Goat/sheep ,Domestic - Goat/Sheep ,25/03/2007,16/05/2012,,
127750,UNFAO-LEG-127750,Peste des petits ruminants,,Africa,Eastern Africa,Uganda,Moroto,Rupa sub-county  Karamoja Region,2.5833,34.6667,Media,Suspected,Domestic - Goats,Domestic - Goats,21/03/2007,24/03/2007,,
129152,UNFAO-LEG-129152,Peste des petits ruminants,,Africa,Eastern Africa,Kenya,Rift Valley,Meiyan,3.117,35.6,WOAH (former OIE),Confirmed,Domestic - Goat/sheep ,Domestic - Goat/Sheep ,15/03/2007,02/10/2008,,
129153,UNFAO-LEG-129153,Peste des petits ruminants,,Africa,Eastern Africa,Kenya,Rift Valley,Lokamaringyang,3.117,35.6,WOAH (former OIE),Confirmed,Domestic - Goat/sheep ,Domestic - Goat/Sheep ,15/02/2007,02/10/2008,,
129160,UNFAO-LEG-129160,Peste des petits ruminants,,Africa,Eastern Africa,Kenya,Rift Valley,Natiira,3.8241,34.5988,WOAH (former OIE),Confirmed,Domestic - sheep,Domestic - Sheep,03/08/2006,15/01/2007,,
129161,UNFAO-LEG-129161,Peste des petits ruminants,,Africa,Eastern Africa,Kenya,Rift Valley,Songot,3.9475,34.776,WOAH (former OIE),Confirmed,Domestic - sheep,Domestic - Sheep,03/08/2006,15/01/2007,,
129165,UNFAO-LEG-129165,Peste des petits ruminants,,Africa,Eastern Africa,Kenya,Rift Valley,Loreng,3.5,34.5666,WOAH (former OIE),Confirmed,Domestic - Goat/sheep ,Domestic - Goat/Sheep ,03/08/2006,27/03/2007,,
129166,UNFAO-LEG-129166,Peste des petits ruminants,,Africa,Eastern Africa,Kenya,Rift Valley,Moruarengan,3.779,35.256,WOAH (former OIE),Confirmed,Domestic - Goat/sheep ,Domestic - Goat/Sheep ,03/08/2006,27/03/2007,,
129167,UNFAO-LEG-129167,Peste des petits ruminants,,Africa,Eastern Africa,Kenya,Rift Valley,Lokangae,3.779,35.256,WOAH (former OIE),Confirmed,Domestic - Goat/sheep ,Domestic - Goat/Sheep ,03/08/2006,27/03/2007,,
129168,UNFAO-LEG-129168,Peste des petits ruminants,,Africa,Eastern Africa,Kenya,Rift Valley,Nanam,4.3,34.6833,WOAH (former OIE),Confirmed,Domestic - Goat/sheep ,Domestic - Goat/Sheep ,03/08/2006,27/03/2007,,
129169,UNFAO-LEG-129169,Peste des petits ruminants,,Africa,Eastern Africa,Kenya,Rift Valley,Letea,3.779,35.256,WOAH (former OIE),Confirmed,Domestic - Goat/sheep ,Domestic - Goat/Sheep ,03/08/2006,27/03/2007,,
129162,UNFAO-LEG-129162,Peste des petits ruminants,,Africa,Middle Africa,Congo,Plateaux,Djambala,-2.059,15.4484,WOAH (former OIE),Confirmed,Domestic - sheep | Domestic - Goats,Domestic - Sheep | Domestic - Goats,12/04/2006,27/07/2006,,
129163,UNFAO-LEG-129163,Peste des petits ruminants,,Africa,Middle Africa,Congo,Plateaux,Kahon,-2.0808,15.6884,WOAH (former OIE),Confirmed,Domestic - Goats,Domestic - Goats,12/04/2006,27/07/2006,,
129164,UNFAO-LEG-129164,Peste des petits ruminants,,Africa,Middle Africa,Congo,Plateaux,Akou,-2.059,15.383,WOAH (former OIE),Confirmed,Domestic - Goats,Domestic - Goats,12/04/2006,27/07/2006,,
127748,UNFAO-LEG-127748,Peste des petits ruminants,,Africa,Eastern Africa,Kenya,Rift Valley,Oropoi,3.8,34.25,Media,Suspected,Domestic - Goat/sheep ,Domestic - Goat/Sheep ,31/03/2006,01/04/2008,,
129159,UNFAO-LEG-129159,Peste des petits ruminants,,Africa,Middle Africa,Congo,Plateaux,Lékana,-2.059,15.383,WOAH (former OIE),Confirmed,Domestic - Goat/sheep ,Domestic - Goat/Sheep ,30/12/2005,27/07/2006,,
176436,UNFAO-LEG-176436,Peste des petits ruminants,,Africa,Western Africa,Mali,Koulikoro,NIAMINA,13.6896,-7.9527,WOAH (former OIE),Confirmed,Domestic - sheep,Domestic - Sheep,25/09/2004,19/01/2005,,
176437,UNFAO-LEG-176437,Peste des petits ruminants,,Africa,Western Africa,Mali,Sikasso,Finkolo Ganadougou,11.267,-5.51,WOAH (former OIE),Confirmed,Domestic - Goat/sheep ,Domestic - Goat/Sheep ,25/09/2004,19/01/2005,,
188916,UNFAO-LEG-188916,Peste des petits ruminants,,Africa,Western Africa,Guinea,Kindia,unknown,9.759455,-13.29885,WOAH (former OIE),Confirmed,Domestic - Goat/sheep ,Domestic - Goat/Sheep ,30/04/2001,30/06/2001,,
188917,UNFAO-LEG-188917,Peste des petits ruminants,,Africa,Western Africa,Guinea,Mamou,unknown,10.891628,-12.063792,WOAH (former OIE),Confirmed,Domestic - Goat/sheep ,Domestic - Goat/Sheep ,30/04/2001,30/06/2001,,
188918,UNFAO-LEG-188918,Peste des petits ruminants,,Africa,Western Africa,Guinea,Kindia,unknown,10.53498,-13.538091,WOAH (former OIE),Confirmed,Domestic - Goat/sheep ,Domestic - Goat/Sheep ,30/04/2001,30/06/2001,,
188919,UNFAO-LEG-188919,Peste des petits ruminants,,Africa,Western Africa,Guinea,Labe,unknown,11.71611,-11.942331,WOAH (former OIE),Confirmed,Domestic - Goat/sheep ,Domestic - Goat/Sheep ,30/04/2001,30/06/2001,,
188920,UNFAO-LEG-188920,Peste des petits ruminants,,Africa,Western Africa,Guinea,Mamou,unknown,10.383333,-12.083333,WOAH (former OIE),Confirmed,Domestic - Goat/sheep ,Domestic - Goat/Sheep ,30/04/2001,30/06/2001,,
188921,UNFAO-LEG-188921,Peste des petits ruminants,,Africa,Western Africa,Guinea,Kindia,unknown,10.53498,-13.538091,WOAH (former OIE),Confirmed,Domestic - Goat/sheep ,Domestic - Goat/Sheep ,30/04/2001,30/06/2001,,
188924,UNFAO-LEG-188924,Peste des petits ruminants,,Africa,Western Africa,Senegal,Louga,unknown,15.397999,-15.690158,WOAH (former OIE),Confirmed,Domestic - Goat/sheep ,Domestic - Goat/Sheep ,30/04/2001,30/06/2001,,
186124,UNFAO-LEG-186124,Peste des petits ruminants,,Africa,Western Africa,Senegal,Fatick,Fatick Department,14.358056,-16.585833,WOAH (former OIE),Confirmed,Domestic - Goat/sheep ,Domestic - Goat/Sheep ,31/03/2001,30/04/2001,,
186186,UNFAO-LEG-186186,Peste des petits ruminants,,Africa,Western Africa,Guinea,Kindia,unknown,9.784167,-13.5175,WOAH (former OIE),Confirmed,Domestic - Goat/sheep ,Domestic - Goat/Sheep ,31/03/2001,30/04/2001,,
186247,UNFAO-LEG-186247,Peste des petits ruminants,,Africa,Western Africa,Guinea,Mamou,unknown,10.891628,-12.063792,WOAH (former OIE),Confirmed,Domestic - Goat/sheep ,Domestic - Goat/Sheep ,31/03/2001,30/04/2001,,
188907,UNFAO-LEG-188907,Peste des petits ruminants,,Africa,Western Africa,Guinea,Boke,unknown,10.465233,-14.15487,WOAH (former OIE),Confirmed,Domestic - Goat/sheep ,Domestic - Goat/Sheep ,31/03/2001,30/06/2001,,
188908,UNFAO-LEG-188908,Peste des petits ruminants,,Africa,Western Africa,Guinea,Mamou,unknown,10.891628,-12.063792,WOAH (former OIE),Confirmed,Domestic - Goat/sheep ,Domestic - Goat/Sheep ,31/03/2001,30/06/2001,,
188909,UNFAO-LEG-188909,Peste des petits ruminants,,Africa,Western Africa,Guinea,Kindia,unknown,10.53498,-13.538091,WOAH (former OIE),Confirmed,Domestic - Goat/sheep ,Domestic - Goat/Sheep ,31/03/2001,30/06/2001,,
188910,UNFAO-LEG-188910,Peste des petits ruminants,,Africa,Western Africa,Guinea,Kankan,unknown,10.384722,-9.306944,WOAH (former OIE),Confirmed,Domestic - Goat/sheep ,Domestic - Goat/Sheep ,31/03/2001,30/06/2001,,
188911,UNFAO-LEG-188911,Peste des petits ruminants,,Africa,Western Africa,Guinea,Kindia,unknown,10.1272,-13.538651,WOAH (former OIE),Confirmed,Domestic - Goat/sheep ,Domestic - Goat/Sheep ,31/03/2001,30/06/2001,,
188912,UNFAO-LEG-188912,Peste des petits ruminants,,Africa,Western Africa,Guinea,Kankan,unknown,10.486482,-9.890786,WOAH (former OIE),Confirmed,Domestic - Goat/sheep ,Domestic - Goat/Sheep ,31/03/2001,30/06/2001,,
188913,UNFAO-LEG-188913,Peste des petits ruminants,,Africa,Western Africa,Guinea,Boke,unknown,12.337829,-13.135656,WOAH (former OIE),Confirmed,Domestic - Goat/sheep ,Domestic - Goat/Sheep ,31/03/2001,30/06/2001,,
188914,UNFAO-LEG-188914,Peste des petits ruminants,,Africa,Western Africa,Guinea,Kindia,unknown,10.058056,-12.868889,WOAH (former OIE),Confirmed,Domestic - Goat/sheep ,Domestic - Goat/Sheep ,31/03/2001,30/06/2001,,
188915,UNFAO-LEG-188915,Peste des petits ruminants,,Africa,Western Africa,Guinea,Labe,unknown,11.71611,-11.942331,WOAH (former OIE),Confirmed,Domestic - Goat/sheep ,Domestic - Goat/Sheep ,31/03/2001,30/06/2001,,
188923,UNFAO-LEG-188923,Peste des petits ruminants,,Africa,Western Africa,Mauritania,Nouakchott,unknown,18.058877,-15.957062,WOAH (former OIE),Confirmed,Domestic - Goat/sheep ,Domestic - Goat/Sheep ,31/03/2001,30/06/2001,,
186126,UNFAO-LEG-186126,Peste des petits ruminants,,Africa,Western Africa,Guinea,Kindia,unknown,10.058056,-12.868889,WOAH (former OIE),Confirmed,Domestic - Goat/sheep ,Domestic - Goat/Sheep ,28/02/2001,30/04/2001,,
186129,UNFAO-LEG-186129,Peste des petits ruminants,,Africa,Western Africa,Guinea,Conakry,unknown,9.509167,-13.712222,WOAH (former OIE),Confirmed,Domestic - Goat/sheep ,Domestic - Goat/Sheep ,28/02/2001,30/04/2001,,
186185,UNFAO-LEG-186185,Peste des petits ruminants,,Africa,Western Africa,Guinea,Kindia,unknown,9.700278,-13.383889,WOAH (former OIE),Confirmed,Domestic - Goat/sheep ,Domestic - Goat/Sheep ,28/02/2001,30/04/2001,,
186187,UNFAO-LEG-186187,Peste des petits ruminants,,Africa,Western Africa,Guinea,Boke,unknown,11.750278,-13.201111,WOAH (former OIE),Confirmed,Domestic - Goat/sheep ,Domestic - Goat/Sheep ,28/02/2001,30/04/2001,,
186188,UNFAO-LEG-186188,Peste des petits ruminants,,Africa,Western Africa,Guinea,Kankan,unknown,10.384722,-9.306944,WOAH (former OIE),Confirmed,Domestic - Goat/sheep ,Domestic - Goat/Sheep ,28/02/2001,30/04/2001,,
188897,UNFAO-LEG-188897,Peste des petits ruminants,,Africa,Western Africa,Guinea,Boke,unknown,11.062368,-14.21789,WOAH (former OIE),Confirmed,Domestic - Goat/sheep ,Domestic - Goat/Sheep ,28/02/2001,30/06/2001,,
188898,UNFAO-LEG-188898,Peste des petits ruminants,,Africa,Western Africa,Guinea,Conakry,unknown,9.509167,-13.712222,WOAH (former OIE),Confirmed,Domestic - Goat/sheep ,Domestic - Goat/Sheep ,28/02/2001,30/06/2001,,
188899,UNFAO-LEG-188899,Peste des petits ruminants,,Africa,Western Africa,Guinea,Kindia,unknown,10.1272,-13.538651,WOAH (former OIE),Confirmed,Domestic - Goat/sheep ,Domestic - Goat/Sheep ,28/02/2001,30/06/2001,,
188900,UNFAO-LEG-188900,Peste des petits ruminants,,Africa,Western Africa,Guinea,Kindia,unknown,9.759455,-13.29885,WOAH (former OIE),Confirmed,Domestic - Goat/sheep ,Domestic - Goat/Sheep ,28/02/2001,30/06/2001,,
188901,UNFAO-LEG-188901,Peste des petits ruminants,,Africa,Western Africa,Guinea,Kindia,unknown,10.53498,-13.538091,WOAH (former OIE),Confirmed,Domestic - Goat/sheep ,Domestic - Goat/Sheep ,28/02/2001,30/06/2001,,
188902,UNFAO-LEG-188902,Peste des petits ruminants,,Africa,Western Africa,Guinea,Boke,unknown,11.750278,-13.201111,WOAH (former OIE),Confirmed,Domestic - Goat/sheep ,Domestic - Goat/Sheep ,28/02/2001,30/06/2001,,
188903,UNFAO-LEG-188903,Peste des petits ruminants,,Africa,Western Africa,Guinea,Kankan,unknown,10.384722,-9.306944,WOAH (former OIE),Confirmed,Domestic - Goat/sheep ,Domestic - Goat/Sheep ,28/02/2001,30/06/2001,,
188904,UNFAO-LEG-188904,Peste des petits ruminants,,Africa,Western Africa,Guinea,Kindia,unknown,10.058056,-12.868889,WOAH (former OIE),Confirmed,Domestic - Goat/sheep ,Domestic - Goat/Sheep ,28/02/2001,30/06/2001,,
188905,UNFAO-LEG-188905,Peste des petits ruminants,,Africa,Western Africa,Guinea,Kankan,unknown,10.486482,-9.890786,WOAH (former OIE),Confirmed,Domestic - Goat/sheep ,Domestic - Goat/Sheep ,28/02/2001,30/06/2001,,
188906,UNFAO-LEG-188906,Peste des petits ruminants,,Africa,Western Africa,Guinea,Mamou,unknown,10.904748,-12.662369,WOAH (former OIE),Confirmed,Domestic - Goat/sheep ,Domestic - Goat/Sheep ,28/02/2001,30/06/2001,,
188922,UNFAO-LEG-188922,Peste des petits ruminants,,Africa,Western Africa,Mauritania,Trarza,unknown,17.529093,-15.046658,WOAH (former OIE),Confirmed,Domestic - cattle,Domestic - Cattle,28/02/2001,30/06/2001,,
186125,UNFAO-LEG-186125,Peste des petits ruminants,,Africa,Western Africa,Guinea,Boke,unknown,11.750278,-13.201111,WOAH (former OIE),Confirmed,Domestic - Goat/sheep ,Domestic - Goat/Sheep ,31/01/2001,30/04/2001,,
186127,UNFAO-LEG-186127,Peste des petits ruminants,,Africa,Western Africa,Guinea,Kankan,unknown,10.652778,-9.885,WOAH (former OIE),Confirmed,Domestic - Goat/sheep ,Domestic - Goat/Sheep ,31/01/2001,30/04/2001,,
186128,UNFAO-LEG-186128,Peste des petits ruminants,,Africa,Western Africa,Guinea,Kankan,unknown,11.422222,-9.169722,WOAH (former OIE),Confirmed,Domestic - Goat/sheep ,Domestic - Goat/Sheep ,31/01/2001,30/04/2001,,
186189,UNFAO-LEG-186189,Peste des petits ruminants,,Africa,Western Africa,Guinea,Kindia,unknown,10.058056,-12.868889,WOAH (former OIE),Confirmed,Domestic - Goat/sheep ,Domestic - Goat/Sheep ,31/01/2001,30/04/2001,,
188895,UNFAO-LEG-188895,Peste des petits ruminants,,Africa,Western Africa,Guinea,Mamou,unknown,10.891628,-12.063792,WOAH (former OIE),Confirmed,Domestic - Goat/sheep ,Domestic - Goat/Sheep ,31/01/2001,30/06/2001,,
188896,UNFAO-LEG-188896,Peste des petits ruminants,,Africa,Western Africa,Guinea,Boke,unknown,11.750278,-13.201111,WOAH (former OIE),Confirmed,Domestic - Goat/sheep ,Domestic - Goat/Sheep ,31/01/2001,30/06/2001,,
188894,UNFAO-LEG-188894,Peste des petits ruminants,,Africa,Western Africa,Benin,Oueme,unknown,6.484028,2.620291,WOAH (former OIE),Confirmed,Domestic - Goat/sheep ,Domestic - Goat/Sheep ,31/12/2000,30/06/2001,,
187017,UNFAO-LEG-187017,Peste des petits ruminants,,Africa,Western Africa,Ghana,Central,Central Region,5.663957,-1.159403,WOAH (former OIE),Confirmed,Domestic - Goats,Domestic - Goats,30/11/2000,28/02/2001,,
188893,UNFAO-LEG-188893,Peste des petits ruminants,,Africa,Western Africa,Benin,Oueme,unknown,6.484028,2.620291,WOAH (former OIE),Confirmed,Domestic - Goat/sheep ,Domestic - Goat/Sheep ,30/11/2000,30/06/2001,,
188892,UNFAO-LEG-188892,Peste des petits ruminants,,Africa,Western Africa,Benin,Oueme,unknown,6.484028,2.620291,WOAH (former OIE),Confirmed,Domestic - Goat/sheep ,Domestic - Goat/Sheep ,31/10/2000,30/06/2001,,
188891,UNFAO-LEG-188891,Peste des petits ruminants,,Africa,Western Africa,Benin,Oueme,unknown,6.484028,2.620291,WOAH (former OIE),Confirmed,Domestic - Goat/sheep ,Domestic - Goat/Sheep ,30/09/2000,30/06/2001,,
188890,UNFAO-LEG-188890,Peste des petits ruminants,,Africa,Western Africa,Benin,Oueme,unknown,6.484028,2.620291,WOAH (former OIE),Confirmed,Domestic - Goat/sheep ,Domestic - Goat/Sheep ,31/08/2000,30/06/2001,,
188889,UNFAO-LEG-188889,Peste des petits ruminants,,Africa,Western Africa,Benin,Oueme,unknown,6.484028,2.620291,WOAH (former OIE),Confirmed,Domestic - Goat/sheep ,Domestic - Goat/Sheep ,31/07/2000,30/06/2001,,
187666,UNFAO-LEG-187666,Peste des petits ruminants,,Africa,Western Africa,Niger,Niamey,unknown,13.509336,2.133509,WOAH (former OIE),Confirmed,Domestic - Goats | Domestic - sheep,Domestic - Goats | Domestic - Sheep,31/12/1960,31/12/1961,,
187668,UNFAO-LEG-187668,Peste des petits ruminants,,Africa,Western Africa,Burkina Faso,Centre,unknown,12.368822,-1.5457,WOAH (former OIE),Confirmed,Domestic - cattle | Domestic - Goats | Domestic - sheep,Domestic - Cattle | Domestic - Goats | Domestic - Sheep,31/12/1960,31/12/1961,,
187670,UNFAO-LEG-187670,Peste des petits ruminants,,Africa,Western Africa,Mali,Bamako,unknown,12.605425,-7.990228,WOAH (former OIE),Confirmed,Domestic - Goats | Domestic - sheep,Domestic - Goats | Domestic - Sheep,31/12/1960,31/12/1961,,
187673,UNFAO-LEG-187673,Peste des petits ruminants,,Africa,Western Africa,Senegal,Dakar,unknown,14.736135,-17.229055,WOAH (former OIE),Confirmed,Domestic - Goats | Domestic - sheep,Domestic - Goats | Domestic - Sheep,31/12/1960,31/12/1961,,
187730,UNFAO-LEG-187730,Peste des petits ruminants,,Africa,Western Africa,Côte d'Ivoire,District autonome de Yamoussoukro,unknown,6.815928,-5.222342,WOAH (former OIE),Confirmed,Domestic - Goats | Domestic - sheep,Domestic - Goats | Domestic - Sheep,31/12/1960,31/12/1961,,
187733,UNFAO-LEG-187733,Peste des petits ruminants,,Africa,Western Africa,Benin,Oueme,unknown,6.658696,2.489576,WOAH (former OIE),Confirmed,Domestic - Goats | Domestic - sheep,Domestic - Goats | Domestic - Sheep,31/12/1960,31/12/1961,,
187516,UNFAO-LEG-187516,Peste des petits ruminants,,Africa,Western Africa,Senegal,Dakar,unknown,14.736135,-17.229055,WOAH (former OIE),Confirmed,Domestic - Goats | Domestic - sheep,Domestic - Goats | Domestic - Sheep,31/12/1959,31/12/1960,,
187460,UNFAO-LEG-187460,Peste des petits ruminants,,Africa,Western Africa,Senegal,Dakar,unknown,14.736135,-17.229055,WOAH (former OIE),Confirmed,Domestic - Goats | Domestic - sheep,Domestic - Goats | Domestic - Sheep,31/12/1958,31/12/1959,,
154134,UNFAO-LEG-154134,Peste des petits ruminants,,Africa,Northern Africa,Egypt,Gharbia,Santa District,30.75,31.083334,National authorities,Denied,Domestic - Goats/sheep  | Domestic - Goats,Domestic - Goats/Sheep  | Domestic - Goats,,06/05/2010,,
170386,UNFAO-LEG-170386,Peste des petits ruminants,,Africa,Middle Africa,Democratic Republic of the Congo,Equateur,Mbandaka,-0.087367,18.260139,FAO Field Officer,Suspected,Domestic - unspecified mammal,Domestic - Unspecified Mammal,,13/04/2012,,
170387,UNFAO-LEG-170387,Peste des petits ruminants,,Africa,Middle Africa,Democratic Republic of the Congo,Equateur,Gemena,-0.087367,18.260139,FAO Field Officer,Suspected,Domestic - unspecified mammal,Domestic - Unspecified Mammal,,13/04/2012,,
172277,UNFAO-LEG-172277,Peste des petits ruminants,,Africa,Eastern Africa,Kenya,Rift Valley,Kerio Valley,0.64,35.608612,Media,Suspected,Domestic - sheep,Domestic - Sheep,,03/08/2012,,
172278,UNFAO-LEG-172278,Peste des petits ruminants,,Africa,Eastern Africa,Kenya,Eastern,Isiolo,1.008741,38.74852,Media,Suspected,Domestic - sheep,Domestic - Sheep,,03/08/2012,,
172279,UNFAO-LEG-172279,Peste des petits ruminants,,Africa,Eastern Africa,Kenya,North Eastern,Garissa,-0.1711298188,39.9811392081,Media,Suspected,Domestic - sheep,Domestic - Sheep,,03/08/2012,,
172280,UNFAO-LEG-172280,Peste des petits ruminants,,Africa,Eastern Africa,Kenya,Rift Valley,Turkana County,3.125278,35.589723,Media,Suspected,Domestic - unspecified mammal,Domestic - Unspecified Mammal,,03/08/2012,,
172334,UNFAO-LEG-172334,Peste des petits ruminants,,Africa,Northern Africa,Egypt,Matrouh,Matruh,29.674554,27.407339,Media,Suspected,Domestic - Goat/sheep ,Domestic - Goat/Sheep ,,14/08/2012,,
172335,UNFAO-LEG-172335,Peste des petits ruminants,,Africa,Northern Africa,Egypt,New Valley,Western ,27.423026,28.331234,Media,Suspected,Domestic - Goat/sheep ,Domestic - Goat/Sheep ,,14/08/2012,,
172336,UNFAO-LEG-172336,Peste des petits ruminants,,Africa,Northern Africa,Egypt,Ismailia,As Ismailiyah (ismailia),30.598749,32.443449,Media,Suspected,Domestic - Goat/sheep ,Domestic - Goat/Sheep ,,14/08/2012,,
172337,UNFAO-LEG-172337,Peste des petits ruminants,,Africa,Northern Africa,Egypt,South Sinai,Sinai,29.592153,33.857862,Media,Suspected,Domestic - Goat/sheep ,Domestic - Goat/Sheep ,,14/08/2012,,
172963,UNFAO-LEG-172963,Peste des petits ruminants,,Africa,Eastern Africa,Kenya,Rift Valley,Marakwet,1.083492,35.457798,Media,Suspected,Domestic - unspecified mammal,Domestic - Unspecified Mammal,,04/10/2012,,
172964,UNFAO-LEG-172964,Peste des petits ruminants,,Africa,Eastern Africa,Kenya,Rift Valley,Pokot,1.7274337134,35.2448883315,Media,Suspected,Domestic - unspecified mammal,Domestic - Unspecified Mammal,,04/10/2012,,
174168,UNFAO-LEG-174168,Peste des petits ruminants,,Africa,Eastern Africa,Kenya,Rift Valley,Marakwet,1.083492,35.457798,FAO Field Officer,Denied,Domestic - unspecified mammal | Domestic - Goats | Domestic - sheep,Domestic - Unspecified Mammal | Domestic - Goats | Domestic - Sheep,,06/01/2013,,
174169,UNFAO-LEG-174169,Peste des petits ruminants,,Africa,Eastern Africa,Kenya,Rift Valley,Baringo,0.921508,36.015601,FAO Field Officer,Denied,Domestic - Goats | Domestic - sheep,Domestic - Goats | Domestic - Sheep,,06/01/2013,,
181575,UNFAO-LEG-181575,Peste des petits ruminants,,Africa,Eastern Africa,Kenya,Rift Valley,West Pokot,1.901964,35.215117,FAO Field Officer,Suspected,Domestic - Goats,Domestic - Goats,,23/10/2013,,
218815,UNFAO-LEG-218815,Peste des petits ruminants,,Africa,Northern Africa,Tunisia,Medenine,Souihel-dhouiher,33.466248,10.934698,Media,Suspected,Domestic - Goat/sheep ,Domestic - Goat/Sheep ,,15/11/2016,,
240272,UNFAO-LEG-240272,Peste des petits ruminants,,Africa,Western Africa,Sierra Leone,Eastern,Simbakoro,8.753,-11.0635,WOAH (former OIE),Confirmed,Domestic - Goat/sheep ,Domestic - Goat/Sheep ,,13/09/2018,,
240273,UNFAO-LEG-240273,Peste des petits ruminants,,Africa,Western Africa,Sierra Leone,Northern,sengbeh bendugu,9.585,-11.3946,WOAH (former OIE),Confirmed,Domestic - Goat/sheep ,Domestic - Goat/Sheep ,,13/09/2018,,
240274,UNFAO-LEG-240274,Peste des petits ruminants,,Africa,Western Africa,Sierra Leone,Northern,Romacca,8.9574,-12.8933,WOAH (former OIE),Confirmed,Domestic - Goat/sheep  | Domestic - Sheep,Domestic - Goat/Sheep  | Domestic - Sheep,,13/09/2018,,
302485,UNFAO-LEG-302485,Peste des petits ruminants,,Africa,Middle Africa,Democratic Republic of the Congo,Kasai Occidental,Dibaya,-6.53,22.87,WHO,Confirmed,Domestic - Goats,Domestic - Goats,,01/09/2021,,
331403,UNFAO-LEG-331403,Peste des petits ruminants,,Africa,Northern Africa,Algeria,Tebessa,el ouinet,35.844,7.902,WOAH (former OIE),Confirmed,Domestic - Goats | Domestic - Sheep,Domestic - Goats | Domestic - Sheep,,15/09/2022,,
331404,UNFAO-LEG-331404,Peste des petits ruminants,,Africa,Northern Africa,Algeria,Tebessa,bir el ater,34.724,8.074,WOAH (former OIE),Confirmed,Domestic - Goats | Domestic - Sheep,Domestic - Goats | Domestic - Sheep,,15/09/2022,,
