EMPRES-i Plus,,,,,,,,,,,,,,,,,,
Date downloaded: 07/07/2026 20:04,,,,,,,,,,,,,,,,,,
,,,,,,,,,,,,,,,,,,
Filters,,,,,,,,,,,,,,,,,,
Disease: Rift Valley fever,,,,,,,,,,,,,,,,,,
Region: Africa,,,,,,,,,,,,,,,,,,
Subregion: All,,,,,,,,,,,,,,,,,,
Diagnosis source: All,,,,,,,,,,,,,,,,,,
Diagnosis status: All,,,,,,,,,,,,,,,,,,
Animal type: All,,,,,,,,,,,,,,,,,,
,,,,,,,,,,,,,,,,,,
Event.ID,Global.ID,Disease,Serotype,Region,Subregion,Country,Admin.level.1,Locality,Latitude,Longitude,Diagnosis.source,Diagnosis.status,Animal.type,Species,Observation.date..dd.mm.yyyy.,Report.date..dd.mm.yyyy.,Humans.affected,Human.deaths
49919,UNFAO-HQ-49919,Rift Valley fever,,Africa,Eastern Africa,Malawi,Southern Region,191198KHONJENI,-16.0323,35.2437,WOAH (former OIE),Confirmed,Domestic - Cattle | Domestic - Goats,Domestic - Cattle | Domestic - Goats,29/05/2026,17/06/2026,,
48171,UNFAO-HQ-48171,Rift Valley fever,,Africa,Eastern Africa,Malawi,Southern Region,190101THUCHILA,-15.9106,35.4048,WOAH (former OIE),Confirmed,Domestic - Cattle,Domestic - Cattle,21/04/2026,30/05/2026,,
46060,UNFAO-HQ-46060,Rift Valley fever,,Africa,Eastern Africa,Malawi,Southern Region,188965THUMBWE,-15.7734,35.2383,WOAH (former OIE),Confirmed,Domestic - Cattle | Domestic - Goats,Domestic - Cattle | Domestic - Goats,22/02/2026,12/05/2026,,
421574,UNFAO-LEG-421574,Rift Valley fever,,Africa,Western Africa,Senegal,Saint louis,172500QUARTIER KHAR YALAH,16.499767,-15.810685,WOAH (former OIE),Confirmed,Domestic - Goats,Domestic - Goats,25/11/2025,29/11/2025,,
421575,UNFAO-LEG-421575,Rift Valley fever,,Africa,Western Africa,Senegal,Dakar,172499CITÉ FAYÇAL,14.77162,-17.413915,WOAH (former OIE),Confirmed,Domestic - Cattle,Domestic - Cattle,25/11/2025,29/11/2025,,
421576,UNFAO-LEG-421576,Rift Valley fever,,Africa,Western Africa,Senegal,Louga,172498MÉKHÉ,15.720473,-16.459799,WOAH (former OIE),Confirmed,Domestic - Small Ruminant,Domestic - Small Ruminant,25/11/2025,29/11/2025,,
420771,UNFAO-LEG-420771,Rift Valley fever,,Africa,Western Africa,Senegal,Kaffrine,171282MBEGUÉ,14.432044,-15.65279,WOAH (former OIE),Confirmed,Domestic - Sheep,Domestic - Sheep,18/11/2025,21/11/2025,,
420772,UNFAO-LEG-420772,Rift Valley fever,,Africa,Western Africa,Senegal,Tambacounda,171281LALLY,14.112601,-12.164325,WOAH (former OIE),Confirmed,Domestic - Sheep,Domestic - Sheep,18/11/2025,21/11/2025,,
420773,UNFAO-LEG-420773,Rift Valley fever,,Africa,Western Africa,Senegal,Fatick,171280SADIOGUE,14.043187,-16.386128,WOAH (former OIE),Confirmed,Domestic - Goats,Domestic - Goats,18/11/2025,21/11/2025,,
420774,UNFAO-LEG-420774,Rift Valley fever,,Africa,Western Africa,Senegal,Tambacounda,171279BELE,14.409836,-12.299963,WOAH (former OIE),Confirmed,Domestic - Small Ruminant,Domestic - Small Ruminant,18/11/2025,21/11/2025,,
420775,UNFAO-LEG-420775,Rift Valley fever,,Africa,Western Africa,Senegal,Tambacounda,171278KOULOR,14.181491,-12.715159,WOAH (former OIE),Confirmed,Domestic - Sheep,Domestic - Sheep,18/11/2025,21/11/2025,,
420776,UNFAO-LEG-420776,Rift Valley fever,,Africa,Western Africa,Senegal,Matam,171277GANA BABOL,15.513913,-13.204147,WOAH (former OIE),Confirmed,Domestic - Small Ruminant,Domestic - Small Ruminant,18/11/2025,21/11/2025,,
420777,UNFAO-LEG-420777,Rift Valley fever,,Africa,Western Africa,Senegal,Diourbel,171276KEUR SAMBA ARAME PEULH,14.863927,-15.874587,WOAH (former OIE),Confirmed,Domestic - Sheep,Domestic - Sheep,18/11/2025,21/11/2025,,
420778,UNFAO-LEG-420778,Rift Valley fever,,Africa,Western Africa,Senegal,Matam,171275LOUBALY,15.173057,-12.793726,WOAH (former OIE),Confirmed,Domestic - Small Ruminant,Domestic - Small Ruminant,18/11/2025,21/11/2025,,
420779,UNFAO-LEG-420779,Rift Valley fever,,Africa,Western Africa,Senegal,Saint louis,171274LAGLÉ,16.526518,-15.401246,WOAH (former OIE),Confirmed,Domestic - Sheep,Domestic - Sheep,18/11/2025,21/11/2025,,
420780,UNFAO-LEG-420780,Rift Valley fever,,Africa,Western Africa,Senegal,Saint louis,171273MBANE,16.523599,-15.507652,WOAH (former OIE),Confirmed,Domestic - Sheep,Domestic - Sheep,18/11/2025,21/11/2025,,
420781,UNFAO-LEG-420781,Rift Valley fever,,Africa,Western Africa,Senegal,Saint louis,171272NOUR SEYNI,16.271677,-15.79665,WOAH (former OIE),Confirmed,Domestic - Sheep,Domestic - Sheep,18/11/2025,21/11/2025,,
420782,UNFAO-LEG-420782,Rift Valley fever,,Africa,Western Africa,Senegal,Saint louis,171271MBAGAM,16.485474,-15.777975,WOAH (former OIE),Confirmed,Domestic - Sheep,Domestic - Sheep,18/11/2025,21/11/2025,,
420783,UNFAO-LEG-420783,Rift Valley fever,,Africa,Western Africa,Senegal,Saint louis,171270MÉDINA,16.499767,-15.810685,WOAH (former OIE),Confirmed,Domestic - Sheep,Domestic - Sheep,18/11/2025,21/11/2025,,
420784,UNFAO-LEG-420784,Rift Valley fever,,Africa,Western Africa,Senegal,Saint louis,171269THIAGAR,16.483456,-15.855014,WOAH (former OIE),Confirmed,Domestic - Goats,Domestic - Goats,18/11/2025,21/11/2025,,
420785,UNFAO-LEG-420785,Rift Valley fever,,Africa,Western Africa,Senegal,Saint louis,171268CAS CAS ,16.37912,-14.056929,WOAH (former OIE),Confirmed,Domestic - Small Ruminant,Domestic - Small Ruminant,18/11/2025,21/11/2025,,
420786,UNFAO-LEG-420786,Rift Valley fever,,Africa,Western Africa,Senegal,Saint louis,171267BELLY BELLY,16.559836,-14.341507,WOAH (former OIE),Confirmed,Domestic - Goats,Domestic - Goats,18/11/2025,21/11/2025,,
422347,UNFAO-LEG-422347,Rift Valley fever,,Africa,Western Africa,Mauritania,Trarza,172697ROSSO,17.378276,-15.13057,WOAH (former OIE),Confirmed,Domestic - Small Ruminant,Domestic - Small Ruminant,18/11/2025,03/12/2025,,
420457,UNFAO-LEG-420457,Rift Valley fever,,Africa,Western Africa,Senegal,Matam,170545CIABE,15.151602,-13.67239,WOAH (former OIE),Confirmed,Domestic - Small Ruminant,Domestic - Small Ruminant,17/11/2025,18/11/2025,,
420458,UNFAO-LEG-420458,Rift Valley fever,,Africa,Western Africa,Senegal,Matam,170543LOUGUI,14.655644,-13.979157,WOAH (former OIE),Confirmed,Domestic - Goats,Domestic - Goats,17/11/2025,18/11/2025,,
420459,UNFAO-LEG-420459,Rift Valley fever,,Africa,Western Africa,Senegal,Matam,170540KAWEL,14.710185,-13.582591,WOAH (former OIE),Confirmed,Domestic - Small Ruminant,Domestic - Small Ruminant,17/11/2025,18/11/2025,,
420460,UNFAO-LEG-420460,Rift Valley fever,,Africa,Western Africa,Senegal,Matam,170538MADINA TOROBÉ,15.397821,-13.203889,WOAH (former OIE),Confirmed,Domestic - Small Ruminant,Domestic - Small Ruminant,17/11/2025,18/11/2025,,
420461,UNFAO-LEG-420461,Rift Valley fever,,Africa,Western Africa,Senegal,Matam,170537DARÉÉ,15.753352,-13.356084,WOAH (former OIE),Confirmed,Domestic - Sheep,Domestic - Sheep,16/11/2025,18/11/2025,,
420462,UNFAO-LEG-420462,Rift Valley fever,,Africa,Western Africa,Senegal,Louga,170534MANDÉ PEULH,15.855541,-16.134738,WOAH (former OIE),Confirmed,Domestic - Sheep,Domestic - Sheep,16/11/2025,18/11/2025,,
420463,UNFAO-LEG-420463,Rift Valley fever,,Africa,Western Africa,Senegal,Fatick,170533QUARTIER CITÉ BENOIT,14.126354,-16.467481,WOAH (former OIE),Confirmed,Domestic - Cattle,Domestic - Cattle,16/11/2025,18/11/2025,,
420464,UNFAO-LEG-420464,Rift Valley fever,,Africa,Western Africa,Senegal,Thies,170532MÉKHÉ,15.121867,-16.685207,WOAH (former OIE),Confirmed,Domestic - Goats,Domestic - Goats,16/11/2025,18/11/2025,,
420465,UNFAO-LEG-420465,Rift Valley fever,,Africa,Western Africa,Senegal,Dakar,170531NDAYANE,14.740748,-17.139078,WOAH (former OIE),Confirmed,Domestic - Goats,Domestic - Goats,16/11/2025,18/11/2025,,
420466,UNFAO-LEG-420466,Rift Valley fever,,Africa,Western Africa,Senegal,Fatick,170530NDIOURBEL SINE PEULH,14.47949,-16.196001,WOAH (former OIE),Confirmed,Domestic - Small Ruminant,Domestic - Small Ruminant,16/11/2025,18/11/2025,,
420467,UNFAO-LEG-420467,Rift Valley fever,,Africa,Western Africa,Senegal,Fatick,170529SANDIANE DIMLÉ,14.245794,-16.638143,WOAH (former OIE),Confirmed,Domestic - Small Ruminant,Domestic - Small Ruminant,16/11/2025,18/11/2025,,
420468,UNFAO-LEG-420468,Rift Valley fever,,Africa,Western Africa,Senegal,Saint louis,170528RICHARD TOLL ESCALE,16.466294,-15.688449,WOAH (former OIE),Confirmed,Domestic - Sheep,Domestic - Sheep,16/11/2025,18/11/2025,,
420469,UNFAO-LEG-420469,Rift Valley fever,,Africa,Western Africa,Senegal,Louga,170527GABOUGAL,15.321872,-15.516348,WOAH (former OIE),Confirmed,Domestic - Sheep,Domestic - Sheep,16/11/2025,18/11/2025,,
420470,UNFAO-LEG-420470,Rift Valley fever,,Africa,Western Africa,Senegal,Tambacounda,170510BALLOU,14.823414,-12.346297,WOAH (former OIE),Confirmed,Domestic - Small Ruminant,Domestic - Small Ruminant,15/11/2025,18/11/2025,,
420471,UNFAO-LEG-420471,Rift Valley fever,,Africa,Western Africa,Senegal,Tambacounda,170509DIAWARA,15.021653,-12.541139,WOAH (former OIE),Confirmed,Domestic - Sheep,Domestic - Sheep,15/11/2025,18/11/2025,,
420472,UNFAO-LEG-420472,Rift Valley fever,,Africa,Western Africa,Senegal,Saint louis,170508DIAM WELY,16.249538,-15.545887,WOAH (former OIE),Confirmed,Domestic - Sheep,Domestic - Sheep,15/11/2025,18/11/2025,,
420473,UNFAO-LEG-420473,Rift Valley fever,,Africa,Western Africa,Senegal,Saint louis,170505THIABAKH,16.466294,-15.688448,WOAH (former OIE),Confirmed,Domestic - Goats | Domestic - Sheep,Domestic - Goats | Domestic - Sheep,15/11/2025,18/11/2025,,
420474,UNFAO-LEG-420474,Rift Valley fever,,Africa,Western Africa,Senegal,Saint louis,170502MAG DAON,16.052531,-15.640478,WOAH (former OIE),Confirmed,Domestic - Sheep,Domestic - Sheep,15/11/2025,18/11/2025,,
420475,UNFAO-LEG-420475,Rift Valley fever,,Africa,Western Africa,Senegal,Saint louis,170495MPAL,15.916461,-16.266972,WOAH (former OIE),Confirmed,Domestic - Goats,Domestic - Goats,15/11/2025,18/11/2025,,
420476,UNFAO-LEG-420476,Rift Valley fever,,Africa,Western Africa,Senegal,Matam,170492OGO,15.550013,-13.297196,WOAH (former OIE),Confirmed,Domestic - Sheep,Domestic - Sheep,15/11/2025,18/11/2025,,
420477,UNFAO-LEG-420477,Rift Valley fever,,Africa,Western Africa,Senegal,Saint louis,170491SANTHIABA,16.516508,-15.50684,WOAH (former OIE),Confirmed,Domestic - Sheep,Domestic - Sheep,15/11/2025,18/11/2025,,
420478,UNFAO-LEG-420478,Rift Valley fever,,Africa,Western Africa,Senegal,Saint louis,170488RONKH,16.488734,-15.984765,WOAH (former OIE),Confirmed,Domestic - Sheep,Domestic - Sheep,15/11/2025,18/11/2025,,
420479,UNFAO-LEG-420479,Rift Valley fever,,Africa,Western Africa,Senegal,Saint louis,170486MBANE,16.271677,-15.79665,WOAH (former OIE),Confirmed,Domestic - Small Ruminant,Domestic - Small Ruminant,15/11/2025,18/11/2025,,
420480,UNFAO-LEG-420480,Rift Valley fever,,Africa,Western Africa,Senegal,Saint louis,170485THIABAKH GOANA,16.466294,-15.688449,WOAH (former OIE),Confirmed,Domestic - Sheep,Domestic - Sheep,15/11/2025,18/11/2025,,
420481,UNFAO-LEG-420481,Rift Valley fever,,Africa,Western Africa,Senegal,Saint louis,170482KEUR MBAYE FALL,16.022236,-16.12474,WOAH (former OIE),Confirmed,Domestic - Small Ruminant,Domestic - Small Ruminant,15/11/2025,18/11/2025,,
420482,UNFAO-LEG-420482,Rift Valley fever,,Africa,Western Africa,Senegal,Saint louis,170480MÉDINA CHEIKH OUMAR,16.104152,-15.931981,WOAH (former OIE),Confirmed,Domestic - Sheep,Domestic - Sheep,15/11/2025,18/11/2025,,
420483,UNFAO-LEG-420483,Rift Valley fever,,Africa,Western Africa,Senegal,Saint louis,170478SAM SAM,16.519112,-14.746662,WOAH (former OIE),Confirmed,Domestic - Sheep,Domestic - Sheep,15/11/2025,18/11/2025,,
420484,UNFAO-LEG-420484,Rift Valley fever,,Africa,Western Africa,Senegal,Saint louis,170477DIAMAGUÉNE,16.309677,-16.130522,WOAH (former OIE),Confirmed,Domestic - Goats,Domestic - Goats,15/11/2025,18/11/2025,,
420485,UNFAO-LEG-420485,Rift Valley fever,,Africa,Western Africa,Senegal,Saint louis,170476GAÉ,16.578409,-15.452862,WOAH (former OIE),Confirmed,Domestic - Small Ruminant,Domestic - Small Ruminant,15/11/2025,18/11/2025,,
420486,UNFAO-LEG-420486,Rift Valley fever,,Africa,Western Africa,Senegal,Saint louis,170475BOKHOL,16.526518,-15.401246,WOAH (former OIE),Confirmed,Domestic - Small Ruminant,Domestic - Small Ruminant,15/11/2025,18/11/2025,,
420487,UNFAO-LEG-420487,Rift Valley fever,,Africa,Western Africa,Senegal,Saint louis,170474MADINA NDIATHBE,16.293816,-14.139195,WOAH (former OIE),Confirmed,Domestic - Goats,Domestic - Goats,15/11/2025,18/11/2025,,
420488,UNFAO-LEG-420488,Rift Valley fever,,Africa,Western Africa,Senegal,Saint louis,170472THIAMGAYE,16.525706,-15.226301,WOAH (former OIE),Confirmed,Domestic - Sheep,Domestic - Sheep,14/11/2025,18/11/2025,,
420489,UNFAO-LEG-420489,Rift Valley fever,,Africa,Western Africa,Senegal,Louga,170471TÉSSÉKÉRÉ,15.829556,-15.062354,WOAH (former OIE),Confirmed,Domestic - Small Ruminant,Domestic - Small Ruminant,14/11/2025,18/11/2025,,
420490,UNFAO-LEG-420490,Rift Valley fever,,Africa,Western Africa,Senegal,Louga,170470THIARÉ PEULH,15.458533,-16.076422,WOAH (former OIE),Confirmed,Domestic - Small Ruminant,Domestic - Small Ruminant,14/11/2025,18/11/2025,,
420491,UNFAO-LEG-420491,Rift Valley fever,,Africa,Western Africa,Senegal,Saint louis,170469NGORÉ,16.539492,-14.801134,WOAH (former OIE),Confirmed,Domestic - Sheep,Domestic - Sheep,14/11/2025,18/11/2025,,
420492,UNFAO-LEG-420492,Rift Valley fever,,Africa,Western Africa,Senegal,Saint louis,170468SABOU ALAH,16.515773,-14.697217,WOAH (former OIE),Confirmed,Domestic - Small Ruminant,Domestic - Small Ruminant,14/11/2025,18/11/2025,,
420493,UNFAO-LEG-420493,Rift Valley fever,,Africa,Western Africa,Senegal,Louga,170467LOUMBY BODÉ,15.254864,-14.898043,WOAH (former OIE),Confirmed,Domestic - Sheep,Domestic - Sheep,14/11/2025,18/11/2025,,
420494,UNFAO-LEG-420494,Rift Valley fever,,Africa,Western Africa,Senegal,Tambacounda,170466DAHARATOU,14.333596,-12.396723,WOAH (former OIE),Confirmed,Domestic - Small Ruminant,Domestic - Small Ruminant,14/11/2025,18/11/2025,,
420495,UNFAO-LEG-420495,Rift Valley fever,,Africa,Western Africa,Senegal,Dakar,170465KEUR  NDIAYE LO PEULH,14.740897,-17.247111,WOAH (former OIE),Confirmed,Domestic - Cattle,Domestic - Cattle,14/11/2025,18/11/2025,,
420496,UNFAO-LEG-420496,Rift Valley fever,,Africa,Western Africa,Senegal,Dakar,170464KEUR NDIAYE LO,14.740897,-17.247111,WOAH (former OIE),Confirmed,Domestic - Sheep,Domestic - Sheep,13/11/2025,18/11/2025,,
420497,UNFAO-LEG-420497,Rift Valley fever,,Africa,Western Africa,Senegal,Saint louis,170463THIAMENE,16.046438,-16.192436,WOAH (former OIE),Confirmed,Domestic - Small Ruminant,Domestic - Small Ruminant,13/11/2025,18/11/2025,,
420498,UNFAO-LEG-420498,Rift Valley fever,,Africa,Western Africa,Senegal,Saint louis,170462KEUR MBAYE FALL,16.044417,-16.191686,WOAH (former OIE),Confirmed,Domestic - Sheep,Domestic - Sheep,13/11/2025,18/11/2025,,
420499,UNFAO-LEG-420499,Rift Valley fever,,Africa,Western Africa,Senegal,Saint louis,170461BISNABÉ BOKKI DIWA,15.946932,-15.490484,WOAH (former OIE),Confirmed,Domestic - Sheep,Domestic - Sheep,13/11/2025,18/11/2025,,
420500,UNFAO-LEG-420500,Rift Valley fever,,Africa,Western Africa,Senegal,Saint louis,170460RICHARD TOLL ESCALE,16.459642,-15.661907,WOAH (former OIE),Confirmed,Domestic - Sheep,Domestic - Sheep,13/11/2025,18/11/2025,,
420501,UNFAO-LEG-420501,Rift Valley fever,,Africa,Western Africa,Senegal,Saint louis,170459MAPOUDJI,16.271677,-15.79665,WOAH (former OIE),Confirmed,Domestic - Sheep,Domestic - Sheep,13/11/2025,18/11/2025,,
420502,UNFAO-LEG-420502,Rift Valley fever,,Africa,Western Africa,Senegal,Saint louis,170457DIARI,16.578409,-15.452862,WOAH (former OIE),Confirmed,Domestic - Sheep,Domestic - Sheep,13/11/2025,18/11/2025,,
420503,UNFAO-LEG-420503,Rift Valley fever,,Africa,Western Africa,Senegal,Saint louis,170456GUÉDÉ VILLAGE,16.539492,-14.801134,WOAH (former OIE),Confirmed,Domestic - Small Ruminant,Domestic - Small Ruminant,13/11/2025,18/11/2025,,
420504,UNFAO-LEG-420504,Rift Valley fever,,Africa,Western Africa,Senegal,Saint louis,170455DEGUEBERE,16.525706,-15.226301,WOAH (former OIE),Confirmed,Domestic - Sheep,Domestic - Sheep,13/11/2025,18/11/2025,,
420505,UNFAO-LEG-420505,Rift Valley fever,,Africa,Western Africa,Senegal,Saint louis,170454FANAYE,16.538239,-15.222913,WOAH (former OIE),Confirmed,Domestic - Small Ruminant,Domestic - Small Ruminant,13/11/2025,18/11/2025,,
420506,UNFAO-LEG-420506,Rift Valley fever,,Africa,Western Africa,Senegal,Fatick,170453BANGANTHIE,14.564201,-16.246575,WOAH (former OIE),Confirmed,Domestic - Small Ruminant,Domestic - Small Ruminant,13/11/2025,18/11/2025,,
420508,UNFAO-LEG-420508,Rift Valley fever,,Africa,Western Africa,Senegal,Diourbel,170450DIAMAGUENE SUD,14.731135,-16.130522,WOAH (former OIE),Confirmed,Domestic - Sheep,Domestic - Sheep,13/11/2025,18/11/2025,,
420507,UNFAO-LEG-420507,Rift Valley fever,,Africa,Western Africa,Senegal,Louga,170451MARAYE,15.644359,-16.386604,WOAH (former OIE),Confirmed,Domestic - Goats,Domestic - Goats,12/11/2025,18/11/2025,,
420509,UNFAO-LEG-420509,Rift Valley fever,,Africa,Western Africa,Senegal,Louga,170447MÉDINA RAND,15.816804,-15.101253,WOAH (former OIE),Confirmed,Domestic - Sheep,Domestic - Sheep,12/11/2025,18/11/2025,,
422345,UNFAO-LEG-422345,Rift Valley fever,,Africa,Western Africa,Mauritania,Guidimakha,172699OULDYENGE,15.147011,-12.188353,WOAH (former OIE),Confirmed,Domestic - Small Ruminant,Domestic - Small Ruminant,09/11/2025,03/12/2025,,
422346,UNFAO-LEG-422346,Rift Valley fever,,Africa,Western Africa,Mauritania,Guidimakha,172698OULDYENGE,15.13534,-11.829403,WOAH (former OIE),Confirmed,Domestic - Small Ruminant,Domestic - Small Ruminant,09/11/2025,03/12/2025,,
418591,UNFAO-LEG-418591,Rift Valley fever,,Africa,Western Africa,Senegal,Kaolack,169177SANTHIE MOUTH,13.987645,-16.022234,WOAH (former OIE),Confirmed,Domestic - Goats,Domestic - Goats,07/11/2025,08/11/2025,,
418592,UNFAO-LEG-418592,Rift Valley fever,,Africa,Western Africa,Senegal,Diourbel,169176DIAMAGUÈNE,14.731135,-16.130522,WOAH (former OIE),Confirmed,Domestic - Sheep,Domestic - Sheep,07/11/2025,08/11/2025,,
418593,UNFAO-LEG-418593,Rift Valley fever,,Africa,Western Africa,Senegal,Kedougou,169175TOUBACOUTA,12.466748,-11.710991,WOAH (former OIE),Confirmed,Domestic - Goats,Domestic - Goats,07/11/2025,08/11/2025,,
418594,UNFAO-LEG-418594,Rift Valley fever,,Africa,Western Africa,Senegal,Louga,169174SAKAL,15.601181,-16.082581,WOAH (former OIE),Confirmed,Domestic - Sheep,Domestic - Sheep,07/11/2025,08/11/2025,,
418595,UNFAO-LEG-418595,Rift Valley fever,,Africa,Western Africa,Senegal,Louga,169173LOUMBOUL DJABY,15.863389,-14.664959,WOAH (former OIE),Confirmed,Domestic - Small Ruminant,Domestic - Small Ruminant,07/11/2025,08/11/2025,,
418596,UNFAO-LEG-418596,Rift Valley fever,,Africa,Western Africa,Senegal,Diourbel,169172OUROUR,14.844516,-15.965292,WOAH (former OIE),Confirmed,Domestic - Small Ruminant,Domestic - Small Ruminant,07/11/2025,08/11/2025,,
418597,UNFAO-LEG-418597,Rift Valley fever,,Africa,Western Africa,Senegal,Kaolack,169171MBITÈTYE VÉLO (NDIAFFATE),14.086384,-16.172096,WOAH (former OIE),Confirmed,Domestic - Cattle,Domestic - Cattle,07/11/2025,08/11/2025,,
418598,UNFAO-LEG-418598,Rift Valley fever,,Africa,Western Africa,Senegal,Saint louis,169170AÉRA LAO,16.444299,-14.306444,WOAH (former OIE),Confirmed,Domestic - Goats,Domestic - Goats,07/11/2025,08/11/2025,,
418599,UNFAO-LEG-418599,Rift Valley fever,,Africa,Western Africa,Senegal,Tambacounda,169169SINTHIOU NETTEBOULOU,13.575822,-13.783796,WOAH (former OIE),Confirmed,Domestic - Cattle,Domestic - Cattle,07/11/2025,08/11/2025,,
418210,UNFAO-LEG-418210,Rift Valley fever,,Africa,Western Africa,Senegal,Saint louis,168915SOUTOURE 2,16.539523,-15.356457,WOAH (former OIE),Confirmed,Domestic - Goats,Domestic - Goats,05/11/2025,06/11/2025,,
418211,UNFAO-LEG-418211,Rift Valley fever,,Africa,Western Africa,Senegal,Saint louis,168914THIÉLAO,16.57694,-14.557687,WOAH (former OIE),Confirmed,Domestic - Small Ruminant,Domestic - Small Ruminant,05/11/2025,06/11/2025,,
418212,UNFAO-LEG-418212,Rift Valley fever,,Africa,Western Africa,Senegal,Saint louis,168913TOUPEDI BALI,16.515773,-14.697217,WOAH (former OIE),Confirmed,Domestic - Goats,Domestic - Goats,05/11/2025,06/11/2025,,
418213,UNFAO-LEG-418213,Rift Valley fever,,Africa,Western Africa,Senegal,Louga,168912QUARTIER ISLAM,15.828372,-16.240074,WOAH (former OIE),Confirmed,Domestic - Sheep,Domestic - Sheep,05/11/2025,06/11/2025,,
418214,UNFAO-LEG-418214,Rift Valley fever,,Africa,Western Africa,Senegal,Fatick,168911TOUBA NDIAYE,14.65981,-15.661121,WOAH (former OIE),Confirmed,Domestic - Cattle,Domestic - Cattle,05/11/2025,06/11/2025,,
418215,UNFAO-LEG-418215,Rift Valley fever,,Africa,Western Africa,Senegal,Saint louis,168910ROYLELE,16.526518,-15.401246,WOAH (former OIE),Confirmed,Domestic - Goats,Domestic - Goats,05/11/2025,06/11/2025,,
418216,UNFAO-LEG-418216,Rift Valley fever,,Africa,Western Africa,Senegal,Saint louis,168909ARAFAT,16.516508,-15.506842,WOAH (former OIE),Confirmed,Domestic - Sheep,Domestic - Sheep,05/11/2025,06/11/2025,,
418217,UNFAO-LEG-418217,Rift Valley fever,,Africa,Western Africa,Senegal,Louga,168908BARKEDJI,15.279051,-14.867482,WOAH (former OIE),Confirmed,Domestic - Sheep,Domestic - Sheep,05/11/2025,06/11/2025,,
418218,UNFAO-LEG-418218,Rift Valley fever,,Africa,Western Africa,Senegal,Louga,168907KILIMB,15.32141,-15.180986,WOAH (former OIE),Confirmed,Domestic - Goats,Domestic - Goats,05/11/2025,06/11/2025,,
418219,UNFAO-LEG-418219,Rift Valley fever,,Africa,Western Africa,Senegal,Matam,168906NDIOTH,15.142008,-12.944503,WOAH (former OIE),Confirmed,Domestic - Small Ruminant,Domestic - Small Ruminant,05/11/2025,06/11/2025,,
418220,UNFAO-LEG-418220,Rift Valley fever,,Africa,Western Africa,Senegal,Fatick,168903KEUR AMADOU AISSATOU,14.039374,-16.32954,WOAH (former OIE),Confirmed,Domestic - Sheep,Domestic - Sheep,05/11/2025,06/11/2025,,
418221,UNFAO-LEG-418221,Rift Valley fever,,Africa,Western Africa,Senegal,Fatick,168902NDIAMBOUL,14.467699,-16.068956,WOAH (former OIE),Confirmed,Domestic - Small Ruminant,Domestic - Small Ruminant,05/11/2025,06/11/2025,,
418222,UNFAO-LEG-418222,Rift Valley fever,,Africa,Western Africa,Senegal,Thies,168901KEUR PATHÉ,14.968617,-16.984651,WOAH (former OIE),Confirmed,Domestic - Sheep,Domestic - Sheep,05/11/2025,06/11/2025,,
418223,UNFAO-LEG-418223,Rift Valley fever,,Africa,Western Africa,Senegal,Thies,168900KEUR PATHÉ,14.968617,-16.98465,WOAH (former OIE),Confirmed,Domestic - Cattle,Domestic - Cattle,05/11/2025,06/11/2025,,
418224,UNFAO-LEG-418224,Rift Valley fever,,Africa,Western Africa,Senegal,Louga,168899THICOGNE,15.496026,-15.237628,WOAH (former OIE),Confirmed,Domestic - Small Ruminant,Domestic - Small Ruminant,05/11/2025,06/11/2025,,
418225,UNFAO-LEG-418225,Rift Valley fever,,Africa,Western Africa,Senegal,Louga,168898BAOULÉ,15.597508,-16.08508,WOAH (former OIE),Confirmed,Domestic - Sheep,Domestic - Sheep,05/11/2025,06/11/2025,,
418226,UNFAO-LEG-418226,Rift Valley fever,,Africa,Western Africa,Senegal,Louga,168897DAGATHIÉ,15.594529,-16.217312,WOAH (former OIE),Confirmed,Domestic - Cattle,Domestic - Cattle,05/11/2025,06/11/2025,,
418227,UNFAO-LEG-418227,Rift Valley fever,,Africa,Western Africa,Senegal,Saint louis,168896MBANE,16.390018,-15.725128,WOAH (former OIE),Confirmed,Domestic - Sheep,Domestic - Sheep,05/11/2025,06/11/2025,,
418228,UNFAO-LEG-418228,Rift Valley fever,,Africa,Western Africa,Senegal,Saint louis,168895DIAM WELLY,16.216971,-15.42597,WOAH (former OIE),Confirmed,Domestic - Sheep,Domestic - Sheep,05/11/2025,06/11/2025,,
418229,UNFAO-LEG-418229,Rift Valley fever,,Africa,Western Africa,Senegal,Saint louis,168894MOUSSEYNE,16.502708,-15.625702,WOAH (former OIE),Confirmed,Domestic - Sheep,Domestic - Sheep,05/11/2025,06/11/2025,,
418230,UNFAO-LEG-418230,Rift Valley fever,,Africa,Western Africa,Senegal,Saint louis,168893DIAMAGUENE,16.309677,-16.130522,WOAH (former OIE),Confirmed,Domestic - Sheep,Domestic - Sheep,05/11/2025,06/11/2025,,
418231,UNFAO-LEG-418231,Rift Valley fever,,Africa,Western Africa,Senegal,Saint louis,168892THIABAKH,16.43333,-15.65,WOAH (former OIE),Confirmed,Domestic - Sheep,Domestic - Sheep,05/11/2025,06/11/2025,,
418232,UNFAO-LEG-418232,Rift Valley fever,,Africa,Western Africa,Senegal,Saint louis,168891MÉDINA CHEIKH OUMAR,16.516508,-15.506841,WOAH (former OIE),Confirmed,Domestic - Goats,Domestic - Goats,05/11/2025,06/11/2025,,
418233,UNFAO-LEG-418233,Rift Valley fever,,Africa,Western Africa,Senegal,Saint louis,168890KAO DAGANA,16.516508,-15.50684,WOAH (former OIE),Confirmed,Domestic - Sheep,Domestic - Sheep,05/11/2025,06/11/2025,,
418235,UNFAO-LEG-418235,Rift Valley fever,,Africa,Western Africa,Senegal,Saint louis,168888MBELLOGNE BOULBE,16.159691,-15.666684,WOAH (former OIE),Confirmed,Domestic - Sheep,Domestic - Sheep,05/11/2025,06/11/2025,,
418236,UNFAO-LEG-418236,Rift Valley fever,,Africa,Western Africa,Senegal,Saint louis,168887DIAMI GALLO,16.325178,-14.19528,WOAH (former OIE),Confirmed,Domestic - Goats,Domestic - Goats,05/11/2025,06/11/2025,,
418237,UNFAO-LEG-418237,Rift Valley fever,,Africa,Western Africa,Senegal,Saint louis,168886BELLY COLLE,16.158552,-15.094484,WOAH (former OIE),Confirmed,Domestic - Sheep,Domestic - Sheep,05/11/2025,06/11/2025,,
418370,UNFAO-LEG-418370,Rift Valley fever,,Africa,Western Africa,Senegal,Dakar,168904KEUR NDIAYE LO	,14.696971,-17.2,WOAH (former OIE),Confirmed,Domestic - Cattle,Domestic - Cattle,05/11/2025,06/11/2025,,
418234,UNFAO-LEG-418234,Rift Valley fever,,Africa,Western Africa,Senegal,Saint louis,168889MERY,16.215246,-14.054158,WOAH (former OIE),Confirmed,Domestic - Goats,Domestic - Goats,04/11/2025,06/11/2025,,
418238,UNFAO-LEG-418238,Rift Valley fever,,Africa,Western Africa,Senegal,Diourbel,168885NGANDE,15.001148,-16.377787,WOAH (former OIE),Confirmed,Domestic - Goats,Domestic - Goats,04/11/2025,06/11/2025,,
418239,UNFAO-LEG-418239,Rift Valley fever,,Africa,Western Africa,Senegal,Dakar,168882PIKINE,14.751544,-17.396413,WOAH (former OIE),Confirmed,Domestic - Sheep,Domestic - Sheep,04/11/2025,06/11/2025,,
418240,UNFAO-LEG-418240,Rift Valley fever,,Africa,Western Africa,Senegal,Saint louis,168881BELLY COLLE,16.158552,-15.094484,WOAH (former OIE),Confirmed,Domestic - Small Ruminant,Domestic - Small Ruminant,04/11/2025,06/11/2025,,
418241,UNFAO-LEG-418241,Rift Valley fever,,Africa,Western Africa,Senegal,Saint louis,168880DAGANA,16.516508,-15.50684,WOAH (former OIE),Confirmed,Domestic - Small Ruminant,Domestic - Small Ruminant,04/11/2025,06/11/2025,,
418242,UNFAO-LEG-418242,Rift Valley fever,,Africa,Western Africa,Senegal,Kaolack,168879NGOLLANE,14.268782,-15.947387,WOAH (former OIE),Confirmed,Domestic - Small Ruminant,Domestic - Small Ruminant,04/11/2025,06/11/2025,,
418244,UNFAO-LEG-418244,Rift Valley fever,,Africa,Western Africa,Senegal,Matam,168876SILOWOL,15.151602,-13.67239,WOAH (former OIE),Confirmed,Domestic - Goats,Domestic - Goats,04/11/2025,06/11/2025,,
418245,UNFAO-LEG-418245,Rift Valley fever,,Africa,Western Africa,Senegal,Matam,168875AOURÉ NDIOTT,15.142008,-12.944503,WOAH (former OIE),Confirmed,Domestic - Small Ruminant,Domestic - Small Ruminant,04/11/2025,06/11/2025,,
418246,UNFAO-LEG-418246,Rift Valley fever,,Africa,Western Africa,Senegal,Saint louis,168874MÉDINA MOUNTAGA,16.488734,-15.984765,WOAH (former OIE),Confirmed,Domestic - Small Ruminant,Domestic - Small Ruminant,04/11/2025,06/11/2025,,
418243,UNFAO-LEG-418243,Rift Valley fever,,Africa,Western Africa,Senegal,Tambacounda,168877AROUNDOU,14.764106,-12.249236,WOAH (former OIE),Confirmed,Domestic - Goats,Domestic - Goats,03/11/2025,06/11/2025,,
418247,UNFAO-LEG-418247,Rift Valley fever,,Africa,Western Africa,Senegal,Louga,168873WOUDOU WANE,15.526737,-15.433912,WOAH (former OIE),Confirmed,Domestic - Small Ruminant,Domestic - Small Ruminant,03/11/2025,06/11/2025,,
418248,UNFAO-LEG-418248,Rift Valley fever,,Africa,Western Africa,Senegal,Louga,168872THIDY SAMBÈNE,15.129653,-15.427612,WOAH (former OIE),Confirmed,Domestic - Small Ruminant,Domestic - Small Ruminant,03/11/2025,06/11/2025,,
418249,UNFAO-LEG-418249,Rift Valley fever,,Africa,Western Africa,Senegal,Louga,168871BOULAL,15.395857,-15.661118,WOAH (former OIE),Confirmed,Domestic - Sheep,Domestic - Sheep,03/11/2025,06/11/2025,,
418250,UNFAO-LEG-418250,Rift Valley fever,,Africa,Western Africa,Senegal,Dakar,168870BAMBYLOR,14.802376,-17.183931,WOAH (former OIE),Confirmed,Domestic - Small Ruminant,Domestic - Small Ruminant,03/11/2025,06/11/2025,,
418251,UNFAO-LEG-418251,Rift Valley fever,,Africa,Western Africa,Senegal,Matam,168868OUDALAYE,15.151602,-13.67239,WOAH (former OIE),Confirmed,Domestic - Small Ruminant,Domestic - Small Ruminant,03/11/2025,06/11/2025,,
418252,UNFAO-LEG-418252,Rift Valley fever,,Africa,Western Africa,Senegal,Matam,168867NABADJI CIVOL,15.735572,-13.390659,WOAH (former OIE),Confirmed,Domestic - Sheep,Domestic - Sheep,03/11/2025,06/11/2025,,
418253,UNFAO-LEG-418253,Rift Valley fever,,Africa,Western Africa,Senegal,Matam,168866MATAM,15.268144,-13.699161,WOAH (former OIE),Confirmed,Domestic - Sheep,Domestic - Sheep,03/11/2025,06/11/2025,,
418254,UNFAO-LEG-418254,Rift Valley fever,,Africa,Western Africa,Senegal,Matam,168865THILOGNE,15.966024,-13.59401,WOAH (former OIE),Confirmed,Domestic - Small Ruminant,Domestic - Small Ruminant,03/11/2025,06/11/2025,,
418255,UNFAO-LEG-418255,Rift Valley fever,,Africa,Western Africa,Senegal,Matam,168864RANÉROU,15.298084,-13.962392,WOAH (former OIE),Confirmed,Domestic - Small Ruminant,Domestic - Small Ruminant,03/11/2025,06/11/2025,,
418256,UNFAO-LEG-418256,Rift Valley fever,,Africa,Western Africa,Senegal,Louga,168863KADIAR,15.8,-16.28333,WOAH (former OIE),Confirmed,Domestic - Small Ruminant,Domestic - Small Ruminant,03/11/2025,06/11/2025,,
418257,UNFAO-LEG-418257,Rift Valley fever,,Africa,Western Africa,Senegal,Louga,168862GALAYEL,15.765065,-15.722473,WOAH (former OIE),Confirmed,Domestic - Goats,Domestic - Goats,03/11/2025,06/11/2025,,
418258,UNFAO-LEG-418258,Rift Valley fever,,Africa,Western Africa,Senegal,Louga,168861SINTHIOU DIADJI,15.720473,-16.459799,WOAH (former OIE),Confirmed,Domestic - Goats,Domestic - Goats,03/11/2025,06/11/2025,,
418259,UNFAO-LEG-418259,Rift Valley fever,,Africa,Western Africa,Senegal,Louga,168860THIARGNY,15.183804,-15.287595,WOAH (former OIE),Confirmed,Domestic - Small Ruminant,Domestic - Small Ruminant,03/11/2025,06/11/2025,,
418260,UNFAO-LEG-418260,Rift Valley fever,,Africa,Western Africa,Senegal,Louga,168859WOUDOU GALADIO,15.183804,-15.287594,WOAH (former OIE),Confirmed,Domestic - Sheep,Domestic - Sheep,03/11/2025,06/11/2025,,
418263,UNFAO-LEG-418263,Rift Valley fever,,Africa,Western Africa,Senegal,Saint louis,168851NAMARÉL,16.00602,-14.777687,WOAH (former OIE),Confirmed,Domestic - Goats,Domestic - Goats,03/11/2025,06/11/2025,,
418264,UNFAO-LEG-418264,Rift Valley fever,,Africa,Western Africa,Senegal,Fatick,168850NGORAL,14.320885,-16.296026,WOAH (former OIE),Confirmed,Domestic - Goats,Domestic - Goats,03/11/2025,06/11/2025,,
418287,UNFAO-LEG-418287,Rift Valley fever,,Africa,Western Africa,Senegal,Tambacounda,168853LOUMBAL THIAMALA,14.437047,-14.491663,WOAH (former OIE),Confirmed,Domestic - Goats,Domestic - Goats,03/11/2025,06/11/2025,,
418288,UNFAO-LEG-418288,Rift Valley fever,,Africa,Western Africa,Senegal,Dakar,168869PATTE D'OIE,14.746488,-17.440689,WOAH (former OIE),Confirmed,Domestic - Sheep,Domestic - Sheep,03/11/2025,06/11/2025,,
418261,UNFAO-LEG-418261,Rift Valley fever,,Africa,Western Africa,Senegal,Louga,168857BOULAL,15.395857,-15.661118,WOAH (former OIE),Confirmed,Domestic - Goats,Domestic - Goats,02/11/2025,06/11/2025,,
418262,UNFAO-LEG-418262,Rift Valley fever,,Africa,Western Africa,Senegal,Louga,168854THIÉL,14.933069,-15.058266,WOAH (former OIE),Confirmed,Domestic - Goats,Domestic - Goats,02/11/2025,06/11/2025,,
418267,UNFAO-LEG-418267,Rift Valley fever,,Africa,Western Africa,Senegal,Louga,168847MBÉYÈNE BISNABÉ,15.5491,-15.334,WOAH (former OIE),Confirmed,Domestic - Sheep,Domestic - Sheep,02/11/2025,06/11/2025,,
418268,UNFAO-LEG-418268,Rift Valley fever,,Africa,Western Africa,Senegal,Louga,168846KIP (SAKAL),15.828722,-16.22144,WOAH (former OIE),Confirmed,Domestic - Goats,Domestic - Goats,02/11/2025,06/11/2025,,
418269,UNFAO-LEG-418269,Rift Valley fever,,Africa,Western Africa,Senegal,Louga,168845KEUR YORO TACKO,16.03794,-15.853613,WOAH (former OIE),Confirmed,Domestic - Small Ruminant,Domestic - Small Ruminant,02/11/2025,06/11/2025,,
418270,UNFAO-LEG-418270,Rift Valley fever,,Africa,Western Africa,Senegal,Louga,168844KAMB,15.526737,-15.433912,WOAH (former OIE),Confirmed,Domestic - Goats,Domestic - Goats,02/11/2025,06/11/2025,,
418265,UNFAO-LEG-418265,Rift Valley fever,,Africa,Western Africa,Senegal,Louga,168849LABGAR,15.83006,-14.809304,WOAH (former OIE),Confirmed,Domestic - Goats,Domestic - Goats,01/11/2025,06/11/2025,,
418266,UNFAO-LEG-418266,Rift Valley fever,,Africa,Western Africa,Senegal,Louga,168848GALLONDÉ,16.000649,-15.907201,WOAH (former OIE),Confirmed,Domestic - Sheep,Domestic - Sheep,01/11/2025,06/11/2025,,
418371,UNFAO-LEG-418371,Rift Valley fever,,Africa,Western Africa,Senegal,Louga,ob_168684 - keur alassane,15.448641,-15.365443,WOAH (former OIE),Confirmed,Domestic - Sheep,Domestic - Sheep,31/10/2025,05/11/2025,,
418372,UNFAO-LEG-418372,Rift Valley fever,,Africa,Western Africa,Senegal,Louga,ob_168683 - wie ndouwané,15.526737,-15.433912,WOAH (former OIE),Confirmed,Domestic - Sheep,Domestic - Sheep,31/10/2025,05/11/2025,,
418373,UNFAO-LEG-418373,Rift Valley fever,,Africa,Western Africa,Senegal,Louga,ob_168682 - labgar,15.833081,-14.8113,WOAH (former OIE),Confirmed,Domestic - Sheep,Domestic - Sheep,31/10/2025,05/11/2025,,
418374,UNFAO-LEG-418374,Rift Valley fever,,Africa,Western Africa,Senegal,Louga,ob_168681 - boutoundé,15.829584,-14.8129,WOAH (former OIE),Confirmed,Domestic - Goats,Domestic - Goats,31/10/2025,05/11/2025,,
418376,UNFAO-LEG-418376,Rift Valley fever,,Africa,Western Africa,Senegal,Louga,ob_168679 - barkédji,15.271929,-14.870672,WOAH (former OIE),Confirmed,Domestic - Sheep,Domestic - Sheep,31/10/2025,05/11/2025,,
418377,UNFAO-LEG-418377,Rift Valley fever,,Africa,Western Africa,Senegal,Louga,ob_168678 - thické coly,15.379204,-15.234728,WOAH (former OIE),Confirmed,Domestic - Sheep,Domestic - Sheep,31/10/2025,05/11/2025,,
418375,UNFAO-LEG-418375,Rift Valley fever,,Africa,Western Africa,Senegal,Louga,ob_168680 - loumby baritte,15.425632,-15.571293,WOAH (former OIE),Confirmed,Domestic - Goats,Domestic - Goats,30/10/2025,05/11/2025,,
418378,UNFAO-LEG-418378,Rift Valley fever,,Africa,Western Africa,Senegal,Thies,ob_168677 - keur pathé,14.968617,-16.98465,WOAH (former OIE),Confirmed,Domestic - Cattle,Domestic - Cattle,30/10/2025,05/11/2025,,
418379,UNFAO-LEG-418379,Rift Valley fever,,Africa,Western Africa,Senegal,Louga,ob_168676 - keur momar sarr,15.776754,-16.060012,WOAH (former OIE),Confirmed,Domestic - Small Ruminant,Domestic - Small Ruminant,30/10/2025,05/11/2025,,
418380,UNFAO-LEG-418380,Rift Valley fever,,Africa,Western Africa,Senegal,Louga,ob_168675 - ndiaguène,15.828722,-16.22144,WOAH (former OIE),Confirmed,Domestic - Goats,Domestic - Goats,30/10/2025,05/11/2025,,
418381,UNFAO-LEG-418381,Rift Valley fever,,Africa,Western Africa,Senegal,Louga,ob_168674 - medina thiolom,15.622172,-16.400352,WOAH (former OIE),Confirmed,Domestic - Cattle,Domestic - Cattle,30/10/2025,05/11/2025,,
418382,UNFAO-LEG-418382,Rift Valley fever,,Africa,Western Africa,Senegal,Louga,ob_168673 - loumboul bisnabe,15.256978,-15.531946,WOAH (former OIE),Confirmed,Domestic - Sheep,Domestic - Sheep,30/10/2025,05/11/2025,,
418383,UNFAO-LEG-418383,Rift Valley fever,,Africa,Western Africa,Senegal,Louga,ob_168672 - gollondé,16.030572,-16.030572,WOAH (former OIE),Confirmed,Domestic - Sheep,Domestic - Sheep,30/10/2025,05/11/2025,,
418384,UNFAO-LEG-418384,Rift Valley fever,,Africa,Western Africa,Senegal,Louga,ob_168671 - potou,15.723016,-16.524043,WOAH (former OIE),Confirmed,Domestic - Sheep,Domestic - Sheep,30/10/2025,05/11/2025,,
420533,UNFAO-LEG-420533,Rift Valley fever,,Africa,Southern Africa,South Africa,Northern Cape,170071RVF_2025_001,-28.6,20.3,National authorities,Confirmed,Domestic - Sheep,Domestic - Sheep,30/10/2025,18/11/2025,,
420572,UNFAO-LEG-420572,Rift Valley fever,,Africa,Western Africa,Mauritania,Guidimakha,172700 OULDYENGE,15.13534,-11.829403,National authorities,Confirmed,Domestic - Goat/sheep ,Domestic - Goat/Sheep ,30/10/2025,31/10/2025,,
418385,UNFAO-LEG-418385,Rift Valley fever,,Africa,Western Africa,Senegal,Louga,ob_168670 - keur yoro tacko,15.951378,-16.023628,WOAH (former OIE),Confirmed,Domestic - Sheep,Domestic - Sheep,29/10/2025,05/11/2025,,
418386,UNFAO-LEG-418386,Rift Valley fever,,Africa,Western Africa,Senegal,Louga,ob_168669 - bécaye samb,15.909749,-16.217585,WOAH (former OIE),Confirmed,Domestic - Small Ruminant,Domestic - Small Ruminant,29/10/2025,05/11/2025,,
418392,UNFAO-LEG-418392,Rift Valley fever,,Africa,Western Africa,Senegal,Saint louis,ob_168663 - telmoudou,16.293816,-14.139195,WOAH (former OIE),Confirmed,Domestic - Sheep,Domestic - Sheep,29/10/2025,05/11/2025,,
418393,UNFAO-LEG-418393,Rift Valley fever,,Africa,Western Africa,Senegal,Saint louis,ob_168662 - gaya kader,15.873573,-14.308393,WOAH (former OIE),Confirmed,Domestic - Small Ruminant,Domestic - Small Ruminant,29/10/2025,05/11/2025,,
418404,UNFAO-LEG-418404,Rift Valley fever,,Africa,Western Africa,Senegal,Saint louis,ob_168651 - p - richard toll,16.466294,-15.688449,WOAH (former OIE),Confirmed,Domestic - Sheep,Domestic - Sheep,29/10/2025,05/11/2025,,
418407,UNFAO-LEG-418407,Rift Valley fever,,Africa,Western Africa,Senegal,Saint louis,ob_168648 - j - ndiarème sud (gaé),16.578409,-15.452862,WOAH (former OIE),Confirmed,Domestic - Sheep,Domestic - Sheep,29/10/2025,05/11/2025,,
418387,UNFAO-LEG-418387,Rift Valley fever,,Africa,Western Africa,Senegal,Louga,ob_168668 - ndonth,15.461538,-15.351558,WOAH (former OIE),Confirmed,Domestic - Small Ruminant,Domestic - Small Ruminant,28/10/2025,05/11/2025,,
418388,UNFAO-LEG-418388,Rift Valley fever,,Africa,Western Africa,Senegal,Louga,ob_168667 - becaille ardo,15.89487,-16.193464,WOAH (former OIE),Confirmed,Domestic - Small Ruminant,Domestic - Small Ruminant,28/10/2025,05/11/2025,,
418389,UNFAO-LEG-418389,Rift Valley fever,,Africa,Western Africa,Senegal,Fatick,ob_168666 - ndiaye-ndiaye,14.574691,-16.364063,WOAH (former OIE),Confirmed,Domestic - Small Ruminant,Domestic - Small Ruminant,28/10/2025,05/11/2025,,
418390,UNFAO-LEG-418390,Rift Valley fever,,Africa,Western Africa,Senegal,Louga,ob_168665 - loumbeul gallé,15.943799,-14.968847,WOAH (former OIE),Confirmed,Domestic - Small Ruminant,Domestic - Small Ruminant,28/10/2025,05/11/2025,,
418391,UNFAO-LEG-418391,Rift Valley fever,,Africa,Western Africa,Senegal,Saint louis,ob_168664 - diamel,16.512778,-14.502238,WOAH (former OIE),Confirmed,Domestic - Small Ruminant,Domestic - Small Ruminant,28/10/2025,05/11/2025,,
418394,UNFAO-LEG-418394,Rift Valley fever,,Africa,Western Africa,Senegal,Saint louis,ob_168661 - diougop,16.056922,-16.375021,WOAH (former OIE),Confirmed,Domestic - Sheep,Domestic - Sheep,28/10/2025,05/11/2025,,
418395,UNFAO-LEG-418395,Rift Valley fever,,Africa,Western Africa,Senegal,Saint louis,ob_168660 - 0008 - saint-louis,16.028045,-16.504869,WOAH (former OIE),Confirmed,Domestic - Sheep,Domestic - Sheep,28/10/2025,05/11/2025,,
418396,UNFAO-LEG-418396,Rift Valley fever,,Africa,Western Africa,Senegal,Saint louis,ob_168659 - 0007 - ndièbène gandiole,15.888748,-16.504001,WOAH (former OIE),Confirmed,Domestic - Goats,Domestic - Goats,28/10/2025,05/11/2025,,
418397,UNFAO-LEG-418397,Rift Valley fever,,Africa,Western Africa,Senegal,Saint louis,ob_168658 - 0006 - boudiouck peulh,16.04393,-16.430916,WOAH (former OIE),Confirmed,Domestic - Goats,Domestic - Goats,28/10/2025,05/11/2025,,
418398,UNFAO-LEG-418398,Rift Valley fever,,Africa,Western Africa,Senegal,Saint louis,ob_168657 - 006 - ndiawdoune,16.229484,-15.447012,WOAH (former OIE),Confirmed,Domestic - Goats,Domestic - Goats,28/10/2025,05/11/2025,,
418399,UNFAO-LEG-418399,Rift Valley fever,,Africa,Western Africa,Senegal,Saint louis,ob_168656 - 0005 - thiagar,16.483456,-15.855014,WOAH (former OIE),Confirmed,Domestic - Goats,Domestic - Goats,28/10/2025,05/11/2025,,
418400,UNFAO-LEG-418400,Rift Valley fever,,Africa,Western Africa,Senegal,Saint louis,ob_168655 - 00004 - ndiague,16.280508,-16.323633,WOAH (former OIE),Confirmed,Domestic - Goats,Domestic - Goats,28/10/2025,05/11/2025,,
418401,UNFAO-LEG-418401,Rift Valley fever,,Africa,Western Africa,Senegal,Saint louis,ob_168654 - 0003 - obok,16.523529,-15.600055,WOAH (former OIE),Confirmed,Domestic - Sheep,Domestic - Sheep,28/10/2025,05/11/2025,,
418402,UNFAO-LEG-418402,Rift Valley fever,,Africa,Western Africa,Senegal,Saint louis,ob_168653 - 0002 - village keur mbaye,16.476711,-15.6069,WOAH (former OIE),Confirmed,Domestic - Goats,Domestic - Goats,28/10/2025,05/11/2025,,
418403,UNFAO-LEG-418403,Rift Valley fever,,Africa,Western Africa,Senegal,Saint louis,ob_168652 - 00 - bambadou,16.516508,-15.50684,WOAH (former OIE),Confirmed,Domestic - Small Ruminant,Domestic - Small Ruminant,28/10/2025,05/11/2025,,
420566,UNFAO-LEG-420566,Rift Valley fever,,Africa,Western Africa,Mauritania,Guidimakha,172701 OULDYENGE,15.147011,-12.188353,FAO officer,Confirmed,Domestic - Goat/sheep ,Domestic - Goat/Sheep ,28/10/2025,31/10/2025,,
418405,UNFAO-LEG-418405,Rift Valley fever,,Africa,Western Africa,Senegal,Saint louis,ob_168650 - m - dagana,16.4571,-15.8039,WOAH (former OIE),Confirmed,Domestic - Sheep,Domestic - Sheep,22/10/2025,05/11/2025,,
418406,UNFAO-LEG-418406,Rift Valley fever,,Africa,Western Africa,Senegal,Saint louis,ob_168649 - l - diamaguéne,16.30967,-16.130522,WOAH (former OIE),Confirmed,Domestic - Sheep,Domestic - Sheep,22/10/2025,05/11/2025,,
418409,UNFAO-LEG-418409,Rift Valley fever,,Africa,Western Africa,Senegal,Louga,ob_168466 - e - santhié,15.495797,-16.29508,WOAH (former OIE),Confirmed,Domestic - Sheep,Domestic - Sheep,22/10/2025,05/11/2025,,
418410,UNFAO-LEG-418410,Rift Valley fever,,Africa,Western Africa,Senegal,Louga,ob_168465 - c - wékké,15.811713,-16.477144,WOAH (former OIE),Confirmed,Domestic - Small Ruminant,Domestic - Small Ruminant,22/10/2025,05/11/2025,,
418411,UNFAO-LEG-418411,Rift Valley fever,,Africa,Western Africa,Senegal,Saint louis,ob_168460 - b - rosss sénégal,16.499767,-15.810685,WOAH (former OIE),Confirmed,Domestic - Small Ruminant,Domestic - Small Ruminant,22/10/2025,05/11/2025,,
418412,UNFAO-LEG-418412,Rift Valley fever,,Africa,Western Africa,Senegal,Saint louis,ob_168459 - a - dagana,16.516508,-15.50684,WOAH (former OIE),Confirmed,Domestic - Sheep,Domestic - Sheep,22/10/2025,05/11/2025,,
418413,UNFAO-LEG-418413,Rift Valley fever,,Africa,Western Africa,Senegal,Matam,ob_168458 - sp14 - bélinaé,15.990264,-13.636087,WOAH (former OIE),Confirmed,Domestic - Goats,Domestic - Goats,22/10/2025,05/11/2025,,
418414,UNFAO-LEG-418414,Rift Valley fever,,Africa,Western Africa,Senegal,Matam,ob_168457 - sp13 - doundé,15.084464,-12.900387,WOAH (former OIE),Confirmed,Domestic - Sheep,Domestic - Sheep,22/10/2025,05/11/2025,,
422344,UNFAO-LEG-422344,Rift Valley fever,,Africa,Western Africa,Mauritania,Trarza,172702ROSSO,17.378276,-15.13057,WOAH (former OIE),Confirmed,Domestic - Small Ruminant,Domestic - Small Ruminant,22/10/2025,03/12/2025,,
417560,UNFAO-LEG-417560,Rift Valley fever,,Africa,Western Africa,Gambia,North Bank,167912CHISSAY MAJAW  JOKADU,13.5798,-16.1584,WOAH (former OIE),Confirmed,Domestic - Cattle,Domestic - Cattle,21/10/2025,29/10/2025,,
418408,UNFAO-LEG-418408,Rift Valley fever,,Africa,Western Africa,Senegal,Saint louis,ob_168472 - h - marché bou ndaw (dagana),16.516509,-15.50685,WOAH (former OIE),Confirmed,Domestic - Sheep,Domestic - Sheep,20/10/2025,05/11/2025,,
422342,UNFAO-LEG-422342,Rift Valley fever,,Africa,Western Africa,Mauritania,Guidimakha,172704OULD YENGÉ,15.724567,-11.671922,WOAH (former OIE),Confirmed,Domestic - Small Ruminant,Domestic - Small Ruminant,20/10/2025,03/12/2025,,
422343,UNFAO-LEG-422343,Rift Valley fever,,Africa,Western Africa,Mauritania,Guidimakha,172703GHABOU,15.593667,-12.069992,WOAH (former OIE),Confirmed,Domestic - Small Ruminant,Domestic - Small Ruminant,20/10/2025,03/12/2025,,
422356,UNFAO-LEG-422356,Rift Valley fever,,Africa,Western Africa,Mauritania,Hodh El Gharbi,172673TAMCHAKETT,16.969266,-10.217968,WOAH (former OIE),Confirmed,Domestic - Small Ruminant,Domestic - Small Ruminant,18/10/2025,03/12/2025,,
422359,UNFAO-LEG-422359,Rift Valley fever,,Africa,Western Africa,Mauritania,Hodh El Gharbi,172669TINTANE,16.465382,-9.804842,WOAH (former OIE),Confirmed,Domestic - Camelidae (unidentified),Domestic - Camelidae (Unidentified),18/10/2025,03/12/2025,,
422341,UNFAO-LEG-422341,Rift Valley fever,,Africa,Western Africa,Mauritania,Assaba,173082GORGOL/LEXEIBE1,16.6,-12.5,WOAH (former OIE),Confirmed,Domestic - Small Ruminant,Domestic - Small Ruminant,17/10/2025,03/12/2025,,
420573,UNFAO-LEG-420573,Rift Valley fever,,Africa,Western Africa,Mauritania,Gorgol,173083 Kaedi,16.15,-13.5,National authorities,Confirmed,Domestic - Goat/sheep ,Domestic - Goat/Sheep ,16/10/2025,31/10/2025,,
418415,UNFAO-LEG-418415,Rift Valley fever,,Africa,Western Africa,Senegal,Saint louis,ob_168456 - sp11 - thioffy,16.40109,-14.322237,WOAH (former OIE),Confirmed,Domestic - Sheep,Domestic - Sheep,15/10/2025,05/11/2025,,
418416,UNFAO-LEG-418416,Rift Valley fever,,Africa,Western Africa,Senegal,Louga,ob_168455 - sp10 - thiargny,15.168103,-15.061114,WOAH (former OIE),Confirmed,Domestic - Sheep,Domestic - Sheep,15/10/2025,05/11/2025,,
418417,UNFAO-LEG-418417,Rift Valley fever,,Africa,Western Africa,Senegal,Saint louis,ob_168454 - sp9 - ndiébène gandiole,15.888748,-16.504001,WOAH (former OIE),Confirmed,Domestic - Sheep,Domestic - Sheep,15/10/2025,05/11/2025,,
418418,UNFAO-LEG-418418,Rift Valley fever,,Africa,Western Africa,Senegal,Saint louis,ob_168453 - sp7 - aéré lao,16.44429,-14.306444,WOAH (former OIE),Confirmed,Domestic - Sheep,Domestic - Sheep,15/10/2025,05/11/2025,,
418419,UNFAO-LEG-418419,Rift Valley fever,,Africa,Western Africa,Senegal,Dakar,ob_168451 - sp5 - niagua,14.809745,-17.230805,WOAH (former OIE),Confirmed,Domestic - Cattle,Domestic - Cattle,15/10/2025,05/11/2025,,
418420,UNFAO-LEG-418420,Rift Valley fever,,Africa,Western Africa,Senegal,Tambacounda,ob_168449 - sp4 - ballou,14.737867,-12.235645,WOAH (former OIE),Confirmed,Domestic - Goats,Domestic - Goats,15/10/2025,05/11/2025,,
418421,UNFAO-LEG-418421,Rift Valley fever,,Africa,Western Africa,Senegal,Matam,ob_168448 - sp3 - wourou bathiél,15.254438,-13.892081,WOAH (former OIE),Confirmed,Domestic - Small Ruminant,Domestic - Small Ruminant,15/10/2025,05/11/2025,,
418422,UNFAO-LEG-418422,Rift Valley fever,,Africa,Western Africa,Senegal,Louga,ob_168445 - sp2 - theller,15.995997,-16.13476,WOAH (former OIE),Confirmed,Domestic - Sheep,Domestic - Sheep,15/10/2025,05/11/2025,,
418423,UNFAO-LEG-418423,Rift Valley fever,,Africa,Western Africa,Senegal,Louga,ob_168434 - s3 - ndilofène,16.048425,-16.003894,WOAH (former OIE),Confirmed,Domestic - Sheep,Domestic - Sheep,15/10/2025,05/11/2025,,
422339,UNFAO-LEG-422339,Rift Valley fever,,Africa,Western Africa,Mauritania,Gorgol,173085KAÉDI,16.15,-13.501,WOAH (former OIE),Confirmed,Domestic - Small Ruminant,Domestic - Small Ruminant,15/10/2025,03/12/2025,,
422340,UNFAO-LEG-422340,Rift Valley fever,,Africa,Western Africa,Mauritania,Gorgol,173084KAÉDI,16.15,-13.5,WOAH (former OIE),Confirmed,Domestic - Small Ruminant,Domestic - Small Ruminant,15/10/2025,03/12/2025,,
422357,UNFAO-LEG-422357,Rift Valley fever,,Africa,Western Africa,Mauritania,Hodh El Gharbi,172671TAMCHAKETT,17.077883,-10.638568,WOAH (former OIE),Confirmed,Domestic - Cattle,Domestic - Cattle,12/10/2025,03/12/2025,,
416837,UNFAO-LEG-416837,Rift Valley fever,,Africa,Western Africa,Senegal,Louga,166798TONGHOU,16.013247,-15.951181,WOAH (former OIE),Confirmed,Domestic - Goats,Domestic - Goats,10/10/2025,17/10/2025,,
416838,UNFAO-LEG-416838,Rift Valley fever,,Africa,Western Africa,Senegal,Louga,166797DIAOBE,15.9229,-15.9681,WOAH (former OIE),Confirmed,Domestic - Sheep,Domestic - Sheep,10/10/2025,17/10/2025,,
416839,UNFAO-LEG-416839,Rift Valley fever,,Africa,Western Africa,Senegal,Saint louis,166796QUARTIER SAED,16.199068,-16.261022,WOAH (former OIE),Confirmed,Domestic - Goats,Domestic - Goats,10/10/2025,17/10/2025,,
416840,UNFAO-LEG-416840,Rift Valley fever,,Africa,Western Africa,Senegal,Saint louis,166794QUARTRIER HLM,16.377506,-15.710195,WOAH (former OIE),Confirmed,Domestic - Sheep,Domestic - Sheep,10/10/2025,17/10/2025,,
416841,UNFAO-LEG-416841,Rift Valley fever,,Africa,Western Africa,Senegal,Saint louis,166793DAGANA,16.527038,-15.221365,WOAH (former OIE),Confirmed,Domestic - Sheep,Domestic - Sheep,10/10/2025,17/10/2025,,
416842,UNFAO-LEG-416842,Rift Valley fever,,Africa,Western Africa,Senegal,Saint louis,166792GAÉ,16.579855,-15.449849,WOAH (former OIE),Confirmed,Domestic - Sheep,Domestic - Sheep,10/10/2025,17/10/2025,,
416843,UNFAO-LEG-416843,Rift Valley fever,,Africa,Western Africa,Senegal,Saint louis,166791DIAMAGUENE,16.309677,-15.663904,WOAH (former OIE),Confirmed,Domestic - Sheep,Domestic - Sheep,10/10/2025,17/10/2025,,
416844,UNFAO-LEG-416844,Rift Valley fever,,Africa,Western Africa,Senegal,Saint louis,166790DAGANA,16.516508,-15.50684,WOAH (former OIE),Confirmed,Domestic - Sheep,Domestic - Sheep,10/10/2025,17/10/2025,,
416845,UNFAO-LEG-416845,Rift Valley fever,,Africa,Western Africa,Senegal,Saint louis,166786BOKHOL,16.527122,-15.401331,WOAH (former OIE),Confirmed,Domestic - Sheep,Domestic - Sheep,10/10/2025,17/10/2025,,
416846,UNFAO-LEG-416846,Rift Valley fever,,Africa,Western Africa,Senegal,Louga,166784CITÉ PLATEAU,15.688449,-15.688449,WOAH (former OIE),Confirmed,Domestic - Goats,Domestic - Goats,10/10/2025,17/10/2025,,
416847,UNFAO-LEG-416847,Rift Valley fever,,Africa,Western Africa,Senegal,Saint louis,166783DIAMAGUÈNE,16.43333,-15.65,WOAH (former OIE),Confirmed,Domestic - Goats,Domestic - Goats,10/10/2025,17/10/2025,,
416848,UNFAO-LEG-416848,Rift Valley fever,,Africa,Western Africa,Senegal,Saint louis,166781RICHARD TOLL,16.466294,-15.688449,WOAH (former OIE),Confirmed,Domestic - Sheep | Domestic - Small Ruminant,Domestic - Sheep | Domestic - Small Ruminant,10/10/2025,17/10/2025,,
420574,UNFAO-LEG-420574,Rift Valley fever,,Africa,Western Africa,Mauritania,Assaba,172674 Kiffa,16.868133,-11.328318,National authorities,Confirmed,Domestic - Cattle,Domestic - Cattle,10/10/2025,31/10/2025,,
422350,UNFAO-LEG-422350,Rift Valley fever,,Africa,Western Africa,Mauritania,Brakna,172686MAGTA-LAHJAR,17.544295,-12.980781,WOAH (former OIE),Confirmed,Domestic - Cattle,Domestic - Cattle,10/10/2025,03/12/2025,,
416291,UNFAO-LEG-416291,Rift Valley fever,,Africa,Western Africa,Mauritania,Trarza,173088 R'KIZ,16.906772,-15.267412,National authorities,Confirmed,Domestic - Goat/sheep ,Domestic - Goat/Sheep ,09/10/2025,10/10/2025,,
416292,UNFAO-LEG-416292,Rift Valley fever,,Africa,Western Africa,Mauritania,Adrar,173086 ATAR,20.516667,-13.05,National authorities,Confirmed,Domestic - Goat/sheep ,Domestic - Goat/Sheep ,09/10/2025,10/10/2025,,
416404,UNFAO-LEG-416404,Rift Valley fever,,Africa,Western Africa,Senegal,Dakar,166601 NIAGUE,14.809745,-17.230805,FAO officer,Confirmed,Domestic - Cattle,Domestic - Cattle,08/10/2025,15/10/2025,,
422338,UNFAO-LEG-422338,Rift Valley fever,,Africa,Western Africa,Mauritania,Gorgol,173090KAÉDI,16.15,-13.5,WOAH (former OIE),Confirmed,Domestic - Small Ruminant,Domestic - Small Ruminant,08/10/2025,03/12/2025,,
422358,UNFAO-LEG-422358,Rift Valley fever,,Africa,Western Africa,Mauritania,Hodh El Gharbi,172670AÏOUN,16.321109,-9.58539,WOAH (former OIE),Confirmed,Domestic - Small Ruminant,Domestic - Small Ruminant,08/10/2025,03/12/2025,,
416289,UNFAO-LEG-416289,Rift Valley fever,,Africa,Western Africa,Mauritania,Assaba,Assaba Barkeol,16.642102,-12.442582,National authorities,Confirmed,Domestic - Small Ruminant,Domestic - Small Ruminant,07/10/2025,10/10/2025,,
420576,UNFAO-LEG-420576,Rift Valley fever,,Africa,Western Africa,Mauritania,Trarza,17309 Keurmecen,16.97181,-16.10404,National authorities,Confirmed,Domestic - Goat/sheep ,Domestic - Goat/Sheep ,07/10/2025,31/10/2025,,
422336,UNFAO-LEG-422336,Rift Valley fever,,Africa,Western Africa,Mauritania,Hodh El Gharbi,173093ASSABA/BARKEOL,16.64,-10.233333,WOAH (former OIE),Confirmed,Domestic - Small Ruminant,Domestic - Small Ruminant,07/10/2025,03/12/2025,,
422337,UNFAO-LEG-422337,Rift Valley fever,,Africa,Western Africa,Mauritania,Trarza,173092KEUR-MACÈNE,16.646755,-16.02131,WOAH (former OIE),Confirmed,Domestic - Small Ruminant,Domestic - Small Ruminant,07/10/2025,03/12/2025,,
422362,UNFAO-LEG-422362,Rift Valley fever,,Africa,Western Africa,Mauritania,Hodh Ech Chargi,172644TIMBÉDRA,16.271595,-8.12661,WOAH (former OIE),Confirmed,Domestic - Small Ruminant,Domestic - Small Ruminant,07/10/2025,03/12/2025,,
416286,UNFAO-LEG-416286,Rift Valley fever,,Africa,Western Africa,Mauritania,Hodh El Gharbi,173096 ASSABA/BARKEOL,16.64,-10.23333,National authorities,Confirmed,Domestic - Goat/sheep ,Domestic - Goat/Sheep ,06/10/2025,10/10/2025,,
416288,UNFAO-LEG-416288,Rift Valley fever,,Africa,Western Africa,Mauritania,Hodh El Gharbi,172667 Tintane,16.37785,-10.283954,National authorities,Confirmed,Domestic - Goat/sheep ,Domestic - Goat/Sheep ,06/10/2025,09/10/2025,,
416285,UNFAO-LEG-416285,Rift Valley fever,,Africa,Western Africa,Mauritania,Hodh El Gharbi,173097 ASSABA/BARKEOL,16.64,-10.23,National authorities,Confirmed,Domestic - Goat/sheep ,Domestic - Goat/Sheep ,05/10/2025,10/10/2025,,
416287,UNFAO-LEG-416287,Rift Valley fever,,Africa,Western Africa,Mauritania,Brakna,172682 MAGTA-LAHJAR,17.498657,-13.117163,National authorities,Confirmed,Domestic - Camelidae (unidentified),Domestic - Camelidae (Unidentified),05/10/2025,10/10/2025,,
422335,UNFAO-LEG-422335,Rift Valley fever,,Africa,Western Africa,Mauritania,Hodh El Gharbi,173098ASSABA/BOUMDEID,16.969266,-10.217968,WOAH (former OIE),Confirmed,Domestic - Small Ruminant,Domestic - Small Ruminant,05/10/2025,03/12/2025,,
416050,UNFAO-LEG-416050,Rift Valley fever,,Africa,Western Africa,Mauritania,Nouakchott,173099 TOUJOUNINE,18.078,-15.965,National authorities,Confirmed,Domestic - Camelidae (unidentified),Domestic - Camelidae (Unidentified),04/10/2025,06/10/2025,,
416281,UNFAO-LEG-416281,Rift Valley fever,,Africa,Western Africa,Senegal,Louga,ob_166599 - 13 - Theller,15.995997,-16.13476,National authorities,Confirmed,Domestic - Sheep,Domestic - Sheep,04/10/2025,11/10/2025,,
416282,UNFAO-LEG-416282,Rift Valley fever,,Africa,Western Africa,Senegal,Tambacounda,ob_166600 - 15 - Ballou,14.737662,-12.236672,National authorities,Confirmed,Domestic - Goats,Domestic - Goats,04/10/2025,11/10/2025,,
416290,UNFAO-LEG-416290,Rift Valley fever,,Africa,Western Africa,Mauritania,Brakna,173101 MAGTA-LAHJAR,17.544,-12.98,National authorities,Confirmed,Domestic - Goat/sheep ,Domestic - Goat/Sheep ,04/10/2025,10/10/2025,,
416491,UNFAO-LEG-416491,Rift Valley fever,,Africa,Western Africa,Senegal,Saint louis,166553SAINT-LOUIS,16.028045,-16.504869,WOAH (former OIE),Confirmed,Domestic - Sheep,Domestic - Sheep,04/10/2025,15/10/2025,,
416492,UNFAO-LEG-416492,Rift Valley fever,,Africa,Western Africa,Senegal,Saint louis,166552BANGO,16.032852,-16.438765,WOAH (former OIE),Confirmed,Domestic - Cattle,Domestic - Cattle,04/10/2025,15/10/2025,,
416493,UNFAO-LEG-416493,Rift Valley fever,,Africa,Western Africa,Senegal,Saint louis,166549THIABAKH,15.974244,-16.182767,WOAH (former OIE),Confirmed,Domestic - Goats,Domestic - Goats,04/10/2025,15/10/2025,,
416494,UNFAO-LEG-416494,Rift Valley fever,,Africa,Western Africa,Senegal,Saint louis,165834NDIAWDOUN,16.068242,-16.389968,WOAH (former OIE),Confirmed,Domestic - Cattle,Domestic - Cattle,04/10/2025,15/10/2025,,
416495,UNFAO-LEG-416495,Rift Valley fever,,Africa,Western Africa,Senegal,Saint louis,165833DIOUGOB,16.056922,-16.375021,WOAH (former OIE),Confirmed,Domestic - Small Ruminant,Domestic - Small Ruminant,04/10/2025,15/10/2025,,
416496,UNFAO-LEG-416496,Rift Valley fever,,Africa,Western Africa,Senegal,Saint louis,165832MAKA TOUBÉ,16.01774,-16.442672,WOAH (former OIE),Confirmed,Domestic - Sheep,Domestic - Sheep,04/10/2025,15/10/2025,,
422334,UNFAO-LEG-422334,Rift Valley fever,,Africa,Western Africa,Mauritania,Brakna,173100MAGTA-LAHJAR,17.54,-12.98,WOAH (former OIE),Confirmed,Domestic - Small Ruminant,Domestic - Small Ruminant,04/10/2025,03/12/2025,,
422353,UNFAO-LEG-422353,Rift Valley fever,,Africa,Western Africa,Mauritania,Brakna,172681MAGTA-LAHJAR,17.544295,-12.980781,WOAH (former OIE),Confirmed,Domestic - Small Ruminant,Domestic - Small Ruminant,04/10/2025,03/12/2025,,
422361,UNFAO-LEG-422361,Rift Valley fever,,Africa,Western Africa,Mauritania,Hodh El Gharbi,172654TAMCHENKETT,16.242994,-10.710527,WOAH (former OIE),Confirmed,Domestic - Camelidae (unidentified),Domestic - Camelidae (Unidentified),04/10/2025,03/12/2025,,
416048,UNFAO-LEG-416048,Rift Valley fever,,Africa,Western Africa,Mauritania,Trarza,173102 Trarza Boutilimit Tenghadege Meteissare,17.675225,-14.879503,National authorities,Confirmed,Domestic - Camelidae (unidentified),Domestic - Camelidae (Unidentified),03/10/2025,06/10/2025,,
416049,UNFAO-LEG-416049,Rift Valley fever,,Africa,Western Africa,Mauritania,Hodh El Gharbi,172655 TINTANE,16.352081,-10.203434,National authorities,Confirmed,Domestic - Goat/sheep ,Domestic - Goat/Sheep ,03/10/2025,06/10/2025,,
422332,UNFAO-LEG-422332,Rift Valley fever,,Africa,Western Africa,Mauritania,Guidimakha,173104WOMPOU,15.821723,-11.616451,WOAH (former OIE),Confirmed,Domestic - Small Ruminant,Domestic - Small Ruminant,03/10/2025,03/12/2025,,
422333,UNFAO-LEG-422333,Rift Valley fever,,Africa,Western Africa,Mauritania,Trarza,173103ROSSO,17.378276,-15.13057,WOAH (former OIE),Confirmed,Domestic - Small Ruminant,Domestic - Small Ruminant,03/10/2025,03/12/2025,,
416052,UNFAO-LEG-416052,Rift Valley fever,,Africa,Western Africa,Mauritania,Nouakchott,173106 TEVRAGHZEINA,18.092,-15.981,National authorities,Confirmed,Domestic - Camelidae (unidentified),Domestic - Camelidae (Unidentified),02/10/2025,06/10/2025,,
422351,UNFAO-LEG-422351,Rift Valley fever,,Africa,Western Africa,Mauritania,Brakna,172684MAGTA-LAHJAR,17.544295,-12.980781,WOAH (former OIE),Confirmed,Domestic - Small Ruminant,Domestic - Small Ruminant,02/10/2025,03/12/2025,,
422360,UNFAO-LEG-422360,Rift Valley fever,,Africa,Western Africa,Mauritania,Hodh El Gharbi,172658TINTANE,16.282477,-10.166787,WOAH (former OIE),Confirmed,Domestic - Cattle,Domestic - Cattle,02/10/2025,03/12/2025,,
416044,UNFAO-LEG-416044,Rift Valley fever,,Africa,Western Africa,Mauritania,Brakna,172679 Aleg Chegar Chegar ,17.05,-13.916667,National authorities,Confirmed,Domestic - Cattle,Domestic - Cattle,01/10/2025,06/10/2025,,
416046,UNFAO-LEG-416046,Rift Valley fever,,Africa,Western Africa,Mauritania,Trarza,173108 R'KIZ,17.237159,-15.240652,National authorities,Confirmed,Domestic - Camelidae (unidentified),Domestic - Camelidae (Unidentified),01/10/2025,06/10/2025,,
420571,UNFAO-LEG-420571,Rift Valley fever,,Africa,Western Africa,Mauritania,Guidimakha,173109 Ghabou,15.012346,-12.305443,National authorities,Confirmed,Domestic - Goat/sheep ,Domestic - Goat/Sheep ,01/10/2025,31/10/2025,,
422331,UNFAO-LEG-422331,Rift Valley fever,,Africa,Western Africa,Mauritania,Gorgol,173110KAÉDI,16.15,-13.5,WOAH (former OIE),Confirmed,Domestic - Small Ruminant,Domestic - Small Ruminant,01/10/2025,03/12/2025,,
422348,UNFAO-LEG-422348,Rift Valley fever,,Africa,Western Africa,Mauritania,Assaba,172689GORGOL/LEXEIBE1,16.6,-12.5,WOAH (former OIE),Confirmed,Domestic - Small Ruminant,Domestic - Small Ruminant,01/10/2025,03/12/2025,,
422355,UNFAO-LEG-422355,Rift Valley fever,,Africa,Western Africa,Mauritania,Tagant,172678MOUDJERIA,18.323578,-11.179323,WOAH (former OIE),Confirmed,Domestic - Small Ruminant,Domestic - Small Ruminant,01/10/2025,03/12/2025,,
416042,UNFAO-LEG-416042,Rift Valley fever,,Africa,Western Africa,Mauritania,Brakna,173112 MAGTA-LAHJAR,17.54,-12.98,National authorities,Confirmed,Domestic - Goat/sheep ,Domestic - Goat/Sheep ,30/09/2025,06/10/2025,,
416043,UNFAO-LEG-416043,Rift Valley fever,,Africa,Middle Africa,Chad,Kanem,17311 Trarza Rosso Rosso ,16.508668,15.801085,National authorities,Confirmed,Domestic - Goat/sheep ,Domestic - Goat/Sheep ,30/09/2025,06/10/2025,,
416047,UNFAO-LEG-416047,Rift Valley fever,,Africa,Western Africa,Mauritania,Assaba,172691 Gorgol Lexeibe1 Betengal Bithiounga,16.6,-12.5,National authorities,Confirmed,Domestic - Goat/sheep ,Domestic - Goat/Sheep ,30/09/2025,06/10/2025,,
420575,UNFAO-LEG-420575,Rift Valley fever,,Africa,Western Africa,Mauritania,Tagant,172677 Moujeira,18.323578,-11.179323,National authorities,Confirmed,Domestic - Goat/sheep ,Domestic - Goat/Sheep ,30/09/2025,31/10/2025,,
422330,UNFAO-LEG-422330,Rift Valley fever,,Africa,Western Africa,Mauritania,Brakna,173113MAGTA-LAHJAR,17.544,-12.98,WOAH (former OIE),Confirmed,Domestic - Small Ruminant,Domestic - Small Ruminant,30/09/2025,03/12/2025,,
422352,UNFAO-LEG-422352,Rift Valley fever,,Africa,Western Africa,Mauritania,Brakna,172683MAGTA-LAHJAR,17.544295,-12.980781,WOAH (former OIE),Confirmed,Domestic - Small Ruminant,Domestic - Small Ruminant,30/09/2025,03/12/2025,,
416034,UNFAO-LEG-416034,Rift Valley fever,,Africa,Western Africa,Mauritania,Trarza,173115 BOUTILIMIT,17.316295,-14.53554,National authorities,Confirmed,Domestic - Camelidae (unidentified),Domestic - Camelidae (Unidentified),29/09/2025,06/10/2025,,
416035,UNFAO-LEG-416035,Rift Valley fever,,Africa,Western Africa,Mauritania,Tagant,172675 TIDJIKJA,18.323578,-11.17933,National authorities,Confirmed,Domestic - Camelidae (unidentified),Domestic - Camelidae (Unidentified),29/09/2025,06/10/2025,,
416041,UNFAO-LEG-416041,Rift Valley fever,,Africa,Western Africa,Mauritania,Brakna,Brakna Maghta lahjar Tachot El Karama 172685 MAGTA-LAHJAR,17.544295,-12.980781,National authorities,Confirmed,Domestic - Goat/sheep ,Domestic - Goat/Sheep ,29/09/2025,06/10/2025,,
416045,UNFAO-LEG-416045,Rift Valley fever,,Africa,Western Africa,Mauritania,Assaba,172688 GORGOL/MONGUELE,16.385,-12.093333,National authorities,Confirmed,Domestic - Goat/sheep ,Domestic - Goat/Sheep ,29/09/2025,06/10/2025,,
416051,UNFAO-LEG-416051,Rift Valley fever,,Africa,Western Africa,Mauritania,Nouakchott,173114 Ksar  Nouakchott Ouest ,18.086,-15.981,National authorities,Confirmed,Domestic - Goat/sheep ,Domestic - Goat/Sheep ,29/09/2025,06/10/2025,,
422329,UNFAO-LEG-422329,Rift Valley fever,,Africa,Western Africa,Mauritania,Assaba,173116GORGOL|LEXEIBE1,16.6,-12.5,WOAH (former OIE),Confirmed,Domestic - Small Ruminant,Domestic - Small Ruminant,29/09/2025,03/12/2025,,
422349,UNFAO-LEG-422349,Rift Valley fever,,Africa,Western Africa,Mauritania,Assaba,172688GORGOL/MONGUELE,16.385,-12.093333,WOAH (former OIE),Confirmed,Domestic - Small Ruminant,Domestic - Small Ruminant,29/09/2025,03/12/2025,,
416033,UNFAO-LEG-416033,Rift Valley fever,,Africa,Western Africa,Mauritania,Hodh El Gharbi,172650 TAMCHENKETT,16.378742,-10.169728,National authorities,Confirmed,Domestic - Goat/sheep ,Domestic - Goat/Sheep ,26/09/2025,06/10/2025,,
415453,UNFAO-LEG-415453,Rift Valley fever,,Africa,Western Africa,Mauritania,Hodh Ech Chargi,172640 TIMBÉDRA,16.282279,-8.08824,FAO officer,Confirmed,Domestic - Camelidae (unidentified),Domestic - Camelidae (Unidentified),25/09/2025,29/09/2025,,
415857,UNFAO-LEG-415857,Rift Valley fever,,Africa,Western Africa,Senegal,Saint louis,165186GRAND MPAL,15.916461,-16.266972,WOAH (former OIE),Confirmed,Domestic - Small Ruminant,Domestic - Small Ruminant,25/09/2025,30/09/2025,,
415858,UNFAO-LEG-415858,Rift Valley fever,,Africa,Western Africa,Senegal,Saint louis,165185MBARIGOT,16.078893,-16.360898,WOAH (former OIE),Confirmed,Domestic - Cattle | Domestic - Goats,Domestic - Cattle | Domestic - Goats,25/09/2025,30/09/2025,,
415859,UNFAO-LEG-415859,Rift Valley fever,,Africa,Western Africa,Senegal,Saint louis,165184SANAR,16.066645,-16.425021,WOAH (former OIE),Confirmed,Domestic - Sheep,Domestic - Sheep,25/09/2025,30/09/2025,,
416032,UNFAO-LEG-416032,Rift Valley fever,,Africa,Western Africa,Mauritania,Hodh Ech Chargi,172642 TIMBÉDRA,16.271595,-8.12661,FAO officer,Confirmed,Domestic - Goat/sheep ,Domestic - Goat/Sheep ,25/09/2025,29/09/2025,,
415860,UNFAO-LEG-415860,Rift Valley fever,,Africa,Western Africa,Senegal,Saint louis,165183BOUDIOUCK,16.04393,-16.430916,WOAH (former OIE),Confirmed,Domestic - Small Ruminant,Domestic - Small Ruminant,21/09/2025,30/09/2025,,
415861,UNFAO-LEG-415861,Rift Valley fever,,Africa,Western Africa,Senegal,Saint louis,165177FASS NGOM ( NDÈYE WADE),15.928675,-16.322078,WOAH (former OIE),Confirmed,Domestic - Small Ruminant,Domestic - Small Ruminant,21/09/2025,30/09/2025,,
415451,UNFAO-LEG-415451,Rift Valley fever,,Africa,Western Africa,Mauritania,Brakna,Cham-Bogé,16.5815,-14.2517,FAO officer,Confirmed,Domestic - Cattle | Domestic - Goats | Domestic - Camelidae (unidentified) | Domestic - Sheep,Domestic - Cattle | Domestic - Goats | Domestic - Camelidae (Unidentified) | Domestic - Sheep,15/09/2025,29/09/2025,,
415452,UNFAO-LEG-415452,Rift Valley fever,,Africa,Western Africa,Mauritania,Hodh El Gharbi,172646 AÏOUN,16.527165,-9.872709,FAO officer,Confirmed,Domestic - Goat/sheep ,Domestic - Goat/Sheep ,15/09/2025,29/09/2025,,
415334,UNFAO-LEG-415334,Rift Valley fever,,Africa,Western Africa,Senegal,Saint louis,Saint Louis,15.971207,-16.322756,FAO Field Officer,Confirmed,,,13/09/2025,24/09/2025,58,8
422354,UNFAO-LEG-422354,Rift Valley fever,,Africa,Western Africa,Mauritania,Brakna,172680ALEG,17.05,-13.916667,National authorities,Confirmed,Domestic - Small Ruminant,Domestic - Small Ruminant,02/09/2025,29/09/2025,,
405112,UNFAO-LEG-405112,Rift Valley fever,,Africa,Western Africa,Senegal,Diourbel,Touba City,14.86,-15.88,FAO officer,Confirmed,,,18/01/2025,14/04/2025,1,
391711,UNFAO-LEG-391711,Rift Valley fever,,Africa,Western Africa,Senegal,Dakar,Pikine,14.75,-17.39,WHO,Confirmed,,,26/10/2024,10/11/2024,1,
391570,UNFAO-LEG-391570,Rift Valley fever,,Africa,Western Africa,Mauritania,Tagant,Tidjikja commune  Tagant region,18.440747,-11.550409,WHO,Confirmed,,,20/10/2024,10/11/2024,1,
403906,UNFAO-LEG-403906,Rift Valley fever,,Africa,Western Africa,Burkina Faso,Sud-ouest,154507DIÉBOUGOU,10.9512,-3.2338,WOAH (former OIE),Confirmed,Domestic - Sheep | Domestic - Cattle,Domestic - Sheep | Domestic - Cattle,15/10/2024,30/03/2025,,
403907,UNFAO-LEG-403907,Rift Valley fever,,Africa,Western Africa,Burkina Faso,Hauts-bassins,154504BOBO DIOULASSO,11.1691,-4.2887,WOAH (former OIE),Confirmed,Domestic - Sheep | Domestic - Cattle | Domestic - Goats,Domestic - Sheep | Domestic - Cattle | Domestic - Goats,15/10/2024,30/03/2025,,
389696,UNFAO-LEG-389696,Rift Valley fever,,Africa,Western Africa,Niger,Tahoua,Tchin Tabaradene,16.84455,5.099422,WHO,Confirmed,,,14/10/2024,01/11/2024,1,
386439,UNFAO-LEG-386439,Rift Valley fever,,Africa,Eastern Africa,Rwanda,East/Iburasirazuba,NGOMA,-2.2451,30.4972,FAO officer,Confirmed,Domestic - Cattle | Domestic - Sheep | Domestic - Goats,Domestic - Cattle | Domestic - Sheep | Domestic - Goats,19/08/2024,04/09/2024,,
379216,UNFAO-LEG-379216,Rift Valley fever,,Africa,Eastern Africa,Uganda,Sheema,Sheema district,-0.59,30.37,FAO officer,Confirmed,Domestic - Unspecified mammal,Domestic - Unspecified Mammal,27/03/2024,20/05/2024,2,
381495,UNFAO-LEG-381495,Rift Valley fever,,Africa,Eastern Africa,Uganda,Mbarara,Mbarara,-0.52912,30.629672,WHO,Confirmed,,,10/03/2024,26/05/2024,5,1
381494,UNFAO-LEG-381494,Rift Valley fever,,Africa,Eastern Africa,Uganda,Ntungamo,Ntungamo,-0.953838,30.299767,WHO,Confirmed,,,23/02/2024,26/05/2024,4,1
371542,UNFAO-LEG-371542,Rift Valley fever,,Africa,Eastern Africa,Kenya,Eastern,Turbi village,3.2960744,38.375008,WOAH (former OIE),Confirmed,Domestic - Unspecified mammal,Domestic - Unspecified Mammal,20/01/2024,25/01/2024,,
371539,UNFAO-LEG-371539,Rift Valley fever,,Africa,Eastern Africa,Kenya,Eastern,Turbi,3.3,38.37,WHO,Confirmed,,,08/01/2024,24/01/2024,2,
371545,UNFAO-LEG-371545,Rift Valley fever,,Africa,Eastern Africa,Kenya,North Eastern,Wajir,1.939282,40.026819,National authorities,Confirmed,,,08/01/2024,25/01/2024,2,
376349,UNFAO-LEG-376349,Rift Valley fever,,Africa,Eastern Africa,Comoros,Ngazidja,Ngazidja,-11.651763,43.330917,WHO,Confirmed,Domestic - Cattle,Domestic - Cattle,31/10/2023,25/02/2024,,
376350,UNFAO-LEG-376350,Rift Valley fever,,Africa,Eastern Africa,Comoros,Ngazidja,Ngazidja,-11.651763,43.330917,WHO,Confirmed,,,31/10/2023,25/02/2024,1,
344852,UNFAO-LEG-344852,Rift Valley fever,,Africa,Eastern Africa,Uganda,Mbarara,Rwanyamahembe,-0.43333,30.55,FAO officer,Confirmed,,,10/02/2023,20/02/2023,9,1
330576,UNFAO-LEG-330576,Rift Valley fever,,Africa,Western Africa,Mauritania,Tagant,Tidjikja,18.440747,-11.550409,FAO officer,Confirmed,Domestic - Camelidae (unidentified) | Domestic - Goat/sheep ,Domestic - Camelidae (Unidentified) | Domestic - Goat/Sheep ,22/08/2022,02/09/2022,,
330338,UNFAO-LEG-330338,Rift Valley fever,,Africa,Western Africa,Mauritania,Hodh El Gharbi,Bouderguel (Commune de N'Savenni/Moughataa d'Aïoun),16.7582,-9.7654,FAO officer,Confirmed,Domestic - Camelidae (unidentified) | Domestic - Goat/sheep ,Domestic - Camelidae (Unidentified) | Domestic - Goat/Sheep ,17/08/2022,24/08/2022,,
330411,UNFAO-LEG-330411,Rift Valley fever,,Africa,Eastern Africa,Uganda,Isingiro,Isingiro,-0.838297,30.930353,WHO,Confirmed,,,24/07/2022,29/08/2022,1,1
330410,UNFAO-LEG-330410,Rift Valley fever,,Africa,Eastern Africa,Uganda,Kabale,Rubanda,-1.16,29.86,WHO,Confirmed,,,23/06/2022,29/08/2022,1,
323061,UNFAO-LEG-323061,Rift Valley fever,,Africa,Eastern Africa,Burundi,Muyinga,Masaka hill,-2.3614,30.424,National authorities,Confirmed,Domestic - Cattle | Domestic - Goat/sheep ,Domestic - Cattle | Domestic - Goat/Sheep ,16/05/2022,24/05/2022,,
322613,UNFAO-LEG-322613,Rift Valley fever,,Africa,Eastern Africa,Burundi,Ngozi,Ngozi,-2.7451,29.9885,National authorities,Confirmed,Domestic - Cattle | Domestic - Goat/sheep ,Domestic - Cattle | Domestic - Goat/Sheep ,13/04/2022,26/05/2022,,
322612,UNFAO-LEG-322612,Rift Valley fever,,Africa,Eastern Africa,Burundi,Kirundo,Kirundo,-2.5046,30.2271,National authorities,Confirmed,Domestic - Cattle | Domestic - Goat/sheep ,Domestic - Cattle | Domestic - Goat/Sheep ,10/04/2022,20/05/2022,,
319240,UNFAO-LEG-319240,Rift Valley fever,,Africa,Eastern Africa,Rwanda,South/Amajyepfo,Gikonko,-2.4953,29.8863,WOAH (former OIE),Confirmed,Domestic - Cattle,Domestic - Cattle,04/04/2022,09/04/2022,,
319241,UNFAO-LEG-319241,Rift Valley fever,,Africa,Eastern Africa,Rwanda,South/Amajyepfo,Kibilizi,-2.3453,29.9055,WOAH (former OIE),Confirmed,Domestic - Cattle,Domestic - Cattle,04/04/2022,09/04/2022,,
319239,UNFAO-LEG-319239,Rift Valley fever,,Africa,Eastern Africa,Rwanda,East/Iburasirazuba,kazo ,-2.2009,30.4876,WOAH (former OIE),Confirmed,Domestic - Cattle,Domestic - Cattle,28/03/2022,09/04/2022,,
308965,UNFAO-LEG-308965,Rift Valley fever,,Africa,Western Africa,Niger,Tahoua,Amassara (Commune of Tassara   district of Tasssara  region of Tahoua),16.8001,5.6647,WHO,Confirmed,Domestic - Goats,Domestic - Goats,22/11/2021,07/12/2021,,
304537,UNFAO-LEG-304537,Rift Valley fever,,Africa,Western Africa,Mauritania,Hodh El Gharbi,Tintane,16.4745,-10.49993,WOAH (former OIE),Confirmed,Domestic - Sheep,Domestic - Sheep,25/09/2021,30/09/2021,,
298262,UNFAO-LEG-298262,Rift Valley fever,,Africa,Eastern Africa,Kenya,Central,Kyambu province ,-1.2396,36.6601,FAO officer,Confirmed,Domestic - Cattle,Domestic - Cattle,14/06/2021,10/07/2021,,
303829,UNFAO-LEG-303829,Rift Valley fever,,Africa,Northern Africa,Libya,Tubruq (tobruk),Tbroq,31.9487,24.1443,WOAH (former OIE),Confirmed,Domestic - Goats | Domestic - Sheep,Domestic - Goats | Domestic - Sheep,09/06/2021,22/09/2021,,
303827,UNFAO-LEG-303827,Rift Valley fever,,Africa,Northern Africa,Libya,Nuqat Al Khams,Reqdaleen,32.52164,12.00416,WOAH (former OIE),Confirmed,Domestic - Goats | Domestic - Sheep,Domestic - Goats | Domestic - Sheep,08/06/2021,22/09/2021,,
303830,UNFAO-LEG-303830,Rift Valley fever,,Africa,Northern Africa,Libya,Zeleitin (zliten),Zaleten,32.4945,14.4684,WOAH (former OIE),Confirmed,Domestic - Sheep,Domestic - Sheep,08/06/2021,22/09/2021,,
303828,UNFAO-LEG-303828,Rift Valley fever,,Africa,Northern Africa,Libya,Tripoli (tarabulus),Al qara bulli,32.7367,13.7135,WOAH (former OIE),Confirmed,Domestic - Sheep,Domestic - Sheep,07/06/2021,22/09/2021,,
295356,UNFAO-LEG-295356,Rift Valley fever,,Africa,Eastern Africa,Uganda,Kiruhura,Kiruhura,-0.249316,30.843991,FAO Field Officer,Confirmed,,,05/05/2021,16/05/2021,1,1
295507,UNFAO-LEG-295507,Rift Valley fever,,Africa,Eastern Africa,Madagascar,Itasy,arivonimamo ii,-19.0024,47.1697,WOAH (former OIE),Confirmed,Domestic - Sheep,Domestic - Sheep,04/05/2021,18/05/2021,,
295508,UNFAO-LEG-295508,Rift Valley fever,,Africa,Eastern Africa,Madagascar,Itasy,arivonimamo ii,-19.0024,47.1697,WOAH (former OIE),Confirmed,Domestic - Cattle,Domestic - Cattle,04/05/2021,18/05/2021,,
295510,UNFAO-LEG-295510,Rift Valley fever,,Africa,Eastern Africa,Madagascar,Ihorombe,satrokala,-22.4025,46.1394,WOAH (former OIE),Confirmed,Domestic - Cattle,Domestic - Cattle,04/05/2021,18/05/2021,,
295521,UNFAO-LEG-295521,Rift Valley fever,,Africa,Eastern Africa,Madagascar,Sava,antalaha,-14.906,50.262,WOAH (former OIE),Confirmed,Domestic - Cattle,Domestic - Cattle,30/04/2021,18/05/2021,,
295530,UNFAO-LEG-295530,Rift Valley fever,,Africa,Eastern Africa,Madagascar,Alaotra Mangoro,anosibe ifody,-19.009,47.965,WOAH (former OIE),Confirmed,Domestic - Cattle,Domestic - Cattle,24/04/2021,18/05/2021,,
295509,UNFAO-LEG-295509,Rift Valley fever,,Africa,Eastern Africa,Madagascar,Vatovavy Fitovinany,belenoka,-21.8626,47.6034,WOAH (former OIE),Confirmed,Domestic - Cattle,Domestic - Cattle,21/04/2021,18/05/2021,,
295522,UNFAO-LEG-295522,Rift Valley fever,,Africa,Eastern Africa,Madagascar,Atsimo Andrefana,sakaraha,-22.932,44.543,WOAH (former OIE),Confirmed,Domestic - Goats,Domestic - Goats,20/04/2021,18/05/2021,,
295523,UNFAO-LEG-295523,Rift Valley fever,,Africa,Eastern Africa,Madagascar,Atsimo Andrefana,sakaraha,-22.932,44.543,WOAH (former OIE),Confirmed,Domestic - Cattle,Domestic - Cattle,20/04/2021,18/05/2021,,
295511,UNFAO-LEG-295511,Rift Valley fever,,Africa,Eastern Africa,Madagascar,Vatovavy Fitovinany,marotoko,-21.6062,47.7104,WOAH (former OIE),Confirmed,Domestic - Cattle,Domestic - Cattle,15/04/2021,18/05/2021,,
295514,UNFAO-LEG-295514,Rift Valley fever,,Africa,Eastern Africa,Madagascar,Vatovavy Fitovinany,marotoko,-21.6062,47.7104,WOAH (former OIE),Confirmed,Domestic - Cattle,Domestic - Cattle,15/04/2021,18/05/2021,,
295524,UNFAO-LEG-295524,Rift Valley fever,,Africa,Eastern Africa,Madagascar,Alaotra Mangoro,morarano chrome,-17.762,48.196,WOAH (former OIE),Confirmed,Domestic - Cattle,Domestic - Cattle,14/04/2021,18/05/2021,,
295512,UNFAO-LEG-295512,Rift Valley fever,,Africa,Eastern Africa,Madagascar,Vatovavy Fitovinany,vohipeno,-22.4686,47.8613,WOAH (former OIE),Confirmed,Domestic - Cattle,Domestic - Cattle,11/04/2021,18/05/2021,,
295504,UNFAO-LEG-295504,Rift Valley fever,,Africa,Eastern Africa,Madagascar,Vatovavy Fitovinany,manakara,-22.0231,47.9412,WOAH (former OIE),Confirmed,Domestic - Cattle,Domestic - Cattle,09/04/2021,18/05/2021,,
295505,UNFAO-LEG-295505,Rift Valley fever,,Africa,Eastern Africa,Madagascar,Atsinanana,mahanoro,-20.3327,48.6026,WOAH (former OIE),Confirmed,Domestic - Sheep,Domestic - Sheep,05/04/2021,18/05/2021,,
295506,UNFAO-LEG-295506,Rift Valley fever,,Africa,Eastern Africa,Madagascar,Atsinanana,mahanoro,-20.3327,48.6026,WOAH (former OIE),Confirmed,Domestic - Cattle,Domestic - Cattle,05/04/2021,18/05/2021,,
295525,UNFAO-LEG-295525,Rift Valley fever,,Africa,Eastern Africa,Madagascar,Vatovavy Fitovinany,nosy varika,-20.684,48.481,WOAH (former OIE),Confirmed,Domestic - Cattle,Domestic - Cattle,05/04/2021,18/05/2021,,
295513,UNFAO-LEG-295513,Rift Valley fever,,Africa,Eastern Africa,Madagascar,Atsinanana,vatomandry,-19.4329,48.9163,WOAH (former OIE),Confirmed,Domestic - Cattle,Domestic - Cattle,03/04/2021,18/05/2021,,
292987,UNFAO-LEG-292987,Rift Valley fever,,Africa,Eastern Africa,Madagascar,Vatovavy Fitovinany,Mananjary,-21.2382,48.3408,WOAH (former OIE),Confirmed,Domestic - Cattle,Domestic - Cattle,20/03/2021,11/04/2021,,
295518,UNFAO-LEG-295518,Rift Valley fever,,Africa,Eastern Africa,Madagascar,Atsimo Andrefana,toliara II,-22.524,43.674,WOAH (former OIE),Confirmed,Domestic - Goats,Domestic - Goats,17/03/2021,18/05/2021,,
295519,UNFAO-LEG-295519,Rift Valley fever,,Africa,Eastern Africa,Madagascar,Atsimo Andrefana,toliara II,-22.524,43.674,WOAH (former OIE),Confirmed,Domestic - Sheep,Domestic - Sheep,17/03/2021,18/05/2021,,
295520,UNFAO-LEG-295520,Rift Valley fever,,Africa,Eastern Africa,Madagascar,Atsimo Andrefana,toliara II,-22.524,43.674,WOAH (former OIE),Confirmed,Domestic - Cattle,Domestic - Cattle,17/03/2021,18/05/2021,,
292457,UNFAO-LEG-292457,Rift Valley fever,,Africa,Eastern Africa,Madagascar,Atsimo Andrefana,Toliary Urban,-23.3353,43.6861,WOAH (former OIE),Confirmed,Domestic - Sheep | Domestic - Cattle | Domestic - Goats,Domestic - Sheep | Domestic - Cattle | Domestic - Goats,16/03/2021,31/03/2021,,
295526,UNFAO-LEG-295526,Rift Valley fever,,Africa,Eastern Africa,Madagascar,Diana,ambanja,-13.691,48.457,WOAH (former OIE),Confirmed,Domestic - Goats,Domestic - Goats,16/03/2021,18/05/2021,,
295527,UNFAO-LEG-295527,Rift Valley fever,,Africa,Eastern Africa,Madagascar,Diana,ambanja,-13.691,48.457,WOAH (former OIE),Confirmed,Domestic - Sheep,Domestic - Sheep,16/03/2021,18/05/2021,,
295528,UNFAO-LEG-295528,Rift Valley fever,,Africa,Eastern Africa,Madagascar,Diana,ambanja,-13.691,48.457,WOAH (former OIE),Confirmed,Domestic - Cattle,Domestic - Cattle,16/03/2021,18/05/2021,,
295531,UNFAO-LEG-295531,Rift Valley fever,,Africa,Eastern Africa,Madagascar,Vatovavy Fitovinany,mananjary,-21.64,48.175,WOAH (former OIE),Confirmed,Domestic - Cattle,Domestic - Cattle,16/03/2021,18/05/2021,,
295529,UNFAO-LEG-295529,Rift Valley fever,,Africa,Eastern Africa,Madagascar,Atsimo Andrefana,morombe,-21.744,43.376,WOAH (former OIE),Confirmed,Domestic - Goats,Domestic - Goats,15/03/2021,18/05/2021,,
292456,UNFAO-LEG-292456,Rift Valley fever,,Africa,Eastern Africa,Madagascar,Atsimo Andrefana,Ankazoabo-Sud,-22.2944,44.5004,WOAH (former OIE),Confirmed,Domestic - Sheep,Domestic - Sheep,28/02/2021,02/04/2021,,
295515,UNFAO-LEG-295515,Rift Valley fever,,Africa,Eastern Africa,Madagascar,Atsimo Andrefana,Ankazoabo sud,-22.462,44.3478,WOAH (former OIE),Confirmed,Domestic - Goats,Domestic - Goats,26/02/2021,18/05/2021,,
295516,UNFAO-LEG-295516,Rift Valley fever,,Africa,Eastern Africa,Madagascar,Atsimo Andrefana,Ankazoabo sud,-22.462,44.3478,WOAH (former OIE),Confirmed,Domestic - Sheep,Domestic - Sheep,26/02/2021,18/05/2021,,
295517,UNFAO-LEG-295517,Rift Valley fever,,Africa,Eastern Africa,Madagascar,Atsimo Andrefana,Ankazoabo sud,-22.462,44.3478,WOAH (former OIE),Confirmed,Domestic - Cattle,Domestic - Cattle,26/02/2021,18/05/2021,,
288196,UNFAO-LEG-288196,Rift Valley fever,,Africa,Eastern Africa,Kenya,North Eastern,Yabicho,3.821088,41.09124,WOAH (former OIE),Confirmed,Domestic - Camelidae (unidentified),Domestic - Camelidae (Unidentified),22/01/2021,09/02/2021,,
287970,UNFAO-LEG-287970,Rift Valley fever,,Africa,Eastern Africa,Kenya,Central,Ngararia,-0.934632,37.019834,WOAH (former OIE),Confirmed,Domestic - Cattle,Domestic - Cattle,19/01/2021,29/01/2021,,
286365,UNFAO-LEG-286365,Rift Valley fever,,Africa,Eastern Africa,Kenya,North Eastern,Danyere  Balambala,0.307889,38.850756,FAO officer,Confirmed,Domestic - Sheep,Domestic - Sheep,07/12/2020,27/12/2020,,
286366,UNFAO-LEG-286366,Rift Valley fever,,Africa,Eastern Africa,Kenya,North Eastern,Qalaqal  Masalani  Ijara,-1.627194,40.240787,FAO officer,Confirmed,Domestic - Sheep | Domestic - Goats,Domestic - Sheep | Domestic - Goats,07/12/2020,27/12/2020,,
286077,UNFAO-LEG-286077,Rift Valley fever,,Africa,Eastern Africa,Kenya,Eastern,Sericho and Erisaboru  Isiolo,1.038371,38.781515,FAO officer,Confirmed,Domestic - Goats | Domestic - Sheep,Domestic - Goats | Domestic - Sheep,19/11/2020,27/12/2020,,
286975,UNFAO-LEG-286975,Rift Valley fever,,Africa,Eastern Africa,Kenya,Eastern,Korbesa,1.210698,38.78781,WOAH (former OIE),Confirmed,Domestic - Sheep | Domestic - Camelidae (unidentified),Domestic - Sheep | Domestic - Camelidae (Unidentified),19/11/2020,22/01/2021,,
282235,UNFAO-LEG-282235,Rift Valley fever,,Africa,Western Africa,Mauritania,Hodh Ech Chargi,Hodh Ech Chargi,19.33921,-7.001458,WOAH (former OIE),Confirmed,Domestic - Cattle,Domestic - Cattle,15/10/2020,13/11/2020,,
283618,UNFAO-LEG-283618,Rift Valley fever,,Africa,Western Africa,Senegal,Matam,Bokidiawé,15.88,-13.648,WHO,Confirmed,,,12/10/2020,29/11/2020,1,
280939,UNFAO-LEG-280939,Rift Valley fever,,Africa,Western Africa,Senegal,Saint louis,Ndiébène Gandiole,15.8812,-16.4999,WOAH (former OIE),Confirmed,Wild - Dorcas Gazelle,Wild - Dorcas Gazelle,05/10/2020,28/10/2020,,
283619,UNFAO-LEG-283619,Rift Valley fever,,Africa,Western Africa,Senegal,Matam,Bokidiawé,15.88,-13.648,WHO,Confirmed,,,30/09/2020,29/11/2020,1,
279081,UNFAO-LEG-279081,Rift Valley fever,,Africa,Western Africa,Mauritania,Tagant,Tahvedhnee ,18.30441,-11.37986,WOAH (former OIE),Confirmed,Domestic - Sheep,Domestic - Sheep,29/09/2020,19/10/2020,,
279588,UNFAO-LEG-279588,Rift Valley fever,,Africa,Western Africa,Mauritania,Brakna,Maal,17.28404,-13.3088,FAO Field Officer,Confirmed,Domestic - Sheep,Domestic - Sheep,28/09/2020,03/10/2020,,
279082,UNFAO-LEG-279082,Rift Valley fever,,Africa,Western Africa,Mauritania,Hodh El Gharbi,Chiva,17.24591,-10.6726,WOAH (former OIE),Confirmed,Domestic - Camelidae (unidentified),Domestic - Camelidae (Unidentified),22/09/2020,24/09/2020,,
279080,UNFAO-LEG-279080,Rift Valley fever,,Africa,Western Africa,Mauritania,Brakna,Cheggar,17.3664,-13.52815,WOAH (former OIE),Confirmed,Domestic - Camelidae (unidentified),Domestic - Camelidae (Unidentified),18/09/2020,24/09/2020,,
279079,UNFAO-LEG-279079,Rift Valley fever,,Africa,Western Africa,Mauritania,Brakna,Cheggar,17.3664,-13.52815,WOAH (former OIE),Confirmed,Domestic - Camelidae (unidentified),Domestic - Camelidae (Unidentified),17/09/2020,24/09/2020,,
278679,UNFAO-LEG-278679,Rift Valley fever,,Africa,Western Africa,Mauritania,Assaba,Kiffa,16.690592,-11.342519,WHO,Confirmed,,,04/09/2020,16/09/2020,2,2
279135,UNFAO-LEG-279135,Rift Valley fever,,Africa,Western Africa,Senegal,Saint louis,Ranch de Bango  Dépt de Saint-Louis  saint-Louis region,16.0643411,-16.4496228,FAO officer,Confirmed,Wild - Unspecified mammal,Wild - Unspecified Mammal,03/09/2020,20/09/2020,,
276685,UNFAO-LEG-276685,Rift Valley fever,,Africa,Eastern Africa,Uganda,Kabale,Kabale District,-1.25,30,FAO Field Officer,Confirmed,,,21/07/2020,30/07/2020,1,1
271734,UNFAO-LEG-271734,Rift Valley fever,,Africa,Northern Africa,Libya,Awbari (ubari),Elhamra ,26.1123,11.4921,WOAH (former OIE),Confirmed,Domestic - Sheep,Domestic - Sheep,17/04/2020,09/05/2020,,
266051,UNFAO-LEG-266051,Rift Valley fever,,Africa,Northern Africa,Libya,Awbari (ubari),South,26.1123,11.4921,WOAH (former OIE),Confirmed,Domestic - Goat/sheep ,Domestic - Goat/Sheep ,17/02/2020,27/02/2020,,
266049,UNFAO-LEG-266049,Rift Valley fever,,Africa,Northern Africa,Libya,Ash Shati,South,27.58381,14.241437,WOAH (former OIE),Confirmed,Domestic - Goat/sheep ,Domestic - Goat/Sheep ,15/02/2020,27/02/2020,,
264985,UNFAO-LEG-264985,Rift Valley fever,,Africa,Northern Africa,Libya,Al Kufrah,South east  Slaughterhouse,23.21139,22.1634,WOAH (former OIE),Confirmed,Domestic - Goat/sheep  | Domestic - Sheep,Domestic - Goat/Sheep  | Domestic - Sheep,28/01/2020,13/02/2020,,
264442,UNFAO-LEG-264442,Rift Valley fever,,Africa,Northern Africa,Libya,Al Kufrah,South east,23.491,22.0634,WOAH (former OIE),Confirmed,Domestic - Goat/sheep ,Domestic - Goat/Sheep ,25/01/2020,03/02/2020,,
264443,UNFAO-LEG-264443,Rift Valley fever,,Africa,Northern Africa,Libya,Al Kufrah,South east,23.491,22.1634,WOAH (former OIE),Confirmed,Domestic - Sheep,Domestic - Sheep,25/01/2020,03/02/2020,,
263627,UNFAO-LEG-263627,Rift Valley fever,,Africa,Northern Africa,Libya,Al Kufrah,South East. Farm 2,23.491,22.0634,WOAH (former OIE),Confirmed,Domestic - Sheep,Domestic - Sheep,12/12/2019,15/01/2020,,
263628,UNFAO-LEG-263628,Rift Valley fever,,Africa,Northern Africa,Libya,Al Kufrah,South East. Farm 1,23.491,22.0634,WOAH (former OIE),Confirmed,Domestic - Goat/sheep ,Domestic - Goat/Sheep ,12/12/2019,15/01/2020,,
262228,UNFAO-LEG-262228,Rift Valley fever,,Africa,Eastern Africa,Uganda,Ntoroko,Ntoroko,1.031252,30.385635,National authorities,Confirmed,,,05/12/2019,09/12/2019,1,1
261883,UNFAO-LEG-261883,Rift Valley fever,,Africa,Eastern Africa,Uganda,Moyo,Obongi,3.367823,31.536644,FAO ECTAD RAF,Confirmed,,,15/11/2019,02/12/2019,1,1
260621,UNFAO-LEG-260621,Rift Valley fever,,Africa,Northern Africa,Sudan,Nile,Fetwar,18.30955,33.87613,WOAH (former OIE),Confirmed,Domestic - Goats | Domestic - Sheep,Domestic - Goats | Domestic - Sheep,10/10/2019,03/11/2019,,
259644,UNFAO-LEG-259644,Rift Valley fever,,Africa,Northern Africa,Sudan,Red Sea,Arbaat dam area,19.79599,36.90413,WOAH (former OIE),Confirmed,Domestic - Goats,Domestic - Goats,25/09/2019,06/10/2019,,
259643,UNFAO-LEG-259643,Rift Valley fever,,Africa,Northern Africa,Sudan,Red Sea,Arbaat,19.8,37.04,FAO Field Officer,Confirmed,,,19/09/2019,06/10/2019,100,2
258700,UNFAO-LEG-258700,Rift Valley fever,,Africa,Middle Africa,Central African Republic,Ombella M'Poko,Bogoin village,5.33,17.63,WHO,Confirmed,,,05/08/2019,19/08/2019,1,
246200,UNFAO-LEG-246200,Rift Valley fever,,Africa,Eastern Africa,Mayotte,Administrative unit not available,Mamoudzou,-12.825298,45.149107,WHO,Confirmed,Domestic - Cattle,Domestic - Cattle,27/01/2019,01/02/2019,,
247978,UNFAO-LEG-247978,Rift Valley fever,,Africa,Eastern Africa,Kenya,Central, Kihingo ,-0.721406,37.087673,FAO Field Officer,Confirmed,Domestic - Cattle,Domestic - Cattle,25/01/2019,14/02/2019,,
247385,UNFAO-LEG-247385,Rift Valley fever,,Africa,Eastern Africa,Kenya,Central,Shamata,-0.195548,36.498871,FAO Field Officer,Confirmed,Domestic - Cattle | Domestic - Sheep,Domestic - Cattle | Domestic - Sheep,31/12/2018,14/02/2019,,
244952,UNFAO-LEG-244952,Rift Valley fever,,Africa,Eastern Africa,Mayotte,Administrative unit not available,Administrative unit not available,-12.825298,45.149107,WHO,Confirmed,,,22/11/2018,04/01/2019,5,
243281,UNFAO-LEG-243281,Rift Valley fever,,Africa,Northern Africa,Sudan,Southern Kordofan,Southern Kordofan,11.186005,29.840127,WHO,Confirmed,,,01/10/2018,21/11/2018,16,
253435,UNFAO-LEG-253435,Rift Valley fever,,Africa,Middle Africa,Chad,Batha Ouest,Wadi rimé,14.029,18.043,WOAH (former OIE),Confirmed,Wild - Dorcas Gazelle,Wild - Dorcas Gazelle,03/09/2018,20/05/2019,,
239739,UNFAO-LEG-239739,Rift Valley fever,,Africa,Eastern Africa,Uganda,Lyantonde,Lyantonde ,-0.4064197,31.1535628,WOAH (former OIE),Confirmed,Domestic - Cattle,Domestic - Cattle,02/09/2018,07/09/2018,,
239738,UNFAO-LEG-239738,Rift Valley fever,,Africa,Eastern Africa,Uganda,Mbarara,Mutonto,-0.6109532,30.6533047,WOAH (former OIE),Confirmed,Domestic - Cattle,Domestic - Cattle,12/08/2018,07/09/2018,,
239737,UNFAO-LEG-239737,Rift Valley fever,,Africa,Eastern Africa,Uganda,Isingiro,Nakivale ,-0.7898187,30.929099,WOAH (former OIE),Confirmed,Domestic - Cattle,Domestic - Cattle,08/08/2018,07/09/2018,,
238361,UNFAO-LEG-238361,Rift Valley fever,,Africa,Eastern Africa,Kenya,Eastern,Igembe central,0.237924,37.952045,WOAH (former OIE),Confirmed,Domestic - Cattle,Domestic - Cattle,02/07/2018,16/07/2018,,
238360,UNFAO-LEG-238360,Rift Valley fever,,Africa,Eastern Africa,Kenya,Rift Valley,Mogotio ,0.247183,36.067303,WOAH (former OIE),Confirmed,Domestic - Cattle,Domestic - Cattle,29/06/2018,16/07/2018,,
237701,UNFAO-LEG-237701,Rift Valley fever,,Africa,Eastern Africa,Uganda,Isingiro,Kabare village,-0.837925,30.710087,FAO Field Officer,Confirmed,,,25/06/2018,29/06/2018,1,1
238359,UNFAO-LEG-238359,Rift Valley fever,,Africa,Eastern Africa,Kenya,North Eastern,Elwak ,2.817387,40.913067,WOAH (former OIE),Confirmed,Domestic - Goat/sheep ,Domestic - Goat/Sheep ,22/06/2018,16/07/2018,,
237707,UNFAO-LEG-237707,Rift Valley fever,,Africa,Eastern Africa,Kenya,Eastern,Garbatulla ,0.549314,38.415522,WOAH (former OIE),Confirmed,Domestic - Goats,Domestic - Goats,21/06/2018,02/07/2018,,
237708,UNFAO-LEG-237708,Rift Valley fever,,Africa,Eastern Africa,Kenya,Nyanza,Siaya,0.198418,34.141077,WOAH (former OIE),Confirmed,Domestic - Goats | Domestic - Cattle | Domestic - Sheep,Domestic - Goats | Domestic - Cattle | Domestic - Sheep,21/06/2018,02/07/2018,,
237700,UNFAO-LEG-237700,Rift Valley fever,,Africa,Eastern Africa,Uganda,Kasese,Kanyatsi village in Munkunyu sub-county,0.137272,30.009475,FAO Field Officer,Confirmed,,,20/06/2018,29/06/2018,1,1
238358,UNFAO-LEG-238358,Rift Valley fever,,Africa,Eastern Africa,Kenya,Eastern,Marsabit,2.394153,37.869589,WOAH (former OIE),Confirmed,Domestic - Camelidae (unidentified) | Domestic - Sheep,Domestic - Camelidae (Unidentified) | Domestic - Sheep,18/06/2018,16/07/2018,,
237706,UNFAO-LEG-237706,Rift Valley fever,,Africa,Eastern Africa,Kenya,Eastern,Saleti,1.177155,38.611561,WOAH (former OIE),Confirmed,Domestic - Goats | Domestic - Sheep,Domestic - Goats | Domestic - Sheep,15/06/2018,02/07/2018,,
237306,UNFAO-LEG-237306,Rift Valley fever,,Africa,Eastern Africa,Kenya,Coast,Galole ,-1.284105,39.952116,WOAH (former OIE),Confirmed,Domestic - Goats,Domestic - Goats,11/06/2018,15/06/2018,,
237307,UNFAO-LEG-237307,Rift Valley fever,,Africa,Eastern Africa,Kenya,Eastern,Marsabit,2.864415,37.639611,WHO,Confirmed,,,09/06/2018,18/06/2018,11,3
237305,UNFAO-LEG-237305,Rift Valley fever,,Africa,Eastern Africa,Kenya,North Eastern,Eldas,2.492876,39.60631,WOAH (former OIE),Confirmed,Domestic - Camelidae (unidentified) | Domestic - Goats | Domestic - Sheep,Domestic - Camelidae (Unidentified) | Domestic - Goats | Domestic - Sheep,07/06/2018,15/06/2018,,
237070,UNFAO-LEG-237070,Rift Valley fever,,Africa,Eastern Africa,Kenya,North Eastern,Basir,2.327758,39.027828,WOAH (former OIE),Confirmed,Domestic - Camelidae (unidentified),Domestic - Camelidae (Unidentified),03/06/2018,07/06/2018,,
238886,UNFAO-LEG-238886,Rift Valley fever,,Africa,Eastern Africa,Rwanda,East/Iburasirazuba,Karenge,-2.267,30.638,WOAH (former OIE),Confirmed,Domestic - Cattle,Domestic - Cattle,18/05/2018,10/08/2018,,
238887,UNFAO-LEG-238887,Rift Valley fever,,Africa,Eastern Africa,Rwanda,East/Iburasirazuba,Bwiza,-2.266,30.637,WOAH (former OIE),Confirmed,Domestic - Cattle,Domestic - Cattle,18/05/2018,10/08/2018,,
238888,UNFAO-LEG-238888,Rift Valley fever,,Africa,Eastern Africa,Rwanda,East/Iburasirazuba,Gahama,-2.265,30.64,WOAH (former OIE),Confirmed,Domestic - Cattle,Domestic - Cattle,18/05/2018,10/08/2018,,
238889,UNFAO-LEG-238889,Rift Valley fever,,Africa,Eastern Africa,Rwanda,Kigali City/Umujyi wa Kigali,Umukiza,-1.951,30.109,WOAH (former OIE),Confirmed,Domestic - Cattle,Domestic - Cattle,18/05/2018,10/08/2018,,
238890,UNFAO-LEG-238890,Rift Valley fever,,Africa,Eastern Africa,Rwanda,Kigali City/Umujyi wa Kigali,Nyakabingo,-1.944,30.107,WOAH (former OIE),Confirmed,Domestic - Cattle,Domestic - Cattle,18/05/2018,10/08/2018,,
238891,UNFAO-LEG-238891,Rift Valley fever,,Africa,Eastern Africa,Rwanda,Kigali City/Umujyi wa Kigali,Rurama,-1.961,30.104,WOAH (former OIE),Confirmed,Domestic - Cattle,Domestic - Cattle,18/05/2018,10/08/2018,,
238892,UNFAO-LEG-238892,Rift Valley fever,,Africa,Eastern Africa,Rwanda,Kigali City/Umujyi wa Kigali,Agatare,-1.945,30.107,WOAH (former OIE),Confirmed,Domestic - Cattle,Domestic - Cattle,18/05/2018,10/08/2018,,
238893,UNFAO-LEG-238893,Rift Valley fever,,Africa,Eastern Africa,Rwanda,East/Iburasirazuba,Karama,-2.199,30.276,WOAH (former OIE),Confirmed,Domestic - Cattle,Domestic - Cattle,18/05/2018,10/08/2018,,
237069,UNFAO-LEG-237069,Rift Valley fever,,Africa,Eastern Africa,Kenya,North Eastern,Wajir,1.939282,40.026819,National authorities,Confirmed,,,11/05/2018,07/06/2018,78,6
236711,UNFAO-LEG-236711,Rift Valley fever,,Africa,Southern Africa,South Africa,Free State,RVF_2018_001  Letsemeng,-29.2,24.7,WOAH (former OIE),Confirmed,Domestic - Sheep,Domestic - Sheep,28/04/2018,16/05/2018,,
252068,UNFAO-LEG-252068,Rift Valley fever,,Africa,Western Africa,Senegal,Louga,Louga,15.397999,-15.690158,WOAH (former OIE),Confirmed,Domestic - Goat/sheep ,Domestic - Goat/Sheep ,31/03/2018,31/12/2018,0,0
236218,UNFAO-LEG-236218,Rift Valley fever,,Africa,Western Africa,Senegal,Kaolack,Keur Oumar,13.77,-15.87,FAO Field Officer,Denied,Domestic - Sheep,Domestic - Sheep,28/03/2018,16/04/2018,,
234621,UNFAO-LEG-234621,Rift Valley fever,,Africa,Western Africa,Senegal,Matam,Sodor,15.110542,-14.084368,FAO Field Officer,Confirmed,Domestic - Unspecified mammal,Domestic - Unspecified Mammal,28/02/2018,01/03/2018,,
233740,UNFAO-LEG-233740,Rift Valley fever,,Africa,Middle Africa,Cameroon,Centre,Yaoundé,3.86,11.51,National authorities,Suspected,,,08/01/2018,29/01/2018,3,3
233091,UNFAO-LEG-233091,Rift Valley fever,,Africa,Northern Africa,South Sudan,El Buheyrat,Wunthou,6.4044,30.2459,FAO Field Officer,Confirmed,Domestic - Cattle | Domestic - Goat/sheep ,Domestic - Cattle | Domestic - Goat/Sheep ,11/12/2017,09/01/2018,,
233488,UNFAO-LEG-233488,Rift Valley fever,,Africa,Western Africa,Gambia,Kanifing Municipal Council,Banjul,13.447413,-16.57728,WHO,Confirmed,,,10/12/2017,19/01/2018,1,1
232622,UNFAO-LEG-232622,Rift Valley fever,,Africa,Eastern Africa,Uganda,Kiruhura,Rushororo,-0.522688,30.932147,National authorities,Confirmed,,,03/12/2017,18/12/2017,1,
232199,UNFAO-LEG-232199,Rift Valley fever,,Africa,Eastern Africa,Uganda,Mityana,Mityana,0.456054,32.076864,National authorities,Confirmed,,,18/11/2017,24/11/2017,1,1
233440,UNFAO-LEG-233440,Rift Valley fever,,Africa,Eastern Africa,Uganda,Nakaseke,Nakaseke,1.003018,32.175894,National authorities,Confirmed,,,18/11/2017,24/11/2017,1,
233442,UNFAO-LEG-233442,Rift Valley fever,,Africa,Eastern Africa,Uganda,Buikwe,Buikwe,0.304799,33.038249,National authorities,Confirmed,,,18/11/2017,24/11/2017,1,1
232198,UNFAO-LEG-232198,Rift Valley fever,,Africa,Eastern Africa,Uganda,Kiboga,Leporome forest reserve,0.857924,31.928599,National authorities,Confirmed,,,14/11/2017,24/11/2017,1,1
230131,UNFAO-LEG-230131,Rift Valley fever,,Africa,Western Africa,Nigeria,Sokoto,Illela,13.5446,4.3538,WOAH (former OIE),Confirmed,Domestic - Cattle,Domestic - Cattle,11/07/2017,24/07/2017,,
230132,UNFAO-LEG-230132,Rift Valley fever,,Africa,Western Africa,Nigeria,Adamawa,Mubi,9.0979,12.697,WOAH (former OIE),Confirmed,Domestic - Cattle,Domestic - Cattle,11/07/2017,24/07/2017,,
230133,UNFAO-LEG-230133,Rift Valley fever,,Africa,Western Africa,Nigeria,Borno,Gamboron Ngala,13.3469,13.6076,WOAH (former OIE),Confirmed,Domestic - Cattle,Domestic - Cattle,11/07/2017,24/07/2017,,
230134,UNFAO-LEG-230134,Rift Valley fever,,Africa,Western Africa,Nigeria,Borno,Minjibir,13.3469,13.6076,WOAH (former OIE),Confirmed,Domestic - Cattle,Domestic - Cattle,11/07/2017,24/07/2017,,
228863,UNFAO-LEG-228863,Rift Valley fever,,Africa,Western Africa,Mali,Koulikoro,Kolotibougou  Ouelessebougou,11.98886,-7.911,WHO,Confirmed,,,04/06/2017,07/07/2017,1,
223547,UNFAO-LEG-223547,Rift Valley fever,,Africa,Western Africa,Mali,Tombouctou,Goundam,19.533025,-5.214179,Media,Suspected,,,28/01/2017,06/02/2017,1,
223548,UNFAO-LEG-223548,Rift Valley fever,,Africa,Western Africa,Mali,Tombouctou,Goundam,19.533025,-5.214179,Media,Suspected,,,28/01/2017,06/02/2017,1,
223546,UNFAO-LEG-223546,Rift Valley fever,,Africa,Western Africa,Mali,Tombouctou,Goundam,19.533025,-5.214179,Media,Suspected,,,27/01/2017,06/02/2017,1,1
222902,UNFAO-LEG-222902,Rift Valley fever,,Africa,Western Africa,Mali,Gao,Andéramboukane,15.912,2.401,WOAH (former OIE),Confirmed,Domestic - Goat/sheep ,Domestic - Goat/Sheep ,24/10/2016,27/01/2017,,
216545,UNFAO-LEG-216545,Rift Valley fever,,Africa,Western Africa,Niger,Tahoua,TASNALA,16.8,5.65,WOAH (former OIE),Confirmed,Domestic - Cattle | Domestic - Goat/sheep ,Domestic - Cattle | Domestic - Goat/Sheep ,04/09/2016,19/09/2016,,
216896,UNFAO-LEG-216896,Rift Valley fever,,Africa,Western Africa,Niger,Tahoua,Tasnala,16.84455,5.09942,National authorities,Confirmed,,,04/09/2016,18/09/2016,1,
216897,UNFAO-LEG-216897,Rift Valley fever,,Africa,Western Africa,Niger,Tahoua,Tasnala,16.84455,5.09942,National authorities,Confirmed,,,04/09/2016,18/09/2016,1,
216898,UNFAO-LEG-216898,Rift Valley fever,,Africa,Western Africa,Niger,Tahoua,Ozaghar,16.84455,5.09942,National authorities,Confirmed,,,04/09/2016,18/09/2016,1,
216895,UNFAO-LEG-216895,Rift Valley fever,,Africa,Western Africa,Niger,Tahoua,Tchinamas,16.84455,5.09942,National authorities,Confirmed,,,03/09/2016,18/09/2016,1,
216890,UNFAO-LEG-216890,Rift Valley fever,,Africa,Western Africa,Niger,Tahoua,Aze'lik,16.84455,5.09942,National authorities,Confirmed,,,02/09/2016,18/09/2016,1,
216892,UNFAO-LEG-216892,Rift Valley fever,,Africa,Western Africa,Niger,Tahoua,Bargot,16.84455,5.09942,National authorities,Confirmed,,,02/09/2016,18/09/2016,1,
216893,UNFAO-LEG-216893,Rift Valley fever,,Africa,Western Africa,Niger,Tahoua,Aouguissis,16.84455,5.09942,National authorities,Confirmed,,,02/09/2016,18/09/2016,1,1
216894,UNFAO-LEG-216894,Rift Valley fever,,Africa,Western Africa,Niger,Tahoua,Amassara,16.84455,5.09942,National authorities,Confirmed,,,02/09/2016,18/09/2016,1,
217061,UNFAO-LEG-217061,Rift Valley fever,,Africa,Western Africa,Niger,Tahoua,Garou,16.84455,5.099422,National authorities,Suspected,Domestic - Unspecified mammal,Domestic - Unspecified Mammal,02/09/2016,18/09/2016,,
216882,UNFAO-LEG-216882,Rift Valley fever,,Africa,Western Africa,Niger,Tahoua,Maya,16.84455,5.09942,National authorities,Confirmed,,,01/09/2016,18/09/2016,1,1
216889,UNFAO-LEG-216889,Rift Valley fever,,Africa,Western Africa,Niger,Tahoua,Ajimile',16.84455,5.09942,National authorities,Confirmed,,,01/09/2016,18/09/2016,1,1
216891,UNFAO-LEG-216891,Rift Valley fever,,Africa,Western Africa,Niger,Tahoua,Aouguissis,16.84455,5.09942,National authorities,Confirmed,,,01/09/2016,18/09/2016,1,
216883,UNFAO-LEG-216883,Rift Valley fever,,Africa,Western Africa,Niger,Tahoua,Maya,16.84455,5.09942,National authorities,Confirmed,,,29/08/2016,18/09/2016,1,
216866,UNFAO-LEG-216866,Rift Valley fever,,Africa,Western Africa,Niger,Tahoua,Tasnala,16.84455,5.09942,National authorities,Confirmed,,,28/08/2016,18/09/2016,1,1
216879,UNFAO-LEG-216879,Rift Valley fever,,Africa,Western Africa,Niger,Tahoua,Egawane,16.84455,5.09942,National authorities,Confirmed,,,28/08/2016,18/09/2016,1,
216865,UNFAO-LEG-216865,Rift Valley fever,,Africa,Western Africa,Niger,Tahoua,Tasnala,16.84455,5.09942,National authorities,Confirmed,,,26/08/2016,18/09/2016,1,1
216878,UNFAO-LEG-216878,Rift Valley fever,,Africa,Western Africa,Niger,Tahoua,Maglaloum,16.84455,5.09942,National authorities,Confirmed,,,25/08/2016,18/09/2016,1,1
216881,UNFAO-LEG-216881,Rift Valley fever,,Africa,Western Africa,Niger,Tahoua,Maya,16.84455,5.09942,National authorities,Confirmed,,,23/08/2016,18/09/2016,1,1
216871,UNFAO-LEG-216871,Rift Valley fever,,Africa,Western Africa,Niger,Tahoua,Ajimile',16.84455,5.09942,National authorities,Confirmed,,,22/08/2016,18/09/2016,1,1
216877,UNFAO-LEG-216877,Rift Valley fever,,Africa,Western Africa,Niger,Tahoua,Aouguissis,16.84455,5.09942,National authorities,Confirmed,,,22/08/2016,18/09/2016,1,
216880,UNFAO-LEG-216880,Rift Valley fever,,Africa,Western Africa,Niger,Tahoua,Maya,16.84455,5.09942,National authorities,Confirmed,,,22/08/2016,18/09/2016,1,1
216876,UNFAO-LEG-216876,Rift Valley fever,,Africa,Western Africa,Niger,Tahoua,Maglaloum,16.84455,5.09942,National authorities,Confirmed,,,20/08/2016,18/09/2016,1,1
216875,UNFAO-LEG-216875,Rift Valley fever,,Africa,Western Africa,Niger,Tahoua,Jigui,16.84455,5.09942,National authorities,Confirmed,,,19/08/2016,18/09/2016,1,1
216873,UNFAO-LEG-216873,Rift Valley fever,,Africa,Western Africa,Niger,Tahoua,Maya,16.84455,5.09942,National authorities,Confirmed,,,17/08/2016,18/09/2016,1,1
216888,UNFAO-LEG-216888,Rift Valley fever,,Africa,Western Africa,Niger,Tahoua,Amatactak,16.84455,5.09942,National authorities,Confirmed,,,16/08/2016,18/09/2016,1,1
216874,UNFAO-LEG-216874,Rift Valley fever,,Africa,Western Africa,Niger,Tahoua,Tasnala,16.84455,5.09942,National authorities,Confirmed,,,15/08/2016,18/09/2016,1,1
216885,UNFAO-LEG-216885,Rift Valley fever,,Africa,Western Africa,Niger,Tahoua,Aze'lik,16.84455,5.09942,National authorities,Confirmed,,,15/08/2016,18/09/2016,1,1
216870,UNFAO-LEG-216870,Rift Valley fever,,Africa,Western Africa,Niger,Tahoua,Maya,16.84455,5.09942,National authorities,Confirmed,,,14/08/2016,18/09/2016,1,
216872,UNFAO-LEG-216872,Rift Valley fever,,Africa,Western Africa,Niger,Tahoua,Egawane,16.84455,5.09942,National authorities,Confirmed,,,14/08/2016,18/09/2016,1,1
216887,UNFAO-LEG-216887,Rift Valley fever,,Africa,Western Africa,Niger,Tahoua,Bazagor,16.84455,5.09942,National authorities,Confirmed,,,14/08/2016,18/09/2016,1,
216867,UNFAO-LEG-216867,Rift Valley fever,,Africa,Western Africa,Niger,Tahoua,Tagigalt,16.84455,5.09942,National authorities,Confirmed,,,13/08/2016,18/09/2016,1,1
216869,UNFAO-LEG-216869,Rift Valley fever,,Africa,Western Africa,Niger,Tahoua,Ajimile',16.84455,5.09942,National authorities,Confirmed,,,13/08/2016,18/09/2016,1,
216884,UNFAO-LEG-216884,Rift Valley fever,,Africa,Western Africa,Niger,Tahoua,Ajangafa,16.84455,5.09942,National authorities,Confirmed,,,13/08/2016,18/09/2016,1,1
216863,UNFAO-LEG-216863,Rift Valley fever,,Africa,Western Africa,Niger,Tahoua,Tasnala,16.84455,5.09942,National authorities,Confirmed,,,11/08/2016,18/09/2016,1,1
216864,UNFAO-LEG-216864,Rift Valley fever,,Africa,Western Africa,Niger,Tahoua,Tasnala,16.84455,5.09942,National authorities,Confirmed,,,11/08/2016,18/09/2016,1,1
216886,UNFAO-LEG-216886,Rift Valley fever,,Africa,Western Africa,Niger,Tahoua,Transhuma,16.84455,5.09942,National authorities,Confirmed,,,08/08/2016,18/09/2016,1,
216868,UNFAO-LEG-216868,Rift Valley fever,,Africa,Western Africa,Niger,Tahoua,Egawane,16.84455,5.09942,National authorities,Confirmed,,,02/08/2016,18/09/2016,1,
211665,UNFAO-LEG-211665,Rift Valley fever,,Africa,Eastern Africa,Uganda,Kabale,Kashenyi,-1.241956,29.985616,WOAH (former OIE),Confirmed,Domestic - Goats,Domestic - Goats,15/03/2016,01/04/2016,,
211349,UNFAO-LEG-211349,Rift Valley fever,,Africa,Eastern Africa,Uganda,Kabale,Kabale ,-1.26595,29.99283,National authorities,Confirmed,,,04/03/2016,15/03/2016,1,
211350,UNFAO-LEG-211350,Rift Valley fever,,Africa,Eastern Africa,Uganda,Kabale,Kamuganguzi,-1.26595,29.99283,National authorities,Confirmed,,,03/03/2016,15/03/2016,1,
208238,UNFAO-LEG-208238,Rift Valley fever,,Africa,Western Africa,Mauritania,Assaba,Kiffa,16.625,-11.405,WOAH (former OIE),Confirmed,Domestic - Goat/sheep ,Domestic - Goat/Sheep ,11/10/2015,06/11/2015,,
208237,UNFAO-LEG-208237,Rift Valley fever,,Africa,Western Africa,Mauritania,Brakna,Magta lahjar ville,17.8,-12.989,WOAH (former OIE),Confirmed,Domestic - Goat/sheep ,Domestic - Goat/Sheep ,09/10/2015,06/11/2015,,
208236,UNFAO-LEG-208236,Rift Valley fever,,Africa,Western Africa,Mauritania,Tagant,Moudjéria,17.848,-12.254,WOAH (former OIE),Confirmed,Domestic - Goat/sheep ,Domestic - Goat/Sheep ,06/10/2015,06/11/2015,,
207778,UNFAO-LEG-207778,Rift Valley fever,,Africa,Western Africa,Mauritania,Trarza,Nouakchott ,18.118087,-15.442103,Publications,Suspected,,,02/10/2015,08/10/2015,15,4
208235,UNFAO-LEG-208235,Rift Valley fever,,Africa,Western Africa,Mauritania,Brakna,Brakna,17.20923,-13.75129,WOAH (former OIE),Confirmed,Domestic - Goat/sheep ,Domestic - Goat/Sheep ,29/09/2015,06/11/2015,,
191320,UNFAO-LEG-191320,Rift Valley fever,,Africa,Southern Africa,Botswana,South-East,Bela Bela  Gaborone,-24.6753,25.9729,WOAH (former OIE),Confirmed,Domestic - Cattle | Domestic - Goats,Domestic - Cattle | Domestic - Goats,07/08/2014,16/09/2014,,
187886,UNFAO-LEG-187886,Rift Valley fever,,Africa,Southern Africa,Botswana,Chobe,Mabele  Tinto Crush  Chobe west,-18.396666,24.710138,WOAH (former OIE),Confirmed,Domestic - cattle,Domestic - Cattle,25/07/2014,25/07/2014,,
199966,UNFAO-LEG-199966,Rift Valley fever,,Africa,Middle Africa,Chad,Lac,Lac  Bol  Chad,13.750505,14.176988,Publications,Confirmed,Domestic - cattle | Domestic - sheep | Domestic - Goats,Domestic - Cattle | Domestic - Sheep | Domestic - Goats,01/01/2014,01/01/2014,,
181757,UNFAO-LEG-181757,Rift Valley fever,,Africa,Western Africa,Mauritania,Guidimakha,Selibaby,15.1889,-12.3074,WOAH (former OIE),Confirmed,Domestic - Goat/sheep ,Domestic - Goat/Sheep ,27/10/2013,17/11/2013,,
181535,UNFAO-LEG-181535,Rift Valley fever,,Africa,Western Africa,Mauritania,Brakna,KADJEL ABOU,16.456603,-13.948178,WOAH (former OIE),Confirmed,Domestic - Goat/sheep ,Domestic - Goat/Sheep ,10/10/2013,17/10/2013,,
183404,UNFAO-LEG-183404,Rift Valley fever,,Africa,Western Africa,Senegal,Dakar,Sangalkhame,14.826792,-17.245701,WOAH (former OIE),Confirmed,Domestic - Cattle,Domestic - Cattle,10/10/2013,14/03/2014,,
181534,UNFAO-LEG-181534,Rift Valley fever,,Africa,Western Africa,Mauritania,Brakna,TADRESSA,17.650128,-13.061421,WOAH (former OIE),Confirmed,Domestic - sheep,Domestic - Sheep,08/10/2013,17/10/2013,,
181533,UNFAO-LEG-181533,Rift Valley fever,,Africa,Western Africa,Mauritania,Trarza,PK 60,17.11608,-15.772418,WOAH (former OIE),Confirmed,Domestic - Camelidae (unidentified),Domestic - Camelidae (Unidentified),01/10/2013,17/10/2013,,
179149,UNFAO-LEG-179149,Rift Valley fever,,Africa,Western Africa,Senegal,Saint louis,Guinthe Ndiaye  Ngnith  Ndiaye,15.971207,-16.322756,WOAH (former OIE),Confirmed,Domestic - Goats,Domestic - Goats,19/09/2013,10/10/2013,,
181532,UNFAO-LEG-181532,Rift Valley fever,,Africa,Western Africa,Mauritania,Trarza,CHGARA,16.657182,-15.694209,WOAH (former OIE),Confirmed,Domestic - Goat/sheep ,Domestic - Goat/Sheep ,17/09/2013,17/10/2013,,
179148,UNFAO-LEG-179148,Rift Valley fever,,Africa,Western Africa,Senegal,Saint louis,Diama Peulh  Diama  Ndiaye,15.971207,-16.322756,WOAH (former OIE),Confirmed,Domestic - Goats,Domestic - Goats,16/09/2013,10/10/2013,,
178910,UNFAO-LEG-178910,Rift Valley fever,,Africa,Western Africa,Senegal,Saint louis,Gueumbeul ,15.8993,-16.5138,WOAH (former OIE),Confirmed,Wild - Dorcas gazelle: Gazella dorcas(Bovidae),Wild - Dorcas Gazelle: Gazella Dorcas(Bovidae),10/09/2013,20/09/2013,,
199986,UNFAO-LEG-199986,Rift Valley fever,,Africa,Eastern Africa,Kenya,North Eastern,Ijara District  Kenya (Last outbreak: 2006/2007),-1.581111,40.520277,Publications,Confirmed,Domestic - cattle,Domestic - Cattle,01/05/2013,12/08/2014,,
199995,UNFAO-LEG-199995,Rift Valley fever,,Africa,Western Africa,Senegal,Kedougou,Baya Village  KedougouTambacounda  Senegal,12.46388,-12.46833,Publications,Confirmed,,,16/10/2012,16/10/2012,,
173505,UNFAO-LEG-173505,Rift Valley fever,,Africa,Western Africa,Mauritania,Trarza,Rosso,16.657182,-15.694209,WHO,Confirmed,,,16/09/2012,30/10/2012,1,0
173506,UNFAO-LEG-173506,Rift Valley fever,,Africa,Western Africa,Mauritania,Tagant,Moudjeria,18.01249,-12.16186,WHO,Confirmed,,,16/09/2012,30/10/2012,5,3
173507,UNFAO-LEG-173507,Rift Valley fever,,Africa,Western Africa,Mauritania,Tagant,Tidjikja,18.440747,-11.550409,WHO,Confirmed,,,16/09/2012,30/10/2012,5,4
173508,UNFAO-LEG-173508,Rift Valley fever,,Africa,Western Africa,Mauritania,Assaba,Kiffa,16.690592,-11.342519,WHO,Confirmed,,,16/09/2012,30/10/2012,1,0
173509,UNFAO-LEG-173509,Rift Valley fever,,Africa,Western Africa,Mauritania,Assaba,Guerou,16.875709,-11.929931,WHO,Confirmed,,,16/09/2012,30/10/2012,1,1
173510,UNFAO-LEG-173510,Rift Valley fever,,Africa,Western Africa,Mauritania,Hodh El Gharbi,Tintane,15.952789,-10.293721,WHO,Confirmed,,,16/09/2012,30/10/2012,3,1
173516,UNFAO-LEG-173516,Rift Valley fever,,Africa,Western Africa,Mauritania,Hodh El Gharbi,Tamchekket,17.116964,-10.443437,WHO,Confirmed,,,16/09/2012,30/10/2012,3,2
173517,UNFAO-LEG-173517,Rift Valley fever,,Africa,Western Africa,Mauritania,Hodh Ech Chargi,Amourj,15.896248,-6.945144,WHO,Confirmed,,,16/09/2012,30/10/2012,1,1
173518,UNFAO-LEG-173518,Rift Valley fever,,Africa,Western Africa,Mauritania,Hodh Ech Chargi,Nema,16.459425,-7.327047,WHO,Confirmed,,,16/09/2012,30/10/2012,2,1
173519,UNFAO-LEG-173519,Rift Valley fever,,Africa,Western Africa,Mauritania,Hodh Ech Chargi,Nbeiket Lahouch,19.33921,-7.001458,WHO,Confirmed,,,16/09/2012,30/10/2012,1,0
173520,UNFAO-LEG-173520,Rift Valley fever,,Africa,Western Africa,Mauritania,Hodh Ech Chargi,Djigueni,16.018538,-8.784562,WHO,Confirmed,,,16/09/2012,30/10/2012,2,0
173521,UNFAO-LEG-173521,Rift Valley fever,,Africa,Western Africa,Mauritania,Brakna,Magta-lahjar,17.650128,-13.061421,WHO,Confirmed,,,16/09/2012,30/10/2012,3,2
173522,UNFAO-LEG-173522,Rift Valley fever,,Africa,Western Africa,Mauritania,Brakna,Aleg,16.995544,-13.680257,WHO,Confirmed,,,16/09/2012,30/10/2012,2,0
173523,UNFAO-LEG-173523,Rift Valley fever,,Africa,Western Africa,Mauritania,Brakna,Bababe,16.456603,-13.948178,WHO,Confirmed,,,16/09/2012,30/10/2012,1,0
172877,UNFAO-LEG-172877,Rift Valley fever,,Africa,Western Africa,Mauritania,Trarza,Ouad Naga,18.4216874214,-15.4062399701,National authorities,Confirmed,,,15/09/2012,27/09/2012,3,2
199967,UNFAO-LEG-199967,Rift Valley fever,,Africa,Eastern Africa,Comoros,Ngazidja,Grande Comore  Ngazidja  Comoros,-11.586111,43.333055,Publications,Confirmed,Domestic - Goats,Domestic - Goats,01/08/2011,31/07/2014,,
199968,UNFAO-LEG-199968,Rift Valley fever,,Africa,Eastern Africa,Comoros,Anjouan,Anjouan  Anjouan  Comoros,-12.25,44.416666,Publications,Confirmed,Domestic - Goats,Domestic - Goats,01/08/2011,31/07/2014,,
200060,UNFAO-LEG-200060,Rift Valley fever,,Africa,Eastern Africa,Comoros,Ngazidja,Moheli,-11.651763,43.330917,Publications,Confirmed,Domestic - Goats,Domestic - Goats,01/08/2011,31/07/2014,,
164457,UNFAO-LEG-164457,Rift Valley fever,,Africa,Southern Africa,South Africa,Western Cape,RVF_WCP_045,-32.40055556,22.42333333,WOAH (former OIE),Confirmed,Wild - Springbok,Wild - Springbok,29/07/2011,26/08/2011,,
164458,UNFAO-LEG-164458,Rift Valley fever,,Africa,Southern Africa,South Africa,Western Cape,RVF_WCP_044,-34.06508333,18.87177778,WOAH (former OIE),Confirmed,Wild - Springbok,Wild - Springbok,23/07/2011,26/08/2011,,
163839,UNFAO-LEG-163839,Rift Valley fever,,Africa,Southern Africa,South Africa,Western Cape,RVF_WCP_038,-32.935411,18.76325,WOAH (former OIE),Confirmed,Domestic - cattle | Domestic - sheep,Domestic - Cattle | Domestic - Sheep,09/06/2011,12/07/2011,,
163833,UNFAO-LEG-163833,Rift Valley fever,,Africa,Southern Africa,South Africa,Northern Cape,RVF_NCP_008,-28.450278,21.305,WOAH (former OIE),Confirmed,Domestic - sheep,Domestic - Sheep,06/06/2011,12/07/2011,,
163247,UNFAO-LEG-163247,Rift Valley fever,,Africa,Southern Africa,Namibia,Oshikoto,Onankali,-19.248534,17.722027,WOAH (former OIE),Confirmed,Domestic - Goats,Domestic - Goats,03/06/2011,16/06/2011,,
163840,UNFAO-LEG-163840,Rift Valley fever,,Africa,Southern Africa,South Africa,Western Cape,RVF_WCP_039,-31.586667,18.2425,WOAH (former OIE),Confirmed,Domestic - sheep,Domestic - Sheep,26/05/2011,12/07/2011,,
163661,UNFAO-LEG-163661,Rift Valley fever,,Africa,Southern Africa,South Africa,Western Cape,RVF_WCP_034,-33.9675,20.01861111,WOAH (former OIE),Confirmed,Domestic - cattle,Domestic - Cattle,25/05/2011,27/06/2011,,
163824,UNFAO-LEG-163824,Rift Valley fever,,Africa,Southern Africa,South Africa,Western Cape,RVF_WCP_035,-33.908333,19.109167,WOAH (former OIE),Confirmed,Domestic - cattle,Domestic - Cattle,23/05/2011,12/07/2011,,
164455,UNFAO-LEG-164455,Rift Valley fever,,Africa,Southern Africa,South Africa,Eastern Cape,RVF_ECP_075,-32.04569444,25.55030556,WOAH (former OIE),Confirmed,Domestic - cattle,Domestic - Cattle,23/05/2011,26/08/2011,,
163831,UNFAO-LEG-163831,Rift Valley fever,,Africa,Southern Africa,South Africa,Eastern Cape,RVF_ECP_056,-34.004417,24.210583,WOAH (former OIE),Confirmed,Domestic - cattle,Domestic - Cattle,20/05/2011,12/07/2011,,
163838,UNFAO-LEG-163838,Rift Valley fever,,Africa,Southern Africa,South Africa,Eastern Cape,RVF_ECP_058,-33.940278,24.985833,WOAH (former OIE),Confirmed,Domestic - cattle,Domestic - Cattle,20/05/2011,12/07/2011,,
164058,UNFAO-LEG-164058,Rift Valley fever,,Africa,Southern Africa,South Africa,Eastern Cape,RVF_ECP_071,-32.46666667,23.86666667,WOAH (former OIE),Confirmed,Domestic - sheep,Domestic - Sheep,20/05/2011,02/08/2011,,
163837,UNFAO-LEG-163837,Rift Valley fever,,Africa,Southern Africa,South Africa,Eastern Cape,RVF_ECP_057,-34.135833,24.598056,WOAH (former OIE),Confirmed,Domestic - cattle,Domestic - Cattle,13/05/2011,12/07/2011,,
163846,UNFAO-LEG-163846,Rift Valley fever,,Africa,Southern Africa,South Africa,Western Cape,RVF_WCP_036,-33.059722,22.5075,WOAH (former OIE),Confirmed,Domestic - sheep,Domestic - Sheep,13/05/2011,12/07/2011,,
163126,UNFAO-LEG-163126,Rift Valley fever,,Africa,Southern Africa,South Africa,Western Cape,RVF_WCP_031,-31.88491667,23.71494444,WOAH (former OIE),Confirmed,Domestic - sheep,Domestic - Sheep,11/05/2011,10/06/2011,,
163827,UNFAO-LEG-163827,Rift Valley fever,,Africa,Southern Africa,South Africa,Eastern Cape,RVF_ECP_067,-32.163639,25.977889,WOAH (former OIE),Confirmed,Domestic - sheep,Domestic - Sheep,09/05/2011,12/07/2011,,
163093,UNFAO-LEG-163093,Rift Valley fever,,Africa,Southern Africa,Namibia,Oshikoto,Omuthiya,-18.35,16.58,WOAH (former OIE),Confirmed,Domestic - Goats,Domestic - Goats,04/05/2011,07/06/2011,,
163844,UNFAO-LEG-163844,Rift Valley fever,,Africa,Southern Africa,South Africa,Eastern Cape,RVF_ECP_059,-34.045833,24.16,WOAH (former OIE),Confirmed,Domestic - cattle,Domestic - Cattle,04/05/2011,12/07/2011,,
163847,UNFAO-LEG-163847,Rift Valley fever,,Africa,Southern Africa,South Africa,Western Cape,RVF_WCP_037,-33.695,19.698611,WOAH (former OIE),Confirmed,Domestic - sheep,Domestic - Sheep,04/05/2011,12/07/2011,,
164057,UNFAO-LEG-164057,Rift Valley fever,,Africa,Southern Africa,South Africa,Western Cape,RVF_WCP_043,-34.41388889,19.42083333,WOAH (former OIE),Confirmed,Domestic - sheep,Domestic - Sheep,28/04/2011,02/08/2011,,
163123,UNFAO-LEG-163123,Rift Valley fever,,Africa,Southern Africa,South Africa,Western Cape,RVF_WCP_029,-32.82152778,19.26311111,WOAH (former OIE),Confirmed,Domestic - sheep,Domestic - Sheep,23/04/2011,10/06/2011,,
162950,UNFAO-LEG-162950,Rift Valley fever,,Africa,Southern Africa,South Africa,Northern Cape,RVF_NCP_005,-30.8049,24.41778,WOAH (former OIE),Confirmed,Domestic - sheep,Domestic - Sheep,20/04/2011,25/05/2011,,
163127,UNFAO-LEG-163127,Rift Valley fever,,Africa,Southern Africa,South Africa,Eastern Cape,RVF_WCP_051,-33.21666667,22.86666667,WOAH (former OIE),Confirmed,Domestic - sheep | Domestic - Goats,Domestic - Sheep | Domestic - Goats,19/04/2011,10/06/2011,,
162935,UNFAO-LEG-162935,Rift Valley fever,,Africa,Southern Africa,South Africa,Eastern Cape,RVF_ECP_038,-32.8611,25.55278,WOAH (former OIE),Confirmed,Domestic - sheep,Domestic - Sheep,18/04/2011,25/05/2011,,
162944,UNFAO-LEG-162944,Rift Valley fever,,Africa,Southern Africa,South Africa,Eastern Cape,RVF_ECP_030,-32.4,23.71667,WOAH (former OIE),Confirmed,Domestic - sheep,Domestic - Sheep,18/04/2011,25/05/2011,,
162937,UNFAO-LEG-162937,Rift Valley fever,,Africa,Southern Africa,South Africa,Northern Cape,RVF_NCP_006,-31.2587,22.28208,WOAH (former OIE),Confirmed,Domestic - sheep,Domestic - Sheep,15/04/2011,25/05/2011,,
163828,UNFAO-LEG-163828,Rift Valley fever,,Africa,Southern Africa,South Africa,Eastern Cape,RVF_ECP_069,-31.555,24.806306,WOAH (former OIE),Confirmed,Domestic - sheep,Domestic - Sheep,15/04/2011,12/07/2011,,
163834,UNFAO-LEG-163834,Rift Valley fever,,Africa,Southern Africa,South Africa,Western Cape,RVF_WCP_040,-32.662778,22.930278,WOAH (former OIE),Confirmed,Domestic - Goats,Domestic - Goats,15/04/2011,12/07/2011,,
163841,UNFAO-LEG-163841,Rift Valley fever,,Africa,Southern Africa,South Africa,Eastern Cape,RVF_ECP_055,-34.001667,23.939444,WOAH (former OIE),Confirmed,Domestic - cattle,Domestic - Cattle,15/04/2011,12/07/2011,,
163128,UNFAO-LEG-163128,Rift Valley fever,,Africa,Southern Africa,South Africa,Western Cape,RVF_WCP_026,-32.8717,23.06361,WOAH (former OIE),Confirmed,Domestic - sheep | Domestic - Goats,Domestic - Sheep | Domestic - Goats,14/04/2011,10/06/2011,,
163826,UNFAO-LEG-163826,Rift Valley fever,,Africa,Southern Africa,South Africa,Eastern Cape,RVF_ECP_065,-31.384861,25.076167,WOAH (former OIE),Confirmed,Domestic - Camelidae (unidentified),Domestic - Camelidae (Unidentified),14/04/2011,12/07/2011,,
163832,UNFAO-LEG-163832,Rift Valley fever,,Africa,Southern Africa,South Africa,Eastern Cape,RVF_ECP_063,-31.903,25.453861,WOAH (former OIE),Confirmed,Domestic - cattle | Domestic - sheep,Domestic - Cattle | Domestic - Sheep,13/04/2011,12/07/2011,,
163836,UNFAO-LEG-163836,Rift Valley fever,,Africa,Southern Africa,South Africa,Eastern Cape,RVF_ECP_068,-31.557444,24.930833,WOAH (former OIE),Confirmed,Domestic - sheep,Domestic - Sheep,13/04/2011,12/07/2011,,
162929,UNFAO-LEG-162929,Rift Valley fever,,Africa,Southern Africa,South Africa,Eastern Cape,RVF_ECP_034,-32.3833,24.05,WOAH (former OIE),Confirmed,Domestic - sheep,Domestic - Sheep,11/04/2011,25/05/2011,,
162934,UNFAO-LEG-162934,Rift Valley fever,,Africa,Southern Africa,South Africa,Eastern Cape,RVF_ECP_036,-33.0478,24.33083,WOAH (former OIE),Confirmed,Domestic - sheep,Domestic - Sheep,11/04/2011,25/05/2011,,
162936,UNFAO-LEG-162936,Rift Valley fever,,Africa,Southern Africa,South Africa,Northern Cape,RVF_NCP_004,-29.8021,24.4005,WOAH (former OIE),Confirmed,Domestic - sheep,Domestic - Sheep,11/04/2011,25/05/2011,,
162939,UNFAO-LEG-162939,Rift Valley fever,,Africa,Southern Africa,South Africa,Eastern Cape,RVF_ECP_035,-31.8884,26.86925,WOAH (former OIE),Confirmed,Domestic - Goats,Domestic - Goats,11/04/2011,25/05/2011,,
162947,UNFAO-LEG-162947,Rift Valley fever,,Africa,Southern Africa,South Africa,Eastern Cape,RVF_ECP_037,-32.2963,24.00206,WOAH (former OIE),Confirmed,Domestic - sheep,Domestic - Sheep,11/04/2011,25/05/2011,,
163124,UNFAO-LEG-163124,Rift Valley fever,,Africa,Southern Africa,South Africa,Western Cape,RVF_WCP_030,-32.90861111,18.80888889,WOAH (former OIE),Confirmed,Domestic - sheep,Domestic - Sheep,10/04/2011,10/06/2011,,
164456,UNFAO-LEG-164456,Rift Valley fever,,Africa,Southern Africa,South Africa,Eastern Cape,RVF_ECP_074,-33.33002778,24.88186111,WOAH (former OIE),Confirmed,Domestic - sheep,Domestic - Sheep,10/04/2011,26/08/2011,,
162933,UNFAO-LEG-162933,Rift Valley fever,,Africa,Southern Africa,South Africa,Eastern Cape,RVF_ECP_046,-33.0203,25.78667,WOAH (former OIE),Confirmed,Domestic - sheep,Domestic - Sheep,09/04/2011,25/05/2011,,
163122,UNFAO-LEG-163122,Rift Valley fever,,Africa,Southern Africa,South Africa,Western Cape,RVF_WCP_027,-32.37833333,22.81222222,WOAH (former OIE),Confirmed,Domestic - sheep,Domestic - Sheep,09/04/2011,10/06/2011,,
163843,UNFAO-LEG-163843,Rift Valley fever,,Africa,Southern Africa,South Africa,Eastern Cape,RVF_ECP_064,-32.032583,25.541889,WOAH (former OIE),Confirmed,Domestic - sheep,Domestic - Sheep,09/04/2011,12/07/2011,,
162478,UNFAO-LEG-162478,Rift Valley fever,,Africa,Southern Africa,South Africa,Eastern Cape,RVF2011_ECP_28,-32.1167,24.35,WOAH (former OIE),Confirmed,Domestic - Goats,Domestic - Goats,08/04/2011,03/05/2011,,
162928,UNFAO-LEG-162928,Rift Valley fever,,Africa,Southern Africa,South Africa,Eastern Cape,RVF_ECP_032,-33.15,23.75,WOAH (former OIE),Confirmed,Domestic - sheep,Domestic - Sheep,08/04/2011,25/05/2011,,
162941,UNFAO-LEG-162941,Rift Valley fever,,Africa,Southern Africa,South Africa,Eastern Cape,RVF_ECP_049,-32.0061,24.80139,WOAH (former OIE),Confirmed,Domestic - sheep,Domestic - Sheep,08/04/2011,25/05/2011,,
162946,UNFAO-LEG-162946,Rift Valley fever,,Africa,Southern Africa,South Africa,Eastern Cape,RVF_ECP_047,-32.6833,24.64278,WOAH (former OIE),Confirmed,Domestic - sheep,Domestic - Sheep,08/04/2011,25/05/2011,,
163121,UNFAO-LEG-163121,Rift Valley fever,,Africa,Southern Africa,South Africa,Western Cape,RVF_WCP_028,-32.7725,22.48694444,WOAH (former OIE),Confirmed,Domestic - sheep,Domestic - Sheep,08/04/2011,10/06/2011,,
163825,UNFAO-LEG-163825,Rift Valley fever,,Africa,Southern Africa,South Africa,Western Cape,RVF_WCP_042,-32.506111,22.041667,WOAH (former OIE),Confirmed,Domestic - Rabbits,Domestic - Rabbits,08/04/2011,12/07/2011,,
163830,UNFAO-LEG-163830,Rift Valley fever,,Africa,Southern Africa,South Africa,Western Cape,RVF_WCP_041,-32.506111,22.041667,WOAH (former OIE),Confirmed,Domestic - sheep,Domestic - Sheep,08/04/2011,12/07/2011,,
164063,UNFAO-LEG-164063,Rift Valley fever,,Africa,Southern Africa,South Africa,Northern Cape,RFV_NCP_010,-31.24916667,21.15916667,WOAH (former OIE),Confirmed,Domestic - sheep,Domestic - Sheep,08/04/2011,02/08/2011,,
162477,UNFAO-LEG-162477,Rift Valley fever,,Africa,Southern Africa,South Africa,Western Cape,RVF2011_WCP_18,-33.1733,22.03083,WOAH (former OIE),Confirmed,Domestic - sheep,Domestic - Sheep,05/04/2011,03/05/2011,,
162938,UNFAO-LEG-162938,Rift Valley fever,,Africa,Southern Africa,South Africa,Eastern Cape,RVF_ECP_031,-32.1859,24.56003,WOAH (former OIE),Confirmed,Domestic - buffaloes,Domestic - Buffaloes,05/04/2011,25/05/2011,,
162955,UNFAO-LEG-162955,Rift Valley fever,,Africa,Southern Africa,South Africa,Eastern Cape,RVF_ECP_050,-32.1667,24.8,WOAH (former OIE),Confirmed,Domestic - cattle,Domestic - Cattle,05/04/2011,25/05/2011,,
162956,UNFAO-LEG-162956,Rift Valley fever,,Africa,Southern Africa,South Africa,Eastern Cape,RVF_ECP_033,-32.05,24.8,WOAH (former OIE),Confirmed,Domestic - Goats,Domestic - Goats,05/04/2011,25/05/2011,,
162957,UNFAO-LEG-162957,Rift Valley fever,,Africa,Southern Africa,South Africa,Eastern Cape,RVF_ECP_040,-32.4054,24.07583,WOAH (former OIE),Confirmed,Domestic - sheep,Domestic - Sheep,05/04/2011,25/05/2011,,
163663,UNFAO-LEG-163663,Rift Valley fever,,Africa,Southern Africa,South Africa,Western Cape,RVF_WCP_033,-33.5,18.79194444,WOAH (former OIE),Confirmed,Domestic - sheep,Domestic - Sheep,05/04/2011,27/06/2011,,
164062,UNFAO-LEG-164062,Rift Valley fever,,Africa,Southern Africa,South Africa,Eastern Cape,RFV_ECP_072,-32.44805556,23.36333333,WOAH (former OIE),Confirmed,Domestic - sheep,Domestic - Sheep,05/04/2011,02/08/2011,,
163094,UNFAO-LEG-163094,Rift Valley fever,,Africa,Southern Africa,Namibia,Oshikoto,Omuthiya,-18.35,16.58,WOAH (former OIE),Confirmed,Domestic - Goats,Domestic - Goats,04/04/2011,07/06/2011,,
163125,UNFAO-LEG-163125,Rift Valley fever,,Africa,Southern Africa,South Africa,Western Cape,RVF_WCP_032,-32.90861111,19.30083333,WOAH (former OIE),Confirmed,Domestic - sheep,Domestic - Sheep,04/04/2011,10/06/2011,,
163666,UNFAO-LEG-163666,Rift Valley fever,,Africa,Southern Africa,South Africa,Eastern Cape,RVF_ECP_054,-32.62777778,25.95583333,WOAH (former OIE),Confirmed,Domestic - sheep,Domestic - Sheep,04/04/2011,27/06/2011,,
163835,UNFAO-LEG-163835,Rift Valley fever,,Africa,Southern Africa,South Africa,Eastern Cape,RVF_ECP_066,-31.887722,25.487972,WOAH (former OIE),Confirmed,Domestic - sheep,Domestic - Sheep,04/04/2011,12/07/2011,,
164055,UNFAO-LEG-164055,Rift Valley fever,,Africa,Southern Africa,South Africa,Northern Cape,RVF_NCP_011,-30.488841,19.94219,WOAH (former OIE),Confirmed,Domestic - sheep,Domestic - Sheep,04/04/2011,02/08/2011,,
162942,UNFAO-LEG-162942,Rift Valley fever,,Africa,Southern Africa,South Africa,Western Cape,RVF_WCP_025,-34.0428,22.16094,WOAH (former OIE),Confirmed,Domestic - cattle,Domestic - Cattle,02/04/2011,25/05/2011,,
162480,UNFAO-LEG-162480,Rift Valley fever,,Africa,Southern Africa,South Africa,Western Cape,RVF2011_WCP_20,-32.4006,22.4233,WOAH (former OIE),Confirmed,Domestic - sheep,Domestic - Sheep,01/04/2011,03/05/2011,,
162951,UNFAO-LEG-162951,Rift Valley fever,,Africa,Southern Africa,South Africa,Northern Cape,RVF_NCP_007,-30.4108,20.94472,WOAH (former OIE),Confirmed,Domestic - sheep,Domestic - Sheep,01/04/2011,25/05/2011,,
164056,UNFAO-LEG-164056,Rift Valley fever,,Africa,Southern Africa,South Africa,Northern Cape,RVF_NCP_012,-31.81666667,22.13333333,WOAH (former OIE),Confirmed,Domestic - sheep,Domestic - Sheep,01/04/2011,02/08/2011,,
161833,UNFAO-LEG-161833,Rift Valley fever,,Africa,Southern Africa,South Africa,Eastern Cape,RVF2011_ECP_016,-32.8036,24.47417,WOAH (former OIE),Confirmed,Domestic - sheep,Domestic - Sheep,31/03/2011,05/04/2011,,
162476,UNFAO-LEG-162476,Rift Valley fever,,Africa,Southern Africa,South Africa,Western Cape,RVF2011_WCP_19,-33.2636,21.87861,WOAH (former OIE),Confirmed,Domestic - sheep,Domestic - Sheep,31/03/2011,03/05/2011,,
162932,UNFAO-LEG-162932,Rift Valley fever,,Africa,Southern Africa,South Africa,Eastern Cape,RVF_ECP_045,-32.0333,24.21667,WOAH (former OIE),Confirmed,Domestic - sheep,Domestic - Sheep,31/03/2011,25/05/2011,,
162945,UNFAO-LEG-162945,Rift Valley fever,,Africa,Southern Africa,South Africa,Eastern Cape,RVF_ECP_044,-32.25,24.16667,WOAH (former OIE),Confirmed,Domestic - sheep,Domestic - Sheep,31/03/2011,25/05/2011,,
162959,UNFAO-LEG-162959,Rift Valley fever,,Africa,Southern Africa,South Africa,Western Cape,RVF_WCP_023,-32.2,23.18333,WOAH (former OIE),Confirmed,Domestic - sheep,Domestic - Sheep,30/03/2011,25/05/2011,,
162482,UNFAO-LEG-162482,Rift Valley fever,,Africa,Southern Africa,South Africa,Western Cape,RVF2011_WCP_16,-32.0714,23.86333,WOAH (former OIE),Confirmed,Domestic - Camelidae (unidentified),Domestic - Camelidae (Unidentified),29/03/2011,03/05/2011,,
162931,UNFAO-LEG-162931,Rift Valley fever,,Africa,Southern Africa,South Africa,Western Cape,RVF_WCP_024,-31.9047,23.45897,WOAH (former OIE),Confirmed,Domestic - sheep,Domestic - Sheep,29/03/2011,25/05/2011,,
162953,UNFAO-LEG-162953,Rift Valley fever,,Africa,Southern Africa,South Africa,Eastern Cape,RVF_ECP_043,-32.8333,25.625,WOAH (former OIE),Confirmed,Domestic - sheep,Domestic - Sheep,29/03/2011,25/05/2011,,
162948,UNFAO-LEG-162948,Rift Valley fever,,Africa,Southern Africa,South Africa,Eastern Cape,RVF_ECP_039,-32.8,25.775,WOAH (former OIE),Confirmed,Domestic - cattle,Domestic - Cattle,28/03/2011,25/05/2011,,
163664,UNFAO-LEG-163664,Rift Valley fever,,Africa,Southern Africa,South Africa,Eastern Cape,RVF_ECP_051,-32.87777778,25.64444444,WOAH (former OIE),Confirmed,Domestic - sheep,Domestic - Sheep,28/03/2011,27/06/2011,,
163665,UNFAO-LEG-163665,Rift Valley fever,,Africa,Southern Africa,South Africa,Eastern Cape,RVF_ECP_052,-32.90083333,25.91,WOAH (former OIE),Confirmed,Domestic - sheep,Domestic - Sheep,28/03/2011,27/06/2011,,
162952,UNFAO-LEG-162952,Rift Valley fever,,Africa,Southern Africa,South Africa,Eastern Cape,RVF_ECP_041,-32.5167,25.25,WOAH (former OIE),Confirmed,Domestic - Goats,Domestic - Goats,26/03/2011,25/05/2011,,
161837,UNFAO-LEG-161837,Rift Valley fever,,Africa,Southern Africa,South Africa,Eastern Cape,RVF2011_ECP_017,-32.4722,24.6675,WOAH (former OIE),Confirmed,Domestic - Goat/sheep ,Domestic - Goat/Sheep ,25/03/2011,05/04/2011,,
161849,UNFAO-LEG-161849,Rift Valley fever,,Africa,Southern Africa,South Africa,Eastern Cape,RVF2011_ECP_027,-33.33333,24.76667,WOAH (former OIE),Confirmed,Domestic - sheep,Domestic - Sheep,25/03/2011,05/04/2011,,
162949,UNFAO-LEG-162949,Rift Valley fever,,Africa,Southern Africa,South Africa,Northern Cape,RVF_NCP_003,-30.6887,25.3528,WOAH (former OIE),Confirmed,Domestic - sheep,Domestic - Sheep,25/03/2011,25/05/2011,,
162475,UNFAO-LEG-162475,Rift Valley fever,,Africa,Southern Africa,South Africa,Western Cape,RVF2011_WCP_17,-32.9788,22.94978,WOAH (former OIE),Confirmed,Domestic - sheep,Domestic - Sheep,24/03/2011,03/05/2011,,
162940,UNFAO-LEG-162940,Rift Valley fever,,Africa,Southern Africa,South Africa,Eastern Cape,RVF_ECP_042,-33.0333,24.88333,WOAH (former OIE),Confirmed,Domestic - Goats,Domestic - Goats,22/03/2011,25/05/2011,,
162954,UNFAO-LEG-162954,Rift Valley fever,,Africa,Southern Africa,South Africa,Eastern Cape,RVF_ECP_048,-32.3667,23.6,WOAH (former OIE),Confirmed,Domestic - sheep,Domestic - Sheep,22/03/2011,25/05/2011,,
164059,UNFAO-LEG-164059,Rift Valley fever,,Africa,Southern Africa,South Africa,Eastern Cape,RVF_ECP_073,-31.6395,24.64275,WOAH (former OIE),Confirmed,Domestic - sheep,Domestic - Sheep,22/03/2011,02/08/2011,,
164060,UNFAO-LEG-164060,Rift Valley fever,,Africa,Southern Africa,South Africa,Eastern Cape,RVF_ECP_070,-32.01663889,25.31347222,WOAH (former OIE),Confirmed,Domestic - sheep,Domestic - Sheep,22/03/2011,02/08/2011,,
162958,UNFAO-LEG-162958,Rift Valley fever,,Africa,Southern Africa,South Africa,Northern Cape,RVF_NCP_002,-31.0346,24.83789,WOAH (former OIE),Confirmed,Domestic - sheep,Domestic - Sheep,20/03/2011,25/05/2011,,
161832,UNFAO-LEG-161832,Rift Valley fever,,Africa,Southern Africa,South Africa,Western Cape,RVF2011_WCP_012,-33.0773,20.595,WOAH (former OIE),Confirmed,Domestic - sheep,Domestic - Sheep,18/03/2011,05/04/2011,,
161841,UNFAO-LEG-161841,Rift Valley fever,,Africa,Southern Africa,South Africa,Eastern Cape,RVF2011_ECP_018,-31.8122,24.80083,WOAH (former OIE),Confirmed,Domestic - cattle,Domestic - Cattle,18/03/2011,05/04/2011,,
162474,UNFAO-LEG-162474,Rift Valley fever,,Africa,Southern Africa,South Africa,Western Cape,RVF2011_WCP_12,-32.2686,22.74278,WOAH (former OIE),Confirmed,Domestic - sheep,Domestic - Sheep,18/03/2011,03/05/2011,,
163829,UNFAO-LEG-163829,Rift Valley fever,,Africa,Southern Africa,South Africa,Northern Cape,RVF_NCP_009,-30.694583,24.008194,WOAH (former OIE),Confirmed,Domestic - cattle,Domestic - Cattle,18/03/2011,12/07/2011,,
163845,UNFAO-LEG-163845,Rift Valley fever,,Africa,Southern Africa,South Africa,Eastern Cape,RVF_ECP_060,-31.385753,25.147222,WOAH (former OIE),Confirmed,Domestic - sheep,Domestic - Sheep,18/03/2011,12/07/2011,,
161666,UNFAO-LEG-161666,Rift Valley fever,,Africa,Southern Africa,South Africa,Eastern Cape,RVF2011_ECP_013,-32.6486,24.03778,WOAH (former OIE),Confirmed,Domestic - sheep,Domestic - Sheep,16/03/2011,22/03/2011,,
161670,UNFAO-LEG-161670,Rift Valley fever,,Africa,Southern Africa,South Africa,Eastern Cape,RVF2011_ECP_014,-32.3667,23.783333,WOAH (former OIE),Confirmed,Domestic - sheep,Domestic - Sheep,16/03/2011,22/03/2011,,
162479,UNFAO-LEG-162479,Rift Valley fever,,Africa,Southern Africa,South Africa,Western Cape,RVF2011_WCP_15,-31.7994,23.73694,WOAH (former OIE),Confirmed,Domestic - Goats,Domestic - Goats,16/03/2011,03/05/2011,,
161834,UNFAO-LEG-161834,Rift Valley fever,,Africa,Southern Africa,South Africa,Western Cape,RVF2011_WCP_006,-32.5981,23.07667,WOAH (former OIE),Confirmed,Domestic - Camelidae (unidentified),Domestic - Camelidae (Unidentified),15/03/2011,05/04/2011,,
161836,UNFAO-LEG-161836,Rift Valley fever,,Africa,Southern Africa,South Africa,Eastern Cape,RVF2011_ECP_022,-32.1637,24.24183,WOAH (former OIE),Confirmed,Domestic - sheep,Domestic - Sheep,15/03/2011,05/04/2011,,
161844,UNFAO-LEG-161844,Rift Valley fever,,Africa,Southern Africa,South Africa,Eastern Cape,RVF2011_ECP_024,-32.5146,24.476,WOAH (former OIE),Confirmed,Domestic - sheep,Domestic - Sheep,15/03/2011,05/04/2011,,
162481,UNFAO-LEG-162481,Rift Valley fever,,Africa,Southern Africa,South Africa,Western Cape,RVF2011_WCP_14,-32.235,23.6425,WOAH (former OIE),Confirmed,Domestic - sheep,Domestic - Sheep,15/03/2011,03/05/2011,,
161845,UNFAO-LEG-161845,Rift Valley fever,,Africa,Southern Africa,South Africa,Western Cape,RVF2011_WCP_008,-32.4006,22.42333,WOAH (former OIE),Confirmed,Wild - unspecified mammal,Wild - Unspecified Mammal,14/03/2011,05/04/2011,,
161847,UNFAO-LEG-161847,Rift Valley fever,,Africa,Southern Africa,South Africa,Western Cape,RVF2011_WCP_007,-31.9167,23.03333,WOAH (former OIE),Confirmed,Domestic - sheep,Domestic - Sheep,11/03/2011,05/04/2011,,
161665,UNFAO-LEG-161665,Rift Valley fever,,Africa,Southern Africa,South Africa,Western Cape,RVF2011_WCP_004,-31.9599,23.00222,WOAH (former OIE),Confirmed,Domestic - sheep,Domestic - Sheep,10/03/2011,22/03/2011,,
161840,UNFAO-LEG-161840,Rift Valley fever,,Africa,Southern Africa,South Africa,Western Cape,RVF2011_WCP_009,-32.3764,22.59556,WOAH (former OIE),Confirmed,Domestic - sheep,Domestic - Sheep,10/03/2011,05/04/2011,,
161843,UNFAO-LEG-161843,Rift Valley fever,,Africa,Southern Africa,South Africa,Eastern Cape,RVF2011_ECP_023,-32.5931,23.99767,WOAH (former OIE),Confirmed,Domestic - Goats,Domestic - Goats,10/03/2011,05/04/2011,,
161846,UNFAO-LEG-161846,Rift Valley fever,,Africa,Southern Africa,South Africa,Western Cape,RVF2011_WCP_010,-32.4242,22.84167,WOAH (former OIE),Confirmed,Domestic - sheep,Domestic - Sheep,10/03/2011,05/04/2011,,
161850,UNFAO-LEG-161850,Rift Valley fever,,Africa,Southern Africa,South Africa,Western Cape,RVF2011_WCP_011,-33.774,19.52139,WOAH (former OIE),Confirmed,Domestic - sheep | Domestic - cattle,Domestic - Sheep | Domestic - Cattle,10/03/2011,05/04/2011,,
163823,UNFAO-LEG-163823,Rift Valley fever,,Africa,Southern Africa,South Africa,Eastern Cape,RVF_ECP_061,-31.668003,24.731528,WOAH (former OIE),Confirmed,Domestic - cattle,Domestic - Cattle,10/03/2011,12/07/2011,,
163842,UNFAO-LEG-163842,Rift Valley fever,,Africa,Southern Africa,South Africa,Eastern Cape,RVF_ECP_062,-31.356694,25.017367,WOAH (former OIE),Confirmed,Domestic - sheep,Domestic - Sheep,10/03/2011,12/07/2011,,
161667,UNFAO-LEG-161667,Rift Valley fever,,Africa,Southern Africa,South Africa,Eastern Cape,RVF2011_ECP_008,-33.1667,24.6667,WOAH (former OIE),Confirmed,Domestic - cattle | Domestic - sheep,Domestic - Cattle | Domestic - Sheep,07/03/2011,22/03/2011,,
161669,UNFAO-LEG-161669,Rift Valley fever,,Africa,Southern Africa,South Africa,Western Cape,RVF2011_WCP_005,-32.11444,23.00222,WOAH (former OIE),Confirmed,Domestic - sheep,Domestic - Sheep,07/03/2011,22/03/2011,,
161672,UNFAO-LEG-161672,Rift Valley fever,,Africa,Southern Africa,South Africa,Western Cape,RVF2011_WCP_006,-34.0175,23.36861,WOAH (former OIE),Confirmed,Domestic - sheep,Domestic - Sheep,07/03/2011,22/03/2011,,
161838,UNFAO-LEG-161838,Rift Valley fever,,Africa,Southern Africa,South Africa,Eastern Cape,RVF2011_ECP_019,-32.0089,24.42889,WOAH (former OIE),Confirmed,Domestic - sheep,Domestic - Sheep,07/03/2011,05/04/2011,,
162930,UNFAO-LEG-162930,Rift Valley fever,,Africa,Southern Africa,South Africa,Western Cape,RVF_WCP_022,-32.5183,22.36139,WOAH (former OIE),Confirmed,Domestic - sheep,Domestic - Sheep,07/03/2011,25/05/2011,,
161851,UNFAO-LEG-161851,Rift Valley fever,,Africa,Southern Africa,South Africa,Eastern Cape,RVF2011_ECP_015,-31.8965,24.7795,WOAH (former OIE),Confirmed,Domestic - Camelidae (unidentified),Domestic - Camelidae (Unidentified),03/03/2011,05/04/2011,,
162473,UNFAO-LEG-162473,Rift Valley fever,,Africa,Southern Africa,South Africa,Western Cape,RVF2011_WCP_13,-32.3914,23.02361,WOAH (former OIE),Confirmed,Domestic - sheep,Domestic - Sheep,02/03/2011,03/05/2011,,
164061,UNFAO-LEG-164061,Rift Valley fever,,Africa,Southern Africa,South Africa,Northern Cape,RFV_NCP_013,-31.44138889,23.88969444,WOAH (former OIE),Confirmed,Domestic - sheep,Domestic - Sheep,02/03/2011,02/08/2011,,
160482,UNFAO-LEG-160482,Rift Valley fever,,Africa,Southern Africa,South Africa,Western Cape,RVF2011_WCP_003,-32.4642,22.98528,WOAH (former OIE),Confirmed,Domestic - sheep,Domestic - Sheep,01/03/2011,15/03/2011,,
160488,UNFAO-LEG-160488,Rift Valley fever,,Africa,Southern Africa,South Africa,Northern Cape,RVF2011_NCP_001,-31.2833,24.29892,WOAH (former OIE),Confirmed,Domestic - sheep,Domestic - Sheep,25/02/2011,15/03/2011,,
160487,UNFAO-LEG-160487,Rift Valley fever,,Africa,Southern Africa,South Africa,Eastern Cape,RVF2011_ECP_002,-32.1322,24.44081,WOAH (former OIE),Confirmed,Domestic - sheep,Domestic - Sheep,20/02/2011,15/03/2011,,
160484,UNFAO-LEG-160484,Rift Valley fever,,Africa,Southern Africa,South Africa,Eastern Cape,RVF2011_ECP_005,-32.7273,24.47758,WOAH (former OIE),Confirmed,Domestic - sheep,Domestic - Sheep,17/02/2011,15/03/2011,,
160485,UNFAO-LEG-160485,Rift Valley fever,,Africa,Southern Africa,South Africa,Eastern Cape,RVF2011_ECP_003,-32.4314,24.66667,WOAH (former OIE),Confirmed,Domestic - cattle,Domestic - Cattle,17/02/2011,15/03/2011,,
161842,UNFAO-LEG-161842,Rift Valley fever,,Africa,Southern Africa,South Africa,Eastern Cape,RVF2011_ECP_025,-32.0778,24.67833,WOAH (former OIE),Confirmed,Domestic - cattle,Domestic - Cattle,16/02/2011,05/04/2011,,
160483,UNFAO-LEG-160483,Rift Valley fever,,Africa,Southern Africa,South Africa,Eastern Cape,RVF2011_ECP_004,-32.1741,24.36836,WOAH (former OIE),Confirmed,Domestic - Camelidae (unidentified),Domestic - Camelidae (Unidentified),15/02/2011,15/03/2011,,
161839,UNFAO-LEG-161839,Rift Valley fever,,Africa,Southern Africa,South Africa,Eastern Cape,RVF2011_ECP_026,-32.3422,24.38078,WOAH (former OIE),Confirmed,Domestic - Goats,Domestic - Goats,15/02/2011,05/04/2011,,
161664,UNFAO-LEG-161664,Rift Valley fever,,Africa,Southern Africa,South Africa,Eastern Cape,RVF2011_ECP_009,-32.0667,24.36667,WOAH (former OIE),Confirmed,Domestic - cattle,Domestic - Cattle,10/02/2011,22/03/2011,,
161671,UNFAO-LEG-161671,Rift Valley fever,,Africa,Southern Africa,South Africa,Eastern Cape,RVF2011_ECP_010,-32.2833,24.2333,WOAH (former OIE),Confirmed,Domestic - sheep,Domestic - Sheep,10/02/2011,22/03/2011,,
161835,UNFAO-LEG-161835,Rift Valley fever,,Africa,Southern Africa,South Africa,Eastern Cape,RVF2011_ECP_021,-32.55,24.1,WOAH (former OIE),Confirmed,Domestic - sheep,Domestic - Sheep,10/02/2011,05/04/2011,,
161848,UNFAO-LEG-161848,Rift Valley fever,,Africa,Southern Africa,South Africa,Eastern Cape,RVF2011_ECP_020,-32.2833,24.26667,WOAH (former OIE),Confirmed,Domestic - sheep,Domestic - Sheep,10/02/2011,05/04/2011,,
162943,UNFAO-LEG-162943,Rift Valley fever,,Africa,Southern Africa,South Africa,Eastern Cape,RVF_ECP_029,-32.1667,24.3,WOAH (former OIE),Confirmed,Domestic - sheep,Domestic - Sheep,10/02/2011,25/05/2011,,
161663,UNFAO-LEG-161663,Rift Valley fever,,Africa,Southern Africa,South Africa,Eastern Cape,RVF2011_ECP_012,-32.7683,28.01167,WOAH (former OIE),Confirmed,Domestic - Goats,Domestic - Goats,04/02/2011,22/03/2011,,
163662,UNFAO-LEG-163662,Rift Valley fever,,Africa,Southern Africa,South Africa,Eastern Cape,RVF_ECP_053,-32.38111111,25.01111111,WOAH (former OIE),Confirmed,Domestic - Goat/sheep ,Domestic - Goat/Sheep ,03/02/2011,27/06/2011,,
158236,UNFAO-LEG-158236,Rift Valley fever,,Africa,Southern Africa,South Africa,Northern Cape,Calvinia,-31.474999,19.772778,Media,Suspected,,,31/01/2011,31/01/2011,2,
160486,UNFAO-LEG-160486,Rift Valley fever,,Africa,Southern Africa,South Africa,Eastern Cape,RVF2011_ECP_006,-32.3944,24.43722,WOAH (former OIE),Confirmed,Domestic - cattle | Domestic - sheep,Domestic - Cattle | Domestic - Sheep,28/01/2011,15/03/2011,,
158106,UNFAO-LEG-158106,Rift Valley fever,,Africa,Southern Africa,South Africa,Eastern Cape,Kei Mouth,-32.67873,28.366626,Media,Suspected,Domestic - sheep,Domestic - Sheep,26/01/2011,26/01/2011,,
158107,UNFAO-LEG-158107,Rift Valley fever,,Africa,Southern Africa,South Africa,Eastern Cape,Graaf-Reinet,-32.3113,24.4597,WOAH (former OIE),Confirmed,Domestic - cattle,Domestic - Cattle,26/01/2011,26/01/2011,,
161668,UNFAO-LEG-161668,Rift Valley fever,,Africa,Southern Africa,South Africa,Eastern Cape,RVF2011_ECP_011,-32.2,24.4,WOAH (former OIE),Confirmed,Domestic - sheep,Domestic - Sheep,24/01/2011,22/03/2011,,
157929,UNFAO-LEG-157929,Rift Valley fever,,Africa,Southern Africa,South Africa,Gauteng,Kungwini,-25.8083,28.6636,FAO Field Officer,Denied,Domestic - cattle | Domestic - sheep,Domestic - Cattle | Domestic - Sheep,16/01/2011,19/01/2011,,
160489,UNFAO-LEG-160489,Rift Valley fever,,Africa,Southern Africa,South Africa,Eastern Cape,RVF2011_ECP_007,-32.6789,28.24389,WOAH (former OIE),Confirmed,Domestic - cattle,Domestic - Cattle,10/01/2011,15/03/2011,,
200059,UNFAO-LEG-200059,Rift Valley fever,,Africa,Eastern Africa,United Republic of Tanzania,Morogoro,Kilombero River Valley  Morogoro  Tanzania,-8.563806,35.999107,Publications,Suspected,Domestic - cattle | Domestic - Goats | Domestic - sheep,Domestic - Cattle | Domestic - Goats | Domestic - Sheep,05/01/2011,05/01/2011,,
157928,UNFAO-LEG-157928,Rift Valley fever,,Africa,Southern Africa,South Africa,Western Cape,Drakenstein,-33.6491,18.9605,WOAH (former OIE),Confirmed,Domestic - Camelidae (unidentified),Domestic - Camelidae (Unidentified),02/01/2011,19/01/2011,,
199989,UNFAO-LEG-199989,Rift Valley fever,,Africa,Eastern Africa,Mozambique,Maputo,Manhica  Maputo  Mozambique,-25.202309,32.81005,Publications,Confirmed,Domestic - cattle,Domestic - Cattle,01/01/2011,01/07/2013,,
199990,UNFAO-LEG-199990,Rift Valley fever,,Africa,Eastern Africa,Mozambique,Maputo,Marracuene,-25.65722,32.71213,Publications,Confirmed,Domestic - cattle,Domestic - Cattle,01/01/2011,01/07/2013,,
199991,UNFAO-LEG-199991,Rift Valley fever,,Africa,Eastern Africa,Mozambique,Maputo,Boane,-26.03465,32.35269,Publications,Confirmed,Domestic - cattle,Domestic - Cattle,01/01/2011,01/07/2013,,
199992,UNFAO-LEG-199992,Rift Valley fever,,Africa,Eastern Africa,Mozambique,Maputo,Matutine,-26.52721,32.56355,Publications,Confirmed,Domestic - cattle,Domestic - Cattle,01/01/2011,01/07/2013,,
199993,UNFAO-LEG-199993,Rift Valley fever,,Africa,Eastern Africa,Mozambique,Maputo,Magude,-24.70179,32.44014,Publications,Confirmed,Domestic - cattle,Domestic - Cattle,01/01/2011,01/07/2013,,
199994,UNFAO-LEG-199994,Rift Valley fever,,Africa,Eastern Africa,Mozambique,Maputo,Moamba,-25.320427,32.323152,Publications,Confirmed,Domestic - cattle,Domestic - Cattle,01/01/2011,01/07/2013,,
157620,UNFAO-LEG-157620,Rift Valley fever,,Africa,Western Africa,Mauritania,Adrar,Adrar,21.44798,-9.352329,Media,Suspected,,,28/12/2010,28/12/2010,,
157621,UNFAO-LEG-157621,Rift Valley fever,,Africa,Western Africa,Mauritania,Adrar,Aoujeft,21.44798,-9.352329,Media,Suspected,,,28/12/2010,28/12/2010,,
157815,UNFAO-LEG-157815,Rift Valley fever,,Africa,Southern Africa,South Africa,Western Cape,Farm 137,-34.055,22.2052,WOAH (former OIE),Confirmed,Domestic - sheep,Domestic - Sheep,24/12/2010,17/01/2011,,
157512,UNFAO-LEG-157512,Rift Valley fever,,Africa,Western Africa,Mauritania,Adrar,Choum,21.298506,-13.067383,Media,Suspected,,,11/12/2010,13/12/2010,1,1
157406,UNFAO-LEG-157406,Rift Valley fever,,Africa,Western Africa,Mauritania,Adrar,Graret Levrass,19.4204506377,-13.0934526778,Media,Suspected,Domestic - cattle | Domestic - Camelidae (unidentified) | Domestic - Goats,Domestic - Cattle | Domestic - Camelidae (Unidentified) | Domestic - Goats,30/11/2010,30/11/2010,24,17
157529,UNFAO-LEG-157529,Rift Valley fever,,Africa,Western Africa,Mauritania,Inchiri,Village of Akjoujt,20.45,-14.23,WOAH (former OIE),Confirmed,Domestic - Goat/sheep  | Domestic - Camelidae (unidentified),Domestic - Goat/Sheep  | Domestic - Camelidae (Unidentified),11/11/2010,16/12/2010,,
157528,UNFAO-LEG-157528,Rift Valley fever,,Africa,Western Africa,Mauritania,Adrar,Village of Tawaz,20.31,-13.03,WOAH (former OIE),Confirmed,Domestic - Camelidae (unidentified),Domestic - Camelidae (Unidentified),10/11/2010,16/12/2010,,
157527,UNFAO-LEG-157527,Rift Valley fever,,Africa,Western Africa,Mauritania,Adrar,Village of Meddah,19.19,-13.41,WOAH (former OIE),Confirmed,Domestic - Goat/sheep ,Domestic - Goat/Sheep ,25/10/2010,16/12/2010,,
157384,UNFAO-LEG-157384,Rift Valley fever,,Africa,Southern Africa,South Africa,Northern Cape,Oranjezucht,-29.5169,22.4424,WOAH (former OIE),Confirmed,Domestic - sheep,Domestic - Sheep,18/08/2010,29/11/2010,,
156414,UNFAO-LEG-156414,Rift Valley fever,,Africa,Southern Africa,South Africa,Western Cape,Vergelegen,-34.0801,18.8941,WOAH (former OIE),Confirmed,Domestic - cattle | Wild - Bontebok,Domestic - Cattle | Wild - Bontebok,20/07/2010,09/09/2010,,
155632,UNFAO-LEG-155632,Rift Valley fever,,Africa,Southern Africa,South Africa,Western Cape,MW Boerdery,-34.0182,20.9405,WOAH (former OIE),Confirmed,Domestic - cattle | Domestic - sheep,Domestic - Cattle | Domestic - Sheep,22/06/2010,08/07/2010,,
156412,UNFAO-LEG-156412,Rift Valley fever,,Africa,Southern Africa,South Africa,Free State,Fisher,-27.2616,27.5553,WOAH (former OIE),Confirmed,Domestic - cattle | Domestic - sheep,Domestic - Cattle | Domestic - Sheep,21/06/2010,09/09/2010,,
156413,UNFAO-LEG-156413,Rift Valley fever,,Africa,Southern Africa,South Africa,Free State,Goedverwacht,-27.1969,28.6666,WOAH (former OIE),Confirmed,Domestic - cattle | Domestic - sheep,Domestic - Cattle | Domestic - Sheep,19/06/2010,09/09/2010,,
155631,UNFAO-LEG-155631,Rift Valley fever,,Africa,Southern Africa,South Africa,Western Cape,Welgeluk,-33.642,22.1791,WOAH (former OIE),Confirmed,Domestic - cattle | Domestic - sheep,Domestic - Cattle | Domestic - Sheep,15/06/2010,08/07/2010,,
155626,UNFAO-LEG-155626,Rift Valley fever,,Africa,Southern Africa,Namibia,Hardap,Brynard,-24.06,19.19,WOAH (former OIE),Confirmed,Domestic - sheep,Domestic - Sheep,14/06/2010,07/07/2010,,
156411,UNFAO-LEG-156411,Rift Valley fever,,Africa,Southern Africa,South Africa,Western Cape,Avondrust,-34.1065,18.3682,WOAH (former OIE),Confirmed,Domestic - cattle,Domestic - Cattle,13/06/2010,09/09/2010,,
155629,UNFAO-LEG-155629,Rift Valley fever,,Africa,Southern Africa,South Africa,Northern Cape,Louisvale weg,-28.5333,21.2994,WOAH (former OIE),Confirmed,Domestic - sheep,Domestic - Sheep,10/06/2010,08/07/2010,,
155486,UNFAO-LEG-155486,Rift Valley fever,,Africa,Southern Africa,South Africa,Western Cape,Mierfontein,-34.0632,20.9017,WOAH (former OIE),Confirmed,Domestic - cattle,Domestic - Cattle,09/06/2010,24/06/2010,,
155623,UNFAO-LEG-155623,Rift Valley fever,,Africa,Southern Africa,Namibia,Karas,Grasswater 150,-28.56,19.31,WOAH (former OIE),Confirmed,Domestic - sheep,Domestic - Sheep,09/06/2010,07/07/2010,,
155955,UNFAO-LEG-155955,Rift Valley fever,,Africa,Southern Africa,South Africa,Western Cape,Spesbona,-34.0764,19.3765,WOAH (former OIE),Confirmed,Domestic - cattle,Domestic - Cattle,08/06/2010,02/08/2010,,
155624,UNFAO-LEG-155624,Rift Valley fever,,Africa,Southern Africa,Namibia,Erongo,Eitavere 150,-21.19,15.19,WOAH (former OIE),Confirmed,Domestic - Goat/sheep ,Domestic - Goat/Sheep ,07/06/2010,07/07/2010,,
155622,UNFAO-LEG-155622,Rift Valley fever,,Africa,Southern Africa,Namibia,Karas,Ramansdrift 135,-28.8,18.3,WOAH (former OIE),Confirmed,Domestic - sheep,Domestic - Sheep,03/06/2010,07/07/2010,,
155627,UNFAO-LEG-155627,Rift Valley fever,,Africa,Southern Africa,South Africa,Western Cape,Hoeko,-34.0158,20.2188,WOAH (former OIE),Confirmed,Domestic - cattle,Domestic - Cattle,03/06/2010,08/07/2010,,
155488,UNFAO-LEG-155488,Rift Valley fever,,Africa,Southern Africa,South Africa,Northern Cape,Cypherkuil,-30.5716,24.6553,WOAH (former OIE),Confirmed,Domestic - sheep,Domestic - Sheep,31/05/2010,24/06/2010,,
155312,UNFAO-LEG-155312,Rift Valley fever,,Africa,Southern Africa,Botswana,South-East,Seribe,-24.8133,25.8303,WOAH (former OIE),Confirmed,Domestic - cattle | Domestic - Goats | Domestic - sheep,Domestic - Cattle | Domestic - Goats | Domestic - Sheep,30/05/2010,11/10/2010,,
155956,UNFAO-LEG-155956,Rift Valley fever,,Africa,Southern Africa,South Africa,Western Cape,Werda,-33.8537,18.96847,WOAH (former OIE),Confirmed,Domestic - cattle,Domestic - Cattle,29/05/2010,02/08/2010,,
155144,UNFAO-LEG-155144,Rift Valley fever,,Africa,Southern Africa,South Africa,Eastern Cape,Grasslands ECP,-33.0016,23.9727,WOAH (former OIE),Confirmed,Domestic - cattle,Domestic - Cattle,28/05/2010,11/06/2010,,
155146,UNFAO-LEG-155146,Rift Valley fever,,Africa,Southern Africa,South Africa,Western Cape,Rhenosterkop,-32.7691,22.9537,WOAH (former OIE),Confirmed,Domestic - sheep,Domestic - Sheep,28/05/2010,11/06/2010,,
155141,UNFAO-LEG-155141,Rift Valley fever,,Africa,Southern Africa,South Africa,Eastern Cape,Gradita,-34.0163,23.9947,WOAH (former OIE),Confirmed,Domestic - cattle,Domestic - Cattle,27/05/2010,11/06/2010,,
155142,UNFAO-LEG-155142,Rift Valley fever,,Africa,Southern Africa,South Africa,Western Cape,Leeukraal,-32.6817,22.0522,WOAH (former OIE),Confirmed,Domestic - Goats,Domestic - Goats,27/05/2010,11/06/2010,,
155239,UNFAO-LEG-155239,Rift Valley fever,,Africa,Southern Africa,South Africa,Western Cape,Branddoorns,-32.3909,22.2943,WOAH (former OIE),Confirmed,Domestic - sheep,Domestic - Sheep,27/05/2010,01/06/2010,,
155476,UNFAO-LEG-155476,Rift Valley fever,,Africa,Southern Africa,South Africa,Eastern Cape,Two Streams,-33.9732,24.50508,WOAH (former OIE),Confirmed,Domestic - sheep,Domestic - Sheep,27/05/2010,24/06/2010,,
155487,UNFAO-LEG-155487,Rift Valley fever,,Africa,Southern Africa,South Africa,Eastern Cape,De Puts,-32.9527,22.9821,WOAH (former OIE),Confirmed,Domestic - Goats,Domestic - Goats,27/05/2010,24/06/2010,,
155138,UNFAO-LEG-155138,Rift Valley fever,,Africa,Southern Africa,South Africa,North West,Blaauwwildebeestput,-26.5,25.8166,WOAH (former OIE),Confirmed,Domestic - sheep,Domestic - Sheep,26/05/2010,11/06/2010,,
155485,UNFAO-LEG-155485,Rift Valley fever,,Africa,Southern Africa,South Africa,Northern Cape,Mugglestone2,-31.3957,23.1472,WOAH (former OIE),Confirmed,Domestic - sheep,Domestic - Sheep,26/05/2010,24/06/2010,,
155136,UNFAO-LEG-155136,Rift Valley fever,,Africa,Southern Africa,South Africa,Eastern Cape,Kromhoud Dairy,-34.1398,24.4487,WOAH (former OIE),Confirmed,Domestic - cattle,Domestic - Cattle,25/05/2010,11/06/2010,,
155625,UNFAO-LEG-155625,Rift Valley fever,,Africa,Southern Africa,Namibia,Hardap,Groot Karris,-24.31,17.69,WOAH (former OIE),Confirmed,Domestic - Goats,Domestic - Goats,22/05/2010,07/07/2010,,
155140,UNFAO-LEG-155140,Rift Valley fever,,Africa,Southern Africa,South Africa,Eastern Cape,Opreisfontein,-32.25,24.75,WOAH (former OIE),Confirmed,Domestic - Goats,Domestic - Goats,20/05/2010,11/06/2010,,
155135,UNFAO-LEG-155135,Rift Valley fever,,Africa,Southern Africa,South Africa,Western Cape,Ierfontein,-32.1602,23.5247,WOAH (former OIE),Confirmed,Captive - kudu,Captive - Kudu,17/05/2010,11/06/2010,,
155147,UNFAO-LEG-155147,Rift Valley fever,,Africa,Southern Africa,South Africa,Western Cape,Klipdrift WCP,-33.8358,19.9219,WOAH (former OIE),Confirmed,Domestic - cattle,Domestic - Cattle,17/05/2010,11/06/2010,,
155289,UNFAO-LEG-155289,Rift Valley fever,,Africa,Southern Africa,Namibia,Hardap,Donkerhoek,-25.56,19.81,WOAH (former OIE),Confirmed,Domestic - sheep,Domestic - Sheep,16/05/2010,04/06/2010,,
155216,UNFAO-LEG-155216,Rift Valley fever,,Africa,Southern Africa,South Africa,Northern Cape,Doornrivier,-28.84844,22.021682,WOAH (former OIE),Confirmed,Domestic - cattle | Domestic - sheep,Domestic - Cattle | Domestic - Sheep,15/05/2010,01/06/2010,,
155286,UNFAO-LEG-155286,Rift Valley fever,,Africa,Southern Africa,Namibia,Hardap,Dassiesfontein 1,-24.56,17.69,WOAH (former OIE),Confirmed,Domestic - sheep,Domestic - Sheep,15/05/2010,04/06/2010,,
155287,UNFAO-LEG-155287,Rift Valley fever,,Africa,Southern Africa,Namibia,Hardap,Hardap Plots # 24,-24.44,17.81,WOAH (former OIE),Confirmed,Domestic - sheep,Domestic - Sheep,15/05/2010,04/06/2010,,
155288,UNFAO-LEG-155288,Rift Valley fever,,Africa,Southern Africa,Namibia,Hardap,Toeloop,-24.69,18.19,WOAH (former OIE),Confirmed,Domestic - sheep,Domestic - Sheep,15/05/2010,04/06/2010,,
155301,UNFAO-LEG-155301,Rift Valley fever,,Africa,Southern Africa,South Africa,Eastern Cape,Port Elizabeth,-33.932638,25.56995,Media,Suspected,Domestic - unspecified mammal,Domestic - Unspecified Mammal,15/05/2010,27/06/2010,1,1
154900,UNFAO-LEG-154900,Rift Valley fever,,Africa,Southern Africa,South Africa,Limpopo,Kwaggavlakte,-24.5693,27.4409,WOAH (former OIE),Confirmed,Domestic - cattle | Domestic - sheep,Domestic - Cattle | Domestic - Sheep,14/05/2010,25/05/2010,,
155231,UNFAO-LEG-155231,Rift Valley fever,,Africa,Southern Africa,South Africa,North West,De Paarl,-26.1166,26,WOAH (former OIE),Confirmed,Domestic - sheep,Domestic - Sheep,14/05/2010,01/06/2010,,
154904,UNFAO-LEG-154904,Rift Valley fever,,Africa,Southern Africa,South Africa,Gauteng,Mackay Estates,-26.6418,27.957,WOAH (former OIE),Confirmed,Domestic - sheep,Domestic - Sheep,13/05/2010,25/05/2010,,
155477,UNFAO-LEG-155477,Rift Valley fever,,Africa,Southern Africa,South Africa,Eastern Cape,Groenakkers,-33.9309,24.972,WOAH (former OIE),Confirmed,Domestic - cattle,Domestic - Cattle,11/05/2010,24/06/2010,,
155480,UNFAO-LEG-155480,Rift Valley fever,,Africa,Southern Africa,South Africa,Northern Cape,Geduld,-29.516,22.5941,WOAH (former OIE),Confirmed,Domestic - sheep,Domestic - Sheep,11/05/2010,24/06/2010,,
154821,UNFAO-LEG-154821,Rift Valley fever,,Africa,Southern Africa,Namibia,Hardap,Hebron No 493,-25.5597,19.69,WOAH (former OIE),Confirmed,Domestic - sheep,Domestic - Sheep,10/05/2010,14/05/2010,,
155285,UNFAO-LEG-155285,Rift Valley fever,,Africa,Southern Africa,Namibia,Hardap,Driedoring,-24.31,18.06,WOAH (former OIE),Confirmed,Domestic - sheep,Domestic - Sheep,10/05/2010,04/06/2010,,
155290,UNFAO-LEG-155290,Rift Valley fever,,Africa,Southern Africa,Namibia,Hardap,Orion,-25.44,17.19,WOAH (former OIE),Confirmed,Domestic - sheep,Domestic - Sheep,10/05/2010,04/06/2010,,
155630,UNFAO-LEG-155630,Rift Valley fever,,Africa,Southern Africa,South Africa,Free State,Leeupoort,-29.8111,26.195,WOAH (former OIE),Confirmed,Domestic - sheep,Domestic - Sheep,10/05/2010,08/07/2010,,
154847,UNFAO-LEG-154847,Rift Valley fever,,Africa,Southern Africa,South Africa,North West,Klipbankfontein,-26.1166,26.1666,WOAH (former OIE),Confirmed,Domestic - buffaloes,Domestic - Buffaloes,07/05/2010,18/05/2010,,
154899,UNFAO-LEG-154899,Rift Valley fever,,Africa,Southern Africa,South Africa,North West,Doornhoek,-26.15,26.3,WOAH (former OIE),Confirmed,Domestic - cattle,Domestic - Cattle,07/05/2010,25/05/2010,,
154919,UNFAO-LEG-154919,Rift Valley fever,,Africa,Southern Africa,South Africa,Western Cape,Pypfontein,-32.0408,23.4641,WOAH (former OIE),Confirmed,Domestic - sheep,Domestic - Sheep,07/05/2010,25/05/2010,,
154894,UNFAO-LEG-154894,Rift Valley fever,,Africa,Southern Africa,South Africa,Western Cape,Bulwater,-32.50056,21.8147,WOAH (former OIE),Confirmed,Domestic - sheep,Domestic - Sheep,06/05/2010,25/05/2010,,
154895,UNFAO-LEG-154895,Rift Valley fever,,Africa,Southern Africa,South Africa,Western Cape,Melkhout,-34.00216,20.22897,WOAH (former OIE),Confirmed,Domestic - cattle,Domestic - Cattle,06/05/2010,25/05/2010,,
154896,UNFAO-LEG-154896,Rift Valley fever,,Africa,Southern Africa,South Africa,Eastern Cape,Schoonfontein,-34.0833,24.4769,WOAH (former OIE),Confirmed,Domestic - cattle,Domestic - Cattle,06/05/2010,25/05/2010,,
154916,UNFAO-LEG-154916,Rift Valley fever,,Africa,Southern Africa,South Africa,Western Cape,Vlagfontein,-32.50611,22.0416,WOAH (former OIE),Confirmed,Domestic - sheep | Domestic - cattle,Domestic - Sheep | Domestic - Cattle,06/05/2010,25/05/2010,,
154898,UNFAO-LEG-154898,Rift Valley fever,,Africa,Southern Africa,South Africa,North West,Tweebuffels,-26.13333,26.5,WOAH (former OIE),Confirmed,Domestic - sheep | Domestic - cattle,Domestic - Sheep | Domestic - Cattle,05/05/2010,25/05/2010,,
155475,UNFAO-LEG-155475,Rift Valley fever,,Africa,Southern Africa,South Africa,Northern Cape,De Hoek,-29.6863,23.0463,WOAH (former OIE),Confirmed,Domestic - sheep,Domestic - Sheep,04/05/2010,24/06/2010,,
154861,UNFAO-LEG-154861,Rift Valley fever,,Africa,Southern Africa,South Africa,Western Cape,Swartrivier,-33.17186,22.02808,WOAH (former OIE),Confirmed,Domestic - sheep,Domestic - Sheep,03/05/2010,18/05/2010,,
154892,UNFAO-LEG-154892,Rift Valley fever,,Africa,Southern Africa,South Africa,Northern Cape,Badenhorstfontein,-28.7561,24.7638,WOAH (former OIE),Confirmed,Domestic - sheep,Domestic - Sheep,03/05/2010,25/05/2010,,
154910,UNFAO-LEG-154910,Rift Valley fever,,Africa,Southern Africa,South Africa,Northern Cape,Oumurasie,-28.8768,22.026,WOAH (former OIE),Confirmed,Domestic - sheep,Domestic - Sheep,03/05/2010,25/05/2010,,
154829,UNFAO-LEG-154829,Rift Valley fever,,Africa,Southern Africa,South Africa,Western Cape,Drie Riviere,-33.1858,22.04202,WOAH (former OIE),Confirmed,Domestic - sheep,Domestic - Sheep,02/05/2010,18/05/2010,,
154915,UNFAO-LEG-154915,Rift Valley fever,,Africa,Southern Africa,South Africa,Northern Cape,Irene,-29.2025,23.5919,WOAH (former OIE),Confirmed,Wild - Ibex | Domestic - cattle,Wild - Ibex | Domestic - Cattle,02/05/2010,25/05/2010,,
155217,UNFAO-LEG-155217,Rift Valley fever,,Africa,Southern Africa,South Africa,Eastern Cape,Roodebloem,-32.1858,24.56,WOAH (former OIE),Confirmed,Domestic - cattle | Domestic - Goat/sheep ,Domestic - Cattle | Domestic - Goat/Sheep ,30/04/2010,01/06/2010,,
155236,UNFAO-LEG-155236,Rift Valley fever,,Africa,Southern Africa,South Africa,Free State,Doornvlakte,-29.0558,26.0586,WOAH (former OIE),Confirmed,Domestic - sheep | Domestic - cattle,Domestic - Sheep | Domestic - Cattle,30/04/2010,01/06/2010,,
154363,UNFAO-LEG-154363,Rift Valley fever,,Africa,Southern Africa,South Africa,Eastern Cape,Tandjiesview,-32.4586,24.4616,WOAH (former OIE),Confirmed,Domestic - sheep,Domestic - Sheep,28/04/2010,06/05/2010,,
154843,UNFAO-LEG-154843,Rift Valley fever,,Africa,Southern Africa,South Africa,Free State,Ferreira,-29.2916,26.2166,WOAH (former OIE),Confirmed,Domestic - sheep,Domestic - Sheep,28/04/2010,18/05/2010,,
154918,UNFAO-LEG-154918,Rift Valley fever,,Africa,Southern Africa,South Africa,Northern Cape,Langverwacht,-28.7968,20.6275,WOAH (former OIE),Confirmed,Domestic - Goat/sheep ,Domestic - Goat/Sheep ,28/04/2010,25/05/2010,,
154352,UNFAO-LEG-154352,Rift Valley fever,,Africa,Southern Africa,South Africa,Northern Cape,Baklei-Eiland Perseel 219,-28.6625,21.0722,WOAH (former OIE),Confirmed,Domestic - sheep,Domestic - Sheep,27/04/2010,06/05/2010,,
154908,UNFAO-LEG-154908,Rift Valley fever,,Africa,Southern Africa,South Africa,Northern Cape,Wegdraai,-28.873,21.9389,WOAH (former OIE),Confirmed,Domestic - Goats,Domestic - Goats,27/04/2010,25/05/2010,,
155230,UNFAO-LEG-155230,Rift Valley fever,,Africa,Southern Africa,South Africa,Northern Cape,Wildebeestkooij,-30.194,23.684,WOAH (former OIE),Confirmed,Domestic - cattle,Domestic - Cattle,27/04/2010,01/06/2010,,
155250,UNFAO-LEG-155250,Rift Valley fever,,Africa,Southern Africa,South Africa,Eastern Cape,De Vrede,-32.3788,24.3694,WOAH (former OIE),Confirmed,Domestic - sheep,Domestic - Sheep,26/04/2010,01/06/2010,,
154903,UNFAO-LEG-154903,Rift Valley fever,,Africa,Southern Africa,South Africa,Northern Cape,Vryheids Trust,-29.0274,23.7302,WOAH (former OIE),Confirmed,Domestic - sheep | Domestic - cattle | Domestic - Camelidae (unidentified),Domestic - Sheep | Domestic - Cattle | Domestic - Camelidae (Unidentified),25/04/2010,25/05/2010,,
154371,UNFAO-LEG-154371,Rift Valley fever,,Africa,Southern Africa,South Africa,Northern Cape,Klein Papkuil,-28.4833,23.7,WOAH (former OIE),Confirmed,Domestic - buffaloes,Domestic - Buffaloes,23/04/2010,06/05/2010,,
154379,UNFAO-LEG-154379,Rift Valley fever,,Africa,Southern Africa,South Africa,Northern Cape,Vaalkoppies Perseel 203,-28.4334,21.2498,WOAH (former OIE),Confirmed,Domestic - sheep,Domestic - Sheep,23/04/2010,06/05/2010,,
154385,UNFAO-LEG-154385,Rift Valley fever,,Africa,Southern Africa,South Africa,Northern Cape,Geluksoord,-28.5474,21.7675,WOAH (former OIE),Confirmed,Domestic - sheep,Domestic - Sheep,23/04/2010,06/05/2010,,
154889,UNFAO-LEG-154889,Rift Valley fever,,Africa,Southern Africa,South Africa,Northern Cape,Dronfield,-28.6166,24.8,WOAH (former OIE),Confirmed,Domestic - buffaloes,Domestic - Buffaloes,23/04/2010,25/05/2010,,
154913,UNFAO-LEG-154913,Rift Valley fever,,Africa,Southern Africa,South Africa,Free State,Fairview,-27.3794,27.1027,WOAH (former OIE),Confirmed,Domestic - sheep | Domestic - cattle,Domestic - Sheep | Domestic - Cattle,23/04/2010,25/05/2010,,
154365,UNFAO-LEG-154365,Rift Valley fever,,Africa,Southern Africa,South Africa,Free State,Rooifontein,-28.8093,24.8624,WOAH (former OIE),Confirmed,Wild - antelope,Wild - Antelope,22/04/2010,06/05/2010,,
154830,UNFAO-LEG-154830,Rift Valley fever,,Africa,Southern Africa,South Africa,Western Cape,Harmonie,-32.23513,23.64227,WOAH (former OIE),Confirmed,Domestic - Goats | Domestic - sheep,Domestic - Goats | Domestic - Sheep,22/04/2010,18/05/2010,,
155210,UNFAO-LEG-155210,Rift Valley fever,,Africa,Southern Africa,South Africa,Eastern Cape,Vrolikskraal,-31.7175,25.7494,WOAH (former OIE),Confirmed,Domestic - sheep,Domestic - Sheep,22/04/2010,01/06/2010,,
155478,UNFAO-LEG-155478,Rift Valley fever,,Africa,Southern Africa,South Africa,Free State,West Wind Estate,-30.1822,25.7372,WOAH (former OIE),Confirmed,Domestic - cattle,Domestic - Cattle,22/04/2010,24/06/2010,,
154214,UNFAO-LEG-154214,Rift Valley fever,,Africa,Southern Africa,South Africa,Western Cape,Montainview,-34.00916,22.2725,WOAH (former OIE),Confirmed,Domestic - cattle,Domestic - Cattle,20/04/2010,28/04/2010,,
154367,UNFAO-LEG-154367,Rift Valley fever,,Africa,Southern Africa,South Africa,Northern Cape,Seekoeigat,-30.3451,23.7059,WOAH (former OIE),Confirmed,Domestic - sheep,Domestic - Sheep,20/04/2010,06/05/2010,,
154375,UNFAO-LEG-154375,Rift Valley fever,,Africa,Southern Africa,South Africa,North West,Goedgedacht,-26.5333,26.333,WOAH (former OIE),Confirmed,Domestic - sheep,Domestic - Sheep,20/04/2010,06/05/2010,,
154390,UNFAO-LEG-154390,Rift Valley fever,,Africa,Southern Africa,South Africa,Northern Cape,Dysonsklip,-28.6167,21.1,WOAH (former OIE),Confirmed,Domestic - sheep,Domestic - Sheep,20/04/2010,06/05/2010,,
154851,UNFAO-LEG-154851,Rift Valley fever,,Africa,Southern Africa,South Africa,Western Cape,Toverwater,-32.07138,23.86333,WOAH (former OIE),Confirmed,Domestic - sheep,Domestic - Sheep,20/04/2010,18/05/2010,,
154376,UNFAO-LEG-154376,Rift Valley fever,,Africa,Southern Africa,South Africa,Eastern Cape,Aarbossiesplaat,-31.1713,26.2088,WOAH (former OIE),Confirmed,Domestic - sheep,Domestic - Sheep,19/04/2010,06/05/2010,,
154887,UNFAO-LEG-154887,Rift Valley fever,,Africa,Southern Africa,South Africa,Free State,Johannasrus,-27.0836,27.9833,WOAH (former OIE),Confirmed,Domestic - cattle | Domestic - Goats,Domestic - Cattle | Domestic - Goats,19/04/2010,25/05/2010,,
155479,UNFAO-LEG-155479,Rift Valley fever,,Africa,Southern Africa,South Africa,North West,Mietjiesdoorns,-27.2375,25.7558,WOAH (former OIE),Confirmed,Domestic - sheep,Domestic - Sheep,19/04/2010,24/06/2010,,
154370,UNFAO-LEG-154370,Rift Valley fever,,Africa,Southern Africa,South Africa,Western Cape,Landskroon,-33.7592,18.9143,WOAH (former OIE),Confirmed,Captive - alpaca | Domestic - sheep,Captive - Alpaca | Domestic - Sheep,18/04/2010,06/05/2010,,
154229,UNFAO-LEG-154229,Rift Valley fever,,Africa,Southern Africa,South Africa,Free State,Memo,-29.416033,24.516561,WOAH (former OIE),Confirmed,Domestic - sheep | Domestic - Goats | Domestic - cattle,Domestic - Sheep | Domestic - Goats | Domestic - Cattle,17/04/2010,28/04/2010,,
154255,UNFAO-LEG-154255,Rift Valley fever,,Africa,Southern Africa,South Africa,Northern Cape,Delportshoop Plot,-28.416667,24.283333,WOAH (former OIE),Confirmed,Domestic - sheep,Domestic - Sheep,17/04/2010,28/04/2010,,
154291,UNFAO-LEG-154291,Rift Valley fever,,Africa,Southern Africa,South Africa,Northern Cape,De Hoop,-28.8,24.5,WOAH (former OIE),Confirmed,Domestic - cattle | Domestic - sheep | Domestic - Goats,Domestic - Cattle | Domestic - Sheep | Domestic - Goats,17/04/2010,28/04/2010,,
154342,UNFAO-LEG-154342,Rift Valley fever,,Africa,Southern Africa,South Africa,Eastern Cape,Katkop,-31.8874,25.4882,WOAH (former OIE),Confirmed,Domestic - sheep,Domestic - Sheep,17/04/2010,06/05/2010,,
154389,UNFAO-LEG-154389,Rift Valley fever,,Africa,Southern Africa,South Africa,Northern Cape,Bletterman,-30.7077,24.077,WOAH (former OIE),Confirmed,Domestic - sheep,Domestic - Sheep,17/04/2010,06/05/2010,,
154292,UNFAO-LEG-154292,Rift Valley fever,,Africa,Southern Africa,South Africa,Northern Cape,Magersfontein,-28.95,24.733333,WOAH (former OIE),Confirmed,Domestic - cattle | Wild - unspecified mammal | Domestic - Goats | Domestic - sheep | Domestic - buffaloes,Domestic - Cattle | Wild - Unspecified Mammal | Domestic - Goats | Domestic - Sheep | Domestic - Buffaloes,16/04/2010,28/04/2010,,
154358,UNFAO-LEG-154358,Rift Valley fever,,Africa,Southern Africa,South Africa,Northern Cape,Buchlands,-29.059,23.6919,WOAH (former OIE),Confirmed,Domestic - sheep | Domestic - Goats,Domestic - Sheep | Domestic - Goats,16/04/2010,06/05/2010,,
154373,UNFAO-LEG-154373,Rift Valley fever,,Africa,Southern Africa,South Africa,Northern Cape,Witplaas,-30.6735,23.9823,WOAH (former OIE),Confirmed,Domestic - sheep,Domestic - Sheep,16/04/2010,06/05/2010,,
154832,UNFAO-LEG-154832,Rift Valley fever,,Africa,Southern Africa,South Africa,Free State,Kraaipoort,-29.4534,25.2495,WOAH (former OIE),Confirmed,Domestic - cattle | Domestic - Goats | Domestic - sheep,Domestic - Cattle | Domestic - Goats | Domestic - Sheep,16/04/2010,18/05/2010,,
154838,UNFAO-LEG-154838,Rift Valley fever,,Africa,Southern Africa,South Africa,Western Cape,Courlands Kloof,-32.0833,22.9482,WOAH (former OIE),Confirmed,Domestic - sheep,Domestic - Sheep,16/04/2010,18/05/2010,,
154242,UNFAO-LEG-154242,Rift Valley fever,,Africa,Southern Africa,South Africa,Northern Cape,Middelplaas,-28.118861,24.824833,WOAH (former OIE),Confirmed,Domestic - cattle,Domestic - Cattle,15/04/2010,28/04/2010,,
154377,UNFAO-LEG-154377,Rift Valley fever,,Africa,Southern Africa,South Africa,Northern Cape,Standen,-28.84844,22.021682,WOAH (former OIE),Confirmed,Domestic - sheep,Domestic - Sheep,15/04/2010,06/05/2010,,
154392,UNFAO-LEG-154392,Rift Valley fever,,Africa,Southern Africa,South Africa,Northern Cape,Lieberwalt,-30.0026,24.6804,WOAH (former OIE),Confirmed,Domestic - sheep,Domestic - Sheep,15/04/2010,06/05/2010,,
154852,UNFAO-LEG-154852,Rift Valley fever,,Africa,Southern Africa,South Africa,Free State,Rosendal,-29.6869,26.2966,WOAH (former OIE),Confirmed,Domestic - cattle | Domestic - sheep,Domestic - Cattle | Domestic - Sheep,15/04/2010,18/05/2010,,
154853,UNFAO-LEG-154853,Rift Valley fever,,Africa,Southern Africa,South Africa,Free State,Buonapartes Fontein,-30.51833,25.6427,WOAH (former OIE),Confirmed,Domestic - sheep,Domestic - Sheep,15/04/2010,18/05/2010,,
154914,UNFAO-LEG-154914,Rift Valley fever,,Africa,Southern Africa,South Africa,Northern Cape,Komnader,-28.9596,23.9266,WOAH (former OIE),Confirmed,Domestic - cattle | Domestic - sheep,Domestic - Cattle | Domestic - Sheep,15/04/2010,25/05/2010,,
154211,UNFAO-LEG-154211,Rift Valley fever,,Africa,Southern Africa,South Africa,Northern Cape,Klipdrift,-29.079417,24.596639,WOAH (former OIE),Confirmed,Domestic - sheep | Domestic - cattle | Domestic - Goats,Domestic - Sheep | Domestic - Cattle | Domestic - Goats,14/04/2010,28/04/2010,,
154222,UNFAO-LEG-154222,Rift Valley fever,,Africa,Southern Africa,South Africa,Northern Cape,Grasbult,-28.125,24.8625,WOAH (former OIE),Confirmed,Domestic - sheep | Domestic - Goats | Domestic - cattle,Domestic - Sheep | Domestic - Goats | Domestic - Cattle,14/04/2010,28/04/2010,,
154233,UNFAO-LEG-154233,Rift Valley fever,,Africa,Southern Africa,South Africa,Northern Cape,Dombietersfontein,-31.090472,23.391083,WOAH (former OIE),Confirmed,Domestic - sheep,Domestic - Sheep,14/04/2010,28/04/2010,,
154267,UNFAO-LEG-154267,Rift Valley fever,,Africa,Southern Africa,South Africa,Northern Cape,Tromps graf,-31.263,22.914083,WOAH (former OIE),Confirmed,Domestic - sheep,Domestic - Sheep,14/04/2010,28/04/2010,,
154345,UNFAO-LEG-154345,Rift Valley fever,,Africa,Southern Africa,South Africa,Northern Cape,Ben Ora,-28.5087,21.1785,WOAH (former OIE),Confirmed,Domestic - sheep,Domestic - Sheep,14/04/2010,06/05/2010,,
154366,UNFAO-LEG-154366,Rift Valley fever,,Africa,Southern Africa,South Africa,Northern Cape,Christiaanskuil,-30.1412,23.9615,WOAH (former OIE),Confirmed,Domestic - sheep,Domestic - Sheep,14/04/2010,06/05/2010,,
155232,UNFAO-LEG-155232,Rift Valley fever,,Africa,Southern Africa,South Africa,Free State,Vredebloem,-27.9739,26.5681,WOAH (former OIE),Confirmed,Domestic - cattle,Domestic - Cattle,14/04/2010,01/06/2010,,
155484,UNFAO-LEG-155484,Rift Valley fever,,Africa,Southern Africa,South Africa,Free State,Blouboshoek,-30.0125,24.9275,WOAH (former OIE),Confirmed,Domestic - sheep,Domestic - Sheep,14/04/2010,24/06/2010,,
153940,UNFAO-LEG-153940,Rift Valley fever,,Africa,Southern Africa,South Africa,Northern Cape,Bakenkop,-28.938167,22.046957,WOAH (former OIE),Confirmed,Domestic - Goat/sheep ,Domestic - Goat/Sheep ,13/04/2010,20/04/2010,,
154210,UNFAO-LEG-154210,Rift Valley fever,,Africa,Southern Africa,South Africa,Northern Cape,Holpan,-30.428,23.194778,WOAH (former OIE),Confirmed,Domestic - sheep,Domestic - Sheep,13/04/2010,28/04/2010,,
154234,UNFAO-LEG-154234,Rift Valley fever,,Africa,Southern Africa,South Africa,Northern Cape,Kolkenburg,-30.681083,23.516278,WOAH (former OIE),Confirmed,Domestic - sheep,Domestic - Sheep,13/04/2010,28/04/2010,,
154279,UNFAO-LEG-154279,Rift Valley fever,,Africa,Southern Africa,South Africa,Northern Cape,Heuningneskloof,-29.18333,24.5,WOAH (former OIE),Confirmed,Wild - antelope | Domestic - sheep,Wild - Antelope | Domestic - Sheep,13/04/2010,28/04/2010,,
154282,UNFAO-LEG-154282,Rift Valley fever,,Africa,Southern Africa,South Africa,Free State,Katfontein,-30.2688,26.0444,WOAH (former OIE),Confirmed,Domestic - cattle,Domestic - Cattle,13/04/2010,28/04/2010,,
154288,UNFAO-LEG-154288,Rift Valley fever,,Africa,Southern Africa,South Africa,Eastern Cape,Strydomskraal,-31.945306,25.177,WOAH (former OIE),Confirmed,Domestic - sheep,Domestic - Sheep,13/04/2010,28/04/2010,,
154356,UNFAO-LEG-154356,Rift Valley fever,,Africa,Southern Africa,South Africa,Eastern Cape,Experimental Farm Cradock,-32.22,25.6866,WOAH (former OIE),Confirmed,Domestic - sheep,Domestic - Sheep,13/04/2010,06/05/2010,,
154361,UNFAO-LEG-154361,Rift Valley fever,,Africa,Southern Africa,South Africa,Northern Cape,Rhenosterfontein,-30.329,23.8961,WOAH (former OIE),Confirmed,Domestic - cattle,Domestic - Cattle,13/04/2010,06/05/2010,,
154837,UNFAO-LEG-154837,Rift Valley fever,,Africa,Southern Africa,South Africa,Northern Cape,Monterey,-29.5513,23.1296,WOAH (former OIE),Confirmed,Domestic - sheep,Domestic - Sheep,13/04/2010,18/05/2010,,
155221,UNFAO-LEG-155221,Rift Valley fever,,Africa,Southern Africa,South Africa,Free State,Pepershoek,-28.61459,26.86762,WOAH (former OIE),Confirmed,Domestic - sheep | Domestic - cattle,Domestic - Sheep | Domestic - Cattle,13/04/2010,01/06/2010,,
153949,UNFAO-LEG-153949,Rift Valley fever,,Africa,Southern Africa,South Africa,Free State,Bains Game Lodge,-29.076817,26.151367,WOAH (former OIE),Confirmed,Domestic - Camelidae (unidentified),Domestic - Camelidae (Unidentified),12/04/2010,20/04/2010,,
154218,UNFAO-LEG-154218,Rift Valley fever,,Africa,Southern Africa,South Africa,Eastern Cape,Terminus,-31.904556,25.4732,WOAH (former OIE),Confirmed,Domestic - sheep,Domestic - Sheep,12/04/2010,28/04/2010,,
154243,UNFAO-LEG-154243,Rift Valley fever,,Africa,Southern Africa,South Africa,Northern Cape,Perseel 2 JX 4,-27.709194,24.793778,WOAH (former OIE),Confirmed,Domestic - cattle,Domestic - Cattle,12/04/2010,28/04/2010,,
154831,UNFAO-LEG-154831,Rift Valley fever,,Africa,Southern Africa,South Africa,Western Cape,Karee Bosch,-32.0155,23.38275,WOAH (former OIE),Confirmed,Domestic - sheep,Domestic - Sheep,12/04/2010,18/05/2010,,
153929,UNFAO-LEG-153929,Rift Valley fever,,Africa,Southern Africa,South Africa,Western Cape,Sonop,-33.839056,22.033856,WOAH (former OIE),Confirmed,Domestic - sheep,Domestic - Sheep,11/04/2010,20/04/2010,,
154244,UNFAO-LEG-154244,Rift Valley fever,,Africa,Southern Africa,South Africa,Northern Cape,Donnybrook,-29.566666,24.316666,WOAH (former OIE),Confirmed,Domestic - sheep | Domestic - Goats,Domestic - Sheep | Domestic - Goats,11/04/2010,28/04/2010,,
154369,UNFAO-LEG-154369,Rift Valley fever,,Africa,Southern Africa,South Africa,Northern Cape,Modderfontein,-28.84844,22.021682,WOAH (former OIE),Confirmed,Domestic - sheep,Domestic - Sheep,11/04/2010,06/05/2010,,
155211,UNFAO-LEG-155211,Rift Valley fever,,Africa,Southern Africa,South Africa,Eastern Cape,Kalkoenkrantz,-31.55,26.3873,WOAH (former OIE),Confirmed,Domestic - sheep,Domestic - Sheep,11/04/2010,01/06/2010,,
154253,UNFAO-LEG-154253,Rift Valley fever,,Africa,Southern Africa,South Africa,Eastern Cape,Landsdown,-31.613833,25.329722,WOAH (former OIE),Confirmed,Domestic - sheep,Domestic - Sheep,10/04/2010,28/04/2010,,
154343,UNFAO-LEG-154343,Rift Valley fever,,Africa,Southern Africa,South Africa,Eastern Cape,Tweefontein,-31.5763,24.921,WOAH (former OIE),Confirmed,Domestic - sheep,Domestic - Sheep,10/04/2010,06/05/2010,,
154901,UNFAO-LEG-154901,Rift Valley fever,,Africa,Southern Africa,South Africa,Free State,Tweefontein FS,-29.5997,26.1027,WOAH (former OIE),Confirmed,Domestic - sheep,Domestic - Sheep,10/04/2010,25/05/2010,,
155229,UNFAO-LEG-155229,Rift Valley fever,,Africa,Southern Africa,South Africa,Free State,Ferreira,-29.2022,26.1747,WOAH (former OIE),Confirmed,Domestic - sheep,Domestic - Sheep,10/04/2010,01/06/2010,,
155241,UNFAO-LEG-155241,Rift Valley fever,,Africa,Southern Africa,South Africa,Free State,Randfontein,-27.3769,26.575,WOAH (former OIE),Confirmed,Domestic - cattle,Domestic - Cattle,10/04/2010,01/06/2010,,
154249,UNFAO-LEG-154249,Rift Valley fever,,Africa,Southern Africa,South Africa,Free State,Rustplaas,-27.42888,27.2058,WOAH (former OIE),Confirmed,Domestic - sheep | Domestic - cattle,Domestic - Sheep | Domestic - Cattle,09/04/2010,28/04/2010,,
154281,UNFAO-LEG-154281,Rift Valley fever,,Africa,Southern Africa,South Africa,Free State,Deellaagte,-29.4925,24.53306,WOAH (former OIE),Confirmed,Domestic - sheep,Domestic - Sheep,09/04/2010,28/04/2010,,
154368,UNFAO-LEG-154368,Rift Valley fever,,Africa,Southern Africa,South Africa,Northern Cape,Ventersvallei,-30.3393,24.7661,WOAH (former OIE),Confirmed,Domestic - sheep,Domestic - Sheep,09/04/2010,06/05/2010,,
154381,UNFAO-LEG-154381,Rift Valley fever,,Africa,Southern Africa,South Africa,Northern Cape,Nuwekraal,-30.0765,23.6706,WOAH (former OIE),Confirmed,Domestic - sheep,Domestic - Sheep,09/04/2010,06/05/2010,,
154840,UNFAO-LEG-154840,Rift Valley fever,,Africa,Southern Africa,South Africa,Free State,Samekomst,-28.8861,25.4488,WOAH (former OIE),Confirmed,Domestic - sheep | Domestic - cattle,Domestic - Sheep | Domestic - Cattle,09/04/2010,18/05/2010,,
155218,UNFAO-LEG-155218,Rift Valley fever,,Africa,Southern Africa,South Africa,Free State,Holpan,-29.1609,24.666,WOAH (former OIE),Confirmed,Domestic - cattle,Domestic - Cattle,09/04/2010,01/06/2010,,
155251,UNFAO-LEG-155251,Rift Valley fever,,Africa,Southern Africa,South Africa,Free State,Wolwekop,-29.5483,24.8381,WOAH (former OIE),Confirmed,Domestic - sheep,Domestic - Sheep,09/04/2010,01/06/2010,,
155252,UNFAO-LEG-155252,Rift Valley fever,,Africa,Southern Africa,South Africa,Free State,Bosjespan,-29.6136,24.6227,WOAH (former OIE),Confirmed,Domestic - sheep,Domestic - Sheep,09/04/2010,01/06/2010,,
153918,UNFAO-LEG-153918,Rift Valley fever,,Africa,Southern Africa,South Africa,North West,Marotse Village,-26.75,25.5,WOAH (former OIE),Confirmed,Domestic - sheep,Domestic - Sheep,08/04/2010,20/04/2010,,
154245,UNFAO-LEG-154245,Rift Valley fever,,Africa,Southern Africa,South Africa,Northern Cape,Oudam,-29.466706,24.433139,WOAH (former OIE),Confirmed,Domestic - sheep | Domestic - cattle,Domestic - Sheep | Domestic - Cattle,08/04/2010,28/04/2010,,
154372,UNFAO-LEG-154372,Rift Valley fever,,Africa,Southern Africa,South Africa,Northern Cape,Sanddrift,-31.1869,24.9519,WOAH (former OIE),Confirmed,Domestic - cattle,Domestic - Cattle,08/04/2010,06/05/2010,,
154842,UNFAO-LEG-154842,Rift Valley fever,,Africa,Southern Africa,South Africa,Northern Cape,Oranjerivier Voere,-29.89,22.9795,WOAH (former OIE),Confirmed,Domestic - sheep,Domestic - Sheep,08/04/2010,18/05/2010,,
155226,UNFAO-LEG-155226,Rift Valley fever,,Africa,Southern Africa,South Africa,Free State,Wesselsdal,-30.0068,26.8873,WOAH (former OIE),Confirmed,Domestic - cattle | Domestic - sheep,Domestic - Cattle | Domestic - Sheep,08/04/2010,01/06/2010,,
154216,UNFAO-LEG-154216,Rift Valley fever,,Africa,Southern Africa,South Africa,Free State,Inkomst,-29.582997,25.052108,WOAH (former OIE),Confirmed,Domestic - sheep | Domestic - cattle,Domestic - Sheep | Domestic - Cattle,07/04/2010,28/04/2010,,
154223,UNFAO-LEG-154223,Rift Valley fever,,Africa,Southern Africa,South Africa,Free State,De Klei Oos,-29.3382,24.82137,WOAH (former OIE),Confirmed,Domestic - cattle | Domestic - sheep,Domestic - Cattle | Domestic - Sheep,07/04/2010,28/04/2010,,
154227,UNFAO-LEG-154227,Rift Valley fever,,Africa,Southern Africa,South Africa,Free State,Eensgevonden,-29.567594,25.060003,WOAH (former OIE),Confirmed,Domestic - cattle | Domestic - sheep,Domestic - Cattle | Domestic - Sheep,07/04/2010,28/04/2010,,
154254,UNFAO-LEG-154254,Rift Valley fever,,Africa,Southern Africa,South Africa,Northern Cape,Alexandria,-31.338138,23.609383,WOAH (former OIE),Confirmed,Domestic - sheep,Domestic - Sheep,07/04/2010,28/04/2010,,
154257,UNFAO-LEG-154257,Rift Valley fever,,Africa,Southern Africa,South Africa,Free State,Poortjie,-29.714961,24.581919,WOAH (former OIE),Confirmed,Domestic - sheep | Domestic - cattle,Domestic - Sheep | Domestic - Cattle,07/04/2010,28/04/2010,,
154262,UNFAO-LEG-154262,Rift Valley fever,,Africa,Southern Africa,South Africa,Free State,Brakput,-29.64039,24.66508,WOAH (former OIE),Confirmed,Domestic - sheep | Domestic - cattle,Domestic - Sheep | Domestic - Cattle,07/04/2010,28/04/2010,,
154387,UNFAO-LEG-154387,Rift Valley fever,,Africa,Southern Africa,South Africa,Northern Cape,Soutputs,-29.42108,22.2535,WOAH (former OIE),Confirmed,Domestic - sheep,Domestic - Sheep,07/04/2010,06/05/2010,,
154836,UNFAO-LEG-154836,Rift Valley fever,,Africa,Southern Africa,South Africa,Western Cape,Snyderskraal,-31.8469,23.7384,WOAH (former OIE),Confirmed,Domestic - sheep,Domestic - Sheep,07/04/2010,18/05/2010,,
154839,UNFAO-LEG-154839,Rift Valley fever,,Africa,Southern Africa,South Africa,Free State,Vrykamp,-29.1141,24.7801,WOAH (former OIE),Confirmed,Domestic - sheep | Domestic - Goats | Domestic - cattle,Domestic - Sheep | Domestic - Goats | Domestic - Cattle,07/04/2010,18/05/2010,,
154849,UNFAO-LEG-154849,Rift Valley fever,,Africa,Southern Africa,South Africa,Free State,Kanonkop,-29.0175,24.9462,WOAH (former OIE),Confirmed,Domestic - sheep,Domestic - Sheep,07/04/2010,18/05/2010,,
154854,UNFAO-LEG-154854,Rift Valley fever,,Africa,Southern Africa,South Africa,Free State,Winkelhaak,-29.4303,25.2058,WOAH (former OIE),Confirmed,Domestic - sheep,Domestic - Sheep,07/04/2010,18/05/2010,,
154855,UNFAO-LEG-154855,Rift Valley fever,,Africa,Southern Africa,South Africa,Free State,Loskop,-29.47638,24.69575,WOAH (former OIE),Confirmed,Domestic - sheep,Domestic - Sheep,07/04/2010,18/05/2010,,
154860,UNFAO-LEG-154860,Rift Valley fever,,Africa,Southern Africa,South Africa,Free State,Vaalbank,-27.0772,28.4061,WOAH (former OIE),Confirmed,Domestic - sheep | Domestic - cattle,Domestic - Sheep | Domestic - Cattle,07/04/2010,18/05/2010,,
155139,UNFAO-LEG-155139,Rift Valley fever,,Africa,Southern Africa,South Africa,Free State,Nalisview,-29.2352,26.2238,WOAH (former OIE),Confirmed,Domestic - cattle | Domestic - sheep,Domestic - Cattle | Domestic - Sheep,07/04/2010,11/06/2010,,
155235,UNFAO-LEG-155235,Rift Valley fever,,Africa,Southern Africa,South Africa,Free State,de Kiel Oos,-29.3382,24.8213,WOAH (former OIE),Confirmed,Domestic - sheep | Domestic - cattle,Domestic - Sheep | Domestic - Cattle,07/04/2010,01/06/2010,,
153895,UNFAO-LEG-153895,Rift Valley fever,,Africa,Southern Africa,South Africa,Northern Cape,Tasmania,-29.660111,22.79225,WOAH (former OIE),Confirmed,Domestic - cattle,Domestic - Cattle,06/04/2010,20/04/2010,,
153898,UNFAO-LEG-153898,Rift Valley fever,,Africa,Southern Africa,South Africa,Northern Cape,Steenbokkamp,-29.100053,24.608167,WOAH (former OIE),Confirmed,Domestic - cattle,Domestic - Cattle,06/04/2010,20/04/2010,,
153917,UNFAO-LEG-153917,Rift Valley fever,,Africa,Southern Africa,South Africa,Northern Cape,Uitkyk,-30.238722,23.611222,WOAH (former OIE),Confirmed,Domestic - sheep,Domestic - Sheep,06/04/2010,20/04/2010,,
153950,UNFAO-LEG-153950,Rift Valley fever,,Africa,Southern Africa,South Africa,Western Cape,Bakenskraal,-33.63778,22.21472,WOAH (former OIE),Confirmed,Domestic - cattle,Domestic - Cattle,06/04/2010,20/04/2010,,
154237,UNFAO-LEG-154237,Rift Valley fever,,Africa,Southern Africa,South Africa,Free State,Drummond,-27.463,27.286,WOAH (former OIE),Confirmed,Domestic - Goats,Domestic - Goats,06/04/2010,28/04/2010,,
154258,UNFAO-LEG-154258,Rift Valley fever,,Africa,Southern Africa,South Africa,Free State,Hekkamp,-30.41611,26.975,WOAH (former OIE),Confirmed,Domestic - sheep,Domestic - Sheep,06/04/2010,28/04/2010,,
154276,UNFAO-LEG-154276,Rift Valley fever,,Africa,Southern Africa,South Africa,Eastern Cape,Panorama,-31.996889,25.497083,WOAH (former OIE),Confirmed,Domestic - sheep,Domestic - Sheep,06/04/2010,28/04/2010,,
154283,UNFAO-LEG-154283,Rift Valley fever,,Africa,Southern Africa,South Africa,Free State,Viljoenskroon Townlands,-27.26833,26.95138,WOAH (former OIE),Confirmed,Domestic - sheep | Domestic - cattle,Domestic - Sheep | Domestic - Cattle,06/04/2010,28/04/2010,,
154289,UNFAO-LEG-154289,Rift Valley fever,,Africa,Southern Africa,South Africa,Eastern Cape,Deochandoris,-31.4,27.6,WOAH (former OIE),Confirmed,Domestic - sheep,Domestic - Sheep,06/04/2010,28/04/2010,,
154833,UNFAO-LEG-154833,Rift Valley fever,,Africa,Southern Africa,South Africa,Free State,Leegtepoort,-29.3618,25.1271,WOAH (former OIE),Confirmed,Domestic - sheep | Domestic - cattle,Domestic - Sheep | Domestic - Cattle,06/04/2010,18/05/2010,,
154844,UNFAO-LEG-154844,Rift Valley fever,,Africa,Southern Africa,South Africa,Free State,Rooiplaat,-29.5343,25.0375,WOAH (former OIE),Confirmed,Domestic - sheep | Domestic - cattle,Domestic - Sheep | Domestic - Cattle,06/04/2010,18/05/2010,,
155245,UNFAO-LEG-155245,Rift Valley fever,,Africa,Southern Africa,South Africa,Northern Cape,Daggafontein,-30.9166,23.2666,WOAH (former OIE),Confirmed,Domestic - sheep,Domestic - Sheep,06/04/2010,01/06/2010,,
153935,UNFAO-LEG-153935,Rift Valley fever,,Africa,Southern Africa,South Africa,Northern Cape,Doornkloof portion 2,-28.208333,24.483333,WOAH (former OIE),Confirmed,Domestic - cattle,Domestic - Cattle,05/04/2010,20/04/2010,,
154353,UNFAO-LEG-154353,Rift Valley fever,,Africa,Southern Africa,South Africa,Northern Cape,Preservation,-29.7545,22.6913,WOAH (former OIE),Confirmed,Domestic - sheep,Domestic - Sheep,05/04/2010,06/05/2010,,
154354,UNFAO-LEG-154354,Rift Valley fever,,Africa,Southern Africa,South Africa,Northern Cape,Hydepark,-29.6695,22.8111,WOAH (former OIE),Confirmed,Domestic - sheep,Domestic - Sheep,05/04/2010,06/05/2010,,
154893,UNFAO-LEG-154893,Rift Valley fever,,Africa,Southern Africa,South Africa,Northern Cape,Rietfontein,-30.6166,25.3333,WOAH (former OIE),Confirmed,Domestic - Goats,Domestic - Goats,05/04/2010,25/05/2010,,
154902,UNFAO-LEG-154902,Rift Valley fever,,Africa,Southern Africa,South Africa,Northern Cape,Adamsfontein,-30.5893,25.2227,WOAH (former OIE),Confirmed,Domestic - sheep,Domestic - Sheep,05/04/2010,25/05/2010,,
154841,UNFAO-LEG-154841,Rift Valley fever,,Africa,Southern Africa,South Africa,Eastern Cape,Keerom,-30.81722,25.6213,WOAH (former OIE),Confirmed,Domestic - sheep,Domestic - Sheep,04/04/2010,18/05/2010,,
154293,UNFAO-LEG-154293,Rift Valley fever,,Africa,Southern Africa,South Africa,Northern Cape,Rietrivier,-29.09725,24.606222,WOAH (former OIE),Confirmed,Domestic - Goats,Domestic - Goats,03/04/2010,28/04/2010,,
154846,UNFAO-LEG-154846,Rift Valley fever,,Africa,Southern Africa,South Africa,Eastern Cape,Odendal,-30.6811,26.7569,WOAH (former OIE),Confirmed,Domestic - cattle,Domestic - Cattle,03/04/2010,18/05/2010,,
154266,UNFAO-LEG-154266,Rift Valley fever,,Africa,Southern Africa,South Africa,Eastern Cape,Glencoe,-31.77675,25.307222,WOAH (former OIE),Confirmed,Domestic - sheep,Domestic - Sheep,02/04/2010,28/04/2010,,
154357,UNFAO-LEG-154357,Rift Valley fever,,Africa,Southern Africa,South Africa,Western Cape,Coleshill,-32.3421,22.6283,WOAH (former OIE),Confirmed,Domestic - sheep,Domestic - Sheep,02/04/2010,06/05/2010,,
154364,UNFAO-LEG-154364,Rift Valley fever,,Africa,Southern Africa,South Africa,Northern Cape,Skietkolk,-30.8062,21.7816,WOAH (former OIE),Confirmed,Domestic - sheep,Domestic - Sheep,02/04/2010,06/05/2010,,
153852,UNFAO-LEG-153852,Rift Valley fever,,Africa,Southern Africa,South Africa,Free State,Kromdraai,-27.771111,26.633056,WOAH (former OIE),Confirmed,Domestic - Goats | Domestic - cattle | Domestic - sheep,Domestic - Goats | Domestic - Cattle | Domestic - Sheep,01/04/2010,01/04/2010,,
153897,UNFAO-LEG-153897,Rift Valley fever,,Africa,Southern Africa,South Africa,Northern Cape,Rietrivier,-29.11,24.5975,WOAH (former OIE),Confirmed,Domestic - sheep,Domestic - Sheep,01/04/2010,20/04/2010,,
153908,UNFAO-LEG-153908,Rift Valley fever,,Africa,Southern Africa,South Africa,Mpumalanga,Elim,-26.3075,29.842222,WOAH (former OIE),Confirmed,Domestic - sheep,Domestic - Sheep,01/04/2010,20/04/2010,,
154278,UNFAO-LEG-154278,Rift Valley fever,,Africa,Southern Africa,South Africa,Northern Cape,Perseel 3 M15,-27.661694,24.700833,WOAH (former OIE),Confirmed,Domestic - sheep,Domestic - Sheep,01/04/2010,28/04/2010,,
154386,UNFAO-LEG-154386,Rift Valley fever,,Africa,Southern Africa,South Africa,Northern Cape,Swemkuil,-29.4167,23.4167,WOAH (former OIE),Confirmed,Domestic - cattle | Wild - unspecified mammal | Domestic - Goat/sheep ,Domestic - Cattle | Wild - Unspecified Mammal | Domestic - Goat/Sheep ,01/04/2010,06/05/2010,,
154393,UNFAO-LEG-154393,Rift Valley fever,,Africa,Southern Africa,South Africa,Northern Cape,Geduld Boerdery,-28.7452,20.6054,WOAH (former OIE),Confirmed,Domestic - sheep,Domestic - Sheep,01/04/2010,06/05/2010,,
155481,UNFAO-LEG-155481,Rift Valley fever,,Africa,Southern Africa,South Africa,Northern Cape,Saaidam,-29.8485,23.3449,WOAH (former OIE),Confirmed,Domestic - sheep | Domestic - Goats,Domestic - Sheep | Domestic - Goats,01/04/2010,24/06/2010,,
153900,UNFAO-LEG-153900,Rift Valley fever,,Africa,Southern Africa,South Africa,Free State,Palmietfontein,-29.233333,25.724444,WOAH (former OIE),Confirmed,Domestic - cattle | Domestic - sheep,Domestic - Cattle | Domestic - Sheep,31/03/2010,20/04/2010,,
153927,UNFAO-LEG-153927,Rift Valley fever,,Africa,Southern Africa,South Africa,Northern Cape,Onrusfontein,-30.019694,24.439806,WOAH (former OIE),Confirmed,Domestic - sheep,Domestic - Sheep,31/03/2010,20/04/2010,,
153958,UNFAO-LEG-153958,Rift Valley fever,,Africa,Southern Africa,South Africa,North West,Taaibospan,-26.5,25.75,WOAH (former OIE),Confirmed,Domestic - sheep,Domestic - Sheep,31/03/2010,20/04/2010,,
154205,UNFAO-LEG-154205,Rift Valley fever,,Africa,Southern Africa,South Africa,Free State,Uitzight,-29.515003,24.817039,WOAH (former OIE),Confirmed,Domestic - sheep | Domestic - cattle,Domestic - Sheep | Domestic - Cattle,31/03/2010,28/04/2010,,
154212,UNFAO-LEG-154212,Rift Valley fever,,Africa,Southern Africa,South Africa,Free State,Stofdam,-29.400961,24.660053,WOAH (former OIE),Confirmed,Domestic - sheep | Domestic - cattle,Domestic - Sheep | Domestic - Cattle,31/03/2010,28/04/2010,,
154219,UNFAO-LEG-154219,Rift Valley fever,,Africa,Southern Africa,South Africa,Eastern Cape,Bangor,-31.392194,25.047833,WOAH (former OIE),Confirmed,Domestic - sheep,Domestic - Sheep,31/03/2010,28/04/2010,,
154220,UNFAO-LEG-154220,Rift Valley fever,,Africa,Southern Africa,South Africa,Eastern Cape,Buffelskop,-31.48333,25.116666,WOAH (former OIE),Confirmed,Domestic - cattle | Domestic - Goats | Domestic - sheep,Domestic - Cattle | Domestic - Goats | Domestic - Sheep,31/03/2010,28/04/2010,,
154228,UNFAO-LEG-154228,Rift Valley fever,,Africa,Southern Africa,South Africa,Free State,Hartebeesdam,-29.393064,24.561514,WOAH (former OIE),Confirmed,Domestic - cattle | Domestic - sheep,Domestic - Cattle | Domestic - Sheep,31/03/2010,28/04/2010,,
154252,UNFAO-LEG-154252,Rift Valley fever,,Africa,Southern Africa,South Africa,Eastern Cape,The Pines,-31.552056,26.003583,WOAH (former OIE),Confirmed,Domestic - sheep | Domestic - cattle | Domestic - Goats,Domestic - Sheep | Domestic - Cattle | Domestic - Goats,31/03/2010,28/04/2010,,
154272,UNFAO-LEG-154272,Rift Valley fever,,Africa,Southern Africa,South Africa,Free State,Blaauwbank,-29.468794,25.106819,WOAH (former OIE),Confirmed,Domestic - sheep | Domestic - cattle,Domestic - Sheep | Domestic - Cattle,31/03/2010,28/04/2010,,
154280,UNFAO-LEG-154280,Rift Valley fever,,Africa,Southern Africa,South Africa,Free State,Biesiesfontein,-29.559981,24.753917,WOAH (former OIE),Confirmed,Domestic - sheep | Domestic - cattle,Domestic - Sheep | Domestic - Cattle,31/03/2010,28/04/2010,,
154380,UNFAO-LEG-154380,Rift Valley fever,,Africa,Southern Africa,South Africa,Northern Cape,Smithdale,-28.4833,24.7166,WOAH (former OIE),Confirmed,Domestic - cattle | Domestic - Goats | Domestic - sheep,Domestic - Cattle | Domestic - Goats | Domestic - Sheep,31/03/2010,06/05/2010,,
154897,UNFAO-LEG-154897,Rift Valley fever,,Africa,Southern Africa,South Africa,Free State,Golden Valley,-27.3383,27.223,WOAH (former OIE),Confirmed,Domestic - cattle | Domestic - sheep,Domestic - Cattle | Domestic - Sheep,31/03/2010,25/05/2010,,
153906,UNFAO-LEG-153906,Rift Valley fever,,Africa,Southern Africa,South Africa,Northern Cape,Groener Vlei,-28.516667,24.516667,WOAH (former OIE),Confirmed,Domestic - sheep,Domestic - Sheep,30/03/2010,20/04/2010,,
153933,UNFAO-LEG-153933,Rift Valley fever,,Africa,Southern Africa,South Africa,Northern Cape,Graspan,-29.344222,24.408194,WOAH (former OIE),Confirmed,Domestic - sheep,Domestic - Sheep,30/03/2010,20/04/2010,,
153948,UNFAO-LEG-153948,Rift Valley fever,,Africa,Southern Africa,South Africa,Northern Cape,Orania Plot 29,-29.8354,24.381167,WOAH (former OIE),Confirmed,Domestic - sheep,Domestic - Sheep,30/03/2010,20/04/2010,,
153957,UNFAO-LEG-153957,Rift Valley fever,,Africa,Southern Africa,South Africa,North West,Langerust - Oxendale,-26.45,24.566667,WOAH (former OIE),Confirmed,Domestic - cattle,Domestic - Cattle,30/03/2010,20/04/2010,,
154208,UNFAO-LEG-154208,Rift Valley fever,,Africa,Southern Africa,South Africa,Eastern Cape,Prospect,-31.86666,25.416666,WOAH (former OIE),Confirmed,Domestic - sheep | Domestic - cattle,Domestic - Sheep | Domestic - Cattle,30/03/2010,28/04/2010,,
153934,UNFAO-LEG-153934,Rift Valley fever,,Africa,Southern Africa,South Africa,Northern Cape,Fergus West,-29.265389,24.470861,WOAH (former OIE),Confirmed,Domestic - cattle | Domestic - sheep | Domestic - Goats,Domestic - Cattle | Domestic - Sheep | Domestic - Goats,29/03/2010,20/04/2010,,
153951,UNFAO-LEG-153951,Rift Valley fever,,Africa,Southern Africa,South Africa,Free State,Kalbasdrif,-29.511667,25.2925,WOAH (former OIE),Confirmed,Domestic - sheep,Domestic - Sheep,29/03/2010,20/04/2010,,
153955,UNFAO-LEG-153955,Rift Valley fever,,Africa,Southern Africa,South Africa,Northern Cape,Drie Plotte,-29.05,24.593611,WOAH (former OIE),Confirmed,Domestic - sheep,Domestic - Sheep,29/03/2010,20/04/2010,,
154204,UNFAO-LEG-154204,Rift Valley fever,,Africa,Southern Africa,South Africa,Free State,Kedron,-27.391388,27.015556,WOAH (former OIE),Confirmed,Domestic - sheep | Domestic - cattle,Domestic - Sheep | Domestic - Cattle,29/03/2010,28/04/2010,,
154239,UNFAO-LEG-154239,Rift Valley fever,,Africa,Southern Africa,South Africa,Western Cape,Sekretariskraal,-31.934664,23.519667,WOAH (former OIE),Confirmed,Domestic - sheep,Domestic - Sheep,29/03/2010,28/04/2010,,
154248,UNFAO-LEG-154248,Rift Valley fever,,Africa,Southern Africa,South Africa,Free State,Viljoenskroon Townlands,-27.2183,27.9513,WOAH (former OIE),Confirmed,Domestic - cattle | Domestic - sheep | Domestic - Goats,Domestic - Cattle | Domestic - Sheep | Domestic - Goats,29/03/2010,28/04/2010,,
154256,UNFAO-LEG-154256,Rift Valley fever,,Africa,Southern Africa,South Africa,Free State,Bultfontein Reddersburg,-29.585833,26.294444,WOAH (former OIE),Confirmed,Domestic - cattle | Domestic - sheep,Domestic - Cattle | Domestic - Sheep,29/03/2010,28/04/2010,,
154359,UNFAO-LEG-154359,Rift Valley fever,,Africa,Southern Africa,South Africa,Northern Cape,Oyfenhoudtsdrift Perseel 235,-28.48,21.2403,WOAH (former OIE),Confirmed,Domestic - sheep,Domestic - Sheep,29/03/2010,06/05/2010,,
153938,UNFAO-LEG-153938,Rift Valley fever,,Africa,Southern Africa,South Africa,Free State,Goeie Hoop,-28.225861,28.041306,WOAH (former OIE),Confirmed,Domestic - sheep,Domestic - Sheep,28/03/2010,20/04/2010,,
154275,UNFAO-LEG-154275,Rift Valley fever,,Africa,Southern Africa,South Africa,Eastern Cape,Mount Melsetter,-31.442778,25.47,WOAH (former OIE),Confirmed,Domestic - sheep | Domestic - cattle,Domestic - Sheep | Domestic - Cattle,28/03/2010,28/04/2010,,
154360,UNFAO-LEG-154360,Rift Valley fever,,Africa,Southern Africa,South Africa,Northern Cape,Rooipan Droogedam,-29.9705,23.5525,WOAH (former OIE),Confirmed,Domestic - sheep,Domestic - Sheep,28/03/2010,06/05/2010,,
154848,UNFAO-LEG-154848,Rift Valley fever,,Africa,Southern Africa,South Africa,Free State,Balmont,-30.4719,26.6697,WOAH (former OIE),Confirmed,Domestic - cattle | Domestic - sheep | Domestic - Goats,Domestic - Cattle | Domestic - Sheep | Domestic - Goats,28/03/2010,18/05/2010,,
154857,UNFAO-LEG-154857,Rift Valley fever,,Africa,Southern Africa,South Africa,Free State,Rooirand,-29.4738,25.39,WOAH (former OIE),Confirmed,Domestic - cattle | Domestic - sheep,Domestic - Cattle | Domestic - Sheep,28/03/2010,18/05/2010,,
153890,UNFAO-LEG-153890,Rift Valley fever,,Africa,Southern Africa,South Africa,Northern Cape,Poloko Farm,-28.577444,24.02775,WOAH (former OIE),Confirmed,Domestic - cattle,Domestic - Cattle,27/03/2010,20/04/2010,,
153903,UNFAO-LEG-153903,Rift Valley fever,,Africa,Southern Africa,South Africa,Northern Cape,Fonteintjie,-28.95,23.866667,WOAH (former OIE),Confirmed,Domestic - cattle,Domestic - Cattle,27/03/2010,20/04/2010,,
154355,UNFAO-LEG-154355,Rift Valley fever,,Africa,Southern Africa,South Africa,Northern Cape,De Put,-30.596,22.52788,WOAH (former OIE),Confirmed,Domestic - sheep,Domestic - Sheep,27/03/2010,06/05/2010,,
153844,UNFAO-LEG-153844,Rift Valley fever,,Africa,Southern Africa,South Africa,Western Cape,Klipkraal,-32.040944,23.008222,WOAH (former OIE),Confirmed,Domestic - sheep,Domestic - Sheep,26/03/2010,01/04/2010,,
153884,UNFAO-LEG-153884,Rift Valley fever,,Africa,Southern Africa,South Africa,Northern Cape,Liefdedal,-28.813028,24.525417,WOAH (former OIE),Confirmed,Domestic - sheep,Domestic - Sheep,26/03/2010,20/04/2010,,
153899,UNFAO-LEG-153899,Rift Valley fever,,Africa,Southern Africa,South Africa,Free State,Blydskap,-27.265833,28.8425,WOAH (former OIE),Confirmed,Domestic - cattle | Domestic - Goats | Domestic - sheep,Domestic - Cattle | Domestic - Goats | Domestic - Sheep,26/03/2010,20/04/2010,,
154217,UNFAO-LEG-154217,Rift Valley fever,,Africa,Southern Africa,South Africa,Free State,Slangfontein,-30.186056,25.569444,WOAH (former OIE),Confirmed,Domestic - sheep,Domestic - Sheep,26/03/2010,28/04/2010,,
154241,UNFAO-LEG-154241,Rift Valley fever,,Africa,Southern Africa,South Africa,Eastern Cape,Henningsfontein,-31.2725,25.408888,WOAH (former OIE),Confirmed,Domestic - Goats | Domestic - sheep | Domestic - cattle,Domestic - Goats | Domestic - Sheep | Domestic - Cattle,26/03/2010,28/04/2010,,
154250,UNFAO-LEG-154250,Rift Valley fever,,Africa,Southern Africa,South Africa,Free State,Schulpspruit,-26.96138,27.3966,WOAH (former OIE),Confirmed,Domestic - sheep | Domestic - cattle,Domestic - Sheep | Domestic - Cattle,26/03/2010,28/04/2010,,
154263,UNFAO-LEG-154263,Rift Valley fever,,Africa,Southern Africa,South Africa,Free State,Rondefontein,-30.228333,25.698333,WOAH (former OIE),Confirmed,Domestic - cattle | Domestic - sheep,Domestic - Cattle | Domestic - Sheep,26/03/2010,28/04/2010,,
154285,UNFAO-LEG-154285,Rift Valley fever,,Africa,Southern Africa,South Africa,Free State,Skoon Uitzight,-30.205,25.703333,WOAH (former OIE),Confirmed,Domestic - sheep | Domestic - cattle,Domestic - Sheep | Domestic - Cattle,26/03/2010,28/04/2010,,
153905,UNFAO-LEG-153905,Rift Valley fever,,Africa,Southern Africa,South Africa,Northern Cape,Taaibos,-29.59458,23.10206,WOAH (former OIE),Confirmed,Domestic - sheep,Domestic - Sheep,25/03/2010,20/04/2010,,
154203,UNFAO-LEG-154203,Rift Valley fever,,Africa,Southern Africa,South Africa,Free State,Pleasure,-27.34516,27.21972,WOAH (former OIE),Confirmed,Domestic - sheep | Domestic - cattle,Domestic - Sheep | Domestic - Cattle,25/03/2010,28/04/2010,,
154221,UNFAO-LEG-154221,Rift Valley fever,,Africa,Southern Africa,South Africa,North West,Misgun Kareeboomput,-27.708333,25.054167,WOAH (former OIE),Confirmed,Domestic - cattle,Domestic - Cattle,25/03/2010,28/04/2010,,
154259,UNFAO-LEG-154259,Rift Valley fever,,Africa,Southern Africa,South Africa,Free State,Leeuwkop,-29.4369,25.249444,WOAH (former OIE),Confirmed,Domestic - cattle | Domestic - sheep,Domestic - Cattle | Domestic - Sheep,25/03/2010,28/04/2010,,
154349,UNFAO-LEG-154349,Rift Valley fever,,Africa,Southern Africa,South Africa,Free State,De Wetsdrift,-27.1277,26.9525,WOAH (former OIE),Confirmed,Domestic - cattle,Domestic - Cattle,25/03/2010,06/05/2010,,
153251,UNFAO-LEG-153251,Rift Valley fever,,Africa,Southern Africa,South Africa,Western Cape,Bleakhouse,-32.287,22.82,WOAH (former OIE),Confirmed,Domestic - sheep,Domestic - Sheep,24/03/2010,29/03/2010,,
153904,UNFAO-LEG-153904,Rift Valley fever,,Africa,Southern Africa,South Africa,Northern Cape,Poortjie,-31.499806,22.376333,WOAH (former OIE),Confirmed,Domestic - sheep,Domestic - Sheep,24/03/2010,20/04/2010,,
153928,UNFAO-LEG-153928,Rift Valley fever,,Africa,Southern Africa,South Africa,Northern Cape,Stofkraalspoort,-31.164888,21.931778,WOAH (former OIE),Confirmed,Domestic - sheep,Domestic - Sheep,24/03/2010,20/04/2010,,
153947,UNFAO-LEG-153947,Rift Valley fever,,Africa,Southern Africa,South Africa,Northern Cape,Herbou,-29.674694,23.296083,WOAH (former OIE),Confirmed,Domestic - sheep,Domestic - Sheep,24/03/2010,20/04/2010,,
154209,UNFAO-LEG-154209,Rift Valley fever,,Africa,Southern Africa,South Africa,Eastern Cape,Liebendal,-31.717861,25.925278,WOAH (former OIE),Confirmed,Domestic - Goat/sheep ,Domestic - Goat/Sheep ,24/03/2010,28/04/2010,,
154232,UNFAO-LEG-154232,Rift Valley fever,,Africa,Southern Africa,South Africa,Northern Cape,Poortjies,-29.977194,21.315944,WOAH (former OIE),Confirmed,Domestic - sheep,Domestic - Sheep,24/03/2010,28/04/2010,,
154260,UNFAO-LEG-154260,Rift Valley fever,,Africa,Southern Africa,South Africa,Free State,Danzig,-29.17136,25.0754,WOAH (former OIE),Confirmed,Domestic - sheep,Domestic - Sheep,24/03/2010,28/04/2010,,
154351,UNFAO-LEG-154351,Rift Valley fever,,Africa,Southern Africa,South Africa,Northern Cape,Klein Lemoenkop-Wes,-29.9,20.7333,WOAH (former OIE),Confirmed,Domestic - sheep,Domestic - Sheep,24/03/2010,06/05/2010,,
154834,UNFAO-LEG-154834,Rift Valley fever,,Africa,Southern Africa,South Africa,Free State,Denmark,-30.5938,26.8127,WOAH (former OIE),Confirmed,Domestic - cattle | Domestic - sheep,Domestic - Cattle | Domestic - Sheep,24/03/2010,18/05/2010,,
155249,UNFAO-LEG-155249,Rift Valley fever,,Africa,Southern Africa,South Africa,Free State,Thorn Grove,-28.8352,26.1936,WOAH (former OIE),Confirmed,Domestic - sheep | Domestic - cattle,Domestic - Sheep | Domestic - Cattle,24/03/2010,01/06/2010,,
153889,UNFAO-LEG-153889,Rift Valley fever,,Africa,Southern Africa,South Africa,Northern Cape,Groot Markt,-30.23122,22.324306,WOAH (former OIE),Confirmed,Domestic - sheep,Domestic - Sheep,23/03/2010,20/04/2010,,
153891,UNFAO-LEG-153891,Rift Valley fever,,Africa,Southern Africa,South Africa,Northern Cape,Kloofsig,-29.956,24.56272,WOAH (former OIE),Confirmed,Domestic - cattle | Domestic - sheep,Domestic - Cattle | Domestic - Sheep,23/03/2010,20/04/2010,,
153924,UNFAO-LEG-153924,Rift Valley fever,,Africa,Southern Africa,South Africa,Northern Cape,Fonteintjie,-31.075,25.323889,WOAH (former OIE),Confirmed,Domestic - sheep,Domestic - Sheep,23/03/2010,20/04/2010,,
153939,UNFAO-LEG-153939,Rift Valley fever,,Africa,Southern Africa,South Africa,Mpumalanga,Wolwefontein,-26.960833,28.71222,WOAH (former OIE),Confirmed,Domestic - sheep,Domestic - Sheep,23/03/2010,20/04/2010,,
154270,UNFAO-LEG-154270,Rift Valley fever,,Africa,Southern Africa,South Africa,Free State,Philadelphia,-27.9063,26.4318,WOAH (former OIE),Confirmed,Domestic - cattle | Domestic - sheep | Domestic - Goats,Domestic - Cattle | Domestic - Sheep | Domestic - Goats,23/03/2010,28/04/2010,,
154856,UNFAO-LEG-154856,Rift Valley fever,,Africa,Southern Africa,South Africa,Free State,Tweeling,-27.5413,28.5258,WOAH (former OIE),Confirmed,Domestic - cattle,Domestic - Cattle,23/03/2010,18/05/2010,,
154911,UNFAO-LEG-154911,Rift Valley fever,,Africa,Southern Africa,South Africa,Free State,Asbosdam,-29.1721,24.8658,WOAH (former OIE),Confirmed,Domestic - cattle | Domestic - sheep,Domestic - Cattle | Domestic - Sheep,23/03/2010,25/05/2010,,
155233,UNFAO-LEG-155233,Rift Valley fever,,Africa,Southern Africa,South Africa,Free State,Mijnrus,-29.719,26.6145,WOAH (former OIE),Confirmed,Domestic - cattle | Domestic - sheep,Domestic - Cattle | Domestic - Sheep,23/03/2010,01/06/2010,,
153923,UNFAO-LEG-153923,Rift Valley fever,,Africa,Southern Africa,South Africa,Northern Cape,Blaauwsyfer,-31.126667,21.364056,WOAH (former OIE),Confirmed,Domestic - sheep,Domestic - Sheep,22/03/2010,20/04/2010,,
154287,UNFAO-LEG-154287,Rift Valley fever,,Africa,Southern Africa,South Africa,Eastern Cape,Skoongesig,-31.351944,25.444167,WOAH (former OIE),Confirmed,Domestic - sheep,Domestic - Sheep,22/03/2010,28/04/2010,,
154290,UNFAO-LEG-154290,Rift Valley fever,,Africa,Southern Africa,South Africa,Northern Cape,Ramkraal,-30.051278,22.945889,WOAH (former OIE),Confirmed,Domestic - sheep,Domestic - Sheep,22/03/2010,28/04/2010,,
154912,UNFAO-LEG-154912,Rift Valley fever,,Africa,Southern Africa,South Africa,Free State,Fontein,-27.8711,27.2175,WOAH (former OIE),Confirmed,Domestic - cattle | Domestic - sheep,Domestic - Cattle | Domestic - Sheep,22/03/2010,25/05/2010,,
153836,UNFAO-LEG-153836,Rift Valley fever,,Africa,Southern Africa,South Africa,Free State,Hertzog,-28.663611,26.339167,WOAH (former OIE),Confirmed,Domestic - cattle | Domestic - sheep,Domestic - Cattle | Domestic - Sheep,21/03/2010,01/04/2010,,
153930,UNFAO-LEG-153930,Rift Valley fever,,Africa,Southern Africa,South Africa,Free State,Bankfontein,-30.060833,24.881944,WOAH (former OIE),Confirmed,Domestic - cattle | Domestic - sheep,Domestic - Cattle | Domestic - Sheep,21/03/2010,20/04/2010,,
154268,UNFAO-LEG-154268,Rift Valley fever,,Africa,Southern Africa,South Africa,Northern Cape,Koppiesdam,-29.997889,23.300889,WOAH (former OIE),Confirmed,Domestic - cattle | Domestic - sheep,Domestic - Cattle | Domestic - Sheep,21/03/2010,28/04/2010,,
154273,UNFAO-LEG-154273,Rift Valley fever,,Africa,Southern Africa,South Africa,Free State,Bloedfontein,-30.023361,24.943417,WOAH (former OIE),Confirmed,Domestic - cattle | Domestic - sheep,Domestic - Cattle | Domestic - Sheep,21/03/2010,28/04/2010,,
153915,UNFAO-LEG-153915,Rift Valley fever,,Africa,Southern Africa,South Africa,North West,Graslaagte,-26.510167,26.915667,WOAH (former OIE),Confirmed,Domestic - cattle,Domestic - Cattle,20/03/2010,20/04/2010,,
154236,UNFAO-LEG-154236,Rift Valley fever,,Africa,Southern Africa,South Africa,Free State,Buitendags Hoop,-27.802,26.7145,WOAH (former OIE),Confirmed,Domestic - sheep,Domestic - Sheep,20/03/2010,28/04/2010,,
154261,UNFAO-LEG-154261,Rift Valley fever,,Africa,Southern Africa,South Africa,Free State,Lettiesrust,-27.052,27.612,WOAH (former OIE),Confirmed,Domestic - cattle | Domestic - sheep,Domestic - Cattle | Domestic - Sheep,20/03/2010,28/04/2010,,
154284,UNFAO-LEG-154284,Rift Valley fever,,Africa,Southern Africa,South Africa,Free State,Fonteinspruit,-27.576667,27.493333,WOAH (former OIE),Confirmed,Domestic - sheep | Domestic - cattle,Domestic - Sheep | Domestic - Cattle,20/03/2010,28/04/2010,,
155482,UNFAO-LEG-155482,Rift Valley fever,,Africa,Southern Africa,South Africa,Free State,Groot Kallesfontein,-30.0608,24.8819,WOAH (former OIE),Confirmed,Domestic - cattle | Domestic - sheep,Domestic - Cattle | Domestic - Sheep,20/03/2010,24/06/2010,,
152950,UNFAO-LEG-152950,Rift Valley fever,,Africa,Southern Africa,South Africa,Eastern Cape,Eastern Cape,-32.108625,26.590501,National authorities,Confirmed,,,19/03/2010,19/03/2010,13,0
153210,UNFAO-LEG-153210,Rift Valley fever,,Africa,Southern Africa,South Africa,Northern Cape,Droehout,-29.968,21.431,WOAH (former OIE),Confirmed,Domestic - sheep,Domestic - Sheep,19/03/2010,24/03/2010,,
153211,UNFAO-LEG-153211,Rift Valley fever,,Africa,Southern Africa,South Africa,Eastern Cape,Kruisrivier,-30.90528,26.0625,WOAH (former OIE),Confirmed,Domestic - cattle | Domestic - sheep,Domestic - Cattle | Domestic - Sheep,19/03/2010,24/03/2010,,
153257,UNFAO-LEG-153257,Rift Valley fever,,Africa,Southern Africa,South Africa,Western Cape,Hillandale,-31.93633,22.74928,WOAH (former OIE),Confirmed,Domestic - cattle,Domestic - Cattle,19/03/2010,29/03/2010,,
153264,UNFAO-LEG-153264,Rift Valley fever,,Africa,Southern Africa,South Africa,Free State,Lilysdale,-28.46417,26.22694,WOAH (former OIE),Confirmed,Domestic - sheep | Domestic - Goats,Domestic - Sheep | Domestic - Goats,19/03/2010,29/03/2010,,
153281,UNFAO-LEG-153281,Rift Valley fever,,Africa,Southern Africa,South Africa,North West,North-west,-26.37114,25.237225,National authorities,Confirmed,,,19/03/2010,19/03/2010,4,0
153829,UNFAO-LEG-153829,Rift Valley fever,,Africa,Southern Africa,South Africa,Eastern Cape,Beestekuil,-31.303333,25.359722,WOAH (former OIE),Confirmed,Domestic - sheep,Domestic - Sheep,19/03/2010,01/04/2010,,
153840,UNFAO-LEG-153840,Rift Valley fever,,Africa,Southern Africa,South Africa,Eastern Cape,Manor Home,-31.486667,25.466944,WOAH (former OIE),Confirmed,Domestic - sheep,Domestic - Sheep,19/03/2010,01/04/2010,,
153848,UNFAO-LEG-153848,Rift Valley fever,,Africa,Southern Africa,South Africa,Eastern Cape,Dwarsvlei,-31.636944,25.006111,WOAH (former OIE),Confirmed,Domestic - sheep,Domestic - Sheep,19/03/2010,01/04/2010,,
153892,UNFAO-LEG-153892,Rift Valley fever,,Africa,Southern Africa,South Africa,Northern Cape,Basterkraal,-32.095833,20.661667,WOAH (former OIE),Confirmed,Domestic - sheep,Domestic - Sheep,19/03/2010,20/04/2010,,
153986,UNFAO-LEG-153986,Rift Valley fever,,Africa,Southern Africa,South Africa,Western Cape,Western Cape,-32.63219,22.226341,National authorities,Confirmed,,,19/03/2010,19/03/2010,3,1
154384,UNFAO-LEG-154384,Rift Valley fever,,Africa,Southern Africa,South Africa,Free State,Springboklaagte,-27.6963,27.0261,WOAH (former OIE),Confirmed,Domestic - cattle | Domestic - sheep,Domestic - Cattle | Domestic - Sheep,19/03/2010,06/05/2010,,
154835,UNFAO-LEG-154835,Rift Valley fever,,Africa,Southern Africa,South Africa,Free State,Windpoort,-30.5763,26.7566,WOAH (former OIE),Confirmed,Domestic - cattle | Domestic - sheep,Domestic - Cattle | Domestic - Sheep,19/03/2010,18/05/2010,,
155145,UNFAO-LEG-155145,Rift Valley fever,,Africa,Southern Africa,South Africa,Free State,Hamelfontein,-28.61495,26.86763,WOAH (former OIE),Confirmed,Domestic - sheep,Domestic - Sheep,19/03/2010,11/06/2010,,
155149,UNFAO-LEG-155149,Rift Valley fever,,Africa,Southern Africa,South Africa,Free State,Bougainvillea,-29.7877,26.218,WOAH (former OIE),Confirmed,Domestic - cattle | Domestic - sheep,Domestic - Cattle | Domestic - Sheep,19/03/2010,11/06/2010,,
155253,UNFAO-LEG-155253,Rift Valley fever,,Africa,Southern Africa,South Africa,Free State,Tweelingspan,-28.9597,25.4666,WOAH (former OIE),Confirmed,Domestic - sheep,Domestic - Sheep,19/03/2010,01/06/2010,,
153201,UNFAO-LEG-153201,Rift Valley fever,,Africa,Southern Africa,South Africa,North West,Catharina,-28.062,25.005,WOAH (former OIE),Confirmed,Domestic - sheep,Domestic - Sheep,18/03/2010,24/03/2010,,
153931,UNFAO-LEG-153931,Rift Valley fever,,Africa,Southern Africa,South Africa,Free State,Middenwater,-27.171944,28.6,WOAH (former OIE),Confirmed,Domestic - cattle | Domestic - sheep,Domestic - Cattle | Domestic - Sheep,18/03/2010,20/04/2010,,
154225,UNFAO-LEG-154225,Rift Valley fever,,Africa,Southern Africa,South Africa,Free State,Geluk,-27.31,26.9733,WOAH (former OIE),Confirmed,Domestic - cattle | Domestic - sheep,Domestic - Cattle | Domestic - Sheep,18/03/2010,28/04/2010,,
155137,UNFAO-LEG-155137,Rift Valley fever,,Africa,Southern Africa,South Africa,Free State,Harmony,-29.348,26.0858,WOAH (former OIE),Confirmed,Domestic - cattle | Domestic - sheep,Domestic - Cattle | Domestic - Sheep,18/03/2010,11/06/2010,,
153837,UNFAO-LEG-153837,Rift Valley fever,,Africa,Southern Africa,South Africa,Free State,Grootkuil,-28.232222,26.508056,WOAH (former OIE),Confirmed,Domestic - sheep | Domestic - cattle,Domestic - Sheep | Domestic - Cattle,17/03/2010,01/04/2010,,
153841,UNFAO-LEG-153841,Rift Valley fever,,Africa,Southern Africa,South Africa,Eastern Cape,Temple farm,-31.567989,25.472028,WOAH (former OIE),Confirmed,Domestic - sheep,Domestic - Sheep,17/03/2010,01/04/2010,,
153886,UNFAO-LEG-153886,Rift Valley fever,,Africa,Southern Africa,South Africa,Northern Cape,Paauwpan,-30.038694,24.155,WOAH (former OIE),Confirmed,Domestic - sheep,Domestic - Sheep,17/03/2010,20/04/2010,,
153893,UNFAO-LEG-153893,Rift Valley fever,,Africa,Southern Africa,South Africa,Northern Cape,Leeukolk,-30.421778,21.298583,WOAH (former OIE),Confirmed,Domestic - sheep,Domestic - Sheep,17/03/2010,20/04/2010,,
153907,UNFAO-LEG-153907,Rift Valley fever,,Africa,Southern Africa,South Africa,Northern Cape,De Nauwte,-30.141194,21.704778,WOAH (former OIE),Confirmed,Domestic - sheep,Domestic - Sheep,17/03/2010,20/04/2010,,
153909,UNFAO-LEG-153909,Rift Valley fever,,Africa,Southern Africa,South Africa,Northern Cape,Gansvlei,-31.414278,22.023278,WOAH (former OIE),Confirmed,Domestic - sheep,Domestic - Sheep,17/03/2010,20/04/2010,,
153925,UNFAO-LEG-153925,Rift Valley fever,,Africa,Southern Africa,South Africa,Northern Cape,Papparaas,-30.537194,21.650972,WOAH (former OIE),Confirmed,Domestic - cattle,Domestic - Cattle,17/03/2010,20/04/2010,,
153936,UNFAO-LEG-153936,Rift Valley fever,,Africa,Southern Africa,South Africa,Northern Cape,Mierdam,-30.084194,22.310972,WOAH (former OIE),Confirmed,Domestic - sheep,Domestic - Sheep,17/03/2010,20/04/2010,,
153956,UNFAO-LEG-153956,Rift Valley fever,,Africa,Southern Africa,South Africa,Northern Cape,Melkdam,-30.460972,22.139389,WOAH (former OIE),Confirmed,Domestic - sheep,Domestic - Sheep,17/03/2010,20/04/2010,,
154213,UNFAO-LEG-154213,Rift Valley fever,,Africa,Southern Africa,South Africa,Free State,Doringfontein,-29.421253,24.756997,WOAH (former OIE),Confirmed,Domestic - sheep | Domestic - Goats | Domestic - cattle,Domestic - Sheep | Domestic - Goats | Domestic - Cattle,17/03/2010,28/04/2010,,
155215,UNFAO-LEG-155215,Rift Valley fever,,Africa,Southern Africa,South Africa,Free State,Helena,-28.9877,26.0283,WOAH (former OIE),Confirmed,Domestic - cattle,Domestic - Cattle,17/03/2010,01/06/2010,,
155219,UNFAO-LEG-155219,Rift Valley fever,,Africa,Southern Africa,South Africa,Free State,Weltevreden,-29.3458,25.3333,WOAH (former OIE),Confirmed,Domestic - sheep,Domestic - Sheep,17/03/2010,01/06/2010,,
155234,UNFAO-LEG-155234,Rift Valley fever,,Africa,Southern Africa,South Africa,Free State,Braklaagte,-29.2022,25.4111,WOAH (former OIE),Confirmed,Domestic - cattle,Domestic - Cattle,17/03/2010,01/06/2010,,
155248,UNFAO-LEG-155248,Rift Valley fever,,Africa,Southern Africa,South Africa,Free State,Xavier,-29.1086,26.28,WOAH (former OIE),Confirmed,Domestic - sheep | Domestic - cattle | Domestic - Goats,Domestic - Sheep | Domestic - Cattle | Domestic - Goats,17/03/2010,01/06/2010,,
153830,UNFAO-LEG-153830,Rift Valley fever,,Africa,Southern Africa,South Africa,Northern Cape,Biesiespan,-30.562694,24.574083,WOAH (former OIE),Confirmed,Domestic - sheep,Domestic - Sheep,16/03/2010,01/04/2010,,
153833,UNFAO-LEG-153833,Rift Valley fever,,Africa,Southern Africa,South Africa,Eastern Cape,Friesfontein,-31.458933,25.515117,WOAH (former OIE),Confirmed,Domestic - sheep,Domestic - Sheep,16/03/2010,01/04/2010,,
153942,UNFAO-LEG-153942,Rift Valley fever,,Africa,Southern Africa,South Africa,North West,Rooihoogte,-27.42666,25.990278,WOAH (former OIE),Confirmed,Wild - unspecified mammal | Wild - antelope,Wild - Unspecified Mammal | Wild - Antelope,16/03/2010,20/04/2010,,
153945,UNFAO-LEG-153945,Rift Valley fever,,Africa,Southern Africa,South Africa,Northern Cape,Kleinbooi,-30.476083,21.576694,WOAH (former OIE),Confirmed,Domestic - sheep,Domestic - Sheep,16/03/2010,20/04/2010,,
154201,UNFAO-LEG-154201,Rift Valley fever,,Africa,Southern Africa,South Africa,Free State,Welverdiend,-29.40668,25.00453,WOAH (former OIE),Confirmed,Domestic - Goats | Domestic - sheep,Domestic - Goats | Domestic - Sheep,16/03/2010,28/04/2010,,
154231,UNFAO-LEG-154231,Rift Valley fever,,Africa,Southern Africa,South Africa,Free State,Middelpunt,-28.986111,25.388056,WOAH (former OIE),Confirmed,Domestic - cattle,Domestic - Cattle,16/03/2010,28/04/2010,,
154235,UNFAO-LEG-154235,Rift Valley fever,,Africa,Southern Africa,South Africa,Free State,Felicitas,-29.60167,26.14056,WOAH (former OIE),Confirmed,Domestic - sheep | Domestic - cattle,Domestic - Sheep | Domestic - Cattle,16/03/2010,28/04/2010,,
154246,UNFAO-LEG-154246,Rift Valley fever,,Africa,Southern Africa,South Africa,Free State,Wintershoek,-29.3292,24.9329,WOAH (former OIE),Confirmed,Domestic - sheep,Domestic - Sheep,16/03/2010,28/04/2010,,
154341,UNFAO-LEG-154341,Rift Valley fever,,Africa,Southern Africa,South Africa,Free State,Bellona,-28.49,27.359,WOAH (former OIE),Confirmed,Domestic - sheep,Domestic - Sheep,16/03/2010,06/05/2010,,
155225,UNFAO-LEG-155225,Rift Valley fever,,Africa,Southern Africa,South Africa,Free State,Hebron,-29.005,25.9658,WOAH (former OIE),Confirmed,Domestic - cattle | Domestic - Goats,Domestic - Cattle | Domestic - Goats,16/03/2010,01/06/2010,,
153260,UNFAO-LEG-153260,Rift Valley fever,,Africa,Southern Africa,South Africa,Northern Cape,Platfontein,-28.66428,24.60981,WOAH (former OIE),Confirmed,Domestic - cattle,Domestic - Cattle,15/03/2010,29/03/2010,,
153265,UNFAO-LEG-153265,Rift Valley fever,,Africa,Southern Africa,South Africa,Free State,Alandale,-27.62413,29.228542,WOAH (former OIE),Confirmed,Domestic - sheep,Domestic - Sheep,15/03/2010,29/03/2010,,
153882,UNFAO-LEG-153882,Rift Valley fever,,Africa,Southern Africa,South Africa,Free State,Brakfontein,-29.807777,26.130555,WOAH (former OIE),Confirmed,Domestic - sheep,Domestic - Sheep,15/03/2010,20/04/2010,,
153910,UNFAO-LEG-153910,Rift Valley fever,,Africa,Southern Africa,South Africa,Free State,Gruisdam,-29.386731,25.128617,WOAH (former OIE),Confirmed,Domestic - cattle | Domestic - sheep,Domestic - Cattle | Domestic - Sheep,15/03/2010,20/04/2010,,
153912,UNFAO-LEG-153912,Rift Valley fever,,Africa,Southern Africa,South Africa,Free State,Hoekpan,-29.146389,25.385556,WOAH (former OIE),Confirmed,Domestic - sheep | Domestic - cattle | Domestic - Goats,Domestic - Sheep | Domestic - Cattle | Domestic - Goats,15/03/2010,20/04/2010,,
153914,UNFAO-LEG-153914,Rift Valley fever,,Africa,Southern Africa,South Africa,Northern Cape,Glen Allen,-29.651222,22.610306,WOAH (former OIE),Confirmed,Domestic - sheep,Domestic - Sheep,15/03/2010,20/04/2010,,
153919,UNFAO-LEG-153919,Rift Valley fever,,Africa,Southern Africa,South Africa,Free State,Equusbult,-29.291575,24.608936,WOAH (former OIE),Confirmed,Domestic - cattle | Domestic - sheep,Domestic - Cattle | Domestic - Sheep,15/03/2010,20/04/2010,,
153921,UNFAO-LEG-153921,Rift Valley fever,,Africa,Southern Africa,South Africa,Free State,Biesieput,-29.120277,25.24,WOAH (former OIE),Confirmed,Domestic - cattle | Domestic - sheep,Domestic - Cattle | Domestic - Sheep,15/03/2010,20/04/2010,,
153932,UNFAO-LEG-153932,Rift Valley fever,,Africa,Southern Africa,South Africa,Free State,Mooigenoeg,-29.123056,25.219722,WOAH (former OIE),Confirmed,Domestic - cattle | Domestic - Goat/sheep ,Domestic - Cattle | Domestic - Goat/Sheep ,15/03/2010,20/04/2010,,
153937,UNFAO-LEG-153937,Rift Valley fever,,Africa,Southern Africa,South Africa,Northern Cape,Luckhoff,-30.737389,22.103083,WOAH (former OIE),Confirmed,Domestic - sheep,Domestic - Sheep,15/03/2010,20/04/2010,,
153944,UNFAO-LEG-153944,Rift Valley fever,,Africa,Southern Africa,South Africa,Free State,Teboho Trust,-27.863333,27.658888,WOAH (former OIE),Confirmed,Domestic - sheep,Domestic - Sheep,15/03/2010,20/04/2010,,
153946,UNFAO-LEG-153946,Rift Valley fever,,Africa,Southern Africa,South Africa,Northern Cape,Klerefontein,-30.971,21.9815,WOAH (former OIE),Confirmed,Domestic - Goats,Domestic - Goats,15/03/2010,20/04/2010,,
153959,UNFAO-LEG-153959,Rift Valley fever,,Africa,Southern Africa,South Africa,Northern Cape,Kleinplaas,-29.974388,24.622473,WOAH (former OIE),Confirmed,Domestic - sheep,Domestic - Sheep,15/03/2010,20/04/2010,,
154224,UNFAO-LEG-154224,Rift Valley fever,,Africa,Southern Africa,South Africa,Free State,Koppieskraal,-29.2936,24.9669,WOAH (former OIE),Confirmed,Domestic - cattle | Domestic - sheep,Domestic - Cattle | Domestic - Sheep,15/03/2010,28/04/2010,,
154277,UNFAO-LEG-154277,Rift Valley fever,,Africa,Southern Africa,South Africa,Northern Cape,Kraankuil,-29.881278,24.177194,WOAH (former OIE),Confirmed,Domestic - sheep,Domestic - Sheep,15/03/2010,28/04/2010,,
154344,UNFAO-LEG-154344,Rift Valley fever,,Africa,Southern Africa,South Africa,Northern Cape,Fairfield,-28.3616,24.329,WOAH (former OIE),Confirmed,Domestic - sheep,Domestic - Sheep,15/03/2010,06/05/2010,,
154347,UNFAO-LEG-154347,Rift Valley fever,,Africa,Southern Africa,South Africa,Free State,De Rust,-27.7597,26.8719,WOAH (former OIE),Confirmed,Domestic - sheep,Domestic - Sheep,15/03/2010,06/05/2010,,
154374,UNFAO-LEG-154374,Rift Valley fever,,Africa,Southern Africa,South Africa,Free State,Caledonsdraai,-28.614945,28.084,WOAH (former OIE),Confirmed,Domestic - sheep,Domestic - Sheep,15/03/2010,06/05/2010,,
154388,UNFAO-LEG-154388,Rift Valley fever,,Africa,Southern Africa,South Africa,Free State,Vaaldan,-29.4713,24.6218,WOAH (former OIE),Confirmed,Domestic - cattle | Domestic - sheep,Domestic - Cattle | Domestic - Sheep,15/03/2010,06/05/2010,,
154858,UNFAO-LEG-154858,Rift Valley fever,,Africa,Southern Africa,South Africa,Free State,Emmerentia,-27.921,28.557,WOAH (former OIE),Confirmed,Domestic - cattle | Domestic - sheep,Domestic - Cattle | Domestic - Sheep,15/03/2010,18/05/2010,,
154859,UNFAO-LEG-154859,Rift Valley fever,,Africa,Southern Africa,South Africa,Free State,Gaanspan,-29.2472,24.8683,WOAH (former OIE),Confirmed,Domestic - sheep,Domestic - Sheep,15/03/2010,18/05/2010,,
154888,UNFAO-LEG-154888,Rift Valley fever,,Africa,Southern Africa,South Africa,Northern Cape,Grasberg,-31.0695,23.1827,WOAH (former OIE),Confirmed,Domestic - sheep,Domestic - Sheep,15/03/2010,25/05/2010,,
154906,UNFAO-LEG-154906,Rift Valley fever,,Africa,Southern Africa,South Africa,Free State,Kroonvlei,-27.3525,27.2527,WOAH (former OIE),Confirmed,Domestic - cattle | Domestic - sheep,Domestic - Cattle | Domestic - Sheep,15/03/2010,25/05/2010,,
155214,UNFAO-LEG-155214,Rift Valley fever,,Africa,Southern Africa,South Africa,Free State,Wildealskloof,-29.0188,26.2353,WOAH (former OIE),Confirmed,Domestic - cattle | Domestic - sheep,Domestic - Cattle | Domestic - Sheep,15/03/2010,01/06/2010,,
155220,UNFAO-LEG-155220,Rift Valley fever,,Africa,Southern Africa,South Africa,Free State,Boshoffshoop,-29.503,24.9104,WOAH (former OIE),Confirmed,Domestic - sheep,Domestic - Sheep,15/03/2010,01/06/2010,,
155227,UNFAO-LEG-155227,Rift Valley fever,,Africa,Southern Africa,South Africa,Free State,Klein Morgenson,-29.288,25.9188,WOAH (former OIE),Confirmed,Domestic - cattle | Domestic - sheep,Domestic - Cattle | Domestic - Sheep,15/03/2010,01/06/2010,,
155228,UNFAO-LEG-155228,Rift Valley fever,,Africa,Southern Africa,South Africa,Free State,Bainsvlei,-29.0813,26.1269,WOAH (former OIE),Confirmed,Domestic - sheep | Domestic - cattle,Domestic - Sheep | Domestic - Cattle,15/03/2010,01/06/2010,,
155238,UNFAO-LEG-155238,Rift Valley fever,,Africa,Southern Africa,South Africa,Free State,Roodeheuwel,-28.8394,26.4444,WOAH (former OIE),Confirmed,Domestic - cattle | Domestic - sheep,Domestic - Cattle | Domestic - Sheep,15/03/2010,01/06/2010,,
155254,UNFAO-LEG-155254,Rift Valley fever,,Africa,Southern Africa,South Africa,Free State,Weltevrede,-29.503,24.9104,WOAH (former OIE),Confirmed,Domestic - sheep,Domestic - Sheep,15/03/2010,01/06/2010,,
155256,UNFAO-LEG-155256,Rift Valley fever,,Africa,Southern Africa,South Africa,Free State,Brabant,-29.0457,26.0508,WOAH (former OIE),Confirmed,Domestic - cattle,Domestic - Cattle,15/03/2010,01/06/2010,,
155483,UNFAO-LEG-155483,Rift Valley fever,,Africa,Southern Africa,South Africa,Free State,Roodepoort,-29.7302,25.9911,WOAH (former OIE),Confirmed,Domestic - sheep,Domestic - Sheep,15/03/2010,24/06/2010,,
155628,UNFAO-LEG-155628,Rift Valley fever,,Africa,Southern Africa,South Africa,Free State,Magpela,-30.2444,26.6973,WOAH (former OIE),Confirmed,Domestic - sheep,Domestic - Sheep,15/03/2010,08/07/2010,,
154265,UNFAO-LEG-154265,Rift Valley fever,,Africa,Southern Africa,South Africa,Eastern Cape,Leeuwfontein,-31.234167,25.991389,WOAH (former OIE),Confirmed,Domestic - sheep | Domestic - cattle,Domestic - Sheep | Domestic - Cattle,14/03/2010,28/04/2010,,
154269,UNFAO-LEG-154269,Rift Valley fever,,Africa,Southern Africa,South Africa,Free State,Duraville,-28.83101,24.83101,WOAH (former OIE),Confirmed,Domestic - sheep,Domestic - Sheep,14/03/2010,28/04/2010,,
154850,UNFAO-LEG-154850,Rift Valley fever,,Africa,Southern Africa,South Africa,Northern Cape,Jan se Boom,-30.8093,21.5204,WOAH (former OIE),Confirmed,Domestic - sheep,Domestic - Sheep,14/03/2010,18/05/2010,,
153847,UNFAO-LEG-153847,Rift Valley fever,,Africa,Southern Africa,South Africa,Free State,Donkerhoek,-28.87555,26.13222,WOAH (former OIE),Confirmed,Domestic - cattle | Domestic - sheep,Domestic - Cattle | Domestic - Sheep,13/03/2010,01/04/2010,,
154391,UNFAO-LEG-154391,Rift Valley fever,,Africa,Southern Africa,South Africa,Northern Cape,Slingerfontein,-30.81666,25.25,WOAH (former OIE),Confirmed,Domestic - sheep,Domestic - Sheep,13/03/2010,06/05/2010,,
155237,UNFAO-LEG-155237,Rift Valley fever,,Africa,Southern Africa,South Africa,Free State,Glen Lyon,-28.9783,26.2997,WOAH (former OIE),Confirmed,Domestic - sheep | Domestic - Goats,Domestic - Sheep | Domestic - Goats,13/03/2010,01/06/2010,,
153214,UNFAO-LEG-153214,Rift Valley fever,,Africa,Southern Africa,South Africa,Northern Cape,Abrahamsvlei,-30.629383,20.88865,WOAH (former OIE),Confirmed,Domestic - sheep,Domestic - Sheep,12/03/2010,24/03/2010,,
153215,UNFAO-LEG-153215,Rift Valley fever,,Africa,Southern Africa,South Africa,Northern Cape,Kameelkolk,-30.8625,20.74722,WOAH (former OIE),Confirmed,Domestic - sheep,Domestic - Sheep,12/03/2010,24/03/2010,,
153252,UNFAO-LEG-153252,Rift Valley fever,,Africa,Southern Africa,South Africa,Northern Cape,Wildebeestkuil,-28.71611,24.69806,WOAH (former OIE),Confirmed,Domestic - sheep,Domestic - Sheep,12/03/2010,29/03/2010,,
153256,UNFAO-LEG-153256,Rift Valley fever,,Africa,Southern Africa,South Africa,Eastern Cape,Blaauwskop,-31.58861,25.56025,WOAH (former OIE),Confirmed,Domestic - cattle,Domestic - Cattle,12/03/2010,29/03/2010,,
153888,UNFAO-LEG-153888,Rift Valley fever,,Africa,Southern Africa,South Africa,Free State,Raadzel,-29.082778,25.229722,WOAH (former OIE),Confirmed,Domestic - cattle | Domestic - Goat/sheep ,Domestic - Cattle | Domestic - Goat/Sheep ,12/03/2010,20/04/2010,,
153953,UNFAO-LEG-153953,Rift Valley fever,,Africa,Southern Africa,South Africa,Free State,Damfontein,-28.985833,25.269167,WOAH (former OIE),Confirmed,Domestic - sheep | Domestic - cattle,Domestic - Sheep | Domestic - Cattle,12/03/2010,20/04/2010,,
154202,UNFAO-LEG-154202,Rift Valley fever,,Africa,Southern Africa,South Africa,Free State,Platkop,-28.92,25.3,WOAH (former OIE),Confirmed,Domestic - sheep | Domestic - cattle,Domestic - Sheep | Domestic - Cattle,12/03/2010,28/04/2010,,
154206,UNFAO-LEG-154206,Rift Valley fever,,Africa,Southern Africa,South Africa,Free State,Klippan,-27.0716,27.3216,WOAH (former OIE),Confirmed,Domestic - sheep | Domestic - cattle,Domestic - Sheep | Domestic - Cattle,12/03/2010,28/04/2010,,
154215,UNFAO-LEG-154215,Rift Valley fever,,Africa,Southern Africa,South Africa,Free State,Legkraal,-29.3658,25.48944,WOAH (former OIE),Confirmed,Domestic - sheep,Domestic - Sheep,12/03/2010,28/04/2010,,
155247,UNFAO-LEG-155247,Rift Valley fever,,Africa,Southern Africa,South Africa,Free State,Laugh Dearg,-28.9163,25.8691,WOAH (former OIE),Confirmed,Domestic - sheep | Domestic - cattle,Domestic - Sheep | Domestic - Cattle,12/03/2010,01/06/2010,,
155255,UNFAO-LEG-155255,Rift Valley fever,,Africa,Southern Africa,South Africa,Free State,Roodewal,-29.195,26.6097,WOAH (former OIE),Confirmed,Domestic - sheep,Domestic - Sheep,12/03/2010,01/06/2010,,
153217,UNFAO-LEG-153217,Rift Valley fever,,Africa,Southern Africa,South Africa,Mpumalanga,Witpoort,-26.71667,28.8,WOAH (former OIE),Confirmed,Domestic - sheep,Domestic - Sheep,11/03/2010,24/03/2010,,
153894,UNFAO-LEG-153894,Rift Valley fever,,Africa,Southern Africa,South Africa,North West,Schoonheid,-27.8434,25.091683,WOAH (former OIE),Confirmed,Domestic - cattle | Domestic - sheep,Domestic - Cattle | Domestic - Sheep,11/03/2010,20/04/2010,,
153913,UNFAO-LEG-153913,Rift Valley fever,,Africa,Southern Africa,South Africa,Free State,Lovedale,-28.931389,25.680555,WOAH (former OIE),Confirmed,Domestic - cattle,Domestic - Cattle,11/03/2010,20/04/2010,,
153941,UNFAO-LEG-153941,Rift Valley fever,,Africa,Southern Africa,South Africa,Free State,Homerule,-28.930555,25.52,WOAH (former OIE),Confirmed,Domestic - sheep | Domestic - cattle,Domestic - Sheep | Domestic - Cattle,11/03/2010,20/04/2010,,
154247,UNFAO-LEG-154247,Rift Valley fever,,Africa,Southern Africa,South Africa,Free State,Anex Twyfelpoort,-29.3867,25.1286,WOAH (former OIE),Confirmed,Domestic - cattle | Domestic - sheep,Domestic - Cattle | Domestic - Sheep,11/03/2010,28/04/2010,,
155209,UNFAO-LEG-155209,Rift Valley fever,,Africa,Southern Africa,South Africa,Free State,Uithoek,-28.9538,26.1019,WOAH (former OIE),Confirmed,Domestic - sheep | Domestic - cattle,Domestic - Sheep | Domestic - Cattle,11/03/2010,01/06/2010,,
153883,UNFAO-LEG-153883,Rift Valley fever,,Africa,Southern Africa,South Africa,Free State,Daskop,-27.227283,27.50905,WOAH (former OIE),Confirmed,Domestic - cattle,Domestic - Cattle,10/03/2010,20/04/2010,,
153902,UNFAO-LEG-153902,Rift Valley fever,,Africa,Southern Africa,South Africa,Free State,The Chase,-29.06333,25.723055,WOAH (former OIE),Confirmed,Domestic - sheep | Domestic - cattle,Domestic - Sheep | Domestic - Cattle,10/03/2010,20/04/2010,,
153920,UNFAO-LEG-153920,Rift Valley fever,,Africa,Southern Africa,South Africa,Free State,Goedehoop,-29.050556,25.530833,WOAH (former OIE),Confirmed,Domestic - cattle | Domestic - sheep,Domestic - Cattle | Domestic - Sheep,10/03/2010,20/04/2010,,
154226,UNFAO-LEG-154226,Rift Valley fever,,Africa,Southern Africa,South Africa,Free State,Geluk 2484,-27.7369,27.0133,WOAH (former OIE),Confirmed,Domestic - sheep | Domestic - cattle,Domestic - Sheep | Domestic - Cattle,10/03/2010,28/04/2010,,
154845,UNFAO-LEG-154845,Rift Valley fever,,Africa,Southern Africa,South Africa,Free State,Toch Gekry,-28.9313,25.6805,WOAH (former OIE),Confirmed,Domestic - cattle,Domestic - Cattle,10/03/2010,18/05/2010,,
155242,UNFAO-LEG-155242,Rift Valley fever,,Africa,Southern Africa,South Africa,Free State,Cecilia,-29.215,26.1336,WOAH (former OIE),Confirmed,Domestic - cattle | Domestic - sheep,Domestic - Cattle | Domestic - Sheep,10/03/2010,01/06/2010,,
153203,UNFAO-LEG-153203,Rift Valley fever,,Africa,Southern Africa,South Africa,Eastern Cape,Wolwekop,-31.356666,25.017444,WOAH (former OIE),Confirmed,Domestic - sheep,Domestic - Sheep,09/03/2010,24/03/2010,,
153205,UNFAO-LEG-153205,Rift Valley fever,,Africa,Southern Africa,South Africa,North West,Potchefstroom experimental farm,-26.76861,26.99344,WOAH (former OIE),Confirmed,Domestic - cattle | Domestic - sheep,Domestic - Cattle | Domestic - Sheep,09/03/2010,24/03/2010,,
153207,UNFAO-LEG-153207,Rift Valley fever,,Africa,Southern Africa,South Africa,Eastern Cape,Helpmekaar,-31.53,25.559083,WOAH (former OIE),Confirmed,Domestic - sheep,Domestic - Sheep,09/03/2010,24/03/2010,,
153258,UNFAO-LEG-153258,Rift Valley fever,,Africa,Southern Africa,South Africa,Free State,Majaki trust,-27.52194,27.39008,WOAH (former OIE),Confirmed,Domestic - sheep,Domestic - Sheep,09/03/2010,29/03/2010,,
153943,UNFAO-LEG-153943,Rift Valley fever,,Africa,Southern Africa,South Africa,Free State,Vrede,-27.888222,27.089028,WOAH (former OIE),Confirmed,Domestic - sheep,Domestic - Sheep,09/03/2010,20/04/2010,,
154346,UNFAO-LEG-154346,Rift Valley fever,,Africa,Southern Africa,South Africa,Northern Cape,Kenhardt Meent,-29.3092,21.1473,WOAH (former OIE),Confirmed,Domestic - sheep,Domestic - Sheep,09/03/2010,06/05/2010,,
153204,UNFAO-LEG-153204,Rift Valley fever,,Africa,Southern Africa,South Africa,Northern Cape,Kleinfontein,-31.11667,25.2,WOAH (former OIE),Confirmed,Domestic - sheep,Domestic - Sheep,08/03/2010,24/03/2010,,
153212,UNFAO-LEG-153212,Rift Valley fever,,Africa,Southern Africa,South Africa,Gauteng,Bossemanskraal,-25.88825,28.85444,WOAH (former OIE),Confirmed,Domestic - cattle,Domestic - Cattle,08/03/2010,24/03/2010,,
153216,UNFAO-LEG-153216,Rift Valley fever,,Africa,Southern Africa,South Africa,Mpumalanga,Silverbank,-26.9,28.78333,WOAH (former OIE),Confirmed,Domestic - sheep,Domestic - Sheep,08/03/2010,24/03/2010,,
153218,UNFAO-LEG-153218,Rift Valley fever,,Africa,Southern Africa,South Africa,Mpumalanga,Bosjespruit,-26.96667,28.81667,WOAH (former OIE),Confirmed,Domestic - sheep,Domestic - Sheep,08/03/2010,24/03/2010,,
153254,UNFAO-LEG-153254,Rift Valley fever,,Africa,Southern Africa,South Africa,Eastern Cape,Paardekraal,-31.39722,26.37556,WOAH (former OIE),Confirmed,Domestic - Goat/sheep  | Domestic - cattle,Domestic - Goat/Sheep  | Domestic - Cattle,08/03/2010,29/03/2010,,
153834,UNFAO-LEG-153834,Rift Valley fever,,Africa,Southern Africa,South Africa,Northern Cape,Roodepan,-28.639966,24.728647,WOAH (former OIE),Confirmed,Domestic - cattle,Domestic - Cattle,08/03/2010,01/04/2010,,
153839,UNFAO-LEG-153839,Rift Valley fever,,Africa,Southern Africa,South Africa,Northern Cape,De Jagersvlei,-29.782694,22.907,WOAH (former OIE),Confirmed,Domestic - Goats | Domestic - sheep,Domestic - Goats | Domestic - Sheep,08/03/2010,01/04/2010,,
154271,UNFAO-LEG-154271,Rift Valley fever,,Africa,Southern Africa,South Africa,Free State,Bankfontein,-27.4388,28.1163,WOAH (former OIE),Confirmed,Domestic - cattle,Domestic - Cattle,08/03/2010,28/04/2010,,
153846,UNFAO-LEG-153846,Rift Valley fever,,Africa,Southern Africa,South Africa,Free State,Ragnarok,-28.322778,26.073611,WOAH (former OIE),Confirmed,Domestic - sheep | Domestic - cattle,Domestic - Sheep | Domestic - Cattle,07/03/2010,01/04/2010,,
154264,UNFAO-LEG-154264,Rift Valley fever,,Africa,Southern Africa,South Africa,Free State,Edaneg,-29.183864,24.798336,WOAH (former OIE),Confirmed,Domestic - cattle,Domestic - Cattle,07/03/2010,28/04/2010,,
154917,UNFAO-LEG-154917,Rift Valley fever,,Africa,Southern Africa,South Africa,Free State,Vermont,-29.9641,26.594,WOAH (former OIE),Confirmed,Domestic - cattle | Domestic - sheep,Domestic - Cattle | Domestic - Sheep,07/03/2010,25/05/2010,,
153911,UNFAO-LEG-153911,Rift Valley fever,,Africa,Southern Africa,South Africa,Free State,Welgelegen,-29.373131,24.580119,WOAH (former OIE),Confirmed,Domestic - sheep,Domestic - Sheep,06/03/2010,20/04/2010,,
154382,UNFAO-LEG-154382,Rift Valley fever,,Africa,Southern Africa,South Africa,Free State,Doornbult,-27.7488,25.8648,WOAH (former OIE),Confirmed,Domestic - sheep | Domestic - cattle,Domestic - Sheep | Domestic - Cattle,06/03/2010,06/05/2010,,
153208,UNFAO-LEG-153208,Rift Valley fever,,Africa,Southern Africa,South Africa,Eastern Cape,Hillston,-31.397556,25.495667,WOAH (former OIE),Confirmed,Domestic - sheep,Domestic - Sheep,05/03/2010,24/03/2010,,
153267,UNFAO-LEG-153267,Rift Valley fever,,Africa,Southern Africa,South Africa,Northern Cape,Remhoogte,-29.52779,23.009167,WOAH (former OIE),Confirmed,Domestic - sheep | Domestic - cattle,Domestic - Sheep | Domestic - Cattle,05/03/2010,29/03/2010,,
153896,UNFAO-LEG-153896,Rift Valley fever,,Africa,Southern Africa,South Africa,Northern Cape,Plum,-29.222083,23.570111,WOAH (former OIE),Confirmed,Domestic - sheep,Domestic - Sheep,05/03/2010,20/04/2010,,
153952,UNFAO-LEG-153952,Rift Valley fever,,Africa,Southern Africa,South Africa,Free State,Palmietfontein,-29.758055,25.871944,WOAH (former OIE),Confirmed,Domestic - sheep | Domestic - cattle,Domestic - Sheep | Domestic - Cattle,05/03/2010,20/04/2010,,
155222,UNFAO-LEG-155222,Rift Valley fever,,Africa,Southern Africa,South Africa,Free State,Bosdam,-29.3327,25.9252,WOAH (former OIE),Confirmed,Domestic - sheep,Domestic - Sheep,05/03/2010,01/06/2010,,
155223,UNFAO-LEG-155223,Rift Valley fever,,Africa,Southern Africa,South Africa,Free State,Mooivlakte,-29.0255,26.1191,WOAH (former OIE),Confirmed,Domestic - sheep | Domestic - cattle,Domestic - Sheep | Domestic - Cattle,05/03/2010,01/06/2010,,
155224,UNFAO-LEG-155224,Rift Valley fever,,Africa,Southern Africa,South Africa,Free State,Malloch,-29.4797,26.0022,WOAH (former OIE),Confirmed,Domestic - sheep | Domestic - cattle,Domestic - Sheep | Domestic - Cattle,05/03/2010,01/06/2010,,
152406,UNFAO-LEG-152406,Rift Valley fever,,Africa,Southern Africa,South Africa,Free State,Free State,-28.681365,26.627483,National Institute for Communicable Diseases, NICD,Confirmed,,,04/03/2010,04/03/2010,112,10
152459,UNFAO-LEG-152459,Rift Valley fever,,Africa,Southern Africa,South Africa,Northern Cape,Northern Cape,-28.84844,22.021682,National Institute for Communicable Diseases, NICD,Confirmed,,,04/03/2010,04/03/2010,60,8
153219,UNFAO-LEG-153219,Rift Valley fever,,Africa,Southern Africa,South Africa,Eastern Cape,Beaconsfield,-31.57917,25.53139,WOAH (former OIE),Confirmed,Domestic - sheep,Domestic - Sheep,04/03/2010,24/03/2010,,
153223,UNFAO-LEG-153223,Rift Valley fever,,Africa,Southern Africa,South Africa,Northern Cape,Wimbledon,-29.108583,23.908888,WOAH (former OIE),Confirmed,Wild - unspecified mammal,Wild - Unspecified Mammal,04/03/2010,24/03/2010,,
153247,UNFAO-LEG-153247,Rift Valley fever,,Africa,Southern Africa,South Africa,Free State,Brakpoort,-27.92194,26.4475,WOAH (former OIE),Confirmed,Domestic - Goat/sheep ,Domestic - Goat/Sheep ,04/03/2010,29/03/2010,,
153887,UNFAO-LEG-153887,Rift Valley fever,,Africa,Southern Africa,South Africa,Free State,Preithos,-29.116111,25.386388,WOAH (former OIE),Confirmed,Domestic - cattle,Domestic - Cattle,04/03/2010,20/04/2010,,
153220,UNFAO-LEG-153220,Rift Valley fever,,Africa,Southern Africa,South Africa,Northern Cape,Tzamenkomst,-30.775,24.83056,WOAH (former OIE),Confirmed,Domestic - sheep,Domestic - Sheep,03/03/2010,24/03/2010,,
153901,UNFAO-LEG-153901,Rift Valley fever,,Africa,Southern Africa,South Africa,Free State,Schoongesicht,-29.583051,25.813333,WOAH (former OIE),Confirmed,Domestic - sheep,Domestic - Sheep,03/03/2010,20/04/2010,,
154350,UNFAO-LEG-154350,Rift Valley fever,,Africa,Southern Africa,South Africa,Free State,Lesparance,-27.82638,27.08777,WOAH (former OIE),Confirmed,Domestic - cattle | Domestic - sheep,Domestic - Cattle | Domestic - Sheep,03/03/2010,06/05/2010,,
153222,UNFAO-LEG-153222,Rift Valley fever,,Africa,Southern Africa,South Africa,Northern Cape,Smart Sindikaat,-30.55708,23.53583,WOAH (former OIE),Confirmed,Domestic - cattle | Domestic - sheep,Domestic - Cattle | Domestic - Sheep,02/03/2010,24/03/2010,,
153263,UNFAO-LEG-153263,Rift Valley fever,,Africa,Southern Africa,South Africa,Free State,Danielskuil,-27.57639,26.36639,WOAH (former OIE),Confirmed,Domestic - sheep | Domestic - cattle,Domestic - Sheep | Domestic - Cattle,02/03/2010,29/03/2010,,
153926,UNFAO-LEG-153926,Rift Valley fever,,Africa,Southern Africa,South Africa,Free State,Wattle Grove,-28.173917,28.227611,WOAH (former OIE),Confirmed,Domestic - cattle,Domestic - Cattle,02/03/2010,20/04/2010,,
153209,UNFAO-LEG-153209,Rift Valley fever,,Africa,Southern Africa,South Africa,Northern Cape,Springbokpoortjie,-30.12458,22.32919,WOAH (former OIE),Confirmed,Domestic - sheep,Domestic - Sheep,01/03/2010,24/03/2010,,
153831,UNFAO-LEG-153831,Rift Valley fever,,Africa,Southern Africa,South Africa,Free State,Geluksdeel,-29.256667,25.878333,WOAH (former OIE),Confirmed,Domestic - sheep | Domestic - cattle,Domestic - Sheep | Domestic - Cattle,01/03/2010,01/04/2010,,
153832,UNFAO-LEG-153832,Rift Valley fever,,Africa,Southern Africa,South Africa,Free State,Vadersgift,-28.210833,26.523611,WOAH (former OIE),Confirmed,Domestic - sheep,Domestic - Sheep,01/03/2010,01/04/2010,,
153854,UNFAO-LEG-153854,Rift Valley fever,,Africa,Southern Africa,South Africa,Free State,Glen ross,-28.153722,26.733083,WOAH (former OIE),Confirmed,Domestic - sheep | Domestic - cattle,Domestic - Sheep | Domestic - Cattle,01/03/2010,01/04/2010,,
153885,UNFAO-LEG-153885,Rift Valley fever,,Africa,Southern Africa,South Africa,Eastern Cape,Romansfontein,-31.51666,26.23333,WOAH (former OIE),Confirmed,Domestic - sheep | Domestic - cattle,Domestic - Sheep | Domestic - Cattle,01/03/2010,20/04/2010,,
153954,UNFAO-LEG-153954,Rift Valley fever,,Africa,Southern Africa,South Africa,Free State,Mooidam,-26.95325,27.773,WOAH (former OIE),Confirmed,Domestic - cattle | Domestic - sheep,Domestic - Cattle | Domestic - Sheep,01/03/2010,20/04/2010,,
154207,UNFAO-LEG-154207,Rift Valley fever,,Africa,Southern Africa,South Africa,Free State,Ouwerf,-28.013333,26.239444,WOAH (former OIE),Confirmed,Domestic - cattle,Domestic - Cattle,01/03/2010,28/04/2010,,
154286,UNFAO-LEG-154286,Rift Valley fever,,Africa,Southern Africa,South Africa,Free State,Baumgarden,-28.035361,26.501389,WOAH (former OIE),Confirmed,Domestic - sheep,Domestic - Sheep,01/03/2010,28/04/2010,,
154326,UNFAO-LEG-154326,Rift Valley fever,,Africa,Southern Africa,South Africa,Gauteng,Ystervarkfontein,-26.041972,28.547777,WOAH (former OIE),Confirmed,Domestic - Goats | Domestic - sheep,Domestic - Goats | Domestic - Sheep,01/03/2010,10/03/2010,,
154329,UNFAO-LEG-154329,Rift Valley fever,,Africa,Southern Africa,South Africa,Eastern Cape,Groot dam Farm 1,-31.783333,25.7,WOAH (former OIE),Confirmed,Domestic - cattle | Domestic - sheep,Domestic - Cattle | Domestic - Sheep,01/03/2010,10/03/2010,,
154362,UNFAO-LEG-154362,Rift Valley fever,,Africa,Southern Africa,South Africa,Free State,Brakpan,-28.035361,26.501389,WOAH (former OIE),Confirmed,Domestic - sheep,Domestic - Sheep,01/03/2010,06/05/2010,,
154383,UNFAO-LEG-154383,Rift Valley fever,,Africa,Southern Africa,South Africa,Free State,Helka,-28.0497,25.9733,WOAH (former OIE),Confirmed,Domestic - sheep,Domestic - Sheep,01/03/2010,06/05/2010,,
154890,UNFAO-LEG-154890,Rift Valley fever,,Africa,Southern Africa,South Africa,Free State,Verdien,-27.919,27.296,WOAH (former OIE),Confirmed,Domestic - cattle | Domestic - sheep,Domestic - Cattle | Domestic - Sheep,01/03/2010,25/05/2010,,
154905,UNFAO-LEG-154905,Rift Valley fever,,Africa,Southern Africa,South Africa,Free State,Vlaklaagte Suid,-27.253,28.0769,WOAH (former OIE),Confirmed,Domestic - sheep,Domestic - Sheep,01/03/2010,25/05/2010,,
155243,UNFAO-LEG-155243,Rift Valley fever,,Africa,Southern Africa,South Africa,Free State,Grasslands,-28.9216,26.1661,WOAH (former OIE),Confirmed,Domestic - cattle | Domestic - sheep,Domestic - Cattle | Domestic - Sheep,01/03/2010,01/06/2010,,
155258,UNFAO-LEG-155258,Rift Valley fever,,Africa,Southern Africa,South Africa,Free State,Hope Valley,-29.202,26.1679,WOAH (former OIE),Confirmed,Domestic - Goats | Domestic - cattle,Domestic - Goats | Domestic - Cattle,01/03/2010,01/06/2010,,
160918,UNFAO-LEG-160918,Rift Valley fever,,Africa,Southern Africa,South Africa,Western Cape,Breede River District Council (Adm. Lev. 2 name),-33.744,19.535,FAO-Report,Confirmed,Domestic - Goat/sheep ,Domestic - Goat/Sheep ,01/03/2010,01/03/2010,,
199987,UNFAO-LEG-199987,Rift Valley fever,,Africa,Eastern Africa,Madagascar,Analamanga,Anjozorobe -Angavo (Last outbreak: 2008-2009),-18.311638,48.016,Publications,Confirmed,Wild - unspecified mammal,Wild - Unspecified Mammal,01/03/2010,01/06/2013,,
153200,UNFAO-LEG-153200,Rift Valley fever,,Africa,Southern Africa,South Africa,Free State,Hillarydale,-27.629167,27.0425,WOAH (former OIE),Confirmed,Domestic - sheep,Domestic - Sheep,28/02/2010,24/03/2010,,
153259,UNFAO-LEG-153259,Rift Valley fever,,Africa,Southern Africa,South Africa,Free State,Albertina,-27.75333,26.85472,WOAH (former OIE),Confirmed,Domestic - sheep | Domestic - cattle,Domestic - Sheep | Domestic - Cattle,28/02/2010,29/03/2010,,
154251,UNFAO-LEG-154251,Rift Valley fever,,Africa,Southern Africa,South Africa,Free State,Zaaiplaats,-27.2058,27.431944,WOAH (former OIE),Confirmed,Domestic - sheep | Domestic - cattle,Domestic - Sheep | Domestic - Cattle,28/02/2010,28/04/2010,,
154274,UNFAO-LEG-154274,Rift Valley fever,,Africa,Southern Africa,South Africa,Free State,Klipkuil,-28.386111,26.105555,WOAH (former OIE),Confirmed,Domestic - cattle,Domestic - Cattle,28/02/2010,28/04/2010,,
154378,UNFAO-LEG-154378,Rift Valley fever,,Africa,Southern Africa,South Africa,Free State,Hartbeespan,-29.1763,25.1348,WOAH (former OIE),Confirmed,Domestic - sheep,Domestic - Sheep,27/02/2010,06/05/2010,,
153270,UNFAO-LEG-153270,Rift Valley fever,,Africa,Southern Africa,South Africa,Free State,Delportsrus,-29.943056,26.613333,WOAH (former OIE),Confirmed,Domestic - sheep | Domestic - Goats | Domestic - cattle,Domestic - Sheep | Domestic - Goats | Domestic - Cattle,26/02/2010,29/03/2010,,
153916,UNFAO-LEG-153916,Rift Valley fever,,Africa,Southern Africa,South Africa,Free State,Aurora,-28.0125,28.766111,WOAH (former OIE),Confirmed,Domestic - sheep | Domestic - cattle,Domestic - Sheep | Domestic - Cattle,26/02/2010,20/04/2010,,
155148,UNFAO-LEG-155148,Rift Valley fever,,Africa,Southern Africa,South Africa,Free State,Kleinplaats,-29.7422,26.1983,WOAH (former OIE),Confirmed,Domestic - sheep,Domestic - Sheep,26/02/2010,11/06/2010,,
153262,UNFAO-LEG-153262,Rift Valley fever,,Africa,Southern Africa,South Africa,Free State,Mahemsfontein,-28.423611,25.438611,WOAH (former OIE),Confirmed,Domestic - sheep | Domestic - cattle,Domestic - Sheep | Domestic - Cattle,25/02/2010,29/03/2010,,
153269,UNFAO-LEG-153269,Rift Valley fever,,Africa,Southern Africa,South Africa,Free State,Doornlaagte,-28.869444,25.413056,WOAH (former OIE),Confirmed,Domestic - sheep | Domestic - cattle,Domestic - Sheep | Domestic - Cattle,25/02/2010,29/03/2010,,
153849,UNFAO-LEG-153849,Rift Valley fever,,Africa,Southern Africa,South Africa,Free State,Holfontein,-28.716944,25.946111,WOAH (former OIE),Confirmed,Domestic - cattle | Domestic - sheep,Domestic - Cattle | Domestic - Sheep,25/02/2010,01/04/2010,,
153850,UNFAO-LEG-153850,Rift Valley fever,,Africa,Southern Africa,South Africa,Free State,Ventersvlei,-29.469444,25.948333,WOAH (former OIE),Confirmed,Domestic - cattle | Domestic - Goats | Domestic - sheep,Domestic - Cattle | Domestic - Goats | Domestic - Sheep,25/02/2010,01/04/2010,,
155143,UNFAO-LEG-155143,Rift Valley fever,,Africa,Southern Africa,South Africa,Free State,Kromdraai,-29.6655,25.96111,WOAH (former OIE),Confirmed,Domestic - sheep | Domestic - cattle,Domestic - Sheep | Domestic - Cattle,25/02/2010,11/06/2010,,
155208,UNFAO-LEG-155208,Rift Valley fever,,Africa,Southern Africa,South Africa,Free State,Geduld,-28.3625,26.1161,WOAH (former OIE),Confirmed,Domestic - sheep,Domestic - Sheep,25/02/2010,01/06/2010,,
155244,UNFAO-LEG-155244,Rift Valley fever,,Africa,Southern Africa,South Africa,Free State,Groenvlei,-29.0613,26.1675,WOAH (former OIE),Confirmed,Domestic - sheep | Domestic - cattle,Domestic - Sheep | Domestic - Cattle,25/02/2010,01/06/2010,,
153202,UNFAO-LEG-153202,Rift Valley fever,,Africa,Southern Africa,South Africa,Free State,Goliatskraal,-27.827694,27.069694,WOAH (former OIE),Confirmed,Wild - unspecified mammal,Wild - Unspecified Mammal,23/02/2010,24/03/2010,,
153221,UNFAO-LEG-153221,Rift Valley fever,,Africa,Southern Africa,South Africa,Free State,London,-27.203972,28.743528,WOAH (former OIE),Confirmed,Domestic - sheep,Domestic - Sheep,23/02/2010,24/03/2010,,
153271,UNFAO-LEG-153271,Rift Valley fever,,Africa,Southern Africa,South Africa,Free State,Geluk,-28.489167,25.666111,WOAH (former OIE),Confirmed,Domestic - sheep | Domestic - cattle,Domestic - Sheep | Domestic - Cattle,23/02/2010,29/03/2010,,
153843,UNFAO-LEG-153843,Rift Valley fever,,Africa,Southern Africa,South Africa,Free State,Eikelaan Bainsvlei,-29.057483,26.107683,WOAH (former OIE),Confirmed,Domestic - sheep,Domestic - Sheep,23/02/2010,01/04/2010,,
153881,UNFAO-LEG-153881,Rift Valley fever,,Africa,Southern Africa,South Africa,Free State,Kruidfontein,-29.596389,25.7333,WOAH (former OIE),Confirmed,Domestic - cattle | Domestic - sheep,Domestic - Cattle | Domestic - Sheep,22/02/2010,20/04/2010,,
154230,UNFAO-LEG-154230,Rift Valley fever,,Africa,Southern Africa,South Africa,Free State,Onssin,-28.163888,26.416944,WOAH (former OIE),Confirmed,Domestic - sheep,Domestic - Sheep,22/02/2010,28/04/2010,,
154321,UNFAO-LEG-154321,Rift Valley fever,,Africa,Southern Africa,South Africa,Free State,Ratau,-29.235278,26.082777,WOAH (former OIE),Confirmed,Domestic - cattle,Domestic - Cattle,22/02/2010,10/03/2010,,
154324,UNFAO-LEG-154324,Rift Valley fever,,Africa,Southern Africa,South Africa,Free State,Modderfontein,-27.773667,26.535667,WOAH (former OIE),Confirmed,Domestic - cattle | Domestic - sheep,Domestic - Cattle | Domestic - Sheep,22/02/2010,10/03/2010,,
153249,UNFAO-LEG-153249,Rift Valley fever,,Africa,Southern Africa,South Africa,Free State,Deelpan - Geluk,-28.627028,26.298,WOAH (former OIE),Confirmed,Domestic - sheep,Domestic - Sheep,20/02/2010,29/03/2010,,
154331,UNFAO-LEG-154331,Rift Valley fever,,Africa,Southern Africa,South Africa,Free State,Adriana,-28.292278,26.122194,WOAH (former OIE),Confirmed,Domestic - cattle | Domestic - sheep,Domestic - Cattle | Domestic - Sheep,20/02/2010,10/03/2010,,
154332,UNFAO-LEG-154332,Rift Valley fever,,Africa,Southern Africa,South Africa,Free State,Thelma,-27.871388,26.722222,WOAH (former OIE),Confirmed,Domestic - cattle | Wild - deer | Domestic - Goats | Domestic - sheep,Domestic - Cattle | Wild - Deer | Domestic - Goats | Domestic - Sheep,20/02/2010,10/03/2010,,
154891,UNFAO-LEG-154891,Rift Valley fever,,Africa,Southern Africa,South Africa,Free State,Vrede,-27.09019,27.095,WOAH (former OIE),Confirmed,Domestic - sheep,Domestic - Sheep,20/02/2010,25/05/2010,,
154909,UNFAO-LEG-154909,Rift Valley fever,,Africa,Southern Africa,South Africa,Free State,Kalkfontein,-27.6291,27.0425,WOAH (former OIE),Confirmed,Domestic - cattle | Domestic - sheep,Domestic - Cattle | Domestic - Sheep,20/02/2010,25/05/2010,,
155212,UNFAO-LEG-155212,Rift Valley fever,,Africa,Southern Africa,South Africa,Free State,Dawie,-28.0511,26.2186,WOAH (former OIE),Confirmed,Domestic - cattle | Domestic - sheep,Domestic - Cattle | Domestic - Sheep,20/02/2010,01/06/2010,,
155213,UNFAO-LEG-155213,Rift Valley fever,,Africa,Southern Africa,South Africa,Free State,Annasdal,-28.625,25.5916,WOAH (former OIE),Confirmed,Domestic - cattle | Domestic - sheep,Domestic - Cattle | Domestic - Sheep,20/02/2010,01/06/2010,,
153043,UNFAO-LEG-153043,Rift Valley fever,,Africa,Southern Africa,South Africa,Free State,Blydschap,-27.87694,28.283889,WOAH (former OIE),Confirmed,Domestic - sheep,Domestic - Sheep,19/02/2010,03/03/2010,,
153046,UNFAO-LEG-153046,Rift Valley fever,,Africa,Southern Africa,South Africa,Northern Cape,Taaiboschfontein,-30.718639,24.716139,WOAH (former OIE),Confirmed,Domestic - cattle,Domestic - Cattle,19/02/2010,03/03/2010,,
153206,UNFAO-LEG-153206,Rift Valley fever,,Africa,Southern Africa,South Africa,Free State,Weltevrede,-28.40722,26.25889,WOAH (former OIE),Confirmed,Domestic - sheep,Domestic - Sheep,19/02/2010,24/03/2010,,
153250,UNFAO-LEG-153250,Rift Valley fever,,Africa,Southern Africa,South Africa,Free State,Goedemoed,-28.081222,26.255611,WOAH (former OIE),Confirmed,Domestic - cattle,Domestic - Cattle,19/02/2010,29/03/2010,,
153261,UNFAO-LEG-153261,Rift Valley fever,,Africa,Southern Africa,South Africa,Free State,Rondavel,-28.428055,26.411667,WOAH (former OIE),Confirmed,Domestic - sheep | Domestic - Goats | Domestic - cattle,Domestic - Sheep | Domestic - Goats | Domestic - Cattle,19/02/2010,29/03/2010,,
153838,UNFAO-LEG-153838,Rift Valley fever,,Africa,Southern Africa,South Africa,Free State,Vreugde,-29.054167,27.13,WOAH (former OIE),Confirmed,Domestic - sheep | Domestic - cattle,Domestic - Sheep | Domestic - Cattle,19/02/2010,01/04/2010,,
154323,UNFAO-LEG-154323,Rift Valley fever,,Africa,Southern Africa,South Africa,Free State,Kortlaagte,-27.939472,26.53311,WOAH (former OIE),Confirmed,Domestic - cattle | Domestic - sheep,Domestic - Cattle | Domestic - Sheep,19/02/2010,10/03/2010,,
154325,UNFAO-LEG-154325,Rift Valley fever,,Africa,Southern Africa,South Africa,Free State,Roodevallei,-28.428972,26.222333,WOAH (former OIE),Confirmed,Domestic - cattle | Domestic - sheep,Domestic - Cattle | Domestic - Sheep,19/02/2010,10/03/2010,,
154327,UNFAO-LEG-154327,Rift Valley fever,,Africa,Southern Africa,South Africa,Free State,Electi,-28.150917,26.261833,WOAH (former OIE),Confirmed,Domestic - cattle | Domestic - sheep,Domestic - Cattle | Domestic - Sheep,19/02/2010,10/03/2010,,
154328,UNFAO-LEG-154328,Rift Valley fever,,Africa,Southern Africa,South Africa,Free State,Magdalena,-27.854444,26.354667,WOAH (former OIE),Confirmed,Domestic - cattle | Domestic - sheep,Domestic - Cattle | Domestic - Sheep,19/02/2010,10/03/2010,,
154330,UNFAO-LEG-154330,Rift Valley fever,,Africa,Southern Africa,South Africa,Free State,Stillerust,-28.585278,26.1625,WOAH (former OIE),Confirmed,Domestic - cattle | Domestic - sheep,Domestic - Cattle | Domestic - Sheep,19/02/2010,10/03/2010,,
153037,UNFAO-LEG-153037,Rift Valley fever,,Africa,Southern Africa,South Africa,Free State,Waterput,-29.6635,24.71259,WOAH (former OIE),Confirmed,Domestic - sheep,Domestic - Sheep,18/02/2010,03/03/2010,,
153038,UNFAO-LEG-153038,Rift Valley fever,,Africa,Southern Africa,South Africa,Free State,Doring Draai,-28.796111,26.33694,WOAH (former OIE),Confirmed,Domestic - sheep,Domestic - Sheep,18/02/2010,03/03/2010,,
153039,UNFAO-LEG-153039,Rift Valley fever,,Africa,Southern Africa,South Africa,Free State,Kalkdam,-28.36127,26.114944,WOAH (former OIE),Confirmed,Domestic - cattle,Domestic - Cattle,18/02/2010,03/03/2010,,
153042,UNFAO-LEG-153042,Rift Valley fever,,Africa,Southern Africa,South Africa,Free State,Coetzeevlei,-28.19522,26.44144,WOAH (former OIE),Confirmed,Domestic - sheep,Domestic - Sheep,18/02/2010,03/03/2010,,
153851,UNFAO-LEG-153851,Rift Valley fever,,Africa,Southern Africa,South Africa,Free State,Jupiter,-27.881666,26.40025,WOAH (former OIE),Confirmed,Domestic - cattle | Domestic - sheep,Domestic - Cattle | Domestic - Sheep,18/02/2010,01/04/2010,,
154240,UNFAO-LEG-154240,Rift Valley fever,,Africa,Southern Africa,South Africa,Free State,Normandi,-28.45,26.416666,WOAH (former OIE),Confirmed,Domestic - sheep | Domestic - cattle,Domestic - Sheep | Domestic - Cattle,18/02/2010,28/04/2010,,
155206,UNFAO-LEG-155206,Rift Valley fever,,Africa,Southern Africa,South Africa,Free State,Fairview,-27.8083,26.5666,WOAH (former OIE),Confirmed,Domestic - cattle | Domestic - Goat/sheep ,Domestic - Cattle | Domestic - Goat/Sheep ,18/02/2010,01/06/2010,,
153036,UNFAO-LEG-153036,Rift Valley fever,,Africa,Southern Africa,South Africa,Free State,Mooipan,-28.28011,26.63438,WOAH (former OIE),Confirmed,Domestic - sheep,Domestic - Sheep,17/02/2010,03/03/2010,,
153266,UNFAO-LEG-153266,Rift Valley fever,,Africa,Southern Africa,South Africa,Free State,Klipkuil,-28.240833,26.154167,WOAH (former OIE),Confirmed,Domestic - sheep | Domestic - cattle,Domestic - Sheep | Domestic - Cattle,17/02/2010,29/03/2010,,
153268,UNFAO-LEG-153268,Rift Valley fever,,Africa,Southern Africa,South Africa,Free State,Schoonspruit,-27.63194,26.59278,WOAH (former OIE),Confirmed,Domestic - sheep | Domestic - cattle,Domestic - Sheep | Domestic - Cattle,17/02/2010,29/03/2010,,
153040,UNFAO-LEG-153040,Rift Valley fever,,Africa,Southern Africa,South Africa,Free State,Hagenstad,-28.713611,26.086944,WOAH (former OIE),Confirmed,Domestic - cattle,Domestic - Cattle,16/02/2010,03/03/2010,,
153044,UNFAO-LEG-153044,Rift Valley fever,,Africa,Southern Africa,South Africa,Free State,Erfdeel,-28.02352,25.889583,WOAH (former OIE),Confirmed,Domestic - sheep,Domestic - Sheep,16/02/2010,03/03/2010,,
155207,UNFAO-LEG-155207,Rift Valley fever,,Africa,Southern Africa,South Africa,Free State,Talla,-28.4722,26.425,WOAH (former OIE),Confirmed,Domestic - cattle | Domestic - sheep,Domestic - Cattle | Domestic - Sheep,16/02/2010,01/06/2010,,
152317,UNFAO-LEG-152317,Rift Valley fever,,Africa,Southern Africa,South Africa,Free State,Smaldraai,-28.218246,26.441945,WOAH (former OIE),Confirmed,Domestic - sheep,Domestic - Sheep,15/02/2010,19/02/2010,,
153213,UNFAO-LEG-153213,Rift Valley fever,,Africa,Southern Africa,South Africa,Free State,Tonning,-29.21647,24.88883,WOAH (former OIE),Confirmed,Domestic - cattle,Domestic - Cattle,15/02/2010,24/03/2010,,
153248,UNFAO-LEG-153248,Rift Valley fever,,Africa,Southern Africa,South Africa,Free State,Vlaklaagte,-27.771111,26.633055,WOAH (former OIE),Confirmed,Domestic - sheep,Domestic - Sheep,15/02/2010,29/03/2010,,
153255,UNFAO-LEG-153255,Rift Valley fever,,Africa,Southern Africa,South Africa,Free State,Deelpan,-27.87861,26.36056,WOAH (former OIE),Confirmed,Domestic - sheep | Domestic - Goats | Domestic - cattle,Domestic - Sheep | Domestic - Goats | Domestic - Cattle,15/02/2010,29/03/2010,,
153272,UNFAO-LEG-153272,Rift Valley fever,,Africa,Southern Africa,South Africa,Free State,Paradys,-28.512778,26.273888,WOAH (former OIE),Confirmed,Domestic - sheep | Domestic - cattle | Domestic - Goats,Domestic - Sheep | Domestic - Cattle | Domestic - Goats,15/02/2010,29/03/2010,,
153273,UNFAO-LEG-153273,Rift Valley fever,,Africa,Southern Africa,South Africa,Free State,Nelspan,-28.325833,26.643056,WOAH (former OIE),Confirmed,Domestic - sheep | Domestic - cattle,Domestic - Sheep | Domestic - Cattle,15/02/2010,29/03/2010,,
153842,UNFAO-LEG-153842,Rift Valley fever,,Africa,Southern Africa,South Africa,Free State,Geskenk,-27.683056,26.181944,WOAH (former OIE),Confirmed,Domestic - cattle,Domestic - Cattle,15/02/2010,01/04/2010,,
153845,UNFAO-LEG-153845,Rift Valley fever,,Africa,Southern Africa,South Africa,Free State,Vaalkoppies,-28.141944,26.433056,WOAH (former OIE),Confirmed,Domestic - sheep,Domestic - Sheep,15/02/2010,01/04/2010,,
153853,UNFAO-LEG-153853,Rift Valley fever,,Africa,Southern Africa,South Africa,Free State,Salmienas Rust,-28.613611,26.283611,WOAH (former OIE),Confirmed,Domestic - sheep | Domestic - cattle,Domestic - Sheep | Domestic - Cattle,15/02/2010,01/04/2010,,
153922,UNFAO-LEG-153922,Rift Valley fever,,Africa,Southern Africa,South Africa,Free State,Boskoppie,-27.743055,27.2275,WOAH (former OIE),Confirmed,Domestic - cattle,Domestic - Cattle,15/02/2010,20/04/2010,,
154238,UNFAO-LEG-154238,Rift Valley fever,,Africa,Southern Africa,South Africa,Free State,Maatskappy,-27.935889,26.922333,WOAH (former OIE),Confirmed,Domestic - sheep | Domestic - cattle,Domestic - Sheep | Domestic - Cattle,15/02/2010,28/04/2010,,
154322,UNFAO-LEG-154322,Rift Valley fever,,Africa,Southern Africa,South Africa,Eastern Cape,Vetfontein,-31.269722,25.200556,WOAH (former OIE),Confirmed,Domestic - cattle,Domestic - Cattle,15/02/2010,10/03/2010,,
154348,UNFAO-LEG-154348,Rift Valley fever,,Africa,Southern Africa,South Africa,Free State,Kleinbegin,-28.3736,26.4708,WOAH (former OIE),Confirmed,Domestic - sheep,Domestic - Sheep,15/02/2010,06/05/2010,,
155240,UNFAO-LEG-155240,Rift Valley fever,,Africa,Southern Africa,South Africa,Free State,Klipheuwel,-27.8347,26.4169,WOAH (former OIE),Confirmed,Domestic - cattle | Wild - Springbok | Domestic - sheep,Domestic - Cattle | Wild - Springbok | Domestic - Sheep,15/02/2010,01/06/2010,,
155246,UNFAO-LEG-155246,Rift Valley fever,,Africa,Southern Africa,South Africa,Free State,Doringdeel,-28.3196,26.875,WOAH (former OIE),Confirmed,Domestic - cattle | Domestic - Goats,Domestic - Cattle | Domestic - Goats,15/02/2010,01/06/2010,,
153253,UNFAO-LEG-153253,Rift Valley fever,,Africa,Southern Africa,South Africa,Free State,Vaalbank,-27.837222,26.58777,WOAH (former OIE),Confirmed,Domestic - sheep | Domestic - cattle,Domestic - Sheep | Domestic - Cattle,14/02/2010,29/03/2010,,
153835,UNFAO-LEG-153835,Rift Valley fever,,Africa,Southern Africa,South Africa,Free State,Rietvlei,-27.6875,25.773611,WOAH (former OIE),Confirmed,Domestic - sheep | Domestic - cattle,Domestic - Sheep | Domestic - Cattle,14/02/2010,01/04/2010,,
153041,UNFAO-LEG-153041,Rift Valley fever,,Africa,Southern Africa,South Africa,Free State,Helderfontein,-28.46533,26.385,WOAH (former OIE),Confirmed,Domestic - sheep,Domestic - Sheep,12/02/2010,03/03/2010,,
153045,UNFAO-LEG-153045,Rift Valley fever,,Africa,Southern Africa,South Africa,Free State,Patryskloof,-28.5633,26.38055,WOAH (former OIE),Confirmed,Domestic - sheep,Domestic - Sheep,12/02/2010,03/03/2010,,
152316,UNFAO-LEG-152316,Rift Valley fever,,Africa,Southern Africa,South Africa,Free State,Willowmore,-28.18105,26.305018,WOAH (former OIE),Confirmed,Domestic - sheep,Domestic - Sheep,11/02/2010,19/02/2010,,
153035,UNFAO-LEG-153035,Rift Valley fever,,Africa,Southern Africa,South Africa,Free State,Eldorado,-28.1791,26.4797,WOAH (former OIE),Confirmed,Domestic - Goat/sheep ,Domestic - Goat/Sheep ,07/02/2010,03/03/2010,,
154907,UNFAO-LEG-154907,Rift Valley fever,,Africa,Southern Africa,South Africa,Free State,Rotterdam,-27.0966,27.6588,WOAH (former OIE),Confirmed,Domestic - sheep,Domestic - Sheep,04/02/2010,25/05/2010,,
155257,UNFAO-LEG-155257,Rift Valley fever,,Africa,Southern Africa,South Africa,Free State,Meyerspruit,-29.4741,26.3022,WOAH (former OIE),Confirmed,Domestic - cattle | Domestic - sheep | Domestic - Goats,Domestic - Cattle | Domestic - Sheep | Domestic - Goats,01/02/2010,01/06/2010,,
152318,UNFAO-LEG-152318,Rift Valley fever,,Africa,Southern Africa,South Africa,Free State,Gegund,-28.219034,26.288779,WOAH (former OIE),Confirmed,Domestic - sheep,Domestic - Sheep,19/01/2010,19/02/2010,,
200050,UNFAO-LEG-200050,Rift Valley fever,,Africa,Northern Africa,Sudan,Al Jazeera,El Gezira State  Al Jazeera  Sudan,14.61044,33.3522,Publications,Confirmed,Domestic - Goat/sheep ,Domestic - Goat/Sheep ,01/01/2010,01/01/2010,,
151068,UNFAO-LEG-151068,Rift Valley fever,,Africa,Southern Africa,South Africa,Northern Cape,Kannoneiland,-28.65908,21.1,WOAH (former OIE),Confirmed,Domestic - sheep,Domestic - Sheep,02/12/2009,18/12/2009,,
146405,UNFAO-LEG-146405,Rift Valley fever,,Africa,Southern Africa,South Africa,Northern Cape,Keimoes,-28.634444,21.051111,WOAH (former OIE),Confirmed,Domestic - cattle,Domestic - Cattle,20/10/2009,26/11/2009,,
146406,UNFAO-LEG-146406,Rift Valley fever,,Africa,Southern Africa,South Africa,Northern Cape,Vaas Kraal,-28.4675,20.200278,WOAH (former OIE),Confirmed,Domestic - cattle | Domestic - sheep,Domestic - Cattle | Domestic - Sheep,20/10/2009,26/11/2009,,
146407,UNFAO-LEG-146407,Rift Valley fever,,Africa,Southern Africa,South Africa,Northern Cape,Soetap,-28.783889,20.684167,WOAH (former OIE),Confirmed,Domestic - cattle | Domestic - sheep,Domestic - Cattle | Domestic - Sheep,20/10/2009,26/11/2009,,
146408,UNFAO-LEG-146408,Rift Valley fever,,Africa,Southern Africa,South Africa,Northern Cape,Augrabies Klint,-28.601111,20,WOAH (former OIE),Confirmed,Domestic - cattle | Domestic - sheep,Domestic - Cattle | Domestic - Sheep,20/10/2009,26/11/2009,,
146409,UNFAO-LEG-146409,Rift Valley fever,,Africa,Southern Africa,South Africa,Northern Cape,Kobbe Kobbe,-28.734167,20.516944,WOAH (former OIE),Confirmed,Domestic - cattle,Domestic - Cattle,20/10/2009,26/11/2009,,
146410,UNFAO-LEG-146410,Rift Valley fever,,Africa,Southern Africa,South Africa,Northern Cape,Bakenrand,-28.633333,20.434167,WOAH (former OIE),Confirmed,Domestic - sheep,Domestic - Sheep,20/10/2009,26/11/2009,,
146411,UNFAO-LEG-146411,Rift Valley fever,,Africa,Southern Africa,South Africa,Northern Cape,Augrabies,-28.633333,20.3675,WOAH (former OIE),Confirmed,Domestic - cattle | Domestic - sheep | Domestic - Goats,Domestic - Cattle | Domestic - Sheep | Domestic - Goats,20/10/2009,26/11/2009,,
146412,UNFAO-LEG-146412,Rift Valley fever,,Africa,Southern Africa,South Africa,Northern Cape,Daliah,-28.701111,20.333611,WOAH (former OIE),Confirmed,Domestic - sheep | Domestic - cattle,Domestic - Sheep | Domestic - Cattle,20/10/2009,26/11/2009,,
146413,UNFAO-LEG-146413,Rift Valley fever,,Africa,Southern Africa,South Africa,Northern Cape,Tweestrome,-28.700278,20.618056,WOAH (former OIE),Confirmed,Domestic - cattle | Domestic - sheep,Domestic - Cattle | Domestic - Sheep,20/10/2009,26/11/2009,,
146414,UNFAO-LEG-146414,Rift Valley fever,,Africa,Southern Africa,South Africa,Northern Cape,Rooipad,-28.483333,20.333611,WOAH (former OIE),Confirmed,Domestic - cattle,Domestic - Cattle,20/10/2009,26/11/2009,,
146415,UNFAO-LEG-146415,Rift Valley fever,,Africa,Southern Africa,South Africa,Northern Cape,Johnsies,-28.53978,20.53058,WOAH (former OIE),Confirmed,Domestic - cattle | Domestic - sheep,Domestic - Cattle | Domestic - Sheep,20/10/2009,26/11/2009,,
146416,UNFAO-LEG-146416,Rift Valley fever,,Africa,Southern Africa,South Africa,Northern Cape,Witkopeiland vW,-28.716944,20.517222,WOAH (former OIE),Confirmed,Domestic - cattle | Domestic - Goats,Domestic - Cattle | Domestic - Goats,20/10/2009,26/11/2009,,
146417,UNFAO-LEG-146417,Rift Valley fever,,Africa,Southern Africa,South Africa,Northern Cape,Witkopeiland A,-28.733333,20.516944,WOAH (former OIE),Confirmed,Domestic - cattle | Domestic - sheep,Domestic - Cattle | Domestic - Sheep,20/10/2009,26/11/2009,,
146418,UNFAO-LEG-146418,Rift Valley fever,,Africa,Southern Africa,South Africa,Northern Cape,Rooipad G,-28.634722,20.300833,WOAH (former OIE),Confirmed,Domestic - cattle,Domestic - Cattle,20/10/2009,26/11/2009,,
146419,UNFAO-LEG-146419,Rift Valley fever,,Africa,Southern Africa,South Africa,Northern Cape,Shallom,-28.800556,20.55,WOAH (former OIE),Confirmed,Domestic - cattle,Domestic - Cattle,20/10/2009,26/11/2009,,
146420,UNFAO-LEG-146420,Rift Valley fever,,Africa,Southern Africa,South Africa,Northern Cape,Becker farm,-28.66857,20.43111,WOAH (former OIE),Confirmed,Domestic - cattle,Domestic - Cattle,20/10/2009,26/11/2009,,
146421,UNFAO-LEG-146421,Rift Valley fever,,Africa,Southern Africa,South Africa,Northern Cape,Neusberg,-28.766667,20.716667,WOAH (former OIE),Confirmed,Domestic - sheep,Domestic - Sheep,20/10/2009,26/11/2009,,
134325,UNFAO-LEG-134325,Rift Valley fever,,Africa,Southern Africa,South Africa,Northern Cape,Zwaardraai,-28.66956,20.47217,WOAH (former OIE),Confirmed,Domestic - cattle,Domestic - Cattle,14/10/2009,26/10/2009,,
133270,UNFAO-LEG-133270,Rift Valley fever,,Africa,Southern Africa,South Africa,KwaZulu-Natal,Lions River,-29.463646,30.16469,National authorities,Confirmed,Domestic - sheep,Domestic - Sheep,04/06/2009,27/08/2009,,
133470,UNFAO-LEG-133470,Rift Valley fever,,Africa,Southern Africa,South Africa,Mpumalanga,Mbombela Rural,-25.30774,31.11048,FAO officer,Confirmed,Domestic - sheep,Domestic - Sheep,01/05/2009,20/09/2009,,
199988,UNFAO-LEG-199988,Rift Valley fever,,Africa,Eastern Africa,Madagascar,Analamanga,Anjozorobe  Analamanga  Antananarivo  Madagascar (Last Outbreak: 2008-2009),-18.4,47.866666,Publications,Confirmed,Domestic - cattle,Domestic - Cattle,01/05/2009,20/12/2011,,
131167,UNFAO-LEG-131167,Rift Valley fever,,Africa,Southern Africa,South Africa,KwaZulu-Natal,Burnview,-30.01667,29.833333,National authorities,Confirmed,Domestic - cattle,Domestic - Cattle,23/03/2009,01/04/2009,,
133257,UNFAO-LEG-133257,Rift Valley fever,,Africa,Southern Africa,South Africa,KwaZulu-Natal,Mount Hermon,-30.16667,29.93333,National authorities,Confirmed,Domestic - cattle,Domestic - Cattle,09/03/2009,18/03/2009,,
133248,UNFAO-LEG-133248,Rift Valley fever,,Africa,Southern Africa,South Africa,KwaZulu-Natal,Ringstead,-29.796,29.535,National authorities,Confirmed,Domestic - cattle,Domestic - Cattle,03/03/2009,18/03/2009,,
133249,UNFAO-LEG-133249,Rift Valley fever,,Africa,Southern Africa,South Africa,KwaZulu-Natal,Glen Gowrey,-29.85,29.229,National authorities,Confirmed,Domestic - cattle,Domestic - Cattle,27/02/2009,18/03/2009,,
133255,UNFAO-LEG-133255,Rift Valley fever,,Africa,Southern Africa,South Africa,KwaZulu-Natal,Eastwold,-29.994,29.947,National authorities,Confirmed,Domestic - cattle,Domestic - Cattle,27/02/2009,18/03/2009,,
133250,UNFAO-LEG-133250,Rift Valley fever,,Africa,Southern Africa,South Africa,KwaZulu-Natal,Conference,-30.021,29.886,National authorities,Confirmed,Domestic - cattle,Domestic - Cattle,25/02/2009,18/03/2009,,
133256,UNFAO-LEG-133256,Rift Valley fever,,Africa,Southern Africa,South Africa,KwaZulu-Natal,Allandale,-29.955,29.969,National authorities,Confirmed,Domestic - cattle,Domestic - Cattle,25/02/2009,18/03/2009,,
130796,UNFAO-LEG-130796,Rift Valley fever,,Africa,Southern Africa,South Africa,KwaZulu-Natal,kwa sam,-29.1636339,29.8574208,National authorities,Confirmed,Domestic - cattle,Domestic - Cattle,23/02/2009,08/03/2009,,
130798,UNFAO-LEG-130798,Rift Valley fever,,Africa,Southern Africa,South Africa,KwaZulu-Natal,kwa sam,-29.5447678,29.80374,National authorities,Confirmed,Domestic - cattle,Domestic - Cattle,23/02/2009,08/03/2009,,
130799,UNFAO-LEG-130799,Rift Valley fever,,Africa,Southern Africa,South Africa,KwaZulu-Natal,Ingwe,-29.8239081,30.0238314,National authorities,Confirmed,Domestic - cattle,Domestic - Cattle,23/02/2009,08/03/2009,,
130800,UNFAO-LEG-130800,Rift Valley fever,,Africa,Southern Africa,South Africa,KwaZulu-Natal,Ingwe,-29.9527419,29.9969908,National authorities,Confirmed,Domestic - cattle,Domestic - Cattle,23/02/2009,08/03/2009,,
130801,UNFAO-LEG-130801,Rift Valley fever,,Africa,Southern Africa,South Africa,KwaZulu-Natal,Ingwe,-29.9715303,29.9728344,National authorities,Confirmed,Domestic - cattle,Domestic - Cattle,23/02/2009,08/03/2009,,
130802,UNFAO-LEG-130802,Rift Valley fever,,Africa,Southern Africa,South Africa,KwaZulu-Natal,Ingwe,-29.9983708,29.9513622,National authorities,Confirmed,Domestic - cattle,Domestic - Cattle,23/02/2009,08/03/2009,,
130803,UNFAO-LEG-130803,Rift Valley fever,,Africa,Southern Africa,South Africa,KwaZulu-Natal,Ingwe,-29.0305792,29.8869453,National authorities,Confirmed,Domestic - cattle,Domestic - Cattle,23/02/2009,08/03/2009,,
133246,UNFAO-LEG-133246,Rift Valley fever,,Africa,Southern Africa,South Africa,KwaZulu-Natal,Stockton,-29.947,29.986,National authorities,Confirmed,Domestic - cattle,Domestic - Cattle,18/02/2009,18/03/2009,,
133247,UNFAO-LEG-133247,Rift Valley fever,,Africa,Southern Africa,South Africa,KwaZulu-Natal,Tyrone,-29.882,30.018,National authorities,Confirmed,Domestic - cattle,Domestic - Cattle,18/02/2009,18/03/2009,,
200015,UNFAO-LEG-200015,Rift Valley fever,,Africa,Eastern Africa,Uganda,Ssembabule,Katumba Farm  Sembabule  Uganda,-0.02319,31.33961,Publications,Confirmed,Domestic - Goats,Domestic - Goats,01/01/2009,13/06/2013,,
200016,UNFAO-LEG-200016,Rift Valley fever,,Africa,Eastern Africa,Uganda,Ssembabule,Lubega Farm,-0.02319,31.33961,Publications,Confirmed,Domestic - Goats,Domestic - Goats,01/01/2009,13/06/2013,,
200017,UNFAO-LEG-200017,Rift Valley fever,,Africa,Eastern Africa,Uganda,Ssembabule,Lwenzuguti Farm,-0.02319,31.33961,Publications,Denied,Domestic - Goats,Domestic - Goats,01/01/2009,13/06/2013,,
200018,UNFAO-LEG-200018,Rift Valley fever,,Africa,Eastern Africa,Uganda,Ssembabule,Nagadya Farm,-0.02319,31.33961,Publications,Confirmed,Domestic - Goats,Domestic - Goats,01/01/2009,13/06/2013,,
200019,UNFAO-LEG-200019,Rift Valley fever,,Africa,Eastern Africa,Uganda,Ssembabule,Nakabale Farm,-0.02319,31.33961,Publications,Confirmed,Domestic - Goats,Domestic - Goats,01/01/2009,13/06/2013,,
200020,UNFAO-LEG-200020,Rift Valley fever,,Africa,Eastern Africa,Uganda,Ssembabule,Ntusi Catholic mission Farm,-0.02319,31.33961,Publications,Denied,Domestic - Goats,Domestic - Goats,01/01/2009,13/06/2013,,
200021,UNFAO-LEG-200021,Rift Valley fever,,Africa,Eastern Africa,Uganda,Ssembabule,Ssembeguya Farm,-0.02319,31.33961,Publications,Confirmed,Domestic - Goats,Domestic - Goats,01/01/2009,13/06/2013,,
200022,UNFAO-LEG-200022,Rift Valley fever,,Africa,Eastern Africa,Uganda,Gomba,Hamidu Mayanja Farm  Mpigi  Uganda,0.13935,31.93705,Publications,Confirmed,Domestic - Goats | Wild - unspecified mammal,Domestic - Goats | Wild - Unspecified Mammal,01/01/2009,13/06/2013,,
200023,UNFAO-LEG-200023,Rift Valley fever,,Africa,Eastern Africa,Uganda,Gomba,Kadd Farm,0.13935,31.93705,Publications,Confirmed,Domestic - Goats,Domestic - Goats,01/01/2009,13/06/2013,,
200024,UNFAO-LEG-200024,Rift Valley fever,,Africa,Eastern Africa,Uganda,Gomba,Katabarwa Farm,0.13935,31.93705,Publications,Confirmed,Domestic - Goats | Wild - unspecified mammal,Domestic - Goats | Wild - Unspecified Mammal,01/01/2009,13/06/2013,,
200025,UNFAO-LEG-200025,Rift Valley fever,,Africa,Eastern Africa,Uganda,Gomba,Kisakye Farm,0.13935,31.93705,Publications,Confirmed,Domestic - Goats | Wild - unspecified mammal,Domestic - Goats | Wild - Unspecified Mammal,01/01/2009,13/06/2013,,
200026,UNFAO-LEG-200026,Rift Valley fever,,Africa,Eastern Africa,Uganda,Gomba,Lydiabigo Farm,0.13935,31.93705,Publications,Confirmed,Domestic - Goats,Domestic - Goats,01/01/2009,13/06/2013,,
200027,UNFAO-LEG-200027,Rift Valley fever,,Africa,Eastern Africa,Uganda,Gomba,Maduwa Farm,0.13935,31.93705,Publications,Confirmed,Domestic - Goats | Wild - unspecified mammal,Domestic - Goats | Wild - Unspecified Mammal,01/01/2009,13/06/2013,,
200028,UNFAO-LEG-200028,Rift Valley fever,,Africa,Eastern Africa,Uganda,Gomba,Mayigaharriet Farm,0.13935,31.93705,Publications,Confirmed,Domestic - Goats,Domestic - Goats,01/01/2009,13/06/2013,,
200029,UNFAO-LEG-200029,Rift Valley fever,,Africa,Eastern Africa,Uganda,Gomba,Mujabi Farm,0.13935,31.93705,Publications,Confirmed,Domestic - Goats,Domestic - Goats,01/01/2009,13/06/2013,,
200030,UNFAO-LEG-200030,Rift Valley fever,,Africa,Eastern Africa,Uganda,Gomba,Mutagubya Farm,0.13935,31.93705,Publications,Confirmed,Domestic - Goats | Wild - unspecified mammal,Domestic - Goats | Wild - Unspecified Mammal,01/01/2009,13/06/2013,,
200031,UNFAO-LEG-200031,Rift Valley fever,,Africa,Eastern Africa,Uganda,Masaka,Mugula Farm  Masaka  Uganda,-0.35665,31.7216,Publications,Confirmed,Domestic - Goats,Domestic - Goats,01/01/2009,13/06/2013,,
200032,UNFAO-LEG-200032,Rift Valley fever,,Africa,Eastern Africa,Uganda,Masaka,Kagoboka Farm,-0.35665,31.7216,Publications,Confirmed,Domestic - Goats,Domestic - Goats,01/01/2009,13/06/2013,,
200033,UNFAO-LEG-200033,Rift Valley fever,,Africa,Eastern Africa,Uganda,Masaka,Kayabula Farm,-0.35665,31.7216,Publications,Confirmed,Domestic - Goats,Domestic - Goats,01/01/2009,13/06/2013,,
200034,UNFAO-LEG-200034,Rift Valley fever,,Africa,Eastern Africa,Uganda,Masaka,Kezimbira Farm,-0.35665,31.7216,Publications,Confirmed,Domestic - Goats,Domestic - Goats,01/01/2009,13/06/2013,,
200035,UNFAO-LEG-200035,Rift Valley fever,,Africa,Eastern Africa,Uganda,Masaka,Mukuye Farm,-0.35665,31.7216,Publications,Confirmed,Domestic - Goats,Domestic - Goats,01/01/2009,13/06/2013,,
200036,UNFAO-LEG-200036,Rift Valley fever,,Africa,Eastern Africa,Uganda,Masaka,Ndyamuba Farm,-0.35665,31.7216,Publications,Confirmed,Domestic - Goats,Domestic - Goats,01/01/2009,13/06/2013,,
200037,UNFAO-LEG-200037,Rift Valley fever,,Africa,Eastern Africa,Uganda,Masaka,Sheikh Kasumba Farm,-0.35665,31.7216,Publications,Confirmed,Domestic - Goats,Domestic - Goats,01/01/2009,13/06/2013,,
200038,UNFAO-LEG-200038,Rift Valley fever,,Africa,Eastern Africa,Uganda,Masaka,Tugume Farm,-0.35665,31.7216,Publications,Confirmed,Domestic - Goats,Domestic - Goats,01/01/2009,13/06/2013,,
200039,UNFAO-LEG-200039,Rift Valley fever,,Africa,Eastern Africa,Uganda,Mubende,Brund Enterprise Farm  Mubende  Uganda,0.516436,31.566083,Publications,Confirmed,Domestic - Goats,Domestic - Goats,01/01/2009,13/06/2013,,
200040,UNFAO-LEG-200040,Rift Valley fever,,Africa,Eastern Africa,Uganda,Mubende,HB Ranch Farm,0.516436,31.566083,Publications,Confirmed,Domestic - Goats,Domestic - Goats,01/01/2009,13/06/2013,,
200041,UNFAO-LEG-200041,Rift Valley fever,,Africa,Eastern Africa,Uganda,Mubende,Kisombwa Farm,0.516436,31.566083,Publications,Confirmed,Domestic - Goats,Domestic - Goats,01/01/2009,13/06/2013,,
200042,UNFAO-LEG-200042,Rift Valley fever,,Africa,Eastern Africa,Uganda,Mubende,Peace Farm,0.516436,31.566083,Publications,Confirmed,Domestic - Goats,Domestic - Goats,01/01/2009,13/06/2013,,
129858,UNFAO-LEG-129858,Rift Valley fever,,Africa,Eastern Africa,Madagascar,Haute Matsiatra,Marodinta,-21.75,46.92,WOAH (former OIE),Confirmed,Domestic - cattle,Domestic - Cattle,13/12/2008,26/12/2008,,
129859,UNFAO-LEG-129859,Rift Valley fever,,Africa,Eastern Africa,Madagascar,Haute Matsiatra,Ambonifehidrano,-21.39,46.25,WOAH (former OIE),Confirmed,Domestic - cattle,Domestic - Cattle,13/12/2008,26/12/2008,,
129857,UNFAO-LEG-129857,Rift Valley fever,,Africa,Eastern Africa,Madagascar,Haute Matsiatra,Ampasina,-21.35,46.81,WOAH (former OIE),Confirmed,Domestic - cattle,Domestic - Cattle,11/12/2008,26/12/2008,,
129767,UNFAO-LEG-129767,Rift Valley fever,,Africa,Eastern Africa,Madagascar,Haute Matsiatra,Antanifotsy,-21.37,46.14,WOAH (former OIE),Confirmed,Domestic - cattle,Domestic - Cattle,10/12/2008,26/12/2008,,
160685,UNFAO-LEG-160685,Rift Valley fever,,Africa,Eastern Africa,Madagascar,Menabe,Toliary,-19.67221,44.79772,FAO-Report,Confirmed,Domestic - Goat/sheep ,Domestic - Goat/Sheep ,01/12/2008,01/12/2008,,
160820,UNFAO-LEG-160820,Rift Valley fever,,Africa,Western Africa,Mauritania,Brakna,Boghe,16.675,-14.328,FAO-Report,Confirmed,Domestic - Goat/sheep ,Domestic - Goat/Sheep ,01/12/2008,01/12/2008,,
160903,UNFAO-LEG-160903,Rift Valley fever,,Africa,Western Africa,Senegal,Saint louis,Keur Mbaye ,16.51,-15.5,FAO-Report,Confirmed,Domestic - Goat/sheep ,Domestic - Goat/Sheep ,01/12/2008,01/12/2008,,
160904,UNFAO-LEG-160904,Rift Valley fever,,Africa,Western Africa,Senegal,Saint louis,Mpal ,15.9571,-16.2526,FAO-Report,Confirmed,Domestic - Goat/sheep ,Domestic - Goat/Sheep ,01/12/2008,01/12/2008,,
160905,UNFAO-LEG-160905,Rift Valley fever,,Africa,Western Africa,Senegal,Matam,Ourosogui,15.6396,-13.3101,FAO-Report,Confirmed,Domestic - Goat/sheep ,Domestic - Goat/Sheep ,01/12/2008,01/12/2008,,
160906,UNFAO-LEG-160906,Rift Valley fever,,Africa,Western Africa,Senegal,Saint louis,Thillé baoubacar ,16.5604,-14.6861,FAO-Report,Confirmed,Domestic - Goat/sheep ,Domestic - Goat/Sheep ,01/12/2008,01/12/2008,,
129866,UNFAO-LEG-129866,Rift Valley fever,,Africa,Eastern Africa,Madagascar,Haute Matsiatra,Tsaramandroso,-21.3079,46.2313,National authorities,Confirmed,Domestic - cattle,Domestic - Cattle,29/11/2008,22/12/2008,,
129865,UNFAO-LEG-129865,Rift Valley fever,,Africa,Eastern Africa,Madagascar,Haute Matsiatra,Imandry,-21.3778,46.66,National authorities,Confirmed,Domestic - cattle,Domestic - Cattle,24/11/2008,22/12/2008,,
129864,UNFAO-LEG-129864,Rift Valley fever,,Africa,Eastern Africa,Madagascar,Haute Matsiatra,Ambanimaso,-21.3667,46.55,National authorities,Confirmed,Domestic - cattle,Domestic - Cattle,22/11/2008,22/12/2008,,
129862,UNFAO-LEG-129862,Rift Valley fever,,Africa,Eastern Africa,Madagascar,Haute Matsiatra,Antady,-21.3833,46.1333,National authorities,Confirmed,Domestic - Cattle,Domestic - Cattle,16/11/2008,21/12/2008,,
129863,UNFAO-LEG-129863,Rift Valley fever,,Africa,Eastern Africa,Madagascar,Haute Matsiatra,Nasandratrony,-21.7167,46.9333,National authorities,Confirmed,Domestic - cattle,Domestic - Cattle,16/11/2008,22/12/2008,,
160684,UNFAO-LEG-160684,Rift Valley fever,,Africa,Eastern Africa,Madagascar,Diana,Antsiranana,-12.54171,49.16687,FAO-Report,Confirmed,Domestic - Goat/sheep ,Domestic - Goat/Sheep ,01/11/2008,01/11/2008,,
160683,UNFAO-LEG-160683,Rift Valley fever,,Africa,Eastern Africa,Madagascar,Atsimo Andrefana,Toliary,-24.61226,44.41089,FAO-Report,Confirmed,Domestic - Goat/sheep ,Domestic - Goat/Sheep ,01/10/2008,01/10/2008,,
160819,UNFAO-LEG-160819,Rift Valley fever,,Africa,Western Africa,Mauritania,Brakna,Boghe,16.675,-14.328,FAO-Report,Confirmed,Domestic - Goat/sheep ,Domestic - Goat/Sheep ,01/10/2008,01/10/2008,,
160824,UNFAO-LEG-160824,Rift Valley fever,,Africa,Western Africa,Mauritania,Hodh El Gharbi, Kobenni,16.38,-10.241,FAO-Report,Confirmed,Domestic - Goat/sheep ,Domestic - Goat/Sheep ,01/10/2008,01/10/2008,,
160825,UNFAO-LEG-160825,Rift Valley fever,,Africa,Western Africa,Mauritania,Assaba,Kiffa,16.634,-11.341,FAO-Report,Confirmed,Domestic - Goat/sheep ,Domestic - Goat/Sheep ,01/10/2008,01/10/2008,,
160827,UNFAO-LEG-160827,Rift Valley fever,,Africa,Western Africa,Mauritania,Tagant,Kankossa,17.844,-11.638,FAO-Report,Confirmed,Domestic - Goat/sheep ,Domestic - Goat/Sheep ,01/10/2008,01/10/2008,,
160682,UNFAO-LEG-160682,Rift Valley fever,,Africa,Eastern Africa,Madagascar,Alaotra Mangoro,Toamasina,-17.86483,48.37958,FAO-Report,Confirmed,Domestic - Goat/sheep ,Domestic - Goat/Sheep ,01/09/2008,01/09/2008,,
160693,UNFAO-LEG-160693,Rift Valley fever,,Africa,Eastern Africa,Madagascar,Atsimo Andrefana,Toliary,-23.06783,43.80467,FAO-Report,Confirmed,Domestic - Goat/sheep ,Domestic - Goat/Sheep ,01/09/2008,01/09/2008,,
128860,UNFAO-LEG-128860,Rift Valley fever,,Africa,Southern Africa,Swaziland,Manzini,McCreedy,-26.486,31.192,WOAH (former OIE),Confirmed,Domestic - cattle,Domestic - Cattle,12/08/2008,18/08/2008,,
160681,UNFAO-LEG-160681,Rift Valley fever,,Africa,Eastern Africa,Madagascar,Boeny,Mahajanga,-16.69917,46.53728,FAO-Report,Confirmed,Domestic - Goat/sheep ,Domestic - Goat/Sheep ,01/08/2008,01/08/2008,,
160692,UNFAO-LEG-160692,Rift Valley fever,,Africa,Eastern Africa,Madagascar,Atsimo Andrefana,Toliary,-23.29415,43.70534,FAO-Report,Confirmed,Domestic - Goat/sheep ,Domestic - Goat/Sheep ,01/08/2008,01/08/2008,,
160821,UNFAO-LEG-160821,Rift Valley fever,,Africa,Western Africa,Mauritania,Brakna,Boghe,16.675,-14.328,FAO-Report,Confirmed,Domestic - Goat/sheep ,Domestic - Goat/Sheep ,01/08/2008,01/08/2008,,
160822,UNFAO-LEG-160822,Rift Valley fever,,Africa,Western Africa,Mauritania,Trarza,R'kiz,16.836,-15.341,FAO-Report,Confirmed,Domestic - Goat/sheep ,Domestic - Goat/Sheep ,01/08/2008,01/08/2008,,
160823,UNFAO-LEG-160823,Rift Valley fever,,Africa,Western Africa,Mauritania,Hodh El Gharbi, Kobenni,16.38,-10.241,FAO-Report,Confirmed,Domestic - Goat/sheep ,Domestic - Goat/Sheep ,01/08/2008,01/08/2008,,
160826,UNFAO-LEG-160826,Rift Valley fever,,Africa,Western Africa,Mauritania,Assaba,Kiffa,16.634,-11.341,FAO-Report,Confirmed,Domestic - Goat/sheep ,Domestic - Goat/Sheep ,01/08/2008,01/08/2008,,
160828,UNFAO-LEG-160828,Rift Valley fever,,Africa,Western Africa,Mauritania,Tagant,Kankossa,17.844,-11.638,FAO-Report,Confirmed,Domestic - Goat/sheep ,Domestic - Goat/Sheep ,01/08/2008,01/08/2008,,
160829,UNFAO-LEG-160829,Rift Valley fever,,Africa,Western Africa,Mauritania,Assaba,Tijikja,15.936,-11.564,FAO-Report,Confirmed,Domestic - Goat/sheep ,Domestic - Goat/Sheep ,01/08/2008,01/08/2008,,
160830,UNFAO-LEG-160830,Rift Valley fever,,Africa,Western Africa,Mauritania,Guidimakha,Selibabi,15.219,-12.197,FAO-Report,Confirmed,Domestic - Goat/sheep ,Domestic - Goat/Sheep ,01/08/2008,01/08/2008,,
160831,UNFAO-LEG-160831,Rift Valley fever,,Africa,Western Africa,Mauritania,Gorgol,Mbout ,16.012,-12.522,FAO-Report,Confirmed,Domestic - Goat/sheep ,Domestic - Goat/Sheep ,01/08/2008,01/08/2008,,
200061,UNFAO-LEG-200061,Rift Valley fever,,Africa,Eastern Africa,Madagascar,Atsinanana,Toraka Malagasy  Madagascar,-18.350615,49.32312,Publications,Confirmed,Domestic - cattle | Domestic - Goat/sheep ,Domestic - Cattle | Domestic - Goat/Sheep ,01/08/2008,01/01/2011,,
128865,UNFAO-LEG-128865,Rift Valley fever,,Africa,Eastern Africa,Mayotte,Administrative unit not available,Combani,-12.784,45.141,WOAH (former OIE),Confirmed,Domestic - Goats | Domestic - sheep,Domestic - Goats | Domestic - Sheep,11/07/2008,17/09/2008,,
160691,UNFAO-LEG-160691,Rift Valley fever,,Africa,Eastern Africa,Madagascar,Atsimo Andrefana,Toliary,-22.89526,44.45234,FAO-Report,Confirmed,Domestic - Goat/sheep ,Domestic - Goat/Sheep ,01/07/2008,01/07/2008,,
160764,UNFAO-LEG-160764,Rift Valley fever,,Africa,Western Africa,Mali,Sikasso,Selingue,11.619,-8.241,FAO-Report,Confirmed,Domestic - Goat/sheep ,Domestic - Goat/Sheep ,01/07/2008,01/07/2008,,
128859,UNFAO-LEG-128859,Rift Valley fever,,Africa,Southern Africa,Swaziland,Manzini,Serec,-26.49981,31.20274,WOAH (former OIE),Confirmed,Domestic - cattle,Domestic - Cattle,04/06/2008,27/07/2008,,
160690,UNFAO-LEG-160690,Rift Valley fever,,Africa,Eastern Africa,Madagascar,Menabe,Toliary,-20.55033,44.33844,FAO-Report,Confirmed,Domestic - Goat/sheep ,Domestic - Goat/Sheep ,01/06/2008,01/06/2008,,
200058,UNFAO-LEG-200058,Rift Valley fever,,Africa,Eastern Africa,United Republic of Tanzania,Mbeya,Mbeya range  United Republic of Tanzania,-8.833333,33.333333,Publications,Confirmed,,,01/06/2008,01/03/2012,64,
131004,UNFAO-LEG-131004,Rift Valley fever,,Africa,Southern Africa,South Africa,Mpumalanga,Doornkloof,-25.426,31.77,National authorities,Confirmed,Domestic - cattle,Domestic - Cattle,04/05/2008,17/03/2009,,
130989,UNFAO-LEG-130989,Rift Valley fever,,Africa,Southern Africa,South Africa,Mpumalanga,Blinkwater,-25.3466667,31.0763889,National authorities,Confirmed,Domestic - cattle,Domestic - Cattle,01/05/2008,17/03/2009,,
130990,UNFAO-LEG-130990,Rift Valley fever,,Africa,Southern Africa,South Africa,Mpumalanga,Curlews settlement,-25.3444444,31.0555556,National authorities,Confirmed,Domestic - cattle,Domestic - Cattle,01/05/2008,17/03/2009,,
130991,UNFAO-LEG-130991,Rift Valley fever,,Africa,Southern Africa,South Africa,Mpumalanga,Hooggelegen,-25.3594444,31.0244444,National authorities,Confirmed,Domestic - cattle,Domestic - Cattle,01/05/2008,17/03/2009,,
130995,UNFAO-LEG-130995,Rift Valley fever,,Africa,Southern Africa,South Africa,Gauteng,Witpoort,-25.9672222,28.5541668,National authorities,Confirmed,Domestic - cattle,Domestic - Cattle,01/05/2008,17/03/2009,,
131001,UNFAO-LEG-131001,Rift Valley fever,,Africa,Southern Africa,South Africa,Gauteng,Witpoort,-25.9672222,28.5541668,National authorities,Confirmed,Domestic - cattle,Domestic - Cattle,01/05/2008,17/03/2009,,
131009,UNFAO-LEG-131009,Rift Valley fever,,Africa,Southern Africa,South Africa,Mpumalanga,Vaalbank,-25.1197224,28.8374996,National authorities,Confirmed,Domestic - cattle,Domestic - Cattle,01/05/2008,17/03/2009,,
160689,UNFAO-LEG-160689,Rift Valley fever,,Africa,Eastern Africa,Madagascar,Sofia,Mahajanga,-16.047,48.72116,FAO-Report,Confirmed,Domestic - Goat/sheep ,Domestic - Goat/Sheep ,01/05/2008,01/05/2008,,
128221,UNFAO-LEG-128221,Rift Valley fever,,Africa,Southern Africa,South Africa,North West,Mamagalieskraal,-25.53333,27.78333,WOAH (former OIE),Confirmed,Domestic - cattle,Domestic - Cattle,23/04/2008,16/05/2008,,
128222,UNFAO-LEG-128222,Rift Valley fever,,Africa,Southern Africa,South Africa,North West,Leeuwkraal,-25.16667,28.05,WOAH (former OIE),Confirmed,Domestic - sheep,Domestic - Sheep,23/04/2008,16/05/2008,,
128228,UNFAO-LEG-128228,Rift Valley fever,,Africa,Southern Africa,South Africa,North West,Mamagalieskraal,-25.53333,27.78333,WOAH (former OIE),Confirmed,Domestic - cattle,Domestic - Cattle,23/04/2008,16/05/2008,,
128241,UNFAO-LEG-128241,Rift Valley fever,,Africa,Southern Africa,South Africa,North West,Krokodildrift,-25.66667,27.76667,WOAH (former OIE),Confirmed,Domestic - cattle,Domestic - Cattle,23/04/2008,27/05/2008,,
128220,UNFAO-LEG-128220,Rift Valley fever,,Africa,Southern Africa,South Africa,Gauteng,Witpoort,-25.97222,28.55417,WOAH (former OIE),Confirmed,Domestic - cattle,Domestic - Cattle,22/04/2008,16/05/2008,,
128205,UNFAO-LEG-128205,Rift Valley fever,,Africa,Southern Africa,South Africa,Mpumalanga,Doomkloof,-25.427,31.7714,WOAH (former OIE),Confirmed,Domestic - cattle,Domestic - Cattle,07/04/2008,23/04/2008,,
131007,UNFAO-LEG-131007,Rift Valley fever,,Africa,Southern Africa,South Africa,Limpopo,Leewdoorns,-24.8508339,28.5074997,National authorities,Confirmed,Domestic - cattle,Domestic - Cattle,01/04/2008,17/03/2009,,
131008,UNFAO-LEG-131008,Rift Valley fever,,Africa,Southern Africa,South Africa,Limpopo,Krokodildrift,-24.6666603,27.6666641,National authorities,Confirmed,Domestic - cattle,Domestic - Cattle,01/04/2008,17/03/2009,,
160688,UNFAO-LEG-160688,Rift Valley fever,,Africa,Eastern Africa,Madagascar,Melaky,Mahajanga,-17.74166,44.39656,FAO-Report,Confirmed,Domestic - Goat/sheep ,Domestic - Goat/Sheep ,01/04/2008,01/04/2008,,
199965,UNFAO-LEG-199965,Rift Valley fever,,Africa,Northern Africa,Algeria,Tindouf,Tindouf Province  Algeria,27.683333,-8.133333,Publications,Confirmed,Domestic - Goat/sheep ,Domestic - Goat/Sheep ,01/04/2008,24/04/2014,,
200043,UNFAO-LEG-200043,Rift Valley fever,,Africa,Northern Africa,Western Sahara,Saguia El Hamra,Bir Lehlu  Saguia El Hamra  Western Sahara,26.300277,-9.610555,Publications,Confirmed,Domestic - Goat/sheep ,Domestic - Goat/Sheep ,01/04/2008,24/04/2014,,
200044,UNFAO-LEG-200044,Rift Valley fever,,Africa,Northern Africa,Western Sahara,Saguia El Hamra,Tifariti,26.0928,-10.6089,Publications,Confirmed,Domestic - Goat/sheep ,Domestic - Goat/Sheep ,01/04/2008,24/04/2014,,
200045,UNFAO-LEG-200045,Rift Valley fever,,Africa,Northern Africa,Western Sahara,Saguia El Hamra,Meharrize,26.147222,-11.069167,Publications,Confirmed,Domestic - Goat/sheep ,Domestic - Goat/Sheep ,01/04/2008,24/04/2014,,
200046,UNFAO-LEG-200046,Rift Valley fever,,Africa,Northern Africa,Western Sahara,Rio De Oro,Miyec  Rio de Oro  Western Sahara,23.446111,-12.826667,Publications,Denied,Domestic - Goat/sheep ,Domestic - Goat/Sheep ,01/04/2008,24/04/2014,,
200047,UNFAO-LEG-200047,Rift Valley fever,,Africa,Northern Africa,Western Sahara,Rio De Oro,Aguenit,22.1833,-13.1333,Publications,Denied,Domestic - Goat/sheep ,Domestic - Goat/Sheep ,01/04/2008,24/04/2014,,
200048,UNFAO-LEG-200048,Rift Valley fever,,Africa,Northern Africa,Western Sahara,Rio De Oro,Dougaj,22.055556,-13.552778,Publications,Denied,Domestic - Goat/sheep ,Domestic - Goat/Sheep ,01/04/2008,24/04/2014,,
128187,UNFAO-LEG-128187,Rift Valley fever,,Africa,Southern Africa,South Africa,Limpopo,Paul,-24.0351,31.0653,WOAH (former OIE),Confirmed,Domestic - cattle,Domestic - Cattle,07/03/2008,14/03/2008,,
128188,UNFAO-LEG-128188,Rift Valley fever,,Africa,Southern Africa,South Africa,Limpopo,Grietjie,-24.0969,31.0132,WOAH (former OIE),Confirmed,Domestic - cattle | Domestic - buffaloes,Domestic - Cattle | Domestic - Buffaloes,07/03/2008,14/03/2008,,
128204,UNFAO-LEG-128204,Rift Valley fever,,Africa,Southern Africa,South Africa,Mpumalanga,Leeuwkraal,-25.1456,31.77139,WOAH (former OIE),Confirmed,Domestic - Goats,Domestic - Goats,07/03/2008,23/04/2008,,
128186,UNFAO-LEG-128186,Rift Valley fever,,Africa,Southern Africa,South Africa,Limpopo,Buiskop,-24.8606,28.3372,WOAH (former OIE),Confirmed,Domestic - cattle,Domestic - Cattle,01/03/2008,14/03/2008,,
131006,UNFAO-LEG-131006,Rift Valley fever,,Africa,Southern Africa,South Africa,Limpopo,Langkuil,-25.0138893,28.2430553,National authorities,Confirmed,Domestic - cattle,Domestic - Cattle,01/03/2008,17/03/2009,,
160680,UNFAO-LEG-160680,Rift Valley fever,,Africa,Eastern Africa,Madagascar,Atsinanana,Toamasina,-18.1239,49.344,FAO-Report,Confirmed,Domestic - Goat/sheep ,Domestic - Goat/Sheep ,01/03/2008,01/03/2008,,
160917,UNFAO-LEG-160917,Rift Valley fever,,Africa,Southern Africa,South Africa,Gauteng,Pretoria Metropolitan Council (Adm. Lev. 2 name),-25.852,28.206,FAO-Report,Confirmed,Domestic - Goat/sheep ,Domestic - Goat/Sheep ,01/03/2008,01/03/2008,,
128185,UNFAO-LEG-128185,Rift Valley fever,,Africa,Southern Africa,South Africa,Mpumalanga,One Tree Hill,-25.5427,31.6491,WOAH (former OIE),Confirmed,Domestic - cattle,Domestic - Cattle,27/02/2008,14/03/2008,,
130994,UNFAO-LEG-130994,Rift Valley fever,,Africa,Southern Africa,South Africa,Mpumalanga,Richtersnek,-25.6252785,31.6494446,National authorities,Confirmed,Domestic - cattle,Domestic - Cattle,12/02/2008,17/03/2009,,
128178,UNFAO-LEG-128178,Rift Valley fever,,Africa,Southern Africa,South Africa,Mpumalanga,Martolhi,-25.4269,31.77139,WOAH (former OIE),Confirmed,Domestic - cattle,Domestic - Cattle,07/02/2008,28/02/2008,,
128180,UNFAO-LEG-128180,Rift Valley fever,,Africa,Southern Africa,South Africa,Mpumalanga,Grootboom,-25.427,31.7714,WOAH (former OIE),Confirmed,Domestic - cattle,Domestic - Cattle,07/02/2008,28/02/2008,,
127715,UNFAO-LEG-127715,Rift Valley fever,,Africa,Eastern Africa,Madagascar,Analamanga,Avaradrano,-18.91,47.51,WOAH (former OIE),Confirmed,Domestic - cattle,Domestic - Cattle,04/02/2008,09/04/2008,,
128189,UNFAO-LEG-128189,Rift Valley fever,,Africa,Eastern Africa,Madagascar,Analamanga,Avaradrano,-18.91,47.51,WOAH (former OIE),Confirmed,Domestic - cattle,Domestic - Cattle,04/02/2008,09/04/2008,,
130993,UNFAO-LEG-130993,Rift Valley fever,,Africa,Southern Africa,South Africa,Mpumalanga,Vyeboom,-25.434166,31.8274994,National authorities,Confirmed,Domestic - cattle,Domestic - Cattle,01/02/2008,17/03/2009,,
160687,UNFAO-LEG-160687,Rift Valley fever,,Africa,Eastern Africa,Madagascar,Ihorombe,Fianarantsoa,-22.37951,45.80403,FAO-Report,Confirmed,Domestic - Goat/sheep ,Domestic - Goat/Sheep ,01/02/2008,01/02/2008,,
130992,UNFAO-LEG-130992,Rift Valley fever,,Africa,Southern Africa,South Africa,Mpumalanga,Ten Bosch,-25.4936104,31.8047218,National authorities,Confirmed,Domestic - cattle,Domestic - Cattle,15/01/2008,17/03/2009,,
128181,UNFAO-LEG-128181,Rift Valley fever,,Africa,Southern Africa,South Africa,Mpumalanga,Ngwenya,-25.395,31.84583,WOAH (former OIE),Confirmed,Domestic - buffaloes,Domestic - Buffaloes,14/01/2008,08/02/2008,,
129035,UNFAO-LEG-129035,Rift Valley fever,,Africa,Eastern Africa,Madagascar,Vakinankaratra,Behenjy,-19.2155,47.4839,National authorities,Suspected,,,01/01/2008,31/01/2008,,
160686,UNFAO-LEG-160686,Rift Valley fever,,Africa,Eastern Africa,Madagascar,Sava,Antsiranana,-13.44229,49.71916,FAO-Report,Confirmed,Domestic - Goat/sheep ,Domestic - Goat/Sheep ,01/01/2008,01/01/2008,,
128390,UNFAO-LEG-128390,Rift Valley fever,,Africa,Northern Africa,Sudan,White Nile,Zilait,13.2,32.62,WOAH (former OIE),Confirmed,Domestic - cattle | Domestic - sheep,Domestic - Cattle | Domestic - Sheep,08/10/2007,11/11/2007,,
128391,UNFAO-LEG-128391,Rift Valley fever,,Africa,Northern Africa,Sudan,White Nile,Zilait,13.2,32.62,WOAH (former OIE),Confirmed,Domestic - sheep | Domestic - cattle,Domestic - Sheep | Domestic - Cattle,08/10/2007,21/11/2007,,
128392,UNFAO-LEG-128392,Rift Valley fever,,Africa,Northern Africa,Sudan,White Nile,Zilait,13.2,32.62,WOAH (former OIE),Confirmed,Domestic - sheep | Domestic - cattle,Domestic - Sheep | Domestic - Cattle,08/10/2007,30/12/2007,,
128393,UNFAO-LEG-128393,Rift Valley fever,,Africa,Northern Africa,Sudan,White Nile,Zilait,13.2,32.62,WOAH (former OIE),Confirmed,Domestic - cattle | Domestic - sheep,Domestic - Cattle | Domestic - Sheep,08/10/2007,30/12/2007,,
128861,UNFAO-LEG-128861,Rift Valley fever,,Africa,Northern Africa,Sudan,White Nile,Zilait,13.127,32.735,WOAH (former OIE),Confirmed,Domestic - cattle | Domestic - sheep,Domestic - Cattle | Domestic - Sheep,08/10/2007,11/11/2007,,
200053,UNFAO-LEG-200053,Rift Valley fever,,Africa,Eastern Africa,United Republic of Tanzania,Iringa,Iringa District  Iringa Rural  Iringa  Tanzania (Last Outbreak: 06/2007),-7.583333,35.5,Publications,Confirmed,,,15/06/2007,04/01/2010,15,
200052,UNFAO-LEG-200052,Rift Valley fever,,Africa,Eastern Africa,United Republic of Tanzania,Tanga,Tanga Region  Tanzania (Last outbreak: 2006/2007),-5,38.25,Publications,Confirmed,Domestic - Ruminants,Domestic - Ruminants,09/05/2007,24/01/2014,,
200055,UNFAO-LEG-200055,Rift Valley fever,,Africa,Eastern Africa,United Republic of Tanzania,Mbeya,Mbeya Region  Tanzania (Last outbreak: 2006/2007),-8.5,33,Publications,Confirmed,Domestic - Ruminants,Domestic - Ruminants,18/04/2007,24/01/2014,,
200056,UNFAO-LEG-200056,Rift Valley fever,,Africa,Eastern Africa,United Republic of Tanzania,Mtwara,Mtwara Region  Tanzania (Last outbreak: 2006/2007),-10.666666,39,Publications,Confirmed,Domestic - Ruminants,Domestic - Ruminants,18/04/2007,24/01/2014,,
200054,UNFAO-LEG-200054,Rift Valley fever,,Africa,Eastern Africa,United Republic of Tanzania,Lindi,Lindi Region  Tanzania (Last outbreak: 2006/2007),-9.5,38.5,Publications,Confirmed,Domestic - Ruminants,Domestic - Ruminants,12/04/2007,24/01/2014,,
200057,UNFAO-LEG-200057,Rift Valley fever,,Africa,Eastern Africa,United Republic of Tanzania,Mwanza,Mwanza Region  Tanzania (Last outbreak: 2006/2007),-2.75,32.75,Publications,Confirmed,Domestic - Ruminants,Domestic - Ruminants,12/04/2007,24/01/2014,,
199973,UNFAO-LEG-199973,Rift Valley fever,,Africa,Eastern Africa,Kenya,Coast,Kilifi district  Coast province  Kenya,-2.716666,40.2,Publications,Confirmed,,,01/03/2007,01/01/2010,70,12
199983,UNFAO-LEG-199983,Rift Valley fever,,Africa,Eastern Africa,Kenya,Rift Valley,Baringo district  Rift Valley province  Kenya,0.633333,36,Publications,Confirmed,,,01/03/2007,01/01/2010,56,
128003,UNFAO-LEG-128003,Rift Valley fever,,Africa,Eastern Africa,United Republic of Tanzania,Njombe,Njombe (Centroid),-9.2941647,34.877594,FAO-Report,Denied,Domestic - sheep | Domestic - cattle | Domestic - Goats,Domestic - Sheep | Domestic - Cattle | Domestic - Goats,07/02/2007,02/05/2008,,
128338,UNFAO-LEG-128338,Rift Valley fever,,Africa,Eastern Africa,United Republic of Tanzania,Arusha,MAKIBA,-3.5189667,36.9691167,FAO officer,Confirmed,Domestic - sheep,Domestic - Sheep,07/02/2007,02/05/2008,,
128339,UNFAO-LEG-128339,Rift Valley fever,,Africa,Eastern Africa,United Republic of Tanzania,Arusha,MAKIBA,-3.5189667,36.9691167,FAO officer,Confirmed,Domestic - sheep | Domestic - Goats | Domestic - cattle,Domestic - Sheep | Domestic - Goats | Domestic - Cattle,07/02/2007,02/05/2008,,
128350,UNFAO-LEG-128350,Rift Valley fever,,Africa,Eastern Africa,United Republic of Tanzania,Pwani,RUVU,-6.6818,38.64497,FAO officer,Confirmed,Domestic - sheep | Domestic - cattle | Domestic - Goats,Domestic - Sheep | Domestic - Cattle | Domestic - Goats,07/02/2007,02/05/2008,,
128351,UNFAO-LEG-128351,Rift Valley fever,,Africa,Eastern Africa,United Republic of Tanzania,Pwani,VIGWAZA,-6.6921667,38.6192167,FAO officer,Confirmed,Domestic - sheep | Domestic - cattle | Domestic - Goats,Domestic - Sheep | Domestic - Cattle | Domestic - Goats,07/02/2007,02/05/2008,,
128352,UNFAO-LEG-128352,Rift Valley fever,,Africa,Eastern Africa,United Republic of Tanzania,Pwani,MAKOMBE,-6.4108333,38.2924167,FAO officer,Confirmed,Domestic - cattle | Domestic - Goats | Domestic - sheep,Domestic - Cattle | Domestic - Goats | Domestic - Sheep,07/02/2007,02/05/2008,,
128353,UNFAO-LEG-128353,Rift Valley fever,,Africa,Eastern Africa,United Republic of Tanzania,Pwani,BUYUNI,-6.6037333,38.6416,FAO officer,Confirmed,Domestic - sheep | Domestic - Goats | Domestic - cattle,Domestic - Sheep | Domestic - Goats | Domestic - Cattle,07/02/2007,02/05/2008,,
128354,UNFAO-LEG-128354,Rift Valley fever,,Africa,Eastern Africa,United Republic of Tanzania,Pwani,MATULI MAPALAM,-6.6882167,38.2275667,FAO officer,Confirmed,Domestic - sheep | Domestic - cattle | Domestic - Goats,Domestic - Sheep | Domestic - Cattle | Domestic - Goats,07/02/2007,02/05/2008,,
128355,UNFAO-LEG-128355,Rift Valley fever,,Africa,Eastern Africa,United Republic of Tanzania,Pwani,SALENI,-6.4064,38.3830667,FAO officer,Confirmed,Domestic - sheep | Domestic - Goats | Domestic - cattle,Domestic - Sheep | Domestic - Goats | Domestic - Cattle,07/02/2007,02/05/2008,,
128356,UNFAO-LEG-128356,Rift Valley fever,,Africa,Eastern Africa,United Republic of Tanzania,Pwani,MINDUTULIENI,-6.45935,38.2972333,FAO officer,Confirmed,Domestic - Goats | Domestic - sheep | Domestic - cattle,Domestic - Goats | Domestic - Sheep | Domestic - Cattle,07/02/2007,02/05/2008,,
128357,UNFAO-LEG-128357,Rift Valley fever,,Africa,Eastern Africa,United Republic of Tanzania,Pwani,KALOLENILULENGE,-6.57155,38.1275667,FAO officer,Confirmed,Domestic - sheep | Domestic - cattle | Domestic - Goats,Domestic - Sheep | Domestic - Cattle | Domestic - Goats,07/02/2007,02/05/2008,,
128358,UNFAO-LEG-128358,Rift Valley fever,,Africa,Eastern Africa,United Republic of Tanzania,Pwani,VISAKAZI JUU,-6.6230667,38.0664,FAO officer,Confirmed,Domestic - cattle | Domestic - Goats | Domestic - sheep,Domestic - Cattle | Domestic - Goats | Domestic - Sheep,07/02/2007,02/05/2008,,
128359,UNFAO-LEG-128359,Rift Valley fever,,Africa,Eastern Africa,United Republic of Tanzania,Pwani,CHAMAKWEZA,-6.6921667,38.6177,FAO officer,Confirmed,Domestic - cattle | Domestic - sheep | Domestic - Goats,Domestic - Cattle | Domestic - Sheep | Domestic - Goats,07/02/2007,02/05/2008,,
128360,UNFAO-LEG-128360,Rift Valley fever,,Africa,Eastern Africa,United Republic of Tanzania,Pwani,MUHORO,-8.09995,38.2035333,FAO officer,Confirmed,Domestic - cattle | Domestic - Goats | Domestic - sheep,Domestic - Cattle | Domestic - Goats | Domestic - Sheep,07/02/2007,02/05/2008,,
128361,UNFAO-LEG-128361,Rift Valley fever,,Africa,Eastern Africa,United Republic of Tanzania,Morogoro,SAMAGANGA,-8.07545,36.79525,FAO officer,Confirmed,Domestic - sheep | Domestic - Goats | Domestic - cattle,Domestic - Sheep | Domestic - Goats | Domestic - Cattle,07/02/2007,02/05/2008,,
128362,UNFAO-LEG-128362,Rift Valley fever,,Africa,Eastern Africa,United Republic of Tanzania,Morogoro,LUGONGOLE,-8.09345,36.7777333,FAO officer,Confirmed,Domestic - sheep | Domestic - Goats | Domestic - cattle,Domestic - Sheep | Domestic - Goats | Domestic - Cattle,07/02/2007,02/05/2008,,
128363,UNFAO-LEG-128363,Rift Valley fever,,Africa,Eastern Africa,United Republic of Tanzania,Morogoro,KIBEREGE,-7.9750833,36.8809667,FAO officer,Confirmed,Domestic - Goats | Domestic - sheep | Domestic - cattle,Domestic - Goats | Domestic - Sheep | Domestic - Cattle,07/02/2007,02/05/2008,,
128611,UNFAO-LEG-128611,Rift Valley fever,,Africa,Eastern Africa,United Republic of Tanzania,Njombe,Njombe,-9.2941647,34.877594,FAO officer,Confirmed,Domestic - cattle | Domestic - sheep,Domestic - Cattle | Domestic - Sheep,07/02/2007,02/05/2008,,
128612,UNFAO-LEG-128612,Rift Valley fever,,Africa,Eastern Africa,United Republic of Tanzania,Njombe,Njombe,-9.2941647,34.877594,FAO officer,Confirmed,Domestic - cattle | Domestic - sheep | Domestic - Goats,Domestic - Cattle | Domestic - Sheep | Domestic - Goats,07/02/2007,02/05/2008,,
128613,UNFAO-LEG-128613,Rift Valley fever,,Africa,Eastern Africa,United Republic of Tanzania,Njombe,Njombe,-9.2941647,34.877594,FAO officer,Confirmed,Domestic - cattle,Domestic - Cattle,07/02/2007,02/05/2008,,
128614,UNFAO-LEG-128614,Rift Valley fever,,Africa,Eastern Africa,United Republic of Tanzania,Manyara,Galapo,-4.266667,35.85,FAO officer,Confirmed,Domestic - sheep,Domestic - Sheep,07/02/2007,02/05/2008,,
128675,UNFAO-LEG-128675,Rift Valley fever,,Africa,Eastern Africa,United Republic of Tanzania,Tabora,IFAKARA,-5.65,32.75,FAO officer,Confirmed,Domestic - cattle,Domestic - Cattle,07/02/2007,02/05/2008,,
128881,UNFAO-LEG-128881,Rift Valley fever,,Africa,Eastern Africa,Kenya,Rift Valley,Nodnyo  Laresoro  Lerata  Sereolipi,1.13,37.609,WOAH (former OIE),Confirmed,Domestic - Goat/sheep ,Domestic - Goat/Sheep ,05/02/2007,05/06/2007,,
128882,UNFAO-LEG-128882,Rift Valley fever,,Africa,Eastern Africa,Kenya,Rift Valley,Olot,1.175,35.667,WOAH (former OIE),Confirmed,Domestic - Goat/sheep ,Domestic - Goat/Sheep ,05/02/2007,06/06/2007,,
128879,UNFAO-LEG-128879,Rift Valley fever,,Africa,Eastern Africa,Kenya,Central,Tebere,-0.666,37.36,WOAH (former OIE),Confirmed,Domestic - Goat/sheep ,Domestic - Goat/Sheep ,02/02/2007,06/06/2007,,
128880,UNFAO-LEG-128880,Rift Valley fever,,Africa,Eastern Africa,Kenya,Central,Gatundu  Gikambura,-1.271,36.643,WOAH (former OIE),Confirmed,Domestic - Goat/sheep ,Domestic - Goat/Sheep ,02/02/2007,05/06/2007,,
128884,UNFAO-LEG-128884,Rift Valley fever,,Africa,Eastern Africa,Kenya,Rift Valley,Longewan  Sindani  Kiserian  Maji Ndege,0.483,36.057,WOAH (former OIE),Confirmed,Domestic - Goat/sheep ,Domestic - Goat/Sheep ,02/02/2007,04/06/2007,,
129097,UNFAO-LEG-129097,Rift Valley fever,,Africa,Eastern Africa,Kenya,Eastern,Town ship,-0.315,37.62,WOAH (former OIE),Confirmed,Domestic - Goat/sheep ,Domestic - Goat/Sheep ,31/01/2007,06/06/2007,,
128878,UNFAO-LEG-128878,Rift Valley fever,,Africa,Eastern Africa,Kenya,Coast,Gadoma,-3.372,39.304,WOAH (former OIE),Confirmed,Domestic - Goat/sheep ,Domestic - Goat/Sheep ,29/01/2007,06/06/2007,,
128887,UNFAO-LEG-128887,Rift Valley fever,,Africa,Eastern Africa,Kenya,Rift Valley,Nanyuki ,0.017,37.06,WOAH (former OIE),Confirmed,Domestic - Goat/sheep ,Domestic - Goat/Sheep ,25/01/2007,05/06/2007,,
128876,UNFAO-LEG-128876,Rift Valley fever,,Africa,Eastern Africa,Kenya,Eastern,Kauvi  kathyaka  Ntahnge,-2.225,37.738,WOAH (former OIE),Confirmed,Domestic - Goat/sheep ,Domestic - Goat/Sheep ,23/01/2007,06/06/2007,,
128877,UNFAO-LEG-128877,Rift Valley fever,,Africa,Eastern Africa,Kenya,Eastern,Ikanga  Ndetani  Mailku  Kyoani  Ngungi  Kituti ,-1.69,38.108,WOAH (former OIE),Confirmed,Domestic - Goat/sheep ,Domestic - Goat/Sheep ,23/01/2007,06/06/2007,,
128885,UNFAO-LEG-128885,Rift Valley fever,,Africa,Eastern Africa,Kenya,Eastern,Kavuti  Ikime  Malawa,-0.655,38.453,WOAH (former OIE),Confirmed,Domestic - Goat/sheep ,Domestic - Goat/Sheep ,22/01/2007,05/06/2007,,
128886,UNFAO-LEG-128886,Rift Valley fever,,Africa,Eastern Africa,Kenya,Central,Kenol ,-0.845,37.052,WOAH (former OIE),Confirmed,Domestic - Goat/sheep ,Domestic - Goat/Sheep ,22/01/2007,05/06/2007,,
199972,UNFAO-LEG-199972,Rift Valley fever,,Africa,Eastern Africa,Kenya,Central,Thika District  Central Province  Kenya (Last Outbreak: 12/2006-06/2007),-1.083333,37.083333,Publications,Confirmed,Domestic - Ruminants,Domestic - Ruminants,15/01/2007,06/08/2009,,
199974,UNFAO-LEG-199974,Rift Valley fever,,Africa,Eastern Africa,Kenya,Coast,Kwale District  Coast Province  Kenya (Last Outbreak: 12/2006-06/2007),-4.166666,39.166666,Publications,Confirmed,Domestic - Ruminants,Domestic - Ruminants,15/01/2007,06/08/2009,,
199975,UNFAO-LEG-199975,Rift Valley fever,,Africa,Eastern Africa,Kenya,Coast,Taita District  Coast Province  Kenya (Last Outbreak: 12/2006-06/2007),-3.5,38.5,Publications,Confirmed,Domestic - Ruminants,Domestic - Ruminants,15/01/2007,06/08/2009,,
199976,UNFAO-LEG-199976,Rift Valley fever,,Africa,Eastern Africa,Kenya,Eastern,Embu District  Eastern Province  Kenya (Last Outbreak: 12/2006-06/2007),-0.583333,37.666666,Publications,Confirmed,Domestic - Ruminants,Domestic - Ruminants,15/01/2007,06/08/2009,,
199977,UNFAO-LEG-199977,Rift Valley fever,,Africa,Eastern Africa,Kenya,Eastern,Isiolo District  Eastern Province  Kenya (Last Outbreak: 12/2006-06/2007),1,38.75,Publications,Confirmed,Domestic - Ruminants,Domestic - Ruminants,15/01/2007,06/08/2009,,
199978,UNFAO-LEG-199978,Rift Valley fever,,Africa,Eastern Africa,Kenya,Eastern,Machakos District  Eastern Province  Kenya (Last Outbreak: 12/2006-06/2007),-2,37.666666,Publications,Confirmed,Domestic - Ruminants,Domestic - Ruminants,15/01/2007,06/08/2009,,
199979,UNFAO-LEG-199979,Rift Valley fever,,Africa,Eastern Africa,Uganda,Mubende,Mbeere District  Eastern Province  Kenya (Last Outbreak: 12/2006-06/2007),0.566667,31.616667,Publications,Confirmed,Domestic - Ruminants,Domestic - Ruminants,15/01/2007,06/08/2009,,
199980,UNFAO-LEG-199980,Rift Valley fever,,Africa,Eastern Africa,Kenya,Eastern,Meru central (district)  Eatsern Province  Kenya (Last Outbreak: 12/2006-06/2007),0,37.833333,Publications,Confirmed,Domestic - Ruminants,Domestic - Ruminants,15/01/2007,06/08/2009,,
199981,UNFAO-LEG-199981,Rift Valley fever,,Africa,Eastern Africa,Kenya,Eastern,Tharaka District  Eastern Province  Kenya (Last Outbreak: 12/2006-06/2007),-0.3,38.016666,Publications,Confirmed,Domestic - Ruminants,Domestic - Ruminants,15/01/2007,06/08/2009,,
199982,UNFAO-LEG-199982,Rift Valley fever,,Africa,Eastern Africa,Kenya,North Eastern,Mandera District  Northeastern Province  Kenya (Last Outbreak: 12/2006-06/2007),3.5,40.75,Publications,Confirmed,Domestic - Ruminants,Domestic - Ruminants,15/01/2007,06/08/2009,,
199984,UNFAO-LEG-199984,Rift Valley fever,,Africa,Eastern Africa,Kenya,Rift Valley,Kajiado District  Rift Valley Province  Kenya (Last Outbreak: 12/2006-06/2007),-2,36.75,Publications,Confirmed,Domestic - Ruminants,Domestic - Ruminants,15/01/2007,06/08/2009,,
199985,UNFAO-LEG-199985,Rift Valley fever,,Africa,Eastern Africa,Kenya,Rift Valley,Nakuru District  Rift Valley Province  Kenya (Last Outbreak: 12/2006-06/2007),-0.333333,36,Publications,Confirmed,Domestic - Ruminants,Domestic - Ruminants,15/01/2007,06/08/2009,,
128864,UNFAO-LEG-128864,Rift Valley fever,,Africa,Eastern Africa,Kenya,Coast,Mombasa,-4.008,39.669,WOAH (former OIE),Confirmed,Domestic - Goat/sheep ,Domestic - Goat/Sheep ,04/01/2007,06/06/2007,,
128875,UNFAO-LEG-128875,Rift Valley fever,,Africa,Eastern Africa,Kenya,Coast,Lango Baya  Viriku ,-3.119,39.786,WOAH (former OIE),Confirmed,Domestic - Goat/sheep ,Domestic - Goat/Sheep ,04/01/2007,06/06/2007,,
160907,UNFAO-LEG-160907,Rift Valley fever,,Africa,Eastern Africa,Somalia,Juba Hoose,bandar Jadiid,0.01138,42.7033,FAO-Report,Confirmed,Domestic - Goat/sheep ,Domestic - Goat/Sheep ,01/01/2007,01/01/2007,,
114354,UNFAO-LEG-114354,Rift Valley fever,,Africa,Eastern Africa,Kenya,North Eastern,Jara jila,0.49583,40.83639,FAO officer,Confirmed,Domestic - sheep | Domestic - Goats,Domestic - Sheep | Domestic - Goats,21/12/2006,21/12/2006,,
114360,UNFAO-LEG-114360,Rift Valley fever,,Africa,Eastern Africa,Kenya,North Eastern,Liboi,0.35278,40.86944,FAO officer,Confirmed,Domestic - sheep | Domestic - Goats,Domestic - Sheep | Domestic - Goats,21/12/2006,21/12/2006,,
114371,UNFAO-LEG-114371,Rift Valley fever,,Africa,Eastern Africa,Kenya,North Eastern,Fafi,0.58444,40.34056,FAO officer,Confirmed,Domestic - sheep | Domestic - Goats,Domestic - Sheep | Domestic - Goats,21/12/2006,21/12/2006,,
114376,UNFAO-LEG-114376,Rift Valley fever,,Africa,Eastern Africa,Kenya,North Eastern,Baraki,0.4925,39.51167,FAO officer,Confirmed,Domestic - sheep | Domestic - Goats,Domestic - Sheep | Domestic - Goats,21/12/2006,21/12/2006,,
114381,UNFAO-LEG-114381,Rift Valley fever,,Africa,Eastern Africa,Kenya,North Eastern,Shimbirey,0.4925,39.83417,FAO officer,Confirmed,Domestic - sheep | Domestic - Goats,Domestic - Sheep | Domestic - Goats,21/12/2006,21/12/2006,,
114390,UNFAO-LEG-114390,Rift Valley fever,,Africa,Eastern Africa,Kenya,North Eastern,Korakora,-0.5,39.83333,FAO officer,Confirmed,Domestic - sheep | Domestic - Goats,Domestic - Sheep | Domestic - Goats,21/12/2006,21/12/2006,,
114396,UNFAO-LEG-114396,Rift Valley fever,,Africa,Eastern Africa,Kenya,North Eastern,Shanta Abak,0.5,39.5,FAO officer,Confirmed,Domestic - sheep | Domestic - Goats,Domestic - Sheep | Domestic - Goats,21/12/2006,21/12/2006,,
128243,UNFAO-LEG-128243,Rift Valley fever,,Africa,Eastern Africa,Kenya,North Eastern,Galmagara,-1.08,40.7,WOAH (former OIE),Confirmed,Domestic - sheep | Domestic - Goats | Domestic - Camelidae (unidentified) | Domestic - cattle,Domestic - Sheep | Domestic - Goats | Domestic - Camelidae (Unidentified) | Domestic - Cattle,04/12/2006,09/01/2007,,
128852,UNFAO-LEG-128852,Rift Valley fever,,Africa,Eastern Africa,Kenya,North Eastern,Galmagara,-1.08,40.7,WOAH (former OIE),Confirmed,Domestic - Camelidae (unidentified) | Domestic - cattle | Domestic - Goats | Domestic - sheep,Domestic - Camelidae (Unidentified) | Domestic - Cattle | Domestic - Goats | Domestic - Sheep,04/12/2006,09/01/2007,,
128853,UNFAO-LEG-128853,Rift Valley fever,,Africa,Eastern Africa,Kenya,North Eastern,Dadaab  Galmagara  Bura  Shantabak  Mbalambala  Danyiri ,0.044,40.28,WOAH (former OIE),Confirmed,Domestic - Goat/sheep ,Domestic - Goat/Sheep ,04/12/2006,06/06/2007,,
129507,UNFAO-LEG-129507,Rift Valley fever,,Africa,Eastern Africa,Kenya,North Eastern,Adadi Jole,3.33,39.46,WOAH (former OIE),Confirmed,Domestic - Goat/sheep ,Domestic - Goat/Sheep ,04/12/2006,09/01/2007,,
129508,UNFAO-LEG-129508,Rift Valley fever,,Africa,Eastern Africa,Kenya,North Eastern,Dantu  kutulo  Gari  Didkuro,3.43,40.968,WOAH (former OIE),Confirmed,Domestic - Goat/sheep ,Domestic - Goat/Sheep ,04/12/2006,06/06/2007,,
129509,UNFAO-LEG-129509,Rift Valley fever,,Africa,Eastern Africa,Kenya,Coast,kinango  Musiu  Lunga Lunga  Kidzumbani ,-4.546,39.121,WOAH (former OIE),Confirmed,Domestic - Goat/sheep ,Domestic - Goat/Sheep ,04/12/2006,06/06/2007,,
129510,UNFAO-LEG-129510,Rift Valley fever,,Africa,Eastern Africa,Kenya,Coast,Diani  Konamusa ,-4.43,39.454,WOAH (former OIE),Confirmed,Domestic - Goat/sheep ,Domestic - Goat/Sheep ,04/12/2006,06/06/2007,,
129511,UNFAO-LEG-129511,Rift Valley fever,,Africa,Eastern Africa,Kenya,Coast,Mwatate Sisal  Lualenyi Ranch  Taveta,-3.389,37.672,WOAH (former OIE),Confirmed,Domestic - Goat/sheep ,Domestic - Goat/Sheep ,04/12/2006,06/06/2007,,
129512,UNFAO-LEG-129512,Rift Valley fever,,Africa,Eastern Africa,Kenya,Eastern,Evurore  Karaba  Wachoro  Mutito,-0.621,37.88,WOAH (former OIE),Confirmed,Domestic - Goat/sheep ,Domestic - Goat/Sheep ,04/12/2006,06/06/2007,,
129513,UNFAO-LEG-129513,Rift Valley fever,,Africa,Eastern Africa,Kenya,Central,Ruiru,-1.131,36.915,WOAH (former OIE),Confirmed,Domestic - Goat/sheep ,Domestic - Goat/Sheep ,04/12/2006,06/06/2007,,
129515,UNFAO-LEG-129515,Rift Valley fever,,Africa,Eastern Africa,Kenya,North Eastern,Masalani,-1.634,40.566,WOAH (former OIE),Confirmed,Domestic - Goat/sheep ,Domestic - Goat/Sheep ,04/12/2006,06/06/2007,,
129516,UNFAO-LEG-129516,Rift Valley fever,,Africa,Eastern Africa,Kenya,North Eastern,Hola,1.234,39.941,WOAH (former OIE),Confirmed,Domestic - Goat/sheep ,Domestic - Goat/Sheep ,04/12/2006,06/06/2007,,
129517,UNFAO-LEG-129517,Rift Valley fever,,Africa,Eastern Africa,Kenya,Coast,Lamu,-2.185,40.383,WOAH (former OIE),Confirmed,Domestic - Goat/sheep ,Domestic - Goat/Sheep ,04/12/2006,06/06/2007,,
129518,UNFAO-LEG-129518,Rift Valley fever,,Africa,Eastern Africa,Kenya,Eastern,Tara,-1.238,37.317,WOAH (former OIE),Confirmed,Domestic - Goat/sheep ,Domestic - Goat/Sheep ,04/12/2006,06/06/2007,,
129519,UNFAO-LEG-129519,Rift Valley fever,,Africa,Eastern Africa,Kenya,Eastern,Baibariu,0.293,38.084,WOAH (former OIE),Confirmed,Domestic - Goat/sheep ,Domestic - Goat/Sheep ,04/12/2006,06/06/2007,,
129520,UNFAO-LEG-129520,Rift Valley fever,,Africa,Eastern Africa,Kenya,Nyanza,Karia,-0.204,34.343,WOAH (former OIE),Confirmed,Domestic - Goat/sheep ,Domestic - Goat/Sheep ,04/12/2006,06/06/2007,,
129522,UNFAO-LEG-129522,Rift Valley fever,,Africa,Eastern Africa,Kenya,Eastern,Karurumo,-0.476,37.667,WOAH (former OIE),Confirmed,Domestic - Goat/sheep ,Domestic - Goat/Sheep ,04/12/2006,06/06/2007,,
129523,UNFAO-LEG-129523,Rift Valley fever,,Africa,Eastern Africa,Kenya,Central,Njoguini  Rurii,-0.67,37.179,WOAH (former OIE),Confirmed,Domestic - Goat/sheep ,Domestic - Goat/Sheep ,04/12/2006,06/06/2007,,
129524,UNFAO-LEG-129524,Rift Valley fever,,Africa,Eastern Africa,Kenya,Rift Valley,Giathugu,-1.591,36.935,WOAH (former OIE),Confirmed,Domestic - Goat/sheep ,Domestic - Goat/Sheep ,04/12/2006,06/06/2007,,
129525,UNFAO-LEG-129525,Rift Valley fever,,Africa,Eastern Africa,Kenya,Nairobi,Kasarani,-1.22,36.9,WOAH (former OIE),Confirmed,Domestic - Goat/sheep ,Domestic - Goat/Sheep ,04/12/2006,06/06/2007,,
129526,UNFAO-LEG-129526,Rift Valley fever,,Africa,Eastern Africa,Kenya,Rift Valley,Marula,-0.879,36.196,WOAH (former OIE),Confirmed,Domestic - Goat/sheep ,Domestic - Goat/Sheep ,04/12/2006,06/06/2007,,
129527,UNFAO-LEG-129527,Rift Valley fever,,Africa,Eastern Africa,Kenya,Coast,Kilifi,-3.349,39.908,WOAH (former OIE),Confirmed,Domestic - Goat/sheep ,Domestic - Goat/Sheep ,04/12/2006,06/06/2007,,
129528,UNFAO-LEG-129528,Rift Valley fever,,Africa,Eastern Africa,Kenya,Eastern,Ngare Ndare,0.187,37.427,WOAH (former OIE),Confirmed,Domestic - Goat/sheep ,Domestic - Goat/Sheep ,04/12/2006,06/06/2007,,
160675,UNFAO-LEG-160675,Rift Valley fever,,Africa,Eastern Africa,Kenya,North Eastern,Adadi Jole,3.33,39.46,WOAH (former OIE),Confirmed,Domestic - Goat/sheep ,Domestic - Goat/Sheep ,01/12/2006,01/12/2006,,
160808,UNFAO-LEG-160808,Rift Valley fever,,Africa,Western Africa,Mauritania,Hodh Ech Chargi,Néma ,16.624,-7.362,FAO-Report,Confirmed,Domestic - Goat/sheep ,Domestic - Goat/Sheep ,01/10/2005,01/10/2005,,
160813,UNFAO-LEG-160813,Rift Valley fever,,Africa,Western Africa,Mauritania,Hodh El Gharbi, Kobenni,16.38,-10.241,FAO-Report,Confirmed,Domestic - Goat/sheep ,Domestic - Goat/Sheep ,01/10/2005,01/10/2005,,
160896,UNFAO-LEG-160896,Rift Valley fever,,Africa,Western Africa,Senegal,Tambacounda,Kidira,14.46,-12.21,FAO-Report,Confirmed,Domestic - Goat/sheep ,Domestic - Goat/Sheep ,01/09/2005,01/09/2005,,
160898,UNFAO-LEG-160898,Rift Valley fever,,Africa,Western Africa,Senegal,Saint louis,Mpal ,15.9571,-16.2526,FAO-Report,Confirmed,Domestic - Goat/sheep ,Domestic - Goat/Sheep ,01/09/2005,01/09/2005,,
160900,UNFAO-LEG-160900,Rift Valley fever,,Africa,Western Africa,Senegal,Saint louis,Ross-béthio,16.3064,-16.1256,FAO-Report,Confirmed,Domestic - Goat/sheep ,Domestic - Goat/Sheep ,01/09/2005,01/09/2005,,
160901,UNFAO-LEG-160901,Rift Valley fever,,Africa,Western Africa,Senegal,Saint louis,Thillé baoubacar ,16.5604,-14.6861,FAO-Report,Confirmed,Domestic - Goat/sheep ,Domestic - Goat/Sheep ,01/09/2005,01/09/2005,,
160809,UNFAO-LEG-160809,Rift Valley fever,,Africa,Western Africa,Mauritania,Hodh Ech Chargi,Néma ,16.624,-7.362,FAO-Report,Confirmed,Domestic - Goat/sheep ,Domestic - Goat/Sheep ,01/08/2005,01/08/2005,,
160810,UNFAO-LEG-160810,Rift Valley fever,,Africa,Western Africa,Mauritania,Brakna,Boghe,16.675,-14.328,FAO-Report,Confirmed,Domestic - Goat/sheep ,Domestic - Goat/Sheep ,01/08/2005,01/08/2005,,
160811,UNFAO-LEG-160811,Rift Valley fever,,Africa,Western Africa,Mauritania,Hodh Ech Chargi,Diguenni,15.724,-8.716,FAO-Report,Confirmed,Domestic - Goat/sheep ,Domestic - Goat/Sheep ,01/08/2005,01/08/2005,,
160812,UNFAO-LEG-160812,Rift Valley fever,,Africa,Western Africa,Mauritania,Hodh El Gharbi, Kobenni,16.38,-10.241,FAO-Report,Confirmed,Domestic - Goat/sheep ,Domestic - Goat/Sheep ,01/08/2005,01/08/2005,,
160814,UNFAO-LEG-160814,Rift Valley fever,,Africa,Western Africa,Mauritania,Assaba,Kiffa,16.634,-11.341,FAO-Report,Confirmed,Domestic - Goat/sheep ,Domestic - Goat/Sheep ,01/08/2005,01/08/2005,,
160815,UNFAO-LEG-160815,Rift Valley fever,,Africa,Western Africa,Mauritania,Tagant,Kankossa,17.844,-11.638,FAO-Report,Confirmed,Domestic - Goat/sheep ,Domestic - Goat/Sheep ,01/08/2005,01/08/2005,,
160816,UNFAO-LEG-160816,Rift Valley fever,,Africa,Western Africa,Mauritania,Assaba,Tijikja,15.936,-11.564,FAO-Report,Confirmed,Domestic - Goat/sheep ,Domestic - Goat/Sheep ,01/08/2005,01/08/2005,,
160817,UNFAO-LEG-160817,Rift Valley fever,,Africa,Western Africa,Mauritania,Guidimakha,Selibabi,15.219,-12.197,FAO-Report,Confirmed,Domestic - Goat/sheep ,Domestic - Goat/Sheep ,01/08/2005,01/08/2005,,
160818,UNFAO-LEG-160818,Rift Valley fever,,Africa,Western Africa,Mauritania,Guidimakha,Selibabi,15.219,-12.197,FAO-Report,Confirmed,Domestic - Goat/sheep ,Domestic - Goat/Sheep ,01/08/2005,01/08/2005,,
160895,UNFAO-LEG-160895,Rift Valley fever,,Africa,Western Africa,Senegal,Tambacounda,Kidira,14.46,-12.21,FAO-Report,Confirmed,Domestic - Goat/sheep ,Domestic - Goat/Sheep ,01/08/2005,01/08/2005,,
160897,UNFAO-LEG-160897,Rift Valley fever,,Africa,Western Africa,Senegal,Saint louis,Mpal ,15.9571,-16.2526,FAO-Report,Confirmed,Domestic - Goat/sheep ,Domestic - Goat/Sheep ,01/08/2005,01/08/2005,,
160899,UNFAO-LEG-160899,Rift Valley fever,,Africa,Western Africa,Senegal,Saint louis,Ross-béthio,16.3064,-16.1256,FAO-Report,Confirmed,Domestic - Goat/sheep ,Domestic - Goat/Sheep ,01/08/2005,01/08/2005,,
160902,UNFAO-LEG-160902,Rift Valley fever,,Africa,Western Africa,Senegal,Saint louis,Thillé baoubacar ,16.5604,-14.6861,FAO-Report,Confirmed,Domestic - Goat/sheep ,Domestic - Goat/Sheep ,01/08/2005,01/08/2005,,
160894,UNFAO-LEG-160894,Rift Valley fever,,Africa,Western Africa,Senegal,Saint louis,Keur Mbaye,16.51,-15.5,FAO-Report,Confirmed,Domestic - Goat/sheep ,Domestic - Goat/Sheep ,01/01/2005,01/01/2005,,
200000,UNFAO-LEG-200000,Rift Valley fever,,Africa,Western Africa,Senegal,Louga,Barkedji Pond  Ferlo Region  Senegal,15.283333,-14.866667,Publications,Confirmed,Domestic - sheep,Domestic - Sheep,01/11/2004,03/03/2009,,
200001,UNFAO-LEG-200001,Rift Valley fever,,Africa,Western Africa,Senegal,Louga,Furdu Pond  Ferlo Region  Senegal,15.255833,-14.860555,Publications,Confirmed,Domestic - sheep,Domestic - Sheep,01/11/2004,03/03/2009,,
200002,UNFAO-LEG-200002,Rift Valley fever,,Africa,Western Africa,Senegal,Louga,Kangaledji Pond  Ferlo Region  Senegal,15.273611,-14.844444,Publications,Confirmed,Domestic - sheep,Domestic - Sheep,01/11/2004,03/03/2009,,
200003,UNFAO-LEG-200003,Rift Valley fever,,Africa,Western Africa,Senegal,Louga,Ngao Pond  Ferlo Region  Senegal,15.241666,-14.851388,Publications,Confirmed,Domestic - sheep,Domestic - Sheep,01/11/2004,03/03/2009,,
200004,UNFAO-LEG-200004,Rift Valley fever,,Africa,Western Africa,Senegal,Louga,Niaka Pond  Ferlo Region  Senegal,15.296111,-14.898888,Publications,Confirmed,Domestic - sheep,Domestic - Sheep,01/11/2004,03/03/2009,,
200051,UNFAO-LEG-200051,Rift Valley fever,,Africa,Eastern Africa,United Republic of Tanzania,Tanga,Tanga  United Republic of Tanzania,-5.066666,39.1,Publications,Confirmed,,,01/11/2004,06/11/2009,8,
160807,UNFAO-LEG-160807,Rift Valley fever,,Africa,Western Africa,Mauritania,Assaba,Tijikja,15.936,-11.564,FAO-Report,Confirmed,Domestic - Goat/sheep ,Domestic - Goat/Sheep ,01/10/2004,01/10/2004,,
199969,UNFAO-LEG-199969,Rift Valley fever,,Africa,Eastern Africa,Kenya,Coast,Malindi District  Coast Province  Kenya,-3.233333,40.1,Publications,Confirmed,,,01/09/2004,27/07/2011,1,
199970,UNFAO-LEG-199970,Rift Valley fever,,Africa,Eastern Africa,Kenya,Western,Busia District  Western  Kenya,0.416666,34.25,Publications,Confirmed,,,01/09/2004,27/07/2011,0,
199971,UNFAO-LEG-199971,Rift Valley fever,,Africa,Eastern Africa,Kenya,Rift Valley,Samburu District  Rift Valley  Kenya,1.25,37,Publications,Confirmed,,,01/09/2004,27/07/2011,7,
160804,UNFAO-LEG-160804,Rift Valley fever,,Africa,Western Africa,Mauritania,Assaba,Kiffa,16.634,-11.341,FAO-Report,Confirmed,Domestic - Goat/sheep ,Domestic - Goat/Sheep ,01/08/2004,01/08/2004,,
160805,UNFAO-LEG-160805,Rift Valley fever,,Africa,Western Africa,Mauritania,Tagant,Kankossa,17.844,-11.638,FAO-Report,Confirmed,Domestic - Goat/sheep ,Domestic - Goat/Sheep ,01/08/2004,01/08/2004,,
160806,UNFAO-LEG-160806,Rift Valley fever,,Africa,Western Africa,Mauritania,Assaba,Tijikja,15.936,-11.564,FAO-Report,Confirmed,Domestic - Goat/sheep ,Domestic - Goat/Sheep ,01/08/2004,01/08/2004,,
160761,UNFAO-LEG-160761,Rift Valley fever,,Africa,Western Africa,Mali,Mopti,Bofara,14.181,-4.184,FAO-Report,Confirmed,Domestic - Goat/sheep ,Domestic - Goat/Sheep ,01/07/2004,01/07/2004,,
160762,UNFAO-LEG-160762,Rift Valley fever,,Africa,Western Africa,Mali,Sikasso,Selingue,11.619,-8.241,FAO-Report,Confirmed,Domestic - Goat/sheep ,Domestic - Goat/Sheep ,01/07/2004,01/07/2004,,
160763,UNFAO-LEG-160763,Rift Valley fever,,Africa,Western Africa,Mali,Sikasso,Yanfolila,11.17,-8.159,FAO-Report,Confirmed,Domestic - Goat/sheep ,Domestic - Goat/Sheep ,01/07/2004,01/07/2004,,
160890,UNFAO-LEG-160890,Rift Valley fever,,Africa,Western Africa,Senegal,Saint louis,Galoya,16.054557,-13.856797,FAO-Report,Confirmed,Domestic - Goat/sheep ,Domestic - Goat/Sheep ,01/07/2004,01/07/2004,,
160891,UNFAO-LEG-160891,Rift Valley fever,,Africa,Western Africa,Senegal,Saint louis,Mpal ,15.9571,-16.2526,FAO-Report,Confirmed,Domestic - Goat/sheep ,Domestic - Goat/Sheep ,01/07/2004,01/07/2004,,
160893,UNFAO-LEG-160893,Rift Valley fever,,Africa,Western Africa,Senegal,Matam,Thilogne,16.063,-13.4371,FAO-Report,Confirmed,Domestic - Goat/sheep ,Domestic - Goat/Sheep ,01/07/2004,01/07/2004,,
160892,UNFAO-LEG-160892,Rift Valley fever,,Africa,Western Africa,Senegal,Saint louis,Ross-béthio,16.3064,-16.1256,FAO-Report,Confirmed,Domestic - Goat/sheep ,Domestic - Goat/Sheep ,01/01/2004,01/01/2004,,
160793,UNFAO-LEG-160793,Rift Valley fever,,Africa,Western Africa,Mauritania,Hodh Ech Chargi,Néma ,16.624,-7.362,FAO-Report,Confirmed,Domestic - Goat/sheep ,Domestic - Goat/Sheep ,01/10/2003,01/10/2003,,
160796,UNFAO-LEG-160796,Rift Valley fever,,Africa,Western Africa,Mauritania,Assaba,Kiffa,16.634,-11.341,FAO-Report,Confirmed,Domestic - Goat/sheep ,Domestic - Goat/Sheep ,01/10/2003,01/10/2003,,
160800,UNFAO-LEG-160800,Rift Valley fever,,Africa,Western Africa,Mauritania,Tagant,Kankossa,17.844,-11.638,FAO-Report,Confirmed,Domestic - Goat/sheep ,Domestic - Goat/Sheep ,01/10/2003,01/10/2003,,
160802,UNFAO-LEG-160802,Rift Valley fever,,Africa,Western Africa,Mauritania,Assaba,Tijikja,15.936,-11.564,FAO-Report,Confirmed,Domestic - Goat/sheep ,Domestic - Goat/Sheep ,01/10/2003,01/10/2003,,
160876,UNFAO-LEG-160876,Rift Valley fever,,Africa,Western Africa,Senegal,Saint louis,Bjiborou,16.22941,-16.11985,FAO-Report,Confirmed,Domestic - Goat/sheep ,Domestic - Goat/Sheep ,01/10/2003,01/10/2003,,
160877,UNFAO-LEG-160877,Rift Valley fever,,Africa,Western Africa,Senegal,Thies,Daka Niaye,14.5411,-17.01807,FAO-Report,Confirmed,Domestic - Goat/sheep ,Domestic - Goat/Sheep ,01/10/2003,01/10/2003,,
160878,UNFAO-LEG-160878,Rift Valley fever,,Africa,Western Africa,Senegal,Saint louis,dialawaly,16.49554,-15.4462,FAO-Report,Confirmed,Domestic - Goat/sheep ,Domestic - Goat/Sheep ,01/10/2003,01/10/2003,,
160879,UNFAO-LEG-160879,Rift Valley fever,,Africa,Western Africa,Senegal,Fatick,Fatick Commune,14.3415,-16.39431,FAO-Report,Confirmed,Domestic - Goat/sheep ,Domestic - Goat/Sheep ,01/10/2003,01/10/2003,,
160880,UNFAO-LEG-160880,Rift Valley fever,,Africa,Western Africa,Senegal,Saint louis,Gonio,16.01317,-16.13649,FAO-Report,Confirmed,Domestic - Goat/sheep ,Domestic - Goat/Sheep ,01/10/2003,01/10/2003,,
160881,UNFAO-LEG-160881,Rift Valley fever,,Africa,Western Africa,Senegal,Saint louis,guidakar,16.51218,-15.62085,FAO-Report,Confirmed,Domestic - Goat/sheep ,Domestic - Goat/Sheep ,01/10/2003,01/10/2003,,
160882,UNFAO-LEG-160882,Rift Valley fever,,Africa,Western Africa,Senegal,Tambacounda,Kidira,13.77556,-13.66993,FAO-Report,Confirmed,Domestic - Goat/sheep ,Domestic - Goat/Sheep ,01/10/2003,01/10/2003,,
160883,UNFAO-LEG-160883,Rift Valley fever,,Africa,Western Africa,Senegal,Saint louis,Mpal ,15.9571,-16.2526,FAO-Report,Confirmed,Domestic - Goat/sheep ,Domestic - Goat/Sheep ,01/10/2003,01/10/2003,,
160884,UNFAO-LEG-160884,Rift Valley fever,,Africa,Western Africa,Senegal,Matam,Ogo Dendoudi,15.54743,-13.28383,FAO-Report,Confirmed,Domestic - Goat/sheep ,Domestic - Goat/Sheep ,01/10/2003,01/10/2003,,
160885,UNFAO-LEG-160885,Rift Valley fever,,Africa,Western Africa,Senegal,Matam,Ranérou,15.05,-14.54,FAO-Report,Confirmed,Domestic - Goat/sheep ,Domestic - Goat/Sheep ,01/10/2003,01/10/2003,,
160886,UNFAO-LEG-160886,Rift Valley fever,,Africa,Western Africa,Senegal,Saint louis,Ross-béthio,16.3064,-16.1256,FAO-Report,Confirmed,Domestic - Goat/sheep ,Domestic - Goat/Sheep ,01/10/2003,01/10/2003,,
160887,UNFAO-LEG-160887,Rift Valley fever,,Africa,Western Africa,Senegal,Louga,Tessekre,15.82189,-15.06362,FAO-Report,Confirmed,Domestic - Goat/sheep ,Domestic - Goat/Sheep ,01/10/2003,01/10/2003,,
160888,UNFAO-LEG-160888,Rift Valley fever,,Africa,Western Africa,Senegal,Saint louis,Thillé baoubacar ,16.5604,-14.6861,FAO-Report,Confirmed,Domestic - Goat/sheep ,Domestic - Goat/Sheep ,01/10/2003,01/10/2003,,
160889,UNFAO-LEG-160889,Rift Valley fever,,Africa,Western Africa,Senegal,Matam,Thilogne,16.063,-13.4371,FAO-Report,Confirmed,Domestic - Goat/sheep ,Domestic - Goat/Sheep ,01/10/2003,01/10/2003,,
160792,UNFAO-LEG-160792,Rift Valley fever,,Africa,Western Africa,Mauritania,Hodh Ech Chargi,Néma ,16.624,-7.362,FAO-Report,Confirmed,Domestic - Goat/sheep ,Domestic - Goat/Sheep ,01/09/2003,01/09/2003,,
160794,UNFAO-LEG-160794,Rift Valley fever,,Africa,Western Africa,Mauritania,Hodh El Gharbi, Kobenni,16.38,-10.241,FAO-Report,Confirmed,Domestic - Goat/sheep ,Domestic - Goat/Sheep ,01/09/2003,01/09/2003,,
160795,UNFAO-LEG-160795,Rift Valley fever,,Africa,Western Africa,Mauritania,Assaba,Kiffa,16.634,-11.341,FAO-Report,Confirmed,Domestic - Goat/sheep ,Domestic - Goat/Sheep ,01/09/2003,01/09/2003,,
160797,UNFAO-LEG-160797,Rift Valley fever,,Africa,Western Africa,Mauritania,Tagant,Kankossa,17.844,-11.638,FAO-Report,Confirmed,Domestic - Goat/sheep ,Domestic - Goat/Sheep ,01/09/2003,01/09/2003,,
160801,UNFAO-LEG-160801,Rift Valley fever,,Africa,Western Africa,Mauritania,Assaba,Tijikja,15.936,-11.564,FAO-Report,Confirmed,Domestic - Goat/sheep ,Domestic - Goat/Sheep ,01/09/2003,01/09/2003,,
160803,UNFAO-LEG-160803,Rift Valley fever,,Africa,Western Africa,Mauritania,Gorgol,Mbout ,16.012,-12.522,FAO-Report,Confirmed,Domestic - Goat/sheep ,Domestic - Goat/Sheep ,01/09/2003,01/09/2003,,
26,UNFAO-LEG-26,Rift Valley fever,,Africa,Northern Africa,Sudan,Khartoum,Khartoum,15.92,33,Media,Denied,Domestic - sheep,Domestic - Sheep,31/12/2002,31/12/2002,,
160869,UNFAO-LEG-160869,Rift Valley fever,,Africa,Western Africa,Senegal,Saint louis,Galoya,16.054557,-13.856797,FAO-Report,Confirmed,Domestic - Goat/sheep ,Domestic - Goat/Sheep ,01/12/2002,01/12/2002,,
160875,UNFAO-LEG-160875,Rift Valley fever,,Africa,Western Africa,Senegal,Matam,Thilogne,16.02,-13.48,FAO-Report,Confirmed,Domestic - Goat/sheep ,Domestic - Goat/Sheep ,01/12/2002,01/12/2002,,
160868,UNFAO-LEG-160868,Rift Valley fever,,Africa,Western Africa,Senegal,Saint louis,Bilé,16.05,-13.89,FAO-Report,Confirmed,Domestic - Goat/sheep ,Domestic - Goat/Sheep ,01/11/2002,01/11/2002,,
160871,UNFAO-LEG-160871,Rift Valley fever,,Africa,Western Africa,Senegal,Tambacounda,Kidira,13.77556,-13.66993,FAO-Report,Confirmed,Domestic - Goat/sheep ,Domestic - Goat/Sheep ,01/10/2002,01/10/2002,,
160874,UNFAO-LEG-160874,Rift Valley fever,,Africa,Western Africa,Senegal,Saint louis,Ross-béthio,16.3064,-16.1256,FAO-Report,Confirmed,Domestic - Goat/sheep ,Domestic - Goat/Sheep ,01/10/2002,01/10/2002,,
44,UNFAO-LEG-44,Rift Valley fever,,Africa,Northern Africa,Egypt,Alexandria,Alexandria,30.86,29.84,Media,Denied,Domestic - sheep,Domestic - Sheep,11/09/2002,11/09/2002,,
160788,UNFAO-LEG-160788,Rift Valley fever,,Africa,Western Africa,Mauritania,Hodh Ech Chargi,Néma ,16.624,-7.362,FAO-Report,Confirmed,Domestic - Goat/sheep ,Domestic - Goat/Sheep ,01/09/2002,01/09/2002,,
160789,UNFAO-LEG-160789,Rift Valley fever,,Africa,Western Africa,Mauritania,Hodh Ech Chargi,Diguenni,15.724,-8.716,FAO-Report,Confirmed,Domestic - Goat/sheep ,Domestic - Goat/Sheep ,01/09/2002,01/09/2002,,
160790,UNFAO-LEG-160790,Rift Valley fever,,Africa,Western Africa,Mauritania,Assaba,Kiffa,16.634,-11.341,FAO-Report,Confirmed,Domestic - Goat/sheep ,Domestic - Goat/Sheep ,01/09/2002,01/09/2002,,
160872,UNFAO-LEG-160872,Rift Valley fever,,Africa,Western Africa,Senegal,Saint louis,Mpal ,15.9571,-16.2526,FAO-Report,Confirmed,Domestic - Goat/sheep ,Domestic - Goat/Sheep ,01/09/2002,01/09/2002,,
160667,UNFAO-LEG-160667,Rift Valley fever,,Africa,Western Africa,Gambia,Central River,Kerr Babu Jobe,13.599,-14.93,FAO-Report,Confirmed,Domestic - Goat/sheep ,Domestic - Goat/Sheep ,01/01/2002,01/01/2002,,
160668,UNFAO-LEG-160668,Rift Valley fever,,Africa,Western Africa,Gambia,Central River,Buniadu,13.599,-14.93,FAO-Report,Confirmed,Domestic - Goat/sheep ,Domestic - Goat/Sheep ,01/01/2002,01/01/2002,,
160669,UNFAO-LEG-160669,Rift Valley fever,,Africa,Western Africa,Gambia,Central River,Fass,13.599,-14.93,FAO-Report,Confirmed,Domestic - Goat/sheep ,Domestic - Goat/Sheep ,01/01/2002,01/01/2002,,
160670,UNFAO-LEG-160670,Rift Valley fever,,Africa,Western Africa,Gambia,Central River,Wellingara,13.599,-14.93,FAO-Report,Confirmed,Domestic - Goat/sheep ,Domestic - Goat/Sheep ,01/01/2002,01/01/2002,,
160671,UNFAO-LEG-160671,Rift Valley fever,,Africa,Western Africa,Gambia,Central River,Malikunda,13.599,-14.93,FAO-Report,Confirmed,Domestic - Goat/sheep ,Domestic - Goat/Sheep ,01/01/2002,01/01/2002,,
160672,UNFAO-LEG-160672,Rift Valley fever,,Africa,Western Africa,Gambia,Central River,Medina Wollof,13.599,-14.93,FAO-Report,Confirmed,Domestic - Goat/sheep ,Domestic - Goat/Sheep ,01/01/2002,01/01/2002,,
160673,UNFAO-LEG-160673,Rift Valley fever,,Africa,Western Africa,Gambia,Central River,Manjaharr,13.599,-14.93,FAO-Report,Confirmed,Domestic - Goat/sheep ,Domestic - Goat/Sheep ,01/01/2002,01/01/2002,,
160674,UNFAO-LEG-160674,Rift Valley fever,,Africa,Western Africa,Gambia,Central River,YBK,13.599,-14.93,FAO-Report,Confirmed,Domestic - Goat/sheep ,Domestic - Goat/Sheep ,01/01/2002,01/01/2002,,
160870,UNFAO-LEG-160870,Rift Valley fever,,Africa,Western Africa,Senegal,Saint louis,Keur Mbaye ,16.51,-15.5,FAO-Report,Confirmed,Domestic - Goat/sheep ,Domestic - Goat/Sheep ,01/01/2002,01/01/2002,,
160873,UNFAO-LEG-160873,Rift Valley fever,,Africa,Western Africa,Senegal,Matam,Ranérou,15.05,-14.54,FAO-Report,Confirmed,Domestic - Goat/sheep ,Domestic - Goat/Sheep ,01/01/2002,01/01/2002,,
160856,UNFAO-LEG-160856,Rift Valley fever,,Africa,Western Africa,Senegal,Tambacounda,Kidira,13.77556,-13.66993,FAO-Report,Confirmed,Domestic - Goat/sheep ,Domestic - Goat/Sheep ,01/09/2001,01/09/2001,,
160863,UNFAO-LEG-160863,Rift Valley fever,,Africa,Western Africa,Senegal,Saint louis,Ndioum,16.5604,-15.0883,FAO-Report,Confirmed,Domestic - Goat/sheep ,Domestic - Goat/Sheep ,01/09/2001,01/09/2001,,
160867,UNFAO-LEG-160867,Rift Valley fever,,Africa,Western Africa,Senegal,Saint louis,Ross-béthio,16.3064,-16.1256,FAO-Report,Confirmed,Domestic - Goat/sheep ,Domestic - Goat/Sheep ,01/09/2001,01/09/2001,,
160855,UNFAO-LEG-160855,Rift Valley fever,,Africa,Western Africa,Senegal,Tambacounda,Kidira,13.77556,-13.66993,FAO-Report,Confirmed,Domestic - Goat/sheep ,Domestic - Goat/Sheep ,01/08/2001,01/08/2001,,
160862,UNFAO-LEG-160862,Rift Valley fever,,Africa,Western Africa,Senegal,Saint louis,Ndioum,16.5604,-15.0883,FAO-Report,Confirmed,Domestic - Goat/sheep ,Domestic - Goat/Sheep ,01/08/2001,01/08/2001,,
160866,UNFAO-LEG-160866,Rift Valley fever,,Africa,Western Africa,Senegal,Saint louis,Ross-béthio,16.3064,-16.1256,FAO-Report,Confirmed,Domestic - Goat/sheep ,Domestic - Goat/Sheep ,01/08/2001,01/08/2001,,
160780,UNFAO-LEG-160780,Rift Valley fever,,Africa,Western Africa,Mauritania,Hodh Ech Chargi,Agueil,15.681,-8.75,FAO-Report,Confirmed,Domestic - Goat/sheep ,Domestic - Goat/Sheep ,01/07/2001,01/07/2001,,
160783,UNFAO-LEG-160783,Rift Valley fever,,Africa,Western Africa,Mauritania,Tagant,Gnimlane,17.77,-11.594,FAO-Report,Confirmed,Domestic - Goat/sheep ,Domestic - Goat/Sheep ,01/07/2001,01/07/2001,,
160786,UNFAO-LEG-160786,Rift Valley fever,,Africa,Western Africa,Mauritania,Hodh Ech Chargi,Ndeyvina,16.526,-7.617,FAO-Report,Confirmed,Domestic - Goat/sheep ,Domestic - Goat/Sheep ,01/07/2001,01/07/2001,,
160854,UNFAO-LEG-160854,Rift Valley fever,,Africa,Western Africa,Senegal,Tambacounda,Kidira,13.77556,-13.66993,FAO-Report,Confirmed,Domestic - Goat/sheep ,Domestic - Goat/Sheep ,01/07/2001,01/07/2001,,
160859,UNFAO-LEG-160859,Rift Valley fever,,Africa,Western Africa,Senegal,Saint louis,Mpal ,15.9571,-16.2526,FAO-Report,Confirmed,Domestic - Goat/sheep ,Domestic - Goat/Sheep ,01/07/2001,01/07/2001,,
160861,UNFAO-LEG-160861,Rift Valley fever,,Africa,Western Africa,Senegal,Saint louis,Ndioum,16.5604,-15.0883,FAO-Report,Confirmed,Domestic - Goat/sheep ,Domestic - Goat/Sheep ,01/07/2001,01/07/2001,,
160864,UNFAO-LEG-160864,Rift Valley fever,,Africa,Western Africa,Senegal,Matam,Ranérou,15.05,-14.54,FAO-Report,Confirmed,Domestic - Goat/sheep ,Domestic - Goat/Sheep ,01/07/2001,01/07/2001,,
160865,UNFAO-LEG-160865,Rift Valley fever,,Africa,Western Africa,Senegal,Saint louis,Ross-béthio,16.3064,-16.1256,FAO-Report,Confirmed,Domestic - Goat/sheep ,Domestic - Goat/Sheep ,01/07/2001,01/07/2001,,
160779,UNFAO-LEG-160779,Rift Valley fever,,Africa,Western Africa,Mauritania,Hodh Ech Chargi,Agueil,15.681,-8.75,FAO-Report,Confirmed,Domestic - Goat/sheep ,Domestic - Goat/Sheep ,01/06/2001,01/06/2001,,
160781,UNFAO-LEG-160781,Rift Valley fever,,Africa,Western Africa,Mauritania,Guidimakha,Ghabou,15.154,-12.178,FAO-Report,Confirmed,Domestic - Goat/sheep ,Domestic - Goat/Sheep ,01/06/2001,01/06/2001,,
160782,UNFAO-LEG-160782,Rift Valley fever,,Africa,Western Africa,Mauritania,Tagant,Gnimlane,17.77,-11.594,FAO-Report,Confirmed,Domestic - Goat/sheep ,Domestic - Goat/Sheep ,01/06/2001,01/06/2001,,
160784,UNFAO-LEG-160784,Rift Valley fever,,Africa,Western Africa,Mauritania,Gorgol,Jidaha,16.005,-12.576,FAO-Report,Confirmed,Domestic - Goat/sheep ,Domestic - Goat/Sheep ,01/06/2001,01/06/2001,,
160785,UNFAO-LEG-160785,Rift Valley fever,,Africa,Western Africa,Mauritania,Hodh Ech Chargi,Ndeyvina,16.526,-7.617,FAO-Report,Confirmed,Domestic - Goat/sheep ,Domestic - Goat/Sheep ,01/06/2001,01/06/2001,,
160787,UNFAO-LEG-160787,Rift Valley fever,,Africa,Western Africa,Mauritania,Brakna,Sarandogou,16.65,-14.38,FAO-Report,Confirmed,Domestic - Goat/sheep ,Domestic - Goat/Sheep ,01/06/2001,01/06/2001,,
160857,UNFAO-LEG-160857,Rift Valley fever,,Africa,Western Africa,Senegal,Kolda,Kounkané,12.9723,-13.9769,FAO-Report,Confirmed,Domestic - Goat/sheep ,Domestic - Goat/Sheep ,01/06/2001,01/06/2001,,
160858,UNFAO-LEG-160858,Rift Valley fever,,Africa,Western Africa,Senegal,Saint louis,Mpal ,15.9571,-16.2526,FAO-Report,Confirmed,Domestic - Goat/sheep ,Domestic - Goat/Sheep ,01/06/2001,01/06/2001,,
160860,UNFAO-LEG-160860,Rift Valley fever,,Africa,Western Africa,Senegal,Saint louis,Ndioum,16.5604,-15.0883,FAO-Report,Confirmed,Domestic - Goat/sheep ,Domestic - Goat/Sheep ,01/06/2001,01/06/2001,,
160760,UNFAO-LEG-160760,Rift Valley fever,,Africa,Western Africa,Mali,Kayes,Kayes,14.449,-11.434,FAO-Report,Confirmed,Domestic - Goat/sheep ,Domestic - Goat/Sheep ,01/11/2000,01/11/2000,,
160767,UNFAO-LEG-160767,Rift Valley fever,,Africa,Western Africa,Mauritania,Tagant,Kankossa,17.844,-11.638,FAO-Report,Confirmed,Domestic - Goat/sheep ,Domestic - Goat/Sheep ,01/09/2000,01/09/2000,,
160768,UNFAO-LEG-160768,Rift Valley fever,,Africa,Western Africa,Mauritania,Hodh Ech Chargi,Agueil,15.681,-8.75,FAO-Report,Confirmed,Domestic - Goat/sheep ,Domestic - Goat/Sheep ,01/09/2000,01/09/2000,,
160770,UNFAO-LEG-160770,Rift Valley fever,,Africa,Western Africa,Mauritania,Guidimakha,Ghabou,15.154,-12.178,FAO-Report,Confirmed,Domestic - Goat/sheep ,Domestic - Goat/Sheep ,01/09/2000,01/09/2000,,
160772,UNFAO-LEG-160772,Rift Valley fever,,Africa,Western Africa,Mauritania,Trarza,Jidrel Mohgen,16.553,-15.414,FAO-Report,Confirmed,Domestic - Goat/sheep ,Domestic - Goat/Sheep ,01/09/2000,01/09/2000,,
160774,UNFAO-LEG-160774,Rift Valley fever,,Africa,Western Africa,Mauritania,Gorgol,Loboudou,16.052,-12.608,FAO-Report,Confirmed,Domestic - Goat/sheep ,Domestic - Goat/Sheep ,01/09/2000,01/09/2000,,
160776,UNFAO-LEG-160776,Rift Valley fever,,Africa,Western Africa,Mauritania,Hodh Ech Chargi,Ndeyvina,16.526,-7.617,FAO-Report,Confirmed,Domestic - Goat/sheep ,Domestic - Goat/Sheep ,01/09/2000,01/09/2000,,
160778,UNFAO-LEG-160778,Rift Valley fever,,Africa,Western Africa,Mauritania,Assaba,Worti,16.619,-11.405,FAO-Report,Confirmed,Domestic - Goat/sheep ,Domestic - Goat/Sheep ,01/09/2000,01/09/2000,,
160756,UNFAO-LEG-160756,Rift Valley fever,,Africa,Western Africa,Mali,Kayes,Bamaflé_Manantali,13.329,-10.637,FAO-Report,Confirmed,Domestic - Goat/sheep ,Domestic - Goat/Sheep ,01/08/2000,01/08/2000,,
160757,UNFAO-LEG-160757,Rift Valley fever,,Africa,Western Africa,Mali,Kayes,Lafiabougou,14.449,-11.434,FAO-Report,Confirmed,Domestic - Goat/sheep ,Domestic - Goat/Sheep ,01/08/2000,01/08/2000,,
160759,UNFAO-LEG-160759,Rift Valley fever,,Africa,Western Africa,Mali,Mopti,Sofara,14.01,-4.233,FAO-Report,Confirmed,Domestic - Goat/sheep ,Domestic - Goat/Sheep ,01/08/2000,01/08/2000,,
160765,UNFAO-LEG-160765,Rift Valley fever,,Africa,Western Africa,Mali,Segou,Niono,14.226,-5.985,FAO-Report,Confirmed,Domestic - Goat/sheep ,Domestic - Goat/Sheep ,01/08/2000,01/08/2000,,
160766,UNFAO-LEG-160766,Rift Valley fever,,Africa,Western Africa,Mauritania,Tagant,Kankossa,17.844,-11.638,FAO-Report,Confirmed,Domestic - Goat/sheep ,Domestic - Goat/Sheep ,01/08/2000,01/08/2000,,
160769,UNFAO-LEG-160769,Rift Valley fever,,Africa,Western Africa,Mauritania,Guidimakha,Ghabou,15.154,-12.178,FAO-Report,Confirmed,Domestic - Goat/sheep ,Domestic - Goat/Sheep ,01/08/2000,01/08/2000,,
160771,UNFAO-LEG-160771,Rift Valley fever,,Africa,Western Africa,Mauritania,Trarza,Jidrel Mohgen,16.553,-15.414,FAO-Report,Confirmed,Domestic - Goat/sheep ,Domestic - Goat/Sheep ,01/08/2000,01/08/2000,,
160773,UNFAO-LEG-160773,Rift Valley fever,,Africa,Western Africa,Mauritania,Hodh El Gharbi,Kobenni,15.817,-9.367,FAO-Report,Confirmed,Domestic - Goat/sheep ,Domestic - Goat/Sheep ,01/08/2000,01/08/2000,,
160775,UNFAO-LEG-160775,Rift Valley fever,,Africa,Western Africa,Mauritania,Hodh Ech Chargi,Ndeyvina,16.526,-7.617,FAO-Report,Confirmed,Domestic - Goat/sheep ,Domestic - Goat/Sheep ,01/08/2000,01/08/2000,,
160777,UNFAO-LEG-160777,Rift Valley fever,,Africa,Western Africa,Mauritania,Assaba,Worti,16.619,-11.405,FAO-Report,Confirmed,Domestic - Goat/sheep ,Domestic - Goat/Sheep ,01/08/2000,01/08/2000,,
160754,UNFAO-LEG-160754,Rift Valley fever,,Africa,Western Africa,Mali,Koulikoro,Nara ville   ,15.331,-7.505,FAO-Report,Confirmed,Domestic - Goat/sheep ,Domestic - Goat/Sheep ,01/07/2000,01/07/2000,,
160755,UNFAO-LEG-160755,Rift Valley fever,,Africa,Western Africa,Mali,Kayes,Bamaflé_Manantali,13.329,-10.637,FAO-Report,Confirmed,Domestic - Goat/sheep ,Domestic - Goat/Sheep ,01/07/2000,01/07/2000,,
160758,UNFAO-LEG-160758,Rift Valley fever,,Africa,Western Africa,Mali,Mopti,Sofara,14.01,-4.233,FAO-Report,Confirmed,Domestic - Goat/sheep ,Domestic - Goat/Sheep ,01/07/2000,01/07/2000,,
160850,UNFAO-LEG-160850,Rift Valley fever,,Africa,Western Africa,Senegal,Tambacounda,Kidira,14.46,-12.21,FAO-Report,Confirmed,Domestic - Goat/sheep ,Domestic - Goat/Sheep ,01/05/2000,01/05/2000,,
160851,UNFAO-LEG-160851,Rift Valley fever,,Africa,Western Africa,Senegal,Saint louis,Mpal ,15.9571,-16.2526,FAO-Report,Confirmed,Domestic - Goat/sheep ,Domestic - Goat/Sheep ,01/05/2000,01/05/2000,,
160852,UNFAO-LEG-160852,Rift Valley fever,,Africa,Western Africa,Senegal,Matam,Ourosogui,15.6396,-13.3101,FAO-Report,Confirmed,Domestic - Goat/sheep ,Domestic - Goat/Sheep ,01/05/2000,01/05/2000,,
160853,UNFAO-LEG-160853,Rift Valley fever,,Africa,Western Africa,Senegal,Saint louis,Ross-béthio,16.3064,-16.1256,FAO-Report,Confirmed,Domestic - Goat/sheep ,Domestic - Goat/Sheep ,01/05/2000,01/05/2000,,
173295,UNFAO-LEG-173295,Rift Valley fever,,Africa,Eastern Africa,Kenya,Central,Maragua,-0.815939,37.057314,WOAH (former OIE),Confirmed,Domestic - cattle,Domestic - Cattle,01/02/1999,01/02/1999,,
173367,UNFAO-LEG-173367,Rift Valley fever,,Africa,Eastern Africa,Kenya,Central,Central,-0.587608,36.967517,WOAH (former OIE),Confirmed,Domestic - cattle | Domestic - Goats | Domestic - sheep | Domestic - Camelidae (unidentified),Domestic - Cattle | Domestic - Goats | Domestic - Sheep | Domestic - Camelidae (Unidentified),01/03/1998,01/03/1998,,
160847,UNFAO-LEG-160847,Rift Valley fever,,Africa,Western Africa,Senegal,Matam,Kanel,15.48,-13.16,FAO-Report,Confirmed,Domestic - Goat/sheep ,Domestic - Goat/Sheep ,01/01/1998,01/01/1998,,
160848,UNFAO-LEG-160848,Rift Valley fever,,Africa,Western Africa,Senegal,Tambacounda,Kidira,14.46,-12.21,FAO-Report,Confirmed,Domestic - Goat/sheep ,Domestic - Goat/Sheep ,01/01/1998,01/01/1998,,
160849,UNFAO-LEG-160849,Rift Valley fever,,Africa,Western Africa,Senegal,Saint louis,Niandane,16.58,-14.98,FAO-Report,Confirmed,Domestic - Goat/sheep ,Domestic - Goat/Sheep ,01/01/1998,01/01/1998,,
173361,UNFAO-LEG-173361,Rift Valley fever,,Africa,Eastern Africa,Kenya,Eastern,Isiolo,1.008741,38.74852,WOAH (former OIE),Confirmed,Domestic - cattle | Domestic - Goats | Domestic - sheep,Domestic - Cattle | Domestic - Goats | Domestic - Sheep,01/01/1998,01/01/1998,,
160676,UNFAO-LEG-160676,Rift Valley fever,,Africa,Eastern Africa,Madagascar,Vatovavy Fitovinany,Fianarantsoa,-21.303962,47.63443,FAO-Report,Confirmed,Domestic - Goat/sheep ,Domestic - Goat/Sheep ,01/10/1996,01/10/1996,,
160677,UNFAO-LEG-160677,Rift Valley fever,,Africa,Eastern Africa,Madagascar,Atsimo Andrefana,Tolaria,-22.316391,43.651091,FAO-Report,Confirmed,Domestic - Goat/sheep ,Domestic - Goat/Sheep ,01/03/1996,01/03/1996,,
160678,UNFAO-LEG-160678,Rift Valley fever,,Africa,Eastern Africa,Madagascar,Atsimo Andrefana,Tolaria,-22.576205,43.63113,FAO-Report,Confirmed,Domestic - Goat/sheep ,Domestic - Goat/Sheep ,01/03/1996,01/03/1996,,
160679,UNFAO-LEG-160679,Rift Valley fever,,Africa,Eastern Africa,Madagascar,Anosy,Tolaria,-23.6,46.016667,FAO-Report,Confirmed,Domestic - Goat/sheep ,Domestic - Goat/Sheep ,01/03/1996,01/03/1996,,
160839,UNFAO-LEG-160839,Rift Valley fever,,Africa,Western Africa,Senegal,Kaffrine,Mpal,13.81,-15.3,FAO-Report,Confirmed,Domestic - Goat/sheep ,Domestic - Goat/Sheep ,01/01/1995,01/01/1995,,
160840,UNFAO-LEG-160840,Rift Valley fever,,Africa,Western Africa,Senegal,Saint louis,Mpal,16.51,-14.65,FAO-Report,Confirmed,Domestic - Goat/sheep ,Domestic - Goat/Sheep ,01/01/1995,01/01/1995,,
160841,UNFAO-LEG-160841,Rift Valley fever,,Africa,Western Africa,Senegal,Matam,Ndouloumadji,15.46,-13.16,FAO-Report,Confirmed,Domestic - Goat/sheep ,Domestic - Goat/Sheep ,01/01/1995,01/01/1995,,
160842,UNFAO-LEG-160842,Rift Valley fever,,Africa,Western Africa,Senegal,Saint louis,Niassanté,16.16,-15.55,FAO-Report,Confirmed,Domestic - Goat/sheep ,Domestic - Goat/Sheep ,01/01/1995,01/01/1995,,
160843,UNFAO-LEG-160843,Rift Valley fever,,Africa,Western Africa,Senegal,Saint louis,Ross Béthio,16.26,-16.13,FAO-Report,Confirmed,Domestic - Goat/sheep ,Domestic - Goat/Sheep ,01/01/1995,01/01/1995,,
160844,UNFAO-LEG-160844,Rift Valley fever,,Africa,Western Africa,Senegal,Saint louis,Ross Béthio,16.26,-16.13,FAO-Report,Confirmed,Domestic - Goat/sheep ,Domestic - Goat/Sheep ,01/01/1995,01/01/1995,,
160845,UNFAO-LEG-160845,Rift Valley fever,,Africa,Western Africa,Senegal,Kaffrine,Tassiner gandiol,13.81,-15.3,FAO-Report,Confirmed,Domestic - Goat/sheep ,Domestic - Goat/Sheep ,01/01/1995,01/01/1995,,
160846,UNFAO-LEG-160846,Rift Valley fever,,Africa,Western Africa,Senegal,Saint louis,Tassiner gandiol,15.91,-16.4,FAO-Report,Confirmed,Domestic - Goat/sheep ,Domestic - Goat/Sheep ,01/01/1995,01/01/1995,,
160838,UNFAO-LEG-160838,Rift Valley fever,,Africa,Western Africa,Senegal,Matam,Dembakané ,15.66,-13.25,FAO-Report,Confirmed,Domestic - Goat/sheep ,Domestic - Goat/Sheep ,01/01/1994,01/01/1994,,
160832,UNFAO-LEG-160832,Rift Valley fever,,Africa,Western Africa,Senegal,Saint louis,Bile,16.08,-13.85,FAO-Report,Confirmed,Domestic - Goat/sheep ,Domestic - Goat/Sheep ,01/01/1990,01/01/1990,,
160833,UNFAO-LEG-160833,Rift Valley fever,,Africa,Western Africa,Senegal,Matam,Goudoudé,15.88,-13.58,FAO-Report,Confirmed,Domestic - Goat/sheep ,Domestic - Goat/Sheep ,01/01/1990,01/01/1990,,
160834,UNFAO-LEG-160834,Rift Valley fever,,Africa,Western Africa,Senegal,Matam,Kanel,15.48,-13.16,FAO-Report,Confirmed,Domestic - Goat/sheep ,Domestic - Goat/Sheep ,01/01/1990,01/01/1990,,
160835,UNFAO-LEG-160835,Rift Valley fever,,Africa,Western Africa,Senegal,Saint louis,Ndioum,16.51,-14.65,FAO-Report,Confirmed,Domestic - Goat/sheep ,Domestic - Goat/Sheep ,01/01/1990,01/01/1990,,
160836,UNFAO-LEG-160836,Rift Valley fever,,Africa,Western Africa,Senegal,Matam,Ourosogui,15.6396,-13.3101,FAO-Report,Confirmed,Domestic - Goat/sheep ,Domestic - Goat/Sheep ,01/01/1990,01/01/1990,,
160837,UNFAO-LEG-160837,Rift Valley fever,,Africa,Western Africa,Senegal,Saint louis,Thillé Boubacar,16.51,-15.08,FAO-Report,Confirmed,Domestic - Goat/sheep ,Domestic - Goat/Sheep ,01/01/1990,01/01/1990,,
161203,UNFAO-LEG-161203,Rift Valley fever,,Africa,Eastern Africa,Zimbabwe,Mashonaland Central,Guruve (Adm. Lev. 2 name),-16.779,30.821,FAO-Report,Confirmed,Domestic - Goat/sheep ,Domestic - Goat/Sheep ,01/01/1978,01/01/1978,,
161204,UNFAO-LEG-161204,Rift Valley fever,,Africa,Eastern Africa,Zimbabwe,Mashonaland Central,Guruve (Adm. Lev. 2 name),-16.955,30.69,FAO-Report,Confirmed,Domestic - Goat/sheep ,Domestic - Goat/Sheep ,01/01/1978,01/01/1978,,
161205,UNFAO-LEG-161205,Rift Valley fever,,Africa,Eastern Africa,Zimbabwe,Mashonaland Central,Bindura (Adm. Lev. 2 name),-16.971,31.239,FAO-Report,Confirmed,Domestic - Goat/sheep ,Domestic - Goat/Sheep ,01/01/1978,01/01/1978,,
161206,UNFAO-LEG-161206,Rift Valley fever,,Africa,Eastern Africa,Zimbabwe,Mashonaland Central,Bindura (Adm. Lev. 2 name),-17.021,31.255,FAO-Report,Confirmed,Domestic - Goat/sheep ,Domestic - Goat/Sheep ,01/01/1978,01/01/1978,,
161207,UNFAO-LEG-161207,Rift Valley fever,,Africa,Eastern Africa,Zimbabwe,Mashonaland Central,Bindura (Adm. Lev. 2 name),-17.092,31.304,FAO-Report,Confirmed,Domestic - Goat/sheep ,Domestic - Goat/Sheep ,01/01/1978,01/01/1978,,
161208,UNFAO-LEG-161208,Rift Valley fever,,Africa,Eastern Africa,Zimbabwe,Mashonaland Central,Shamva (Adm. Lev. 2 name),-17.032,31.398,FAO-Report,Confirmed,Domestic - Goat/sheep ,Domestic - Goat/Sheep ,01/01/1978,01/01/1978,,
161209,UNFAO-LEG-161209,Rift Valley fever,,Africa,Eastern Africa,Zimbabwe,Mashonaland Central,Bindura (Adm. Lev. 2 name),-17.098,31.304,FAO-Report,Confirmed,Domestic - Goat/sheep ,Domestic - Goat/Sheep ,01/01/1978,01/01/1978,,
161210,UNFAO-LEG-161210,Rift Valley fever,,Africa,Eastern Africa,Zimbabwe,Mashonaland Central,Bindura (Adm. Lev. 2 name),-17.219,31.409,FAO-Report,Confirmed,Domestic - Goat/sheep ,Domestic - Goat/Sheep ,01/01/1978,01/01/1978,,
161211,UNFAO-LEG-161211,Rift Valley fever,,Africa,Eastern Africa,Zimbabwe,Mashonaland Central,Bindura (Adm. Lev. 2 name),-17.229,31.337,FAO-Report,Confirmed,Domestic - Goat/sheep ,Domestic - Goat/Sheep ,01/01/1978,01/01/1978,,
161212,UNFAO-LEG-161212,Rift Valley fever,,Africa,Eastern Africa,Zimbabwe,Mashonaland Central,Bindura (Adm. Lev. 2 name),-17.213,31.255,FAO-Report,Confirmed,Domestic - Goat/sheep ,Domestic - Goat/Sheep ,01/01/1978,01/01/1978,,
161213,UNFAO-LEG-161213,Rift Valley fever,,Africa,Eastern Africa,Zimbabwe,Mashonaland Central,Bindura (Adm. Lev. 2 name),-17.317,31.195,FAO-Report,Confirmed,Domestic - Goat/sheep ,Domestic - Goat/Sheep ,01/01/1978,01/01/1978,,
161214,UNFAO-LEG-161214,Rift Valley fever,,Africa,Eastern Africa,Zimbabwe,Mashonaland Central,Mazowe (Adm. Lev. 2 name),-17.208,31.123,FAO-Report,Confirmed,Domestic - Goat/sheep ,Domestic - Goat/Sheep ,01/01/1978,01/01/1978,,
161215,UNFAO-LEG-161215,Rift Valley fever,,Africa,Eastern Africa,Zimbabwe,Mashonaland Central,Mazowe (Adm. Lev. 2 name),-17.191,30.876,FAO-Report,Confirmed,Domestic - Goat/sheep ,Domestic - Goat/Sheep ,01/01/1978,01/01/1978,,
161216,UNFAO-LEG-161216,Rift Valley fever,,Africa,Eastern Africa,Zimbabwe,Mashonaland Central,Mazowe (Adm. Lev. 2 name),-17.301,30.81,FAO-Report,Confirmed,Domestic - Goat/sheep ,Domestic - Goat/Sheep ,01/01/1978,01/01/1978,,
161217,UNFAO-LEG-161217,Rift Valley fever,,Africa,Eastern Africa,Zimbabwe,Mashonaland Central,Mazowe (Adm. Lev. 2 name),-17.273,30.893,FAO-Report,Confirmed,Domestic - Goat/sheep ,Domestic - Goat/Sheep ,01/01/1978,01/01/1978,,
161218,UNFAO-LEG-161218,Rift Valley fever,,Africa,Eastern Africa,Zimbabwe,Mashonaland Central,Mazowe (Adm. Lev. 2 name),-17.411,31.079,FAO-Report,Confirmed,Domestic - Goat/sheep ,Domestic - Goat/Sheep ,01/01/1978,01/01/1978,,
161219,UNFAO-LEG-161219,Rift Valley fever,,Africa,Eastern Africa,Zimbabwe,Mashonaland Central,Mazowe (Adm. Lev. 2 name),-17.345,31.041,FAO-Report,Confirmed,Domestic - Goat/sheep ,Domestic - Goat/Sheep ,01/01/1978,01/01/1978,,
161220,UNFAO-LEG-161220,Rift Valley fever,,Africa,Eastern Africa,Zimbabwe,Mashonaland Central,Mazowe (Adm. Lev. 2 name),-17.29,31.003,FAO-Report,Confirmed,Domestic - Goat/sheep ,Domestic - Goat/Sheep ,01/01/1978,01/01/1978,,
161221,UNFAO-LEG-161221,Rift Valley fever,,Africa,Eastern Africa,Zimbabwe,Mashonaland West,Makonde (Adm. Lev. 2 name),-16.933,30.3,FAO-Report,Confirmed,Domestic - Goat/sheep ,Domestic - Goat/Sheep ,01/01/1978,01/01/1978,,
161222,UNFAO-LEG-161222,Rift Valley fever,,Africa,Eastern Africa,Zimbabwe,Mashonaland West,Zvimba (Adm. Lev. 2 name),-17.12,30.448,FAO-Report,Confirmed,Domestic - Goat/sheep ,Domestic - Goat/Sheep ,01/01/1978,01/01/1978,,
161223,UNFAO-LEG-161223,Rift Valley fever,,Africa,Eastern Africa,Zimbabwe,Mashonaland West,Zvimba (Adm. Lev. 2 name),-17.12,30.52,FAO-Report,Confirmed,Domestic - Goat/sheep ,Domestic - Goat/Sheep ,01/01/1978,01/01/1978,,
161224,UNFAO-LEG-161224,Rift Valley fever,,Africa,Eastern Africa,Zimbabwe,Mashonaland West,Zvimba (Adm. Lev. 2 name),-17.12,30.635,FAO-Report,Confirmed,Domestic - Goat/sheep ,Domestic - Goat/Sheep ,01/01/1978,01/01/1978,,
161225,UNFAO-LEG-161225,Rift Valley fever,,Africa,Eastern Africa,Zimbabwe,Mashonaland West,Zvimba (Adm. Lev. 2 name),-17.284,30.52,FAO-Report,Confirmed,Domestic - Goat/sheep ,Domestic - Goat/Sheep ,01/01/1978,01/01/1978,,
161226,UNFAO-LEG-161226,Rift Valley fever,,Africa,Eastern Africa,Zimbabwe,Mashonaland Central,Mazowe (Adm. Lev. 2 name),-17.35,30.898,FAO-Report,Confirmed,Domestic - Goat/sheep ,Domestic - Goat/Sheep ,01/01/1978,01/01/1978,,
161227,UNFAO-LEG-161227,Rift Valley fever,,Africa,Eastern Africa,Zimbabwe,Mashonaland Central,Mazowe (Adm. Lev. 2 name),-17.405,30.876,FAO-Report,Confirmed,Domestic - Goat/sheep ,Domestic - Goat/Sheep ,01/01/1978,01/01/1978,,
161228,UNFAO-LEG-161228,Rift Valley fever,,Africa,Eastern Africa,Zimbabwe,Mashonaland Central,Mazowe (Adm. Lev. 2 name),-17.466,30.876,FAO-Report,Confirmed,Domestic - Goat/sheep ,Domestic - Goat/Sheep ,01/01/1978,01/01/1978,,
161229,UNFAO-LEG-161229,Rift Valley fever,,Africa,Eastern Africa,Zimbabwe,Mashonaland East,Goromonzi (Adm. Lev. 2 name),-17.471,31.151,FAO-Report,Confirmed,Domestic - Goat/sheep ,Domestic - Goat/Sheep ,01/01/1978,01/01/1978,,
161230,UNFAO-LEG-161230,Rift Valley fever,,Africa,Eastern Africa,Zimbabwe,Mashonaland West,Makonde (Adm. Lev. 2 name),-17.043,30.212,FAO-Report,Confirmed,Domestic - Goat/sheep ,Domestic - Goat/Sheep ,01/01/1978,01/01/1978,,
161231,UNFAO-LEG-161231,Rift Valley fever,,Africa,Eastern Africa,Zimbabwe,Mashonaland West,Makonde (Adm. Lev. 2 name),-17.01,30.13,FAO-Report,Confirmed,Domestic - Goat/sheep ,Domestic - Goat/Sheep ,01/01/1978,01/01/1978,,
161232,UNFAO-LEG-161232,Rift Valley fever,,Africa,Eastern Africa,Zimbabwe,Mashonaland West,Makonde (Adm. Lev. 2 name),-16.922,30.042,FAO-Report,Confirmed,Domestic - Goat/sheep ,Domestic - Goat/Sheep ,01/01/1978,01/01/1978,,
161233,UNFAO-LEG-161233,Rift Valley fever,,Africa,Eastern Africa,Zimbabwe,Mashonaland West,Hurungwe (Adm. Lev. 2 name),-16.933,29.894,FAO-Report,Confirmed,Domestic - Goat/sheep ,Domestic - Goat/Sheep ,01/01/1978,01/01/1978,,
161234,UNFAO-LEG-161234,Rift Valley fever,,Africa,Eastern Africa,Zimbabwe,Mashonaland West,Hurungwe (Adm. Lev. 2 name),-17.048,29.943,FAO-Report,Confirmed,Domestic - Goat/sheep ,Domestic - Goat/Sheep ,01/01/1978,01/01/1978,,
161235,UNFAO-LEG-161235,Rift Valley fever,,Africa,Eastern Africa,Zimbabwe,Mashonaland West,Hurungwe (Adm. Lev. 2 name),-17.081,29.839,FAO-Report,Confirmed,Domestic - Goat/sheep ,Domestic - Goat/Sheep ,01/01/1978,01/01/1978,,
161236,UNFAO-LEG-161236,Rift Valley fever,,Africa,Eastern Africa,Zimbabwe,Mashonaland West,Makonde (Adm. Lev. 2 name),-17.191,29.866,FAO-Report,Confirmed,Domestic - Goat/sheep ,Domestic - Goat/Sheep ,01/01/1978,01/01/1978,,
161237,UNFAO-LEG-161237,Rift Valley fever,,Africa,Eastern Africa,Zimbabwe,Mashonaland West,Makonde (Adm. Lev. 2 name),-17.153,29.932,FAO-Report,Confirmed,Domestic - Goat/sheep ,Domestic - Goat/Sheep ,01/01/1978,01/01/1978,,
161238,UNFAO-LEG-161238,Rift Valley fever,,Africa,Eastern Africa,Zimbabwe,Mashonaland West,Hurungwe (Adm. Lev. 2 name),-17.224,29.515,FAO-Report,Confirmed,Domestic - Goat/sheep ,Domestic - Goat/Sheep ,01/01/1978,01/01/1978,,
161239,UNFAO-LEG-161239,Rift Valley fever,,Africa,Eastern Africa,Zimbabwe,Mashonaland West,Hurungwe (Adm. Lev. 2 name),-17.164,29.603,FAO-Report,Confirmed,Domestic - Goat/sheep ,Domestic - Goat/Sheep ,01/01/1978,01/01/1978,,
161240,UNFAO-LEG-161240,Rift Valley fever,,Africa,Eastern Africa,Zimbabwe,Mashonaland West,Hurungwe (Adm. Lev. 2 name),-16.856,29.762,FAO-Report,Confirmed,Domestic - Goat/sheep ,Domestic - Goat/Sheep ,01/01/1978,01/01/1978,,
161241,UNFAO-LEG-161241,Rift Valley fever,,Africa,Eastern Africa,Zimbabwe,Mashonaland West,Hurungwe (Adm. Lev. 2 name),-16.999,29.789,FAO-Report,Confirmed,Domestic - Goat/sheep ,Domestic - Goat/Sheep ,01/01/1978,01/01/1978,,
161242,UNFAO-LEG-161242,Rift Valley fever,,Africa,Eastern Africa,Zimbabwe,Mashonaland West,Hurungwe (Adm. Lev. 2 name),-16.982,29.729,FAO-Report,Confirmed,Domestic - Goat/sheep ,Domestic - Goat/Sheep ,01/01/1978,01/01/1978,,
161243,UNFAO-LEG-161243,Rift Valley fever,,Africa,Eastern Africa,Zimbabwe,Mashonaland West,Hurungwe (Adm. Lev. 2 name),-17.043,29.718,FAO-Report,Confirmed,Domestic - Goat/sheep ,Domestic - Goat/Sheep ,01/01/1978,01/01/1978,,
161244,UNFAO-LEG-161244,Rift Valley fever,,Africa,Eastern Africa,Zimbabwe,Mashonaland West,Hurungwe (Adm. Lev. 2 name),-17.004,29.663,FAO-Report,Confirmed,Domestic - Goat/sheep ,Domestic - Goat/Sheep ,01/01/1978,01/01/1978,,
161245,UNFAO-LEG-161245,Rift Valley fever,,Africa,Eastern Africa,Zimbabwe,Mashonaland West,Hurungwe (Adm. Lev. 2 name),-16.681,29.649,FAO-Report,Confirmed,Domestic - Goat/sheep ,Domestic - Goat/Sheep ,01/01/1978,01/01/1978,,
161246,UNFAO-LEG-161246,Rift Valley fever,,Africa,Eastern Africa,Zimbabwe,Mashonaland West,Hurungwe (Adm. Lev. 2 name),-16.695,29.705,FAO-Report,Confirmed,Domestic - Goat/sheep ,Domestic - Goat/Sheep ,01/01/1978,01/01/1978,,
161247,UNFAO-LEG-161247,Rift Valley fever,,Africa,Eastern Africa,Zimbabwe,Mashonaland West,Hurungwe (Adm. Lev. 2 name),-16.703,29.781,FAO-Report,Confirmed,Domestic - Goat/sheep ,Domestic - Goat/Sheep ,01/01/1978,01/01/1978,,
161248,UNFAO-LEG-161248,Rift Valley fever,,Africa,Eastern Africa,Zimbabwe,Mashonaland West,Hurungwe (Adm. Lev. 2 name),-16.743,29.663,FAO-Report,Confirmed,Domestic - Goat/sheep ,Domestic - Goat/Sheep ,01/01/1978,01/01/1978,,
161249,UNFAO-LEG-161249,Rift Valley fever,,Africa,Eastern Africa,Zimbabwe,Mashonaland West,Hurungwe (Adm. Lev. 2 name),-16.771,29.691,FAO-Report,Confirmed,Domestic - Goat/sheep ,Domestic - Goat/Sheep ,01/01/1978,01/01/1978,,
161250,UNFAO-LEG-161250,Rift Valley fever,,Africa,Eastern Africa,Zimbabwe,Mashonaland West,Hurungwe (Adm. Lev. 2 name),-16.83,29.677,FAO-Report,Confirmed,Domestic - Goat/sheep ,Domestic - Goat/Sheep ,01/01/1978,01/01/1978,,
161251,UNFAO-LEG-161251,Rift Valley fever,,Africa,Eastern Africa,Zimbabwe,Mashonaland West,Hurungwe (Adm. Lev. 2 name),-16.734,29.582,FAO-Report,Confirmed,Domestic - Goat/sheep ,Domestic - Goat/Sheep ,01/01/1978,01/01/1978,,
161252,UNFAO-LEG-161252,Rift Valley fever,,Africa,Eastern Africa,Zimbabwe,Mashonaland West,Hurungwe (Adm. Lev. 2 name),-16.757,29.509,FAO-Report,Confirmed,Domestic - Goat/sheep ,Domestic - Goat/Sheep ,01/01/1978,01/01/1978,,
161253,UNFAO-LEG-161253,Rift Valley fever,,Africa,Eastern Africa,Zimbabwe,Mashonaland West,Hurungwe (Adm. Lev. 2 name),-16.835,29.511,FAO-Report,Confirmed,Domestic - Goat/sheep ,Domestic - Goat/Sheep ,01/01/1978,01/01/1978,,
161254,UNFAO-LEG-161254,Rift Valley fever,,Africa,Eastern Africa,Zimbabwe,Mashonaland West,Hurungwe (Adm. Lev. 2 name),-16.928,29.525,FAO-Report,Confirmed,Domestic - Goat/sheep ,Domestic - Goat/Sheep ,01/01/1978,01/01/1978,,
161255,UNFAO-LEG-161255,Rift Valley fever,,Africa,Eastern Africa,Zimbabwe,Mashonaland West,Hurungwe (Adm. Lev. 2 name),-16.922,29.601,FAO-Report,Confirmed,Domestic - Goat/sheep ,Domestic - Goat/Sheep ,01/01/1978,01/01/1978,,
161256,UNFAO-LEG-161256,Rift Valley fever,,Africa,Eastern Africa,Zimbabwe,Mashonaland West,Hurungwe (Adm. Lev. 2 name),-16.984,29.579,FAO-Report,Confirmed,Domestic - Goat/sheep ,Domestic - Goat/Sheep ,01/01/1978,01/01/1978,,
161257,UNFAO-LEG-161257,Rift Valley fever,,Africa,Eastern Africa,Zimbabwe,Mashonaland West,Hurungwe (Adm. Lev. 2 name),-17.041,29.59,FAO-Report,Confirmed,Domestic - Goat/sheep ,Domestic - Goat/Sheep ,01/01/1978,01/01/1978,,
161258,UNFAO-LEG-161258,Rift Valley fever,,Africa,Eastern Africa,Zimbabwe,Mashonaland West,Makonde (Adm. Lev. 2 name),-17.383,29.759,FAO-Report,Confirmed,Domestic - Goat/sheep ,Domestic - Goat/Sheep ,01/01/1978,01/01/1978,,
161259,UNFAO-LEG-161259,Rift Valley fever,,Africa,Eastern Africa,Zimbabwe,Mashonaland West,Makonde (Adm. Lev. 2 name),-17.361,29.896,FAO-Report,Confirmed,Domestic - Goat/sheep ,Domestic - Goat/Sheep ,01/01/1978,01/01/1978,,
161260,UNFAO-LEG-161260,Rift Valley fever,,Africa,Eastern Africa,Zimbabwe,Mashonaland West,Makonde (Adm. Lev. 2 name),-17.322,29.944,FAO-Report,Confirmed,Domestic - Goat/sheep ,Domestic - Goat/Sheep ,01/01/1978,01/01/1978,,
161261,UNFAO-LEG-161261,Rift Valley fever,,Africa,Eastern Africa,Zimbabwe,Mashonaland West,Makonde (Adm. Lev. 2 name),-17.277,29.922,FAO-Report,Confirmed,Domestic - Goat/sheep ,Domestic - Goat/Sheep ,01/01/1978,01/01/1978,,
161262,UNFAO-LEG-161262,Rift Valley fever,,Africa,Eastern Africa,Zimbabwe,Mashonaland West,Makonde (Adm. Lev. 2 name),-17.24,29.972,FAO-Report,Confirmed,Domestic - Goat/sheep ,Domestic - Goat/Sheep ,01/01/1978,01/01/1978,,
161263,UNFAO-LEG-161263,Rift Valley fever,,Africa,Eastern Africa,Zimbabwe,Mashonaland West,Makonde (Adm. Lev. 2 name),-17.201,30.017,FAO-Report,Confirmed,Domestic - Goat/sheep ,Domestic - Goat/Sheep ,01/01/1978,01/01/1978,,
161264,UNFAO-LEG-161264,Rift Valley fever,,Africa,Eastern Africa,Zimbabwe,Mashonaland West,Makonde (Adm. Lev. 2 name),-17.189,30.135,FAO-Report,Confirmed,Domestic - Goat/sheep ,Domestic - Goat/Sheep ,01/01/1978,01/01/1978,,
161265,UNFAO-LEG-161265,Rift Valley fever,,Africa,Eastern Africa,Zimbabwe,Mashonaland West,Makonde (Adm. Lev. 2 name),-17.285,30.09,FAO-Report,Confirmed,Domestic - Goat/sheep ,Domestic - Goat/Sheep ,01/01/1978,01/01/1978,,
161266,UNFAO-LEG-161266,Rift Valley fever,,Africa,Eastern Africa,Zimbabwe,Mashonaland West,Makonde (Adm. Lev. 2 name),-17.308,30.158,FAO-Report,Confirmed,Domestic - Goat/sheep ,Domestic - Goat/Sheep ,01/01/1978,01/01/1978,,
161267,UNFAO-LEG-161267,Rift Valley fever,,Africa,Eastern Africa,Zimbabwe,Mashonaland West,Makonde (Adm. Lev. 2 name),-17.282,30.222,FAO-Report,Confirmed,Domestic - Goat/sheep ,Domestic - Goat/Sheep ,01/01/1978,01/01/1978,,
161268,UNFAO-LEG-161268,Rift Valley fever,,Africa,Eastern Africa,Zimbabwe,Mashonaland West,Zvimba (Adm. Lev. 2 name),-17.31,30.329,FAO-Report,Confirmed,Domestic - Goat/sheep ,Domestic - Goat/Sheep ,01/01/1978,01/01/1978,,
161269,UNFAO-LEG-161269,Rift Valley fever,,Africa,Eastern Africa,Zimbabwe,Mashonaland West,Zvimba (Adm. Lev. 2 name),-17.392,30.338,FAO-Report,Confirmed,Domestic - Goat/sheep ,Domestic - Goat/Sheep ,01/01/1978,01/01/1978,,
161270,UNFAO-LEG-161270,Rift Valley fever,,Africa,Eastern Africa,Zimbabwe,Mashonaland West,Zvimba (Adm. Lev. 2 name),-17.454,30.281,FAO-Report,Confirmed,Domestic - Goat/sheep ,Domestic - Goat/Sheep ,01/01/1978,01/01/1978,,
161271,UNFAO-LEG-161271,Rift Valley fever,,Africa,Eastern Africa,Zimbabwe,Mashonaland West,Makonde (Adm. Lev. 2 name),-17.428,30.18,FAO-Report,Confirmed,Domestic - Goat/sheep ,Domestic - Goat/Sheep ,01/01/1978,01/01/1978,,
161272,UNFAO-LEG-161272,Rift Valley fever,,Africa,Eastern Africa,Zimbabwe,Mashonaland West,Zvimba (Adm. Lev. 2 name),-17.381,30.222,FAO-Report,Confirmed,Domestic - Goat/sheep ,Domestic - Goat/Sheep ,01/01/1978,01/01/1978,,
161273,UNFAO-LEG-161273,Rift Valley fever,,Africa,Eastern Africa,Zimbabwe,Mashonaland West,Makonde (Adm. Lev. 2 name),-17.367,30.107,FAO-Report,Confirmed,Domestic - Goat/sheep ,Domestic - Goat/Sheep ,01/01/1978,01/01/1978,,
161274,UNFAO-LEG-161274,Rift Valley fever,,Africa,Eastern Africa,Zimbabwe,Mashonaland West,Makonde (Adm. Lev. 2 name),-17.456,30.096,FAO-Report,Confirmed,Domestic - Goat/sheep ,Domestic - Goat/Sheep ,01/01/1978,01/01/1978,,
161275,UNFAO-LEG-161275,Rift Valley fever,,Africa,Eastern Africa,Zimbabwe,Mashonaland West,Makonde (Adm. Lev. 2 name),-17.49,30.166,FAO-Report,Confirmed,Domestic - Goat/sheep ,Domestic - Goat/Sheep ,01/01/1978,01/01/1978,,
161276,UNFAO-LEG-161276,Rift Valley fever,,Africa,Eastern Africa,Zimbabwe,Mashonaland West,Zvimba (Adm. Lev. 2 name),-17.569,30.363,FAO-Report,Confirmed,Domestic - Goat/sheep ,Domestic - Goat/Sheep ,01/01/1978,01/01/1978,,
161277,UNFAO-LEG-161277,Rift Valley fever,,Africa,Eastern Africa,Zimbabwe,Mashonaland West,Zvimba (Adm. Lev. 2 name),-17.569,30.439,FAO-Report,Confirmed,Domestic - Goat/sheep ,Domestic - Goat/Sheep ,01/01/1978,01/01/1978,,
161278,UNFAO-LEG-161278,Rift Valley fever,,Africa,Eastern Africa,Zimbabwe,Mashonaland West,Zvimba (Adm. Lev. 2 name),-17.605,30.503,FAO-Report,Confirmed,Domestic - Goat/sheep ,Domestic - Goat/Sheep ,01/01/1978,01/01/1978,,
161279,UNFAO-LEG-161279,Rift Valley fever,,Africa,Eastern Africa,Zimbabwe,Mashonaland West,Zvimba (Adm. Lev. 2 name),-17.518,30.526,FAO-Report,Confirmed,Domestic - Goat/sheep ,Domestic - Goat/Sheep ,01/01/1978,01/01/1978,,
161280,UNFAO-LEG-161280,Rift Valley fever,,Africa,Eastern Africa,Zimbabwe,Mashonaland Central,Mazowe (Adm. Lev. 2 name),-17.485,30.661,FAO-Report,Confirmed,Domestic - Goat/sheep ,Domestic - Goat/Sheep ,01/01/1978,01/01/1978,,
161281,UNFAO-LEG-161281,Rift Valley fever,,Africa,Eastern Africa,Zimbabwe,Mashonaland Central,Mazowe (Adm. Lev. 2 name),-17.558,30.7,FAO-Report,Confirmed,Domestic - Goat/sheep ,Domestic - Goat/Sheep ,01/01/1978,01/01/1978,,
161282,UNFAO-LEG-161282,Rift Valley fever,,Africa,Eastern Africa,Zimbabwe,Mashonaland West,Zvimba (Adm. Lev. 2 name),-17.597,30.622,FAO-Report,Confirmed,Domestic - Goat/sheep ,Domestic - Goat/Sheep ,01/01/1978,01/01/1978,,
161283,UNFAO-LEG-161283,Rift Valley fever,,Africa,Eastern Africa,Zimbabwe,Mashonaland West,Zvimba (Adm. Lev. 2 name),-17.428,30.523,FAO-Report,Confirmed,Domestic - Goat/sheep ,Domestic - Goat/Sheep ,01/01/1978,01/01/1978,,
161284,UNFAO-LEG-161284,Rift Valley fever,,Africa,Eastern Africa,Zimbabwe,Mashonaland West,Zvimba (Adm. Lev. 2 name),-17.383,30.475,FAO-Report,Confirmed,Domestic - Goat/sheep ,Domestic - Goat/Sheep ,01/01/1978,01/01/1978,,
161285,UNFAO-LEG-161285,Rift Valley fever,,Africa,Eastern Africa,Zimbabwe,Mashonaland West,Zvimba (Adm. Lev. 2 name),-17.344,30.425,FAO-Report,Confirmed,Domestic - Goat/sheep ,Domestic - Goat/Sheep ,01/01/1978,01/01/1978,,
161286,UNFAO-LEG-161286,Rift Valley fever,,Africa,Eastern Africa,Zimbabwe,Mashonaland West,Zvimba (Adm. Lev. 2 name),-17.406,30.405,FAO-Report,Confirmed,Domestic - Goat/sheep ,Domestic - Goat/Sheep ,01/01/1978,01/01/1978,,
161287,UNFAO-LEG-161287,Rift Valley fever,,Africa,Eastern Africa,Zimbabwe,Mashonaland West,Zvimba (Adm. Lev. 2 name),-17.504,30.374,FAO-Report,Confirmed,Domestic - Goat/sheep ,Domestic - Goat/Sheep ,01/01/1978,01/01/1978,,
161288,UNFAO-LEG-161288,Rift Valley fever,,Africa,Eastern Africa,Zimbabwe,Mashonaland West,Zvimba (Adm. Lev. 2 name),-17.482,30.461,FAO-Report,Confirmed,Domestic - Goat/sheep ,Domestic - Goat/Sheep ,01/01/1978,01/01/1978,,
161289,UNFAO-LEG-161289,Rift Valley fever,,Africa,Eastern Africa,Zimbabwe,Mashonaland West,Zvimba (Adm. Lev. 2 name),-17.468,30.405,FAO-Report,Confirmed,Domestic - Goat/sheep ,Domestic - Goat/Sheep ,01/01/1978,01/01/1978,,
161290,UNFAO-LEG-161290,Rift Valley fever,,Africa,Eastern Africa,Zimbabwe,Mashonaland West,Zvimba (Adm. Lev. 2 name),-17.774,30.459,FAO-Report,Confirmed,Domestic - Goat/sheep ,Domestic - Goat/Sheep ,01/01/1978,01/01/1978,,
161291,UNFAO-LEG-161291,Rift Valley fever,,Africa,Eastern Africa,Zimbabwe,Mashonaland West,Zvimba (Adm. Lev. 2 name),-17.76,30.605,FAO-Report,Confirmed,Domestic - Goat/sheep ,Domestic - Goat/Sheep ,01/01/1978,01/01/1978,,
161292,UNFAO-LEG-161292,Rift Valley fever,,Africa,Eastern Africa,Zimbabwe,Mashonaland West,Zvimba (Adm. Lev. 2 name),-17.777,30.664,FAO-Report,Confirmed,Domestic - Goat/sheep ,Domestic - Goat/Sheep ,01/01/1978,01/01/1978,,
161293,UNFAO-LEG-161293,Rift Valley fever,,Africa,Eastern Africa,Zimbabwe,Mashonaland West,Zvimba (Adm. Lev. 2 name),-17.791,30.74,FAO-Report,Confirmed,Domestic - Goat/sheep ,Domestic - Goat/Sheep ,01/01/1978,01/01/1978,,
161294,UNFAO-LEG-161294,Rift Valley fever,,Africa,Eastern Africa,Zimbabwe,Mashonaland West,Zvimba (Adm. Lev. 2 name),-17.74,30.765,FAO-Report,Confirmed,Domestic - Goat/sheep ,Domestic - Goat/Sheep ,01/01/1978,01/01/1978,,
161295,UNFAO-LEG-161295,Rift Valley fever,,Africa,Eastern Africa,Zimbabwe,Mashonaland West,Zvimba (Adm. Lev. 2 name),-17.667,30.782,FAO-Report,Confirmed,Domestic - Goat/sheep ,Domestic - Goat/Sheep ,01/01/1978,01/01/1978,,
161296,UNFAO-LEG-161296,Rift Valley fever,,Africa,Eastern Africa,Zimbabwe,Mashonaland Central,Mazowe (Adm. Lev. 2 name),-17.611,30.815,FAO-Report,Confirmed,Domestic - Goat/sheep ,Domestic - Goat/Sheep ,01/01/1978,01/01/1978,,
161297,UNFAO-LEG-161297,Rift Valley fever,,Africa,Eastern Africa,Zimbabwe,Mashonaland Central,Mazowe (Adm. Lev. 2 name),-17.617,30.874,FAO-Report,Confirmed,Domestic - Goat/sheep ,Domestic - Goat/Sheep ,01/01/1978,01/01/1978,,
161298,UNFAO-LEG-161298,Rift Valley fever,,Africa,Eastern Africa,Zimbabwe,Mashonaland Central,Mazowe (Adm. Lev. 2 name),-17.639,30.931,FAO-Report,Confirmed,Domestic - Goat/sheep ,Domestic - Goat/Sheep ,01/01/1978,01/01/1978,,
161299,UNFAO-LEG-161299,Rift Valley fever,,Africa,Eastern Africa,Zimbabwe,Mashonaland West,Zvimba (Adm. Lev. 2 name),-17.698,30.917,FAO-Report,Confirmed,Domestic - Goat/sheep ,Domestic - Goat/Sheep ,01/01/1978,01/01/1978,,
161300,UNFAO-LEG-161300,Rift Valley fever,,Africa,Eastern Africa,Zimbabwe,Mashonaland West,Zvimba (Adm. Lev. 2 name),-17.76,30.903,FAO-Report,Confirmed,Domestic - Goat/sheep ,Domestic - Goat/Sheep ,01/01/1978,01/01/1978,,
161301,UNFAO-LEG-161301,Rift Valley fever,,Africa,Eastern Africa,Zimbabwe,Mashonaland West,Zvimba (Adm. Lev. 2 name),-17.735,30.846,FAO-Report,Confirmed,Domestic - Goat/sheep ,Domestic - Goat/Sheep ,01/01/1978,01/01/1978,,
161302,UNFAO-LEG-161302,Rift Valley fever,,Africa,Eastern Africa,Zimbabwe,Mashonaland West,Zvimba (Adm. Lev. 2 name),-17.667,30.849,FAO-Report,Confirmed,Domestic - Goat/sheep ,Domestic - Goat/Sheep ,01/01/1978,01/01/1978,,
161303,UNFAO-LEG-161303,Rift Valley fever,,Africa,Eastern Africa,Zimbabwe,Mashonaland Central,Mazowe (Adm. Lev. 2 name),-17.611,31.043,FAO-Report,Confirmed,Domestic - Goat/sheep ,Domestic - Goat/Sheep ,01/01/1978,01/01/1978,,
161304,UNFAO-LEG-161304,Rift Valley fever,,Africa,Eastern Africa,Zimbabwe,Mashonaland East,Goromonzi (Adm. Lev. 2 name),-17.589,31.164,FAO-Report,Confirmed,Domestic - Goat/sheep ,Domestic - Goat/Sheep ,01/01/1978,01/01/1978,,
161305,UNFAO-LEG-161305,Rift Valley fever,,Africa,Eastern Africa,Zimbabwe,Mashonaland East,Goromonzi (Adm. Lev. 2 name),-17.67,31.279,FAO-Report,Confirmed,Domestic - Goat/sheep ,Domestic - Goat/Sheep ,01/01/1978,01/01/1978,,
161306,UNFAO-LEG-161306,Rift Valley fever,,Africa,Eastern Africa,Zimbabwe,Mashonaland East,Goromonzi (Adm. Lev. 2 name),-17.693,31.361,FAO-Report,Confirmed,Domestic - Goat/sheep ,Domestic - Goat/Sheep ,01/01/1978,01/01/1978,,
161307,UNFAO-LEG-161307,Rift Valley fever,,Africa,Eastern Africa,Zimbabwe,Mashonaland Central,Mazowe (Adm. Lev. 2 name),-17.707,30.984,FAO-Report,Confirmed,Domestic - Goat/sheep ,Domestic - Goat/Sheep ,01/01/1978,01/01/1978,,
161308,UNFAO-LEG-161308,Rift Valley fever,,Africa,Eastern Africa,Zimbabwe,Harare,Harare (Adm. Lev. 2 name),-17.752,31.049,FAO-Report,Confirmed,Domestic - Goat/sheep ,Domestic - Goat/Sheep ,01/01/1978,01/01/1978,,
161309,UNFAO-LEG-161309,Rift Valley fever,,Africa,Eastern Africa,Zimbabwe,Harare,Harare (Adm. Lev. 2 name),-17.783,30.976,FAO-Report,Confirmed,Domestic - Goat/sheep ,Domestic - Goat/Sheep ,01/01/1978,01/01/1978,,
161310,UNFAO-LEG-161310,Rift Valley fever,,Africa,Eastern Africa,Zimbabwe,Harare,Harare (Adm. Lev. 2 name),-17.827,30.942,FAO-Report,Confirmed,Domestic - Goat/sheep ,Domestic - Goat/Sheep ,01/01/1978,01/01/1978,,
161311,UNFAO-LEG-161311,Rift Valley fever,,Africa,Eastern Africa,Zimbabwe,Mashonaland East,Goromonzi (Adm. Lev. 2 name),-17.645,31.108,FAO-Report,Confirmed,Domestic - Goat/sheep ,Domestic - Goat/Sheep ,01/01/1978,01/01/1978,,
161312,UNFAO-LEG-161312,Rift Valley fever,,Africa,Eastern Africa,Zimbabwe,Mashonaland East,Goromonzi (Adm. Lev. 2 name),-17.648,31.161,FAO-Report,Confirmed,Domestic - Goat/sheep ,Domestic - Goat/Sheep ,01/01/1978,01/01/1978,,
161313,UNFAO-LEG-161313,Rift Valley fever,,Africa,Eastern Africa,Zimbabwe,Mashonaland East,Goromonzi (Adm. Lev. 2 name),-17.69,31.206,FAO-Report,Confirmed,Domestic - Goat/sheep ,Domestic - Goat/Sheep ,01/01/1978,01/01/1978,,
161314,UNFAO-LEG-161314,Rift Valley fever,,Africa,Eastern Africa,Zimbabwe,Harare,Harare (Adm. Lev. 2 name),-17.715,31.15,FAO-Report,Confirmed,Domestic - Goat/sheep ,Domestic - Goat/Sheep ,01/01/1978,01/01/1978,,
161315,UNFAO-LEG-161315,Rift Valley fever,,Africa,Eastern Africa,Zimbabwe,Harare,Harare (Adm. Lev. 2 name),-17.69,31.091,FAO-Report,Confirmed,Domestic - Goat/sheep ,Domestic - Goat/Sheep ,01/01/1978,01/01/1978,,
161316,UNFAO-LEG-161316,Rift Valley fever,,Africa,Eastern Africa,Zimbabwe,Mashonaland East,Goromonzi (Adm. Lev. 2 name),-17.931,31.265,FAO-Report,Confirmed,Domestic - Goat/sheep ,Domestic - Goat/Sheep ,01/01/1978,01/01/1978,,
161317,UNFAO-LEG-161317,Rift Valley fever,,Africa,Eastern Africa,Zimbabwe,Mashonaland East,Goromonzi (Adm. Lev. 2 name),-17.943,31.17,FAO-Report,Confirmed,Domestic - Goat/sheep ,Domestic - Goat/Sheep ,01/01/1978,01/01/1978,,
161318,UNFAO-LEG-161318,Rift Valley fever,,Africa,Eastern Africa,Zimbabwe,Harare,Harare (Adm. Lev. 2 name),-17.931,31.097,FAO-Report,Confirmed,Domestic - Goat/sheep ,Domestic - Goat/Sheep ,01/01/1978,01/01/1978,,
161319,UNFAO-LEG-161319,Rift Valley fever,,Africa,Eastern Africa,Zimbabwe,Harare,Harare (Adm. Lev. 2 name),-17.931,31.04,FAO-Report,Confirmed,Domestic - Goat/sheep ,Domestic - Goat/Sheep ,01/01/1978,01/01/1978,,
161320,UNFAO-LEG-161320,Rift Valley fever,,Africa,Eastern Africa,Zimbabwe,Mashonaland East,Seke (Adm. Lev. 2 name),-18.097,30.99,FAO-Report,Confirmed,Domestic - Goat/sheep ,Domestic - Goat/Sheep ,01/01/1978,01/01/1978,,
161321,UNFAO-LEG-161321,Rift Valley fever,,Africa,Eastern Africa,Zimbabwe,Mashonaland East,Seke (Adm. Lev. 2 name),-18.072,31.04,FAO-Report,Confirmed,Domestic - Goat/sheep ,Domestic - Goat/Sheep ,01/01/1978,01/01/1978,,
161322,UNFAO-LEG-161322,Rift Valley fever,,Africa,Eastern Africa,Zimbabwe,Mashonaland East,Seke (Adm. Lev. 2 name),-18.137,31.054,FAO-Report,Confirmed,Domestic - Goat/sheep ,Domestic - Goat/Sheep ,01/01/1978,01/01/1978,,
161323,UNFAO-LEG-161323,Rift Valley fever,,Africa,Eastern Africa,Zimbabwe,Mashonaland East,Seke (Adm. Lev. 2 name),-18.075,30.914,FAO-Report,Confirmed,Domestic - Goat/sheep ,Domestic - Goat/Sheep ,01/01/1978,01/01/1978,,
161324,UNFAO-LEG-161324,Rift Valley fever,,Africa,Eastern Africa,Zimbabwe,Mashonaland East,Seke (Adm. Lev. 2 name),-18.033,30.981,FAO-Report,Confirmed,Domestic - Goat/sheep ,Domestic - Goat/Sheep ,01/01/1978,01/01/1978,,
161325,UNFAO-LEG-161325,Rift Valley fever,,Africa,Eastern Africa,Zimbabwe,Mashonaland West,Zvimba (Adm. Lev. 2 name),-17.858,30.785,FAO-Report,Confirmed,Domestic - Goat/sheep ,Domestic - Goat/Sheep ,01/01/1978,01/01/1978,,
161326,UNFAO-LEG-161326,Rift Valley fever,,Africa,Eastern Africa,Zimbabwe,Mashonaland West,Zvimba (Adm. Lev. 2 name),-17.858,30.86,FAO-Report,Confirmed,Domestic - Goat/sheep ,Domestic - Goat/Sheep ,01/01/1978,01/01/1978,,
161327,UNFAO-LEG-161327,Rift Valley fever,,Africa,Eastern Africa,Zimbabwe,Mashonaland West,Zvimba (Adm. Lev. 2 name),-17.923,30.858,FAO-Report,Confirmed,Domestic - Goat/sheep ,Domestic - Goat/Sheep ,01/01/1978,01/01/1978,,
161328,UNFAO-LEG-161328,Rift Valley fever,,Africa,Eastern Africa,Zimbabwe,Harare,Zvimba (Adm. Lev. 2 name),-17.895,30.914,FAO-Report,Confirmed,Domestic - Goat/sheep ,Domestic - Goat/Sheep ,01/01/1978,01/01/1978,,
161329,UNFAO-LEG-161329,Rift Valley fever,,Africa,Eastern Africa,Zimbabwe,Harare,Harare (Adm. Lev. 2 name),-17.929,30.959,FAO-Report,Confirmed,Domestic - Goat/sheep ,Domestic - Goat/Sheep ,01/01/1978,01/01/1978,,
161330,UNFAO-LEG-161330,Rift Valley fever,,Africa,Eastern Africa,Zimbabwe,Mashonaland East,Seke (Adm. Lev. 2 name),-17.985,30.838,FAO-Report,Confirmed,Domestic - Goat/sheep ,Domestic - Goat/Sheep ,01/01/1978,01/01/1978,,
161331,UNFAO-LEG-161331,Rift Valley fever,,Africa,Eastern Africa,Zimbabwe,Mashonaland East,Seke (Adm. Lev. 2 name),-17.974,30.95,FAO-Report,Confirmed,Domestic - Goat/sheep ,Domestic - Goat/Sheep ,01/01/1978,01/01/1978,,
161332,UNFAO-LEG-161332,Rift Valley fever,,Africa,Eastern Africa,Zimbabwe,Mashonaland East,Seke (Adm. Lev. 2 name),-18.044,30.846,FAO-Report,Confirmed,Domestic - Goat/sheep ,Domestic - Goat/Sheep ,01/01/1978,01/01/1978,,
161333,UNFAO-LEG-161333,Rift Valley fever,,Africa,Eastern Africa,Zimbabwe,Mashonaland East,Seke (Adm. Lev. 2 name),-18.01,30.908,FAO-Report,Confirmed,Domestic - Goat/sheep ,Domestic - Goat/Sheep ,01/01/1978,01/01/1978,,
161334,UNFAO-LEG-161334,Rift Valley fever,,Africa,Eastern Africa,Zimbabwe,Mashonaland East,Seke (Adm. Lev. 2 name),-18.213,30.959,FAO-Report,Confirmed,Domestic - Goat/sheep ,Domestic - Goat/Sheep ,01/01/1978,01/01/1978,,
161335,UNFAO-LEG-161335,Rift Valley fever,,Africa,Eastern Africa,Zimbabwe,Mashonaland East,Seke (Adm. Lev. 2 name),-18.311,30.917,FAO-Report,Confirmed,Domestic - Goat/sheep ,Domestic - Goat/Sheep ,01/01/1978,01/01/1978,,
161336,UNFAO-LEG-161336,Rift Valley fever,,Africa,Eastern Africa,Zimbabwe,Mashonaland East,Seke (Adm. Lev. 2 name),-18.305,30.841,FAO-Report,Confirmed,Domestic - Goat/sheep ,Domestic - Goat/Sheep ,01/01/1978,01/01/1978,,
161337,UNFAO-LEG-161337,Rift Valley fever,,Africa,Eastern Africa,Zimbabwe,Mashonaland East,Seke (Adm. Lev. 2 name),-18.213,30.835,FAO-Report,Confirmed,Domestic - Goat/sheep ,Domestic - Goat/Sheep ,01/01/1978,01/01/1978,,
161338,UNFAO-LEG-161338,Rift Valley fever,,Africa,Eastern Africa,Zimbabwe,Mashonaland East,Seke (Adm. Lev. 2 name),-18.249,30.776,FAO-Report,Confirmed,Domestic - Goat/sheep ,Domestic - Goat/Sheep ,01/01/1978,01/01/1978,,
161339,UNFAO-LEG-161339,Rift Valley fever,,Africa,Eastern Africa,Zimbabwe,Mashonaland East,Seke (Adm. Lev. 2 name),-18.311,30.765,FAO-Report,Confirmed,Domestic - Goat/sheep ,Domestic - Goat/Sheep ,01/01/1978,01/01/1978,,
161340,UNFAO-LEG-161340,Rift Valley fever,,Africa,Eastern Africa,Zimbabwe,Mashonaland East,Seke (Adm. Lev. 2 name),-18.384,30.79,FAO-Report,Confirmed,Domestic - Goat/sheep ,Domestic - Goat/Sheep ,01/01/1978,01/01/1978,,
161341,UNFAO-LEG-161341,Rift Valley fever,,Africa,Eastern Africa,Zimbabwe,Mashonaland West,Chegutu (Adm. Lev. 2 name),-17.85,30.54,FAO-Report,Confirmed,Domestic - Goat/sheep ,Domestic - Goat/Sheep ,01/01/1978,01/01/1978,,
161342,UNFAO-LEG-161342,Rift Valley fever,,Africa,Eastern Africa,Zimbabwe,Mashonaland West,Chegutu (Adm. Lev. 2 name),-17.856,30.636,FAO-Report,Confirmed,Domestic - Goat/sheep ,Domestic - Goat/Sheep ,01/01/1978,01/01/1978,,
161343,UNFAO-LEG-161343,Rift Valley fever,,Africa,Eastern Africa,Zimbabwe,Mashonaland West,Chegutu (Adm. Lev. 2 name),-17.92,30.633,FAO-Report,Confirmed,Domestic - Goat/sheep ,Domestic - Goat/Sheep ,01/01/1978,01/01/1978,,
161344,UNFAO-LEG-161344,Rift Valley fever,,Africa,Eastern Africa,Zimbabwe,Mashonaland West,Chegutu (Adm. Lev. 2 name),-17.968,30.695,FAO-Report,Confirmed,Domestic - Goat/sheep ,Domestic - Goat/Sheep ,01/01/1978,01/01/1978,,
161345,UNFAO-LEG-161345,Rift Valley fever,,Africa,Eastern Africa,Zimbabwe,Mashonaland West,Chegutu (Adm. Lev. 2 name),-17.909,30.582,FAO-Report,Confirmed,Domestic - Goat/sheep ,Domestic - Goat/Sheep ,01/01/1978,01/01/1978,,
161346,UNFAO-LEG-161346,Rift Valley fever,,Africa,Eastern Africa,Zimbabwe,Mashonaland West,Chegutu (Adm. Lev. 2 name),-18.052,30.414,FAO-Report,Confirmed,Domestic - Goat/sheep ,Domestic - Goat/Sheep ,01/01/1978,01/01/1978,,
161347,UNFAO-LEG-161347,Rift Valley fever,,Africa,Eastern Africa,Zimbabwe,Mashonaland West,Chegutu (Adm. Lev. 2 name),-18.024,30.47,FAO-Report,Confirmed,Domestic - Goat/sheep ,Domestic - Goat/Sheep ,01/01/1978,01/01/1978,,
161348,UNFAO-LEG-161348,Rift Valley fever,,Africa,Eastern Africa,Zimbabwe,Mashonaland West,Chegutu (Adm. Lev. 2 name),-17.988,30.532,FAO-Report,Confirmed,Domestic - Goat/sheep ,Domestic - Goat/Sheep ,01/01/1978,01/01/1978,,
161349,UNFAO-LEG-161349,Rift Valley fever,,Africa,Eastern Africa,Zimbabwe,Mashonaland West,Chegutu (Adm. Lev. 2 name),-18.08,30.689,FAO-Report,Confirmed,Domestic - Goat/sheep ,Domestic - Goat/Sheep ,01/01/1978,01/01/1978,,
161350,UNFAO-LEG-161350,Rift Valley fever,,Africa,Eastern Africa,Zimbabwe,Mashonaland West,Chegutu (Adm. Lev. 2 name),-17.94,30.442,FAO-Report,Confirmed,Domestic - Goat/sheep ,Domestic - Goat/Sheep ,01/01/1978,01/01/1978,,
161351,UNFAO-LEG-161351,Rift Valley fever,,Africa,Eastern Africa,Zimbabwe,Mashonaland West,Chegutu (Adm. Lev. 2 name),-17.96,30.208,FAO-Report,Confirmed,Domestic - Goat/sheep ,Domestic - Goat/Sheep ,01/01/1978,01/01/1978,,
161352,UNFAO-LEG-161352,Rift Valley fever,,Africa,Eastern Africa,Zimbabwe,Mashonaland West,Chegutu (Adm. Lev. 2 name),-18.092,30.318,FAO-Report,Confirmed,Domestic - Goat/sheep ,Domestic - Goat/Sheep ,01/01/1978,01/01/1978,,
161353,UNFAO-LEG-161353,Rift Valley fever,,Africa,Eastern Africa,Zimbabwe,Mashonaland West,Chegutu (Adm. Lev. 2 name),-18.19,30.397,FAO-Report,Confirmed,Domestic - Goat/sheep ,Domestic - Goat/Sheep ,01/01/1978,01/01/1978,,
161354,UNFAO-LEG-161354,Rift Valley fever,,Africa,Eastern Africa,Zimbabwe,Mashonaland West,Chegutu (Adm. Lev. 2 name),-18.109,30.155,FAO-Report,Confirmed,Domestic - Goat/sheep ,Domestic - Goat/Sheep ,01/01/1978,01/01/1978,,
161355,UNFAO-LEG-161355,Rift Valley fever,,Africa,Eastern Africa,Zimbabwe,Mashonaland West,Chegutu (Adm. Lev. 2 name),-18.094,30.231,FAO-Report,Confirmed,Domestic - Goat/sheep ,Domestic - Goat/Sheep ,01/01/1978,01/01/1978,,
161356,UNFAO-LEG-161356,Rift Valley fever,,Africa,Eastern Africa,Zimbabwe,Mashonaland West,Chegutu (Adm. Lev. 2 name),-18.17,30.141,FAO-Report,Confirmed,Domestic - Goat/sheep ,Domestic - Goat/Sheep ,01/01/1978,01/01/1978,,
161357,UNFAO-LEG-161357,Rift Valley fever,,Africa,Eastern Africa,Zimbabwe,Mashonaland West,Chegutu (Adm. Lev. 2 name),-18.221,30.09,FAO-Report,Confirmed,Domestic - Goat/sheep ,Domestic - Goat/Sheep ,01/01/1978,01/01/1978,,
161358,UNFAO-LEG-161358,Rift Valley fever,,Africa,Eastern Africa,Zimbabwe,Mashonaland West,Chegutu (Adm. Lev. 2 name),-18.165,30.051,FAO-Report,Confirmed,Domestic - Goat/sheep ,Domestic - Goat/Sheep ,01/01/1978,01/01/1978,,
161359,UNFAO-LEG-161359,Rift Valley fever,,Africa,Eastern Africa,Zimbabwe,Mashonaland West,Chegutu (Adm. Lev. 2 name),-18.302,30.121,FAO-Report,Confirmed,Domestic - Goat/sheep ,Domestic - Goat/Sheep ,01/01/1978,01/01/1978,,
161360,UNFAO-LEG-161360,Rift Valley fever,,Africa,Eastern Africa,Zimbabwe,Mashonaland West,Chegutu (Adm. Lev. 2 name),-18.283,30.192,FAO-Report,Confirmed,Domestic - Goat/sheep ,Domestic - Goat/Sheep ,01/01/1978,01/01/1978,,
161361,UNFAO-LEG-161361,Rift Valley fever,,Africa,Eastern Africa,Zimbabwe,Mashonaland West,Chegutu (Adm. Lev. 2 name),-18.305,30.253,FAO-Report,Confirmed,Domestic - Goat/sheep ,Domestic - Goat/Sheep ,01/01/1978,01/01/1978,,
161362,UNFAO-LEG-161362,Rift Valley fever,,Africa,Eastern Africa,Zimbabwe,Mashonaland West,Chegutu (Adm. Lev. 2 name),-18.367,30.318,FAO-Report,Confirmed,Domestic - Goat/sheep ,Domestic - Goat/Sheep ,01/01/1978,01/01/1978,,
161363,UNFAO-LEG-161363,Rift Valley fever,,Africa,Eastern Africa,Zimbabwe,Mashonaland West,Chegutu (Adm. Lev. 2 name),-18.364,30.402,FAO-Report,Confirmed,Domestic - Goat/sheep ,Domestic - Goat/Sheep ,01/01/1978,01/01/1978,,
161364,UNFAO-LEG-161364,Rift Valley fever,,Africa,Eastern Africa,Zimbabwe,Mashonaland West,Kadoma (Adm. Lev. 2 name),-18.325,29.998,FAO-Report,Confirmed,Domestic - Goat/sheep ,Domestic - Goat/Sheep ,01/01/1978,01/01/1978,,
161365,UNFAO-LEG-161365,Rift Valley fever,,Africa,Eastern Africa,Zimbabwe,Mashonaland West,Kadoma (Adm. Lev. 2 name),-18.26,30.006,FAO-Report,Confirmed,Domestic - Goat/sheep ,Domestic - Goat/Sheep ,01/01/1978,01/01/1978,,
161366,UNFAO-LEG-161366,Rift Valley fever,,Africa,Eastern Africa,Zimbabwe,Mashonaland West,Kadoma (Adm. Lev. 2 name),-18.227,29.93,FAO-Report,Confirmed,Domestic - Goat/sheep ,Domestic - Goat/Sheep ,01/01/1978,01/01/1978,,
161367,UNFAO-LEG-161367,Rift Valley fever,,Africa,Eastern Africa,Zimbabwe,Mashonaland West,Kadoma (Adm. Lev. 2 name),-18.218,29.854,FAO-Report,Confirmed,Domestic - Goat/sheep ,Domestic - Goat/Sheep ,01/01/1978,01/01/1978,,
161368,UNFAO-LEG-161368,Rift Valley fever,,Africa,Eastern Africa,Zimbabwe,Mashonaland West,Kadoma (Adm. Lev. 2 name),-18.272,29.874,FAO-Report,Confirmed,Domestic - Goat/sheep ,Domestic - Goat/Sheep ,01/01/1978,01/01/1978,,
161369,UNFAO-LEG-161369,Rift Valley fever,,Africa,Eastern Africa,Zimbabwe,Mashonaland West,Kadoma (Adm. Lev. 2 name),-18.333,29.86,FAO-Report,Confirmed,Domestic - Goat/sheep ,Domestic - Goat/Sheep ,01/01/1978,01/01/1978,,
161370,UNFAO-LEG-161370,Rift Valley fever,,Africa,Eastern Africa,Zimbabwe,Mashonaland West,Kadoma (Adm. Lev. 2 name),-18.336,29.784,FAO-Report,Confirmed,Domestic - Goat/sheep ,Domestic - Goat/Sheep ,01/01/1978,01/01/1978,,
161371,UNFAO-LEG-161371,Rift Valley fever,,Africa,Eastern Africa,Zimbabwe,Mashonaland West,Kadoma (Adm. Lev. 2 name),-18.207,29.688,FAO-Report,Confirmed,Domestic - Goat/sheep ,Domestic - Goat/Sheep ,01/01/1978,01/01/1978,,
161372,UNFAO-LEG-161372,Rift Valley fever,,Africa,Eastern Africa,Zimbabwe,Mashonaland West,Kadoma (Adm. Lev. 2 name),-18.089,29.694,FAO-Report,Confirmed,Domestic - Goat/sheep ,Domestic - Goat/Sheep ,01/01/1978,01/01/1978,,
161373,UNFAO-LEG-161373,Rift Valley fever,,Africa,Eastern Africa,Zimbabwe,Mashonaland West,Kadoma (Adm. Lev. 2 name),-17.951,29.874,FAO-Report,Confirmed,Domestic - Goat/sheep ,Domestic - Goat/Sheep ,01/01/1978,01/01/1978,,
161374,UNFAO-LEG-161374,Rift Valley fever,,Africa,Eastern Africa,Zimbabwe,Mashonaland West,Kadoma (Adm. Lev. 2 name),-18.114,29.854,FAO-Report,Confirmed,Domestic - Goat/sheep ,Domestic - Goat/Sheep ,01/01/1978,01/01/1978,,
161375,UNFAO-LEG-161375,Rift Valley fever,,Africa,Eastern Africa,Zimbabwe,Mashonaland West,Kadoma (Adm. Lev. 2 name),-18.1,29.919,FAO-Report,Confirmed,Domestic - Goat/sheep ,Domestic - Goat/Sheep ,01/01/1978,01/01/1978,,
161376,UNFAO-LEG-161376,Rift Valley fever,,Africa,Eastern Africa,Zimbabwe,Mashonaland Central,Shamva (Adm. Lev. 2 name),-17.338,31.572,FAO-Report,Confirmed,Domestic - Goat/sheep ,Domestic - Goat/Sheep ,01/01/1978,01/01/1978,,
161377,UNFAO-LEG-161377,Rift Valley fever,,Africa,Eastern Africa,Zimbabwe,Mashonaland East,Marondera (Adm. Lev. 2 name),-18.311,31.479,FAO-Report,Confirmed,Domestic - Goat/sheep ,Domestic - Goat/Sheep ,01/01/1978,01/01/1978,,
161378,UNFAO-LEG-161378,Rift Valley fever,,Africa,Eastern Africa,Zimbabwe,Mashonaland East,Goromonzi (Adm. Lev. 2 name),-17.887,31.437,FAO-Report,Confirmed,Domestic - Goat/sheep ,Domestic - Goat/Sheep ,01/01/1978,01/01/1978,,
161379,UNFAO-LEG-161379,Rift Valley fever,,Africa,Eastern Africa,Zimbabwe,Mashonaland East,Seke (Adm. Lev. 2 name),-18.437,30.993,FAO-Report,Confirmed,Domestic - Goat/sheep ,Domestic - Goat/Sheep ,01/01/1978,01/01/1978,,
161380,UNFAO-LEG-161380,Rift Valley fever,,Africa,Eastern Africa,Zimbabwe,Mashonaland East,Chikomba (Adm. Lev. 2 name),-18.883,30.74,FAO-Report,Confirmed,Domestic - Goat/sheep ,Domestic - Goat/Sheep ,01/01/1978,01/01/1978,,
161381,UNFAO-LEG-161381,Rift Valley fever,,Africa,Eastern Africa,Zimbabwe,Mashonaland East,Chikomba (Adm. Lev. 2 name),-18.833,30.779,FAO-Report,Confirmed,Domestic - Goat/sheep ,Domestic - Goat/Sheep ,01/01/1978,01/01/1978,,
161382,UNFAO-LEG-161382,Rift Valley fever,,Africa,Eastern Africa,Zimbabwe,Mashonaland East,Chikomba (Adm. Lev. 2 name),-18.754,30.785,FAO-Report,Confirmed,Domestic - Goat/sheep ,Domestic - Goat/Sheep ,01/01/1978,01/01/1978,,
161383,UNFAO-LEG-161383,Rift Valley fever,,Africa,Eastern Africa,Zimbabwe,Mashonaland East,Chikomba (Adm. Lev. 2 name),-18.656,30.844,FAO-Report,Confirmed,Domestic - Goat/sheep ,Domestic - Goat/Sheep ,01/01/1978,01/01/1978,,
161384,UNFAO-LEG-161384,Rift Valley fever,,Africa,Eastern Africa,Zimbabwe,Mashonaland East,Chikomba (Adm. Lev. 2 name),-18.599,30.869,FAO-Report,Confirmed,Domestic - Goat/sheep ,Domestic - Goat/Sheep ,01/01/1978,01/01/1978,,
161385,UNFAO-LEG-161385,Rift Valley fever,,Africa,Eastern Africa,Zimbabwe,Mashonaland East,Chikomba (Adm. Lev. 2 name),-18.543,30.928,FAO-Report,Confirmed,Domestic - Goat/sheep ,Domestic - Goat/Sheep ,01/01/1978,01/01/1978,,
161386,UNFAO-LEG-161386,Rift Valley fever,,Africa,Eastern Africa,Zimbabwe,Mashonaland East,Seke (Adm. Lev. 2 name),-18.487,30.97,FAO-Report,Confirmed,Domestic - Goat/sheep ,Domestic - Goat/Sheep ,01/01/1978,01/01/1978,,
161387,UNFAO-LEG-161387,Rift Valley fever,,Africa,Eastern Africa,Zimbabwe,Mashonaland East,Seke (Adm. Lev. 2 name),-18.58,30.779,FAO-Report,Confirmed,Domestic - Goat/sheep ,Domestic - Goat/Sheep ,01/01/1978,01/01/1978,,
161388,UNFAO-LEG-161388,Rift Valley fever,,Africa,Eastern Africa,Zimbabwe,Mashonaland East,Chikomba (Adm. Lev. 2 name),-18.729,30.697,FAO-Report,Confirmed,Domestic - Goat/sheep ,Domestic - Goat/Sheep ,01/01/1978,01/01/1978,,
161389,UNFAO-LEG-161389,Rift Valley fever,,Africa,Eastern Africa,Zimbabwe,Mashonaland East,Chikomba (Adm. Lev. 2 name),-18.776,30.655,FAO-Report,Confirmed,Domestic - Goat/sheep ,Domestic - Goat/Sheep ,01/01/1978,01/01/1978,,
161390,UNFAO-LEG-161390,Rift Valley fever,,Africa,Eastern Africa,Zimbabwe,Mashonaland West,Kadoma (Adm. Lev. 2 name),-18.819,30.475,FAO-Report,Confirmed,Domestic - Goat/sheep ,Domestic - Goat/Sheep ,01/01/1978,01/01/1978,,
161391,UNFAO-LEG-161391,Rift Valley fever,,Africa,Eastern Africa,Zimbabwe,Mashonaland East,Chikomba (Adm. Lev. 2 name),-19.108,30.765,FAO-Report,Confirmed,Domestic - Goat/sheep ,Domestic - Goat/Sheep ,01/01/1978,01/01/1978,,
161392,UNFAO-LEG-161392,Rift Valley fever,,Africa,Eastern Africa,Zimbabwe,Mashonaland East,Chikomba (Adm. Lev. 2 name),-19.167,30.841,FAO-Report,Confirmed,Domestic - Goat/sheep ,Domestic - Goat/Sheep ,01/01/1978,01/01/1978,,
161393,UNFAO-LEG-161393,Rift Valley fever,,Africa,Eastern Africa,Zimbabwe,Midlands,Kwekwe (Adm. Lev. 2 name),-18.965,30.242,FAO-Report,Confirmed,Domestic - Goat/sheep ,Domestic - Goat/Sheep ,01/01/1978,01/01/1978,,
161394,UNFAO-LEG-161394,Rift Valley fever,,Africa,Eastern Africa,Zimbabwe,Midlands,Kwekwe (Adm. Lev. 2 name),-18.906,30.073,FAO-Report,Confirmed,Domestic - Goat/sheep ,Domestic - Goat/Sheep ,01/01/1978,01/01/1978,,
161395,UNFAO-LEG-161395,Rift Valley fever,,Africa,Eastern Africa,Zimbabwe,Midlands,Kwekwe (Adm. Lev. 2 name),-18.939,30.012,FAO-Report,Confirmed,Domestic - Goat/sheep ,Domestic - Goat/Sheep ,01/01/1978,01/01/1978,,
161396,UNFAO-LEG-161396,Rift Valley fever,,Africa,Eastern Africa,Zimbabwe,Midlands,Kwekwe (Adm. Lev. 2 name),-18.883,29.998,FAO-Report,Confirmed,Domestic - Goat/sheep ,Domestic - Goat/Sheep ,01/01/1978,01/01/1978,,
161397,UNFAO-LEG-161397,Rift Valley fever,,Africa,Eastern Africa,Zimbabwe,Midlands,Kwekwe (Adm. Lev. 2 name),-18.841,29.955,FAO-Report,Confirmed,Domestic - Goat/sheep ,Domestic - Goat/Sheep ,01/01/1978,01/01/1978,,
161398,UNFAO-LEG-161398,Rift Valley fever,,Africa,Eastern Africa,Zimbabwe,Midlands,Kwekwe (Adm. Lev. 2 name),-18.914,29.927,FAO-Report,Confirmed,Domestic - Goat/sheep ,Domestic - Goat/Sheep ,01/01/1978,01/01/1978,,
161399,UNFAO-LEG-161399,Rift Valley fever,,Africa,Eastern Africa,Zimbabwe,Midlands,Kwekwe (Adm. Lev. 2 name),-19.1,29.939,FAO-Report,Confirmed,Domestic - Goat/sheep ,Domestic - Goat/Sheep ,01/01/1978,01/01/1978,,
161400,UNFAO-LEG-161400,Rift Valley fever,,Africa,Eastern Africa,Zimbabwe,Midlands,Kwekwe (Adm. Lev. 2 name),-18.751,29.764,FAO-Report,Confirmed,Domestic - Goat/sheep ,Domestic - Goat/Sheep ,01/01/1978,01/01/1978,,
161401,UNFAO-LEG-161401,Rift Valley fever,,Africa,Eastern Africa,Zimbabwe,Mashonaland West,Kadoma (Adm. Lev. 2 name),-18.664,29.871,FAO-Report,Confirmed,Domestic - Goat/sheep ,Domestic - Goat/Sheep ,01/01/1978,01/01/1978,,
161402,UNFAO-LEG-161402,Rift Valley fever,,Africa,Eastern Africa,Zimbabwe,Mashonaland West,Kadoma (Adm. Lev. 2 name),-18.552,29.854,FAO-Report,Confirmed,Domestic - Goat/sheep ,Domestic - Goat/Sheep ,01/01/1978,01/01/1978,,
161403,UNFAO-LEG-161403,Rift Valley fever,,Africa,Eastern Africa,Zimbabwe,Mashonaland West,Kadoma (Adm. Lev. 2 name),-18.532,30.059,FAO-Report,Confirmed,Domestic - Goat/sheep ,Domestic - Goat/Sheep ,01/01/1978,01/01/1978,,
161404,UNFAO-LEG-161404,Rift Valley fever,,Africa,Eastern Africa,Zimbabwe,Mashonaland West,Kadoma (Adm. Lev. 2 name),-18.481,29.7,FAO-Report,Confirmed,Domestic - Goat/sheep ,Domestic - Goat/Sheep ,01/01/1978,01/01/1978,,
161405,UNFAO-LEG-161405,Rift Valley fever,,Africa,Eastern Africa,Zimbabwe,Midlands,Gweru (Adm. Lev. 2 name),-19.378,29.913,FAO-Report,Confirmed,Domestic - Goat/sheep ,Domestic - Goat/Sheep ,01/01/1978,01/01/1978,,
161406,UNFAO-LEG-161406,Rift Valley fever,,Africa,Eastern Africa,Zimbabwe,Midlands,Gweru (Adm. Lev. 2 name),-19.468,29.905,FAO-Report,Confirmed,Domestic - Goat/sheep ,Domestic - Goat/Sheep ,01/01/1978,01/01/1978,,
161407,UNFAO-LEG-161407,Rift Valley fever,,Africa,Eastern Africa,Zimbabwe,Midlands,Gweru (Adm. Lev. 2 name),-19.459,30.02,FAO-Report,Confirmed,Domestic - Goat/sheep ,Domestic - Goat/Sheep ,01/01/1978,01/01/1978,,
161408,UNFAO-LEG-161408,Rift Valley fever,,Africa,Eastern Africa,Zimbabwe,Midlands,Gweru (Adm. Lev. 2 name),-19.532,29.832,FAO-Report,Confirmed,Domestic - Goat/sheep ,Domestic - Goat/Sheep ,01/01/1978,01/01/1978,,
161409,UNFAO-LEG-161409,Rift Valley fever,,Africa,Eastern Africa,Zimbabwe,Matabeleland South,Insiza (Adm. Lev. 2 name),-19.974,29.14,FAO-Report,Confirmed,Domestic - Goat/sheep ,Domestic - Goat/Sheep ,01/01/1978,01/01/1978,,
161410,UNFAO-LEG-161410,Rift Valley fever,,Africa,Eastern Africa,Zimbabwe,Mashonaland East,Hwedza (Adm. Lev. 2 name),-18.476,31.358,FAO-Report,Confirmed,Domestic - Goat/sheep ,Domestic - Goat/Sheep ,01/01/1978,01/01/1978,,
161411,UNFAO-LEG-161411,Rift Valley fever,,Africa,Eastern Africa,Zimbabwe,Matabeleland South,Umzingwane (Adm. Lev. 2 name),-20.246,28.793,FAO-Report,Confirmed,Domestic - Goat/sheep ,Domestic - Goat/Sheep ,01/01/1978,01/01/1978,,
161412,UNFAO-LEG-161412,Rift Valley fever,,Africa,Eastern Africa,Zimbabwe,Matabeleland South,Umzingwane (Adm. Lev. 2 name),-20.286,28.908,FAO-Report,Confirmed,Domestic - Goat/sheep ,Domestic - Goat/Sheep ,01/01/1978,01/01/1978,,
161413,UNFAO-LEG-161413,Rift Valley fever,,Africa,Eastern Africa,Zimbabwe,Matabeleland North,Umguza (Adm. Lev. 2 name),-20.187,28.301,FAO-Report,Confirmed,Domestic - Goat/sheep ,Domestic - Goat/Sheep ,01/01/1978,01/01/1978,,
161414,UNFAO-LEG-161414,Rift Valley fever,,Africa,Eastern Africa,Zimbabwe,Matabeleland North,Umguza (Adm. Lev. 2 name),-20.184,28.411,FAO-Report,Confirmed,Domestic - Goat/sheep ,Domestic - Goat/Sheep ,01/01/1978,01/01/1978,,
161415,UNFAO-LEG-161415,Rift Valley fever,,Africa,Eastern Africa,Zimbabwe,Matabeleland North,Umguza (Adm. Lev. 2 name),-20.213,28.501,FAO-Report,Confirmed,Domestic - Goat/sheep ,Domestic - Goat/Sheep ,01/01/1978,01/01/1978,,
161416,UNFAO-LEG-161416,Rift Valley fever,,Africa,Eastern Africa,Zimbabwe,Bulawayo,Bulawayo (Adm. Lev. 2 name),-20.193,28.562,FAO-Report,Confirmed,Domestic - Goat/sheep ,Domestic - Goat/Sheep ,01/01/1978,01/01/1978,,
161417,UNFAO-LEG-161417,Rift Valley fever,,Africa,Eastern Africa,Zimbabwe,Matabeleland North,Umguza (Adm. Lev. 2 name),-20.151,28.692,FAO-Report,Confirmed,Domestic - Goat/sheep ,Domestic - Goat/Sheep ,01/01/1978,01/01/1978,,
161418,UNFAO-LEG-161418,Rift Valley fever,,Africa,Eastern Africa,Zimbabwe,Matabeleland North,Umguza (Adm. Lev. 2 name),-20.069,28.616,FAO-Report,Confirmed,Domestic - Goat/sheep ,Domestic - Goat/Sheep ,01/01/1978,01/01/1978,,
161419,UNFAO-LEG-161419,Rift Valley fever,,Africa,Eastern Africa,Zimbabwe,Bulawayo,Bulawayo (Adm. Lev. 2 name),-20.103,28.464,FAO-Report,Confirmed,Domestic - Goat/sheep ,Domestic - Goat/Sheep ,01/01/1978,01/01/1978,,
161420,UNFAO-LEG-161420,Rift Valley fever,,Africa,Eastern Africa,Zimbabwe,Matabeleland North,Umguza (Adm. Lev. 2 name),-19.83,28.532,FAO-Report,Confirmed,Domestic - Goat/sheep ,Domestic - Goat/Sheep ,01/01/1978,01/01/1978,,
161421,UNFAO-LEG-161421,Rift Valley fever,,Africa,Eastern Africa,Zimbabwe,Matabeleland North,Bubi (Adm. Lev. 2 name),-19.917,28.678,FAO-Report,Confirmed,Domestic - Goat/sheep ,Domestic - Goat/Sheep ,01/01/1978,01/01/1978,,
161422,UNFAO-LEG-161422,Rift Valley fever,,Africa,Eastern Africa,Zimbabwe,Matabeleland North,Bubi (Adm. Lev. 2 name),-19.738,28.81,FAO-Report,Confirmed,Domestic - Goat/sheep ,Domestic - Goat/Sheep ,01/01/1978,01/01/1978,,
161423,UNFAO-LEG-161423,Rift Valley fever,,Africa,Eastern Africa,Zimbabwe,Matabeleland North,Umguza (Adm. Lev. 2 name),-19.909,28.256,FAO-Report,Confirmed,Domestic - Goat/sheep ,Domestic - Goat/Sheep ,01/01/1978,01/01/1978,,
161424,UNFAO-LEG-161424,Rift Valley fever,,Africa,Eastern Africa,Zimbabwe,Matabeleland North,Umguza (Adm. Lev. 2 name),-19.892,28.349,FAO-Report,Confirmed,Domestic - Goat/sheep ,Domestic - Goat/Sheep ,01/01/1978,01/01/1978,,
161425,UNFAO-LEG-161425,Rift Valley fever,,Africa,Eastern Africa,Zimbabwe,Matabeleland North,Umguza (Adm. Lev. 2 name),-19.996,28.388,FAO-Report,Confirmed,Domestic - Goat/sheep ,Domestic - Goat/Sheep ,01/01/1978,01/01/1978,,
161426,UNFAO-LEG-161426,Rift Valley fever,,Africa,Eastern Africa,Zimbabwe,Matabeleland North,Umguza (Adm. Lev. 2 name),-19.971,28.447,FAO-Report,Confirmed,Domestic - Goat/sheep ,Domestic - Goat/Sheep ,01/01/1978,01/01/1978,,
161427,UNFAO-LEG-161427,Rift Valley fever,,Africa,Eastern Africa,Zimbabwe,Matabeleland South,Bulilimangwe (Adm. Lev. 2 name),-20.912,27.868,FAO-Report,Confirmed,Domestic - Goat/sheep ,Domestic - Goat/Sheep ,01/01/1978,01/01/1978,,
161428,UNFAO-LEG-161428,Rift Valley fever,,Africa,Eastern Africa,Zimbabwe,Matabeleland North,Umguza (Adm. Lev. 2 name),-19.923,28.554,FAO-Report,Confirmed,Domestic - Goat/sheep ,Domestic - Goat/Sheep ,01/01/1978,01/01/1978,,
161429,UNFAO-LEG-161429,Rift Valley fever,,Africa,Eastern Africa,Zimbabwe,Matabeleland North,Umguza (Adm. Lev. 2 name),-19.968,28.607,FAO-Report,Confirmed,Domestic - Goat/sheep ,Domestic - Goat/Sheep ,01/01/1978,01/01/1978,,
161430,UNFAO-LEG-161430,Rift Valley fever,,Africa,Eastern Africa,Zimbabwe,Matabeleland North,Umguza (Adm. Lev. 2 name),-19.979,28.54,FAO-Report,Confirmed,Domestic - Goat/sheep ,Domestic - Goat/Sheep ,01/01/1978,01/01/1978,,
161431,UNFAO-LEG-161431,Rift Valley fever,,Africa,Eastern Africa,Zimbabwe,Matabeleland North,Umguza (Adm. Lev. 2 name),-20.03,28.532,FAO-Report,Confirmed,Domestic - Goat/sheep ,Domestic - Goat/Sheep ,01/01/1978,01/01/1978,,
161432,UNFAO-LEG-161432,Rift Valley fever,,Africa,Eastern Africa,Zimbabwe,Mashonaland West,Hurungwe (Adm. Lev. 2 name),-16.119,29.4,FAO-Report,Confirmed,Domestic - Goat/sheep ,Domestic - Goat/Sheep ,01/01/1978,01/01/1978,,
161433,UNFAO-LEG-161433,Rift Valley fever,,Africa,Eastern Africa,Zimbabwe,Matabeleland North,Lupane (Adm. Lev. 2 name),-18.652,27.261,FAO-Report,Confirmed,Domestic - Goat/sheep ,Domestic - Goat/Sheep ,01/01/1978,01/01/1978,,
161434,UNFAO-LEG-161434,Rift Valley fever,,Africa,Eastern Africa,Zimbabwe,Mashonaland Central,Shamva (Adm. Lev. 2 name),-17.235,31.491,FAO-Report,Confirmed,Domestic - Goat/sheep ,Domestic - Goat/Sheep ,01/01/1978,01/01/1978,,
161059,UNFAO-LEG-161059,Rift Valley fever,,Africa,Eastern Africa,Zimbabwe,Mashonaland West,Makonde (Adm. Lev. 2 name),-16.596,30.247,FAO-Report,Confirmed,Domestic - Goat/sheep ,Domestic - Goat/Sheep ,01/01/1969,01/01/1969,,
161060,UNFAO-LEG-161060,Rift Valley fever,,Africa,Eastern Africa,Zimbabwe,Mashonaland West,Makonde (Adm. Lev. 2 name),-16.73,30.162,FAO-Report,Confirmed,Domestic - Goat/sheep ,Domestic - Goat/Sheep ,01/01/1969,01/01/1969,,
161061,UNFAO-LEG-161061,Rift Valley fever,,Africa,Eastern Africa,Zimbabwe,Mashonaland West,Hurungwe (Adm. Lev. 2 name),-16.786,29.976,FAO-Report,Confirmed,Domestic - Goat/sheep ,Domestic - Goat/Sheep ,01/01/1969,01/01/1969,,
161062,UNFAO-LEG-161062,Rift Valley fever,,Africa,Eastern Africa,Zimbabwe,Mashonaland West,Hurungwe (Adm. Lev. 2 name),-16.798,29.718,FAO-Report,Confirmed,Domestic - Goat/sheep ,Domestic - Goat/Sheep ,01/01/1969,01/01/1969,,
161063,UNFAO-LEG-161063,Rift Valley fever,,Africa,Eastern Africa,Zimbabwe,Mashonaland West,Hurungwe (Adm. Lev. 2 name),-16.621,29.766,FAO-Report,Confirmed,Domestic - Goat/sheep ,Domestic - Goat/Sheep ,01/01/1969,01/01/1969,,
161064,UNFAO-LEG-161064,Rift Valley fever,,Africa,Eastern Africa,Zimbabwe,Mashonaland West,Makonde (Adm. Lev. 2 name),-16.899,30.239,FAO-Report,Confirmed,Domestic - Goat/sheep ,Domestic - Goat/Sheep ,01/01/1969,01/01/1969,,
161065,UNFAO-LEG-161065,Rift Valley fever,,Africa,Eastern Africa,Zimbabwe,Mashonaland West,Zvimba (Adm. Lev. 2 name),-16.92,30.392,FAO-Report,Confirmed,Domestic - Goat/sheep ,Domestic - Goat/Sheep ,01/01/1969,01/01/1969,,
161066,UNFAO-LEG-161066,Rift Valley fever,,Africa,Eastern Africa,Zimbabwe,Mashonaland West,Zvimba (Adm. Lev. 2 name),-16.98,30.526,FAO-Report,Confirmed,Domestic - Goat/sheep ,Domestic - Goat/Sheep ,01/01/1969,01/01/1969,,
161067,UNFAO-LEG-161067,Rift Valley fever,,Africa,Eastern Africa,Zimbabwe,Mashonaland Central,Mazowe (Adm. Lev. 2 name),-16.903,30.946,FAO-Report,Confirmed,Domestic - Goat/sheep ,Domestic - Goat/Sheep ,01/01/1969,01/01/1969,,
161068,UNFAO-LEG-161068,Rift Valley fever,,Africa,Eastern Africa,Zimbabwe,Mashonaland Central,Centenary (Adm. Lev. 2 name),-16.669,31.184,FAO-Report,Confirmed,Domestic - Goat/sheep ,Domestic - Goat/Sheep ,01/01/1969,01/01/1969,,
161069,UNFAO-LEG-161069,Rift Valley fever,,Africa,Eastern Africa,Zimbabwe,Mashonaland West,Makonde (Adm. Lev. 2 name),-17,30.138,FAO-Report,Confirmed,Domestic - Goat/sheep ,Domestic - Goat/Sheep ,01/01/1969,01/01/1969,,
161070,UNFAO-LEG-161070,Rift Valley fever,,Africa,Eastern Africa,Zimbabwe,Mashonaland West,Makonde (Adm. Lev. 2 name),-17.045,30.251,FAO-Report,Confirmed,Domestic - Goat/sheep ,Domestic - Goat/Sheep ,01/01/1969,01/01/1969,,
161071,UNFAO-LEG-161071,Rift Valley fever,,Africa,Eastern Africa,Zimbabwe,Mashonaland West,Zvimba (Adm. Lev. 2 name),-17.134,30.425,FAO-Report,Confirmed,Domestic - Goat/sheep ,Domestic - Goat/Sheep ,01/01/1969,01/01/1969,,
161072,UNFAO-LEG-161072,Rift Valley fever,,Africa,Eastern Africa,Zimbabwe,Mashonaland West,Zvimba (Adm. Lev. 2 name),-17.154,30.513,FAO-Report,Confirmed,Domestic - Goat/sheep ,Domestic - Goat/Sheep ,01/01/1969,01/01/1969,,
161073,UNFAO-LEG-161073,Rift Valley fever,,Africa,Eastern Africa,Zimbabwe,Mashonaland Central,Mazowe (Adm. Lev. 2 name),-17.287,30.853,FAO-Report,Confirmed,Domestic - Goat/sheep ,Domestic - Goat/Sheep ,01/01/1969,01/01/1969,,
161074,UNFAO-LEG-161074,Rift Valley fever,,Africa,Eastern Africa,Zimbabwe,Mashonaland Central,Mazowe (Adm. Lev. 2 name),-17.235,31.018,FAO-Report,Confirmed,Domestic - Goat/sheep ,Domestic - Goat/Sheep ,01/01/1969,01/01/1969,,
161075,UNFAO-LEG-161075,Rift Valley fever,,Africa,Eastern Africa,Zimbabwe,Mashonaland Central,Bindura (Adm. Lev. 2 name),-17.206,31.422,FAO-Report,Confirmed,Domestic - Goat/sheep ,Domestic - Goat/Sheep ,01/01/1969,01/01/1969,,
161076,UNFAO-LEG-161076,Rift Valley fever,,Africa,Eastern Africa,Zimbabwe,Mashonaland Central,Bindura (Adm. Lev. 2 name),-17.247,31.475,FAO-Report,Confirmed,Domestic - Goat/sheep ,Domestic - Goat/Sheep ,01/01/1969,01/01/1969,,
161077,UNFAO-LEG-161077,Rift Valley fever,,Africa,Eastern Africa,Zimbabwe,Mashonaland Central,Shamva (Adm. Lev. 2 name),-17.299,31.58,FAO-Report,Confirmed,Domestic - Goat/sheep ,Domestic - Goat/Sheep ,01/01/1969,01/01/1969,,
161078,UNFAO-LEG-161078,Rift Valley fever,,Africa,Eastern Africa,Zimbabwe,Mashonaland Central,Shamva (Adm. Lev. 2 name),-17.348,31.495,FAO-Report,Confirmed,Domestic - Goat/sheep ,Domestic - Goat/Sheep ,01/01/1969,01/01/1969,,
161079,UNFAO-LEG-161079,Rift Valley fever,,Africa,Eastern Africa,Zimbabwe,Mashonaland West,Makonde (Adm. Lev. 2 name),-17.327,29.803,FAO-Report,Confirmed,Domestic - Goat/sheep ,Domestic - Goat/Sheep ,01/01/1969,01/01/1969,,
161080,UNFAO-LEG-161080,Rift Valley fever,,Africa,Eastern Africa,Zimbabwe,Mashonaland West,Makonde (Adm. Lev. 2 name),-17.243,29.912,FAO-Report,Confirmed,Domestic - Goat/sheep ,Domestic - Goat/Sheep ,01/01/1969,01/01/1969,,
161081,UNFAO-LEG-161081,Rift Valley fever,,Africa,Eastern Africa,Zimbabwe,Mashonaland West,Makonde (Adm. Lev. 2 name),-17.206,29.912,FAO-Report,Confirmed,Domestic - Goat/sheep ,Domestic - Goat/Sheep ,01/01/1969,01/01/1969,,
161082,UNFAO-LEG-161082,Rift Valley fever,,Africa,Eastern Africa,Zimbabwe,Mashonaland West,Makonde (Adm. Lev. 2 name),-17.121,29.992,FAO-Report,Confirmed,Domestic - Goat/sheep ,Domestic - Goat/Sheep ,01/01/1969,01/01/1969,,
161083,UNFAO-LEG-161083,Rift Valley fever,,Africa,Eastern Africa,Zimbabwe,Mashonaland West,Makonde (Adm. Lev. 2 name),-17.117,30.102,FAO-Report,Confirmed,Domestic - Goat/sheep ,Domestic - Goat/Sheep ,01/01/1969,01/01/1969,,
161084,UNFAO-LEG-161084,Rift Valley fever,,Africa,Eastern Africa,Zimbabwe,Mashonaland West,Makonde (Adm. Lev. 2 name),-17.174,30.114,FAO-Report,Confirmed,Domestic - Goat/sheep ,Domestic - Goat/Sheep ,01/01/1969,01/01/1969,,
161085,UNFAO-LEG-161085,Rift Valley fever,,Africa,Eastern Africa,Zimbabwe,Mashonaland West,Makonde (Adm. Lev. 2 name),-17.198,30.162,FAO-Report,Confirmed,Domestic - Goat/sheep ,Domestic - Goat/Sheep ,01/01/1969,01/01/1969,,
161086,UNFAO-LEG-161086,Rift Valley fever,,Africa,Eastern Africa,Zimbabwe,Mashonaland West,Makonde (Adm. Lev. 2 name),-17.295,30.138,FAO-Report,Confirmed,Domestic - Goat/sheep ,Domestic - Goat/Sheep ,01/01/1969,01/01/1969,,
161087,UNFAO-LEG-161087,Rift Valley fever,,Africa,Eastern Africa,Zimbabwe,Mashonaland West,Makonde (Adm. Lev. 2 name),-17.327,30.11,FAO-Report,Confirmed,Domestic - Goat/sheep ,Domestic - Goat/Sheep ,01/01/1969,01/01/1969,,
161088,UNFAO-LEG-161088,Rift Valley fever,,Africa,Eastern Africa,Zimbabwe,Mashonaland West,Makonde (Adm. Lev. 2 name),-17.376,30.186,FAO-Report,Confirmed,Domestic - Goat/sheep ,Domestic - Goat/Sheep ,01/01/1969,01/01/1969,,
161089,UNFAO-LEG-161089,Rift Valley fever,,Africa,Eastern Africa,Zimbabwe,Mashonaland West,Makonde (Adm. Lev. 2 name),-17.315,30.235,FAO-Report,Confirmed,Domestic - Goat/sheep ,Domestic - Goat/Sheep ,01/01/1969,01/01/1969,,
161090,UNFAO-LEG-161090,Rift Valley fever,,Africa,Eastern Africa,Zimbabwe,Mashonaland West,Zvimba (Adm. Lev. 2 name),-17.299,30.336,FAO-Report,Confirmed,Domestic - Goat/sheep ,Domestic - Goat/Sheep ,01/01/1969,01/01/1969,,
161091,UNFAO-LEG-161091,Rift Valley fever,,Africa,Eastern Africa,Zimbabwe,Mashonaland West,Zvimba (Adm. Lev. 2 name),-17.235,30.425,FAO-Report,Confirmed,Domestic - Goat/sheep ,Domestic - Goat/Sheep ,01/01/1969,01/01/1969,,
161092,UNFAO-LEG-161092,Rift Valley fever,,Africa,Eastern Africa,Zimbabwe,Mashonaland West,Zvimba (Adm. Lev. 2 name),-17.231,30.465,FAO-Report,Confirmed,Domestic - Goat/sheep ,Domestic - Goat/Sheep ,01/01/1969,01/01/1969,,
161093,UNFAO-LEG-161093,Rift Valley fever,,Africa,Eastern Africa,Zimbabwe,Mashonaland West,Zvimba (Adm. Lev. 2 name),-17.416,30.356,FAO-Report,Confirmed,Domestic - Goat/sheep ,Domestic - Goat/Sheep ,01/01/1969,01/01/1969,,
161094,UNFAO-LEG-161094,Rift Valley fever,,Africa,Eastern Africa,Zimbabwe,Mashonaland West,Zvimba (Adm. Lev. 2 name),-17.336,30.493,FAO-Report,Confirmed,Domestic - Goat/sheep ,Domestic - Goat/Sheep ,01/01/1969,01/01/1969,,
161095,UNFAO-LEG-161095,Rift Valley fever,,Africa,Eastern Africa,Zimbabwe,Mashonaland West,Zvimba (Adm. Lev. 2 name),-17.428,30.505,FAO-Report,Confirmed,Domestic - Goat/sheep ,Domestic - Goat/Sheep ,01/01/1969,01/01/1969,,
161096,UNFAO-LEG-161096,Rift Valley fever,,Africa,Eastern Africa,Zimbabwe,Mashonaland Central,Mazowe (Adm. Lev. 2 name),-17.441,30.667,FAO-Report,Confirmed,Domestic - Goat/sheep ,Domestic - Goat/Sheep ,01/01/1969,01/01/1969,,
161097,UNFAO-LEG-161097,Rift Valley fever,,Africa,Eastern Africa,Zimbabwe,Mashonaland Central,Mazowe (Adm. Lev. 2 name),-17.36,30.974,FAO-Report,Confirmed,Domestic - Goat/sheep ,Domestic - Goat/Sheep ,01/01/1969,01/01/1969,,
161098,UNFAO-LEG-161098,Rift Valley fever,,Africa,Eastern Africa,Zimbabwe,Mashonaland Central,Mazowe (Adm. Lev. 2 name),-17.42,31.038,FAO-Report,Confirmed,Domestic - Goat/sheep ,Domestic - Goat/Sheep ,01/01/1969,01/01/1969,,
161099,UNFAO-LEG-161099,Rift Valley fever,,Africa,Eastern Africa,Zimbabwe,Mashonaland West,Zvimba (Adm. Lev. 2 name),-17.505,30.344,FAO-Report,Confirmed,Domestic - Goat/sheep ,Domestic - Goat/Sheep ,01/01/1969,01/01/1969,,
161100,UNFAO-LEG-161100,Rift Valley fever,,Africa,Eastern Africa,Zimbabwe,Mashonaland West,Zvimba (Adm. Lev. 2 name),-17.57,30.38,FAO-Report,Confirmed,Domestic - Goat/sheep ,Domestic - Goat/Sheep ,01/01/1969,01/01/1969,,
161101,UNFAO-LEG-161101,Rift Valley fever,,Africa,Eastern Africa,Zimbabwe,Mashonaland East,Murehwa (Adm. Lev. 2 name),-17.99,31.786,FAO-Report,Confirmed,Domestic - Goat/sheep ,Domestic - Goat/Sheep ,01/01/1969,01/01/1969,,
161102,UNFAO-LEG-161102,Rift Valley fever,,Africa,Eastern Africa,Zimbabwe,Mashonaland Central,Mazowe (Adm. Lev. 2 name),-17.537,30.671,FAO-Report,Confirmed,Domestic - Goat/sheep ,Domestic - Goat/Sheep ,01/01/1969,01/01/1969,,
161103,UNFAO-LEG-161103,Rift Valley fever,,Africa,Eastern Africa,Zimbabwe,Mashonaland West,Zvimba (Adm. Lev. 2 name),-17.622,30.675,FAO-Report,Confirmed,Domestic - Goat/sheep ,Domestic - Goat/Sheep ,01/01/1969,01/01/1969,,
161104,UNFAO-LEG-161104,Rift Valley fever,,Africa,Eastern Africa,Zimbabwe,Mashonaland West,Zvimba (Adm. Lev. 2 name),-17.659,30.723,FAO-Report,Confirmed,Domestic - Goat/sheep ,Domestic - Goat/Sheep ,01/01/1969,01/01/1969,,
161105,UNFAO-LEG-161105,Rift Valley fever,,Africa,Eastern Africa,Zimbabwe,Mashonaland West,Kadoma (Adm. Lev. 2 name),-18.155,29.431,FAO-Report,Confirmed,Domestic - Goat/sheep ,Domestic - Goat/Sheep ,01/01/1969,01/01/1969,,
161106,UNFAO-LEG-161106,Rift Valley fever,,Africa,Eastern Africa,Zimbabwe,Mashonaland West,Kadoma (Adm. Lev. 2 name),-18.143,29.843,FAO-Report,Confirmed,Domestic - Goat/sheep ,Domestic - Goat/Sheep ,01/01/1969,01/01/1969,,
161107,UNFAO-LEG-161107,Rift Valley fever,,Africa,Eastern Africa,Zimbabwe,Mashonaland West,Kadoma (Adm. Lev. 2 name),-18.442,29.964,FAO-Report,Confirmed,Domestic - Goat/sheep ,Domestic - Goat/Sheep ,01/01/1969,01/01/1969,,
161108,UNFAO-LEG-161108,Rift Valley fever,,Africa,Eastern Africa,Zimbabwe,Mashonaland West,Chegutu (Adm. Lev. 2 name),-18.062,30.089,FAO-Report,Confirmed,Domestic - Goat/sheep ,Domestic - Goat/Sheep ,01/01/1969,01/01/1969,,
161109,UNFAO-LEG-161109,Rift Valley fever,,Africa,Eastern Africa,Zimbabwe,Mashonaland West,Chegutu (Adm. Lev. 2 name),-17.953,30.174,FAO-Report,Confirmed,Domestic - Goat/sheep ,Domestic - Goat/Sheep ,01/01/1969,01/01/1969,,
161110,UNFAO-LEG-161110,Rift Valley fever,,Africa,Eastern Africa,Zimbabwe,Mashonaland West,Zvimba (Adm. Lev. 2 name),-17.566,30.554,FAO-Report,Confirmed,Domestic - Goat/sheep ,Domestic - Goat/Sheep ,01/01/1969,01/01/1969,,
161111,UNFAO-LEG-161111,Rift Valley fever,,Africa,Eastern Africa,Zimbabwe,Mashonaland West,Zvimba (Adm. Lev. 2 name),-17.529,30.53,FAO-Report,Confirmed,Domestic - Goat/sheep ,Domestic - Goat/Sheep ,01/01/1969,01/01/1969,,
161112,UNFAO-LEG-161112,Rift Valley fever,,Africa,Eastern Africa,Zimbabwe,Mashonaland West,Zvimba (Adm. Lev. 2 name),-17.541,30.469,FAO-Report,Confirmed,Domestic - Goat/sheep ,Domestic - Goat/Sheep ,01/01/1969,01/01/1969,,
161113,UNFAO-LEG-161113,Rift Valley fever,,Africa,Eastern Africa,Zimbabwe,Mashonaland West,Zvimba (Adm. Lev. 2 name),-17.497,30.461,FAO-Report,Confirmed,Domestic - Goat/sheep ,Domestic - Goat/Sheep ,01/01/1969,01/01/1969,,
161114,UNFAO-LEG-161114,Rift Valley fever,,Africa,Eastern Africa,Zimbabwe,Mashonaland West,Zvimba (Adm. Lev. 2 name),-17.792,30.546,FAO-Report,Confirmed,Domestic - Goat/sheep ,Domestic - Goat/Sheep ,01/01/1969,01/01/1969,,
161115,UNFAO-LEG-161115,Rift Valley fever,,Africa,Eastern Africa,Zimbabwe,Mashonaland West,Zvimba (Adm. Lev. 2 name),-17.76,30.562,FAO-Report,Confirmed,Domestic - Goat/sheep ,Domestic - Goat/Sheep ,01/01/1969,01/01/1969,,
161116,UNFAO-LEG-161116,Rift Valley fever,,Africa,Eastern Africa,Zimbabwe,Mashonaland West,Chegutu (Adm. Lev. 2 name),-18.127,30.186,FAO-Report,Confirmed,Domestic - Goat/sheep ,Domestic - Goat/Sheep ,01/01/1969,01/01/1969,,
161117,UNFAO-LEG-161117,Rift Valley fever,,Africa,Eastern Africa,Zimbabwe,Mashonaland West,Chegutu (Adm. Lev. 2 name),-18.131,30.138,FAO-Report,Confirmed,Domestic - Goat/sheep ,Domestic - Goat/Sheep ,01/01/1969,01/01/1969,,
161118,UNFAO-LEG-161118,Rift Valley fever,,Africa,Eastern Africa,Zimbabwe,Mashonaland West,Chegutu (Adm. Lev. 2 name),-18.095,30.142,FAO-Report,Confirmed,Domestic - Goat/sheep ,Domestic - Goat/Sheep ,01/01/1969,01/01/1969,,
161119,UNFAO-LEG-161119,Rift Valley fever,,Africa,Eastern Africa,Zimbabwe,Mashonaland West,Chegutu (Adm. Lev. 2 name),-18.095,30.283,FAO-Report,Confirmed,Domestic - Goat/sheep ,Domestic - Goat/Sheep ,01/01/1969,01/01/1969,,
161120,UNFAO-LEG-161120,Rift Valley fever,,Africa,Eastern Africa,Zimbabwe,Mashonaland West,Chegutu (Adm. Lev. 2 name),-17.982,30.453,FAO-Report,Confirmed,Domestic - Goat/sheep ,Domestic - Goat/Sheep ,01/01/1969,01/01/1969,,
161121,UNFAO-LEG-161121,Rift Valley fever,,Africa,Eastern Africa,Zimbabwe,Mashonaland West,Chegutu (Adm. Lev. 2 name),-18.046,30.61,FAO-Report,Confirmed,Domestic - Goat/sheep ,Domestic - Goat/Sheep ,01/01/1969,01/01/1969,,
161122,UNFAO-LEG-161122,Rift Valley fever,,Africa,Eastern Africa,Zimbabwe,Mashonaland West,Chegutu (Adm. Lev. 2 name),-17.921,30.57,FAO-Report,Confirmed,Domestic - Goat/sheep ,Domestic - Goat/Sheep ,01/01/1969,01/01/1969,,
161123,UNFAO-LEG-161123,Rift Valley fever,,Africa,Eastern Africa,Zimbabwe,Mashonaland West,Chegutu (Adm. Lev. 2 name),-17.978,30.643,FAO-Report,Confirmed,Domestic - Goat/sheep ,Domestic - Goat/Sheep ,01/01/1969,01/01/1969,,
161124,UNFAO-LEG-161124,Rift Valley fever,,Africa,Eastern Africa,Zimbabwe,Mashonaland West,Chegutu (Adm. Lev. 2 name),-17.945,30.687,FAO-Report,Confirmed,Domestic - Goat/sheep ,Domestic - Goat/Sheep ,01/01/1969,01/01/1969,,
161125,UNFAO-LEG-161125,Rift Valley fever,,Africa,Eastern Africa,Zimbabwe,Mashonaland West,Chegutu (Adm. Lev. 2 name),-17.893,30.719,FAO-Report,Confirmed,Domestic - Goat/sheep ,Domestic - Goat/Sheep ,01/01/1969,01/01/1969,,
161126,UNFAO-LEG-161126,Rift Valley fever,,Africa,Eastern Africa,Zimbabwe,Mashonaland West,Chegutu (Adm. Lev. 2 name),-17.869,30.631,FAO-Report,Confirmed,Domestic - Goat/sheep ,Domestic - Goat/Sheep ,01/01/1969,01/01/1969,,
161127,UNFAO-LEG-161127,Rift Valley fever,,Africa,Eastern Africa,Zimbabwe,Mashonaland West,Zvimba (Adm. Lev. 2 name),-17.772,30.736,FAO-Report,Confirmed,Domestic - Goat/sheep ,Domestic - Goat/Sheep ,01/01/1969,01/01/1969,,
161128,UNFAO-LEG-161128,Rift Valley fever,,Africa,Eastern Africa,Zimbabwe,Mashonaland West,Zvimba (Adm. Lev. 2 name),-17.796,30.828,FAO-Report,Confirmed,Domestic - Goat/sheep ,Domestic - Goat/Sheep ,01/01/1969,01/01/1969,,
161129,UNFAO-LEG-161129,Rift Valley fever,,Africa,Eastern Africa,Zimbabwe,Mashonaland West,Zvimba (Adm. Lev. 2 name),-17.76,30.873,FAO-Report,Confirmed,Domestic - Goat/sheep ,Domestic - Goat/Sheep ,01/01/1969,01/01/1969,,
161130,UNFAO-LEG-161130,Rift Valley fever,,Africa,Eastern Africa,Zimbabwe,Mashonaland East,Seke (Adm. Lev. 2 name),-18.624,30.748,FAO-Report,Confirmed,Domestic - Goat/sheep ,Domestic - Goat/Sheep ,01/01/1969,01/01/1969,,
161131,UNFAO-LEG-161131,Rift Valley fever,,Africa,Eastern Africa,Zimbabwe,Mashonaland East,Chikomba (Adm. Lev. 2 name),-18.693,30.812,FAO-Report,Confirmed,Domestic - Goat/sheep ,Domestic - Goat/Sheep ,01/01/1969,01/01/1969,,
161132,UNFAO-LEG-161132,Rift Valley fever,,Africa,Eastern Africa,Zimbabwe,Mashonaland East,Chikomba (Adm. Lev. 2 name),-18.697,30.885,FAO-Report,Confirmed,Domestic - Goat/sheep ,Domestic - Goat/Sheep ,01/01/1969,01/01/1969,,
161133,UNFAO-LEG-161133,Rift Valley fever,,Africa,Eastern Africa,Zimbabwe,Mashonaland East,Chikomba (Adm. Lev. 2 name),-18.592,31.022,FAO-Report,Confirmed,Domestic - Goat/sheep ,Domestic - Goat/Sheep ,01/01/1969,01/01/1969,,
161134,UNFAO-LEG-161134,Rift Valley fever,,Africa,Eastern Africa,Zimbabwe,Mashonaland East,Chikomba (Adm. Lev. 2 name),-18.515,31.156,FAO-Report,Confirmed,Domestic - Goat/sheep ,Domestic - Goat/Sheep ,01/01/1969,01/01/1969,,
161135,UNFAO-LEG-161135,Rift Valley fever,,Africa,Eastern Africa,Zimbabwe,Mashonaland East,Marondera (Adm. Lev. 2 name),-18.373,31.168,FAO-Report,Confirmed,Domestic - Goat/sheep ,Domestic - Goat/Sheep ,01/01/1969,01/01/1969,,
161136,UNFAO-LEG-161136,Rift Valley fever,,Africa,Eastern Africa,Zimbabwe,Mashonaland East,Seke (Adm. Lev. 2 name),-18.438,31.01,FAO-Report,Confirmed,Domestic - Goat/sheep ,Domestic - Goat/Sheep ,01/01/1969,01/01/1969,,
161137,UNFAO-LEG-161137,Rift Valley fever,,Africa,Eastern Africa,Zimbabwe,Mashonaland East,Chikomba (Adm. Lev. 2 name),-18.939,30.962,FAO-Report,Confirmed,Domestic - Goat/sheep ,Domestic - Goat/Sheep ,01/01/1969,01/01/1969,,
161138,UNFAO-LEG-161138,Rift Valley fever,,Africa,Eastern Africa,Zimbabwe,Mashonaland East,Seke (Adm. Lev. 2 name),-18.277,30.909,FAO-Report,Confirmed,Domestic - Goat/sheep ,Domestic - Goat/Sheep ,01/01/1969,01/01/1969,,
161139,UNFAO-LEG-161139,Rift Valley fever,,Africa,Eastern Africa,Zimbabwe,Mashonaland East,Seke (Adm. Lev. 2 name),-18.228,30.909,FAO-Report,Confirmed,Domestic - Goat/sheep ,Domestic - Goat/Sheep ,01/01/1969,01/01/1969,,
161140,UNFAO-LEG-161140,Rift Valley fever,,Africa,Eastern Africa,Zimbabwe,Mashonaland East,Seke (Adm. Lev. 2 name),-18.111,30.853,FAO-Report,Confirmed,Domestic - Goat/sheep ,Domestic - Goat/Sheep ,01/01/1969,01/01/1969,,
161141,UNFAO-LEG-161141,Rift Valley fever,,Africa,Eastern Africa,Zimbabwe,Mashonaland East,Seke (Adm. Lev. 2 name),-18.147,30.917,FAO-Report,Confirmed,Domestic - Goat/sheep ,Domestic - Goat/Sheep ,01/01/1969,01/01/1969,,
161142,UNFAO-LEG-161142,Rift Valley fever,,Africa,Eastern Africa,Zimbabwe,Mashonaland East,Seke (Adm. Lev. 2 name),-18.167,30.954,FAO-Report,Confirmed,Domestic - Goat/sheep ,Domestic - Goat/Sheep ,01/01/1969,01/01/1969,,
161143,UNFAO-LEG-161143,Rift Valley fever,,Africa,Eastern Africa,Zimbabwe,Mashonaland East,Seke (Adm. Lev. 2 name),-18.075,30.998,FAO-Report,Confirmed,Domestic - Goat/sheep ,Domestic - Goat/Sheep ,01/01/1969,01/01/1969,,
161144,UNFAO-LEG-161144,Rift Valley fever,,Africa,Eastern Africa,Zimbabwe,Mashonaland East,Seke (Adm. Lev. 2 name),-18.054,31.034,FAO-Report,Confirmed,Domestic - Goat/sheep ,Domestic - Goat/Sheep ,01/01/1969,01/01/1969,,
161145,UNFAO-LEG-161145,Rift Valley fever,,Africa,Eastern Africa,Zimbabwe,Mashonaland East,Seke (Adm. Lev. 2 name),-18.099,31.103,FAO-Report,Confirmed,Domestic - Goat/sheep ,Domestic - Goat/Sheep ,01/01/1969,01/01/1969,,
161146,UNFAO-LEG-161146,Rift Valley fever,,Africa,Eastern Africa,Zimbabwe,Mashonaland East,Seke (Adm. Lev. 2 name),-18.058,31.103,FAO-Report,Confirmed,Domestic - Goat/sheep ,Domestic - Goat/Sheep ,01/01/1969,01/01/1969,,
161147,UNFAO-LEG-161147,Rift Valley fever,,Africa,Eastern Africa,Zimbabwe,Mashonaland East,Harare (Adm. Lev. 2 name),-18.002,31.107,FAO-Report,Confirmed,Domestic - Goat/sheep ,Domestic - Goat/Sheep ,01/01/1969,01/01/1969,,
161148,UNFAO-LEG-161148,Rift Valley fever,,Africa,Eastern Africa,Zimbabwe,Mashonaland East,Seke (Adm. Lev. 2 name),-18.054,31.164,FAO-Report,Confirmed,Domestic - Goat/sheep ,Domestic - Goat/Sheep ,01/01/1969,01/01/1969,,
161149,UNFAO-LEG-161149,Rift Valley fever,,Africa,Eastern Africa,Zimbabwe,Mashonaland East,Goromonzi (Adm. Lev. 2 name),-18.002,31.232,FAO-Report,Confirmed,Domestic - Goat/sheep ,Domestic - Goat/Sheep ,01/01/1969,01/01/1969,,
161150,UNFAO-LEG-161150,Rift Valley fever,,Africa,Eastern Africa,Zimbabwe,Mashonaland East,Goromonzi (Adm. Lev. 2 name),-18.006,31.309,FAO-Report,Confirmed,Domestic - Goat/sheep ,Domestic - Goat/Sheep ,01/01/1969,01/01/1969,,
161151,UNFAO-LEG-161151,Rift Valley fever,,Africa,Eastern Africa,Zimbabwe,Mashonaland East,Goromonzi (Adm. Lev. 2 name),-17.885,31.269,FAO-Report,Confirmed,Domestic - Goat/sheep ,Domestic - Goat/Sheep ,01/01/1969,01/01/1969,,
161152,UNFAO-LEG-161152,Rift Valley fever,,Africa,Eastern Africa,Zimbabwe,Harare,Harare (Adm. Lev. 2 name),-17.824,31.196,FAO-Report,Confirmed,Domestic - Goat/sheep ,Domestic - Goat/Sheep ,01/01/1969,01/01/1969,,
161153,UNFAO-LEG-161153,Rift Valley fever,,Africa,Eastern Africa,Zimbabwe,Mashonaland East,Goromonzi (Adm. Lev. 2 name),-17.796,31.313,FAO-Report,Confirmed,Domestic - Goat/sheep ,Domestic - Goat/Sheep ,01/01/1969,01/01/1969,,
161154,UNFAO-LEG-161154,Rift Valley fever,,Africa,Eastern Africa,Zimbabwe,Mashonaland East,Goromonzi (Adm. Lev. 2 name),-17.812,31.37,FAO-Report,Confirmed,Domestic - Goat/sheep ,Domestic - Goat/Sheep ,01/01/1969,01/01/1969,,
161155,UNFAO-LEG-161155,Rift Valley fever,,Africa,Eastern Africa,Zimbabwe,Mashonaland East,Goromonzi (Adm. Lev. 2 name),-17.877,31.418,FAO-Report,Confirmed,Domestic - Goat/sheep ,Domestic - Goat/Sheep ,01/01/1969,01/01/1969,,
161156,UNFAO-LEG-161156,Rift Valley fever,,Africa,Eastern Africa,Zimbabwe,Mashonaland East,Goromonzi (Adm. Lev. 2 name),-17.824,31.491,FAO-Report,Confirmed,Domestic - Goat/sheep ,Domestic - Goat/Sheep ,01/01/1969,01/01/1969,,
161157,UNFAO-LEG-161157,Rift Valley fever,,Africa,Eastern Africa,Zimbabwe,Mashonaland East,Goromonzi (Adm. Lev. 2 name),-17.663,31.475,FAO-Report,Confirmed,Domestic - Goat/sheep ,Domestic - Goat/Sheep ,01/01/1969,01/01/1969,,
161158,UNFAO-LEG-161158,Rift Valley fever,,Africa,Eastern Africa,Zimbabwe,Mashonaland East,Goromonzi (Adm. Lev. 2 name),-17.63,31.382,FAO-Report,Confirmed,Domestic - Goat/sheep ,Domestic - Goat/Sheep ,01/01/1969,01/01/1969,,
161159,UNFAO-LEG-161159,Rift Valley fever,,Africa,Eastern Africa,Zimbabwe,Mashonaland East,Goromonzi (Adm. Lev. 2 name),-17.655,31.305,FAO-Report,Confirmed,Domestic - Goat/sheep ,Domestic - Goat/Sheep ,01/01/1969,01/01/1969,,
161160,UNFAO-LEG-161160,Rift Valley fever,,Africa,Eastern Africa,Zimbabwe,Mashonaland East,Goromonzi (Adm. Lev. 2 name),-17.638,31.265,FAO-Report,Confirmed,Domestic - Goat/sheep ,Domestic - Goat/Sheep ,01/01/1969,01/01/1969,,
161161,UNFAO-LEG-161161,Rift Valley fever,,Africa,Eastern Africa,Zimbabwe,Mashonaland East,Goromonzi (Adm. Lev. 2 name),-17.602,31.257,FAO-Report,Confirmed,Domestic - Goat/sheep ,Domestic - Goat/Sheep ,01/01/1969,01/01/1969,,
161162,UNFAO-LEG-161162,Rift Valley fever,,Africa,Eastern Africa,Zimbabwe,Mashonaland East,Goromonzi (Adm. Lev. 2 name),-17.642,31.2,FAO-Report,Confirmed,Domestic - Goat/sheep ,Domestic - Goat/Sheep ,01/01/1969,01/01/1969,,
161163,UNFAO-LEG-161163,Rift Valley fever,,Africa,Eastern Africa,Zimbabwe,Mashonaland East,Goromonzi (Adm. Lev. 2 name),-17.634,31.111,FAO-Report,Confirmed,Domestic - Goat/sheep ,Domestic - Goat/Sheep ,01/01/1969,01/01/1969,,
161164,UNFAO-LEG-161164,Rift Valley fever,,Africa,Eastern Africa,Zimbabwe,Mashonaland East,Goromonzi (Adm. Lev. 2 name),-17.659,31.131,FAO-Report,Confirmed,Domestic - Goat/sheep ,Domestic - Goat/Sheep ,01/01/1969,01/01/1969,,
161165,UNFAO-LEG-161165,Rift Valley fever,,Africa,Eastern Africa,Zimbabwe,Harare,Goromonzi (Adm. Lev. 2 name),-17.699,31.152,FAO-Report,Confirmed,Domestic - Goat/sheep ,Domestic - Goat/Sheep ,01/01/1969,01/01/1969,,
161166,UNFAO-LEG-161166,Rift Valley fever,,Africa,Eastern Africa,Zimbabwe,Harare,Harare (Adm. Lev. 2 name),-17.957,31.014,FAO-Report,Confirmed,Domestic - Goat/sheep ,Domestic - Goat/Sheep ,01/01/1969,01/01/1969,,
161167,UNFAO-LEG-161167,Rift Valley fever,,Africa,Eastern Africa,Zimbabwe,Harare,Harare (Adm. Lev. 2 name),-17.889,31.034,FAO-Report,Confirmed,Domestic - Goat/sheep ,Domestic - Goat/Sheep ,01/01/1969,01/01/1969,,
161168,UNFAO-LEG-161168,Rift Valley fever,,Africa,Eastern Africa,Zimbabwe,Mashonaland East,Seke (Adm. Lev. 2 name),-17.978,30.917,FAO-Report,Confirmed,Domestic - Goat/sheep ,Domestic - Goat/Sheep ,01/01/1969,01/01/1969,,
161169,UNFAO-LEG-161169,Rift Valley fever,,Africa,Eastern Africa,Zimbabwe,Mashonaland East,Seke (Adm. Lev. 2 name),-17.941,30.897,FAO-Report,Confirmed,Domestic - Goat/sheep ,Domestic - Goat/Sheep ,01/01/1969,01/01/1969,,
161170,UNFAO-LEG-161170,Rift Valley fever,,Africa,Eastern Africa,Zimbabwe,Mashonaland West,Zvimba (Adm. Lev. 2 name),-17.893,30.873,FAO-Report,Confirmed,Domestic - Goat/sheep ,Domestic - Goat/Sheep ,01/01/1969,01/01/1969,,
161171,UNFAO-LEG-161171,Rift Valley fever,,Africa,Eastern Africa,Zimbabwe,Harare,Harare (Adm. Lev. 2 name),-17.897,30.946,FAO-Report,Confirmed,Domestic - Goat/sheep ,Domestic - Goat/Sheep ,01/01/1969,01/01/1969,,
161172,UNFAO-LEG-161172,Rift Valley fever,,Africa,Eastern Africa,Zimbabwe,Harare,Harare (Adm. Lev. 2 name),-17.816,30.913,FAO-Report,Confirmed,Domestic - Goat/sheep ,Domestic - Goat/Sheep ,01/01/1969,01/01/1969,,
161173,UNFAO-LEG-161173,Rift Valley fever,,Africa,Eastern Africa,Zimbabwe,Harare,Harare (Adm. Lev. 2 name),-17.788,30.966,FAO-Report,Confirmed,Domestic - Goat/sheep ,Domestic - Goat/Sheep ,01/01/1969,01/01/1969,,
161174,UNFAO-LEG-161174,Rift Valley fever,,Africa,Eastern Africa,Zimbabwe,Mashonaland West,Zvimba (Adm. Lev. 2 name),-17.735,30.942,FAO-Report,Confirmed,Domestic - Goat/sheep ,Domestic - Goat/Sheep ,01/01/1969,01/01/1969,,
161175,UNFAO-LEG-161175,Rift Valley fever,,Africa,Eastern Africa,Zimbabwe,Mashonaland West,Zvimba (Adm. Lev. 2 name),-17.699,30.921,FAO-Report,Confirmed,Domestic - Goat/sheep ,Domestic - Goat/Sheep ,01/01/1969,01/01/1969,,
161176,UNFAO-LEG-161176,Rift Valley fever,,Africa,Eastern Africa,Zimbabwe,Mashonaland West,Mazowe (Adm. Lev. 2 name),-17.667,30.933,FAO-Report,Confirmed,Domestic - Goat/sheep ,Domestic - Goat/Sheep ,01/01/1969,01/01/1969,,
161177,UNFAO-LEG-161177,Rift Valley fever,,Africa,Eastern Africa,Zimbabwe,Mashonaland Central,Mazowe (Adm. Lev. 2 name),-17.626,30.812,FAO-Report,Confirmed,Domestic - Goat/sheep ,Domestic - Goat/Sheep ,01/01/1969,01/01/1969,,
161178,UNFAO-LEG-161178,Rift Valley fever,,Africa,Eastern Africa,Zimbabwe,Mashonaland Central,Mazowe (Adm. Lev. 2 name),-17.626,30.861,FAO-Report,Confirmed,Domestic - Goat/sheep ,Domestic - Goat/Sheep ,01/01/1969,01/01/1969,,
161179,UNFAO-LEG-161179,Rift Valley fever,,Africa,Eastern Africa,Zimbabwe,Mashonaland Central,Mazowe (Adm. Lev. 2 name),-17.638,30.901,FAO-Report,Confirmed,Domestic - Goat/sheep ,Domestic - Goat/Sheep ,01/01/1969,01/01/1969,,
161180,UNFAO-LEG-161180,Rift Valley fever,,Africa,Eastern Africa,Zimbabwe,Mashonaland Central,Mazowe (Adm. Lev. 2 name),-17.586,30.8,FAO-Report,Confirmed,Domestic - Goat/sheep ,Domestic - Goat/Sheep ,01/01/1969,01/01/1969,,
161181,UNFAO-LEG-161181,Rift Valley fever,,Africa,Eastern Africa,Zimbabwe,Mashonaland West,Zvimba (Adm. Lev. 2 name),-17.57,30.74,FAO-Report,Confirmed,Domestic - Goat/sheep ,Domestic - Goat/Sheep ,01/01/1969,01/01/1969,,
161182,UNFAO-LEG-161182,Rift Valley fever,,Africa,Eastern Africa,Zimbabwe,Mashonaland Central,Mazowe (Adm. Lev. 2 name),-17.541,30.772,FAO-Report,Confirmed,Domestic - Goat/sheep ,Domestic - Goat/Sheep ,01/01/1969,01/01/1969,,
161183,UNFAO-LEG-161183,Rift Valley fever,,Africa,Eastern Africa,Zimbabwe,Mashonaland Central,Mazowe (Adm. Lev. 2 name),-17.602,30.929,FAO-Report,Confirmed,Domestic - Goat/sheep ,Domestic - Goat/Sheep ,01/01/1969,01/01/1969,,
161184,UNFAO-LEG-161184,Rift Valley fever,,Africa,Eastern Africa,Zimbabwe,Mashonaland Central,Mazowe (Adm. Lev. 2 name),-17.638,31.03,FAO-Report,Confirmed,Domestic - Goat/sheep ,Domestic - Goat/Sheep ,01/01/1969,01/01/1969,,
161185,UNFAO-LEG-161185,Rift Valley fever,,Africa,Eastern Africa,Zimbabwe,Mashonaland Central,Mazowe (Adm. Lev. 2 name),-17.598,31.018,FAO-Report,Confirmed,Domestic - Goat/sheep ,Domestic - Goat/Sheep ,01/01/1969,01/01/1969,,
161186,UNFAO-LEG-161186,Rift Valley fever,,Africa,Eastern Africa,Zimbabwe,Mashonaland Central,Mazowe (Adm. Lev. 2 name),-17.57,31.002,FAO-Report,Confirmed,Domestic - Goat/sheep ,Domestic - Goat/Sheep ,01/01/1969,01/01/1969,,
161187,UNFAO-LEG-161187,Rift Valley fever,,Africa,Eastern Africa,Zimbabwe,Mashonaland Central,Mazowe (Adm. Lev. 2 name),-17.501,30.938,FAO-Report,Confirmed,Domestic - Goat/sheep ,Domestic - Goat/Sheep ,01/01/1969,01/01/1969,,
161188,UNFAO-LEG-161188,Rift Valley fever,,Africa,Eastern Africa,Zimbabwe,Manicaland,Mutare (Adm. Lev. 2 name),-19.071,32.783,FAO-Report,Confirmed,Domestic - Goat/sheep ,Domestic - Goat/Sheep ,01/01/1969,01/01/1969,,
161189,UNFAO-LEG-161189,Rift Valley fever,,Africa,Eastern Africa,Zimbabwe,Manicaland,Mutare (Adm. Lev. 2 name),-18.853,32.464,FAO-Report,Confirmed,Domestic - Goat/sheep ,Domestic - Goat/Sheep ,01/01/1969,01/01/1969,,
161190,UNFAO-LEG-161190,Rift Valley fever,,Africa,Eastern Africa,Zimbabwe,Masvingo,Gutu (Adm. Lev. 2 name),-19.353,30.925,FAO-Report,Confirmed,Domestic - Goat/sheep ,Domestic - Goat/Sheep ,01/01/1969,01/01/1969,,
161191,UNFAO-LEG-161191,Rift Valley fever,,Africa,Eastern Africa,Zimbabwe,Masvingo,Masvingo (Adm. Lev. 2 name),-19.907,30.824,FAO-Report,Confirmed,Domestic - Goat/sheep ,Domestic - Goat/Sheep ,01/01/1969,01/01/1969,,
161192,UNFAO-LEG-161192,Rift Valley fever,,Africa,Eastern Africa,Zimbabwe,Midlands,Shurugwi (Adm. Lev. 2 name),-19.717,30.106,FAO-Report,Confirmed,Domestic - Goat/sheep ,Domestic - Goat/Sheep ,01/01/1969,01/01/1969,,
161193,UNFAO-LEG-161193,Rift Valley fever,,Africa,Eastern Africa,Zimbabwe,Midlands,Shurugwi (Adm. Lev. 2 name),-19.588,30.134,FAO-Report,Confirmed,Domestic - Goat/sheep ,Domestic - Goat/Sheep ,01/01/1969,01/01/1969,,
161194,UNFAO-LEG-161194,Rift Valley fever,,Africa,Eastern Africa,Zimbabwe,Matabeleland South,Insiza (Adm. Lev. 2 name),-19.785,29.342,FAO-Report,Confirmed,Domestic - Goat/sheep ,Domestic - Goat/Sheep ,01/01/1969,01/01/1969,,
161195,UNFAO-LEG-161195,Rift Valley fever,,Africa,Eastern Africa,Zimbabwe,Matabeleland North,Bubi (Adm. Lev. 2 name),-19.717,29.003,FAO-Report,Confirmed,Domestic - Goat/sheep ,Domestic - Goat/Sheep ,01/01/1969,01/01/1969,,
161196,UNFAO-LEG-161196,Rift Valley fever,,Africa,Eastern Africa,Zimbabwe,Manicaland,Chimanimani (Adm. Lev. 2 name),-20.048,32.654,FAO-Report,Confirmed,Domestic - Goat/sheep ,Domestic - Goat/Sheep ,01/01/1969,01/01/1969,,
161197,UNFAO-LEG-161197,Rift Valley fever,,Africa,Eastern Africa,Zimbabwe,Manicaland,Chipinge (Adm. Lev. 2 name),-20.169,32.63,FAO-Report,Confirmed,Domestic - Goat/sheep ,Domestic - Goat/Sheep ,01/01/1969,01/01/1969,,
161198,UNFAO-LEG-161198,Rift Valley fever,,Africa,Eastern Africa,Zimbabwe,Manicaland,Chipinge (Adm. Lev. 2 name),-20.234,32.593,FAO-Report,Confirmed,Domestic - Goat/sheep ,Domestic - Goat/Sheep ,01/01/1969,01/01/1969,,
161199,UNFAO-LEG-161199,Rift Valley fever,,Africa,Eastern Africa,Zimbabwe,Masvingo,Chiredzi (Adm. Lev. 2 name),-21.082,31.709,FAO-Report,Confirmed,Domestic - Goat/sheep ,Domestic - Goat/Sheep ,01/01/1969,01/01/1969,,
161200,UNFAO-LEG-161200,Rift Valley fever,,Africa,Eastern Africa,Zimbabwe,Matabeleland South,Bulilimangwe (Adm. Lev. 2 name),-20.444,28.279,FAO-Report,Confirmed,Domestic - Goat/sheep ,Domestic - Goat/Sheep ,01/01/1969,01/01/1969,,
161201,UNFAO-LEG-161201,Rift Valley fever,,Africa,Eastern Africa,Zimbabwe,Matabeleland South,Bulilimangwe (Adm. Lev. 2 name),-20.383,28.287,FAO-Report,Confirmed,Domestic - Goat/sheep ,Domestic - Goat/Sheep ,01/01/1969,01/01/1969,,
161202,UNFAO-LEG-161202,Rift Valley fever,,Africa,Eastern Africa,Zimbabwe,Mashonaland Central,Mazowe (Adm. Lev. 2 name),-17.004,31.107,FAO-Report,Confirmed,Domestic - Goat/sheep ,Domestic - Goat/Sheep ,01/01/1969,01/01/1969,,
168209,UNFAO-LEG-168209,Rift Valley fever,,Africa,Northern Africa,Egypt,Fayoum,Al Fayyum (fayoum),29.30321,30.571836,FAO Field Officer,Denied,Domestic - cattle,Domestic - Cattle,,05/03/2012,,
172879,UNFAO-LEG-172879,Rift Valley fever,,Africa,Western Africa,Mauritania,Brakna,Brakna,17.293079,-13.27927,National authorities,Suspected,,,,27/09/2012,1,
173264,UNFAO-LEG-173264,Rift Valley fever,,Africa,Eastern Africa,Kenya,North Eastern,Garissa (Korakora),-0.250936,40.253571,WHO,Confirmed,,,,25/12/2006,,
173265,UNFAO-LEG-173265,Rift Valley fever,,Africa,Eastern Africa,Kenya,North Eastern,Garissa (Shanta Abak),-0.250936,40.253571,WHO,Confirmed,,,,25/12/2006,,
173266,UNFAO-LEG-173266,Rift Valley fever,,Africa,Eastern Africa,Kenya,North Eastern,Garissa (Shell Gulliet),-0.250936,40.253571,WHO,Confirmed,,,,25/12/2006,,
173267,UNFAO-LEG-173267,Rift Valley fever,,Africa,Eastern Africa,Kenya,North Eastern,Garissa (Shimbirey),-0.250936,40.253571,WHO,Confirmed,,,,25/12/2006,,
173268,UNFAO-LEG-173268,Rift Valley fever,,Africa,Eastern Africa,United Republic of Tanzania,Arusha,Arusha,-2.91919,36.098449,WHO,Confirmed,,,,23/03/2007,1,
173269,UNFAO-LEG-173269,Rift Valley fever,,Africa,Eastern Africa,United Republic of Tanzania,Tanga,Tanga,-5.066271,38.292174,WHO,Confirmed,,,,23/03/2007,1,
173270,UNFAO-LEG-173270,Rift Valley fever,,Africa,Eastern Africa,United Republic of Tanzania,Dodoma,Dodoma,-5.847042,35.959743,WHO,Confirmed,,,,23/03/2007,58,14
173271,UNFAO-LEG-173271,Rift Valley fever,,Africa,Eastern Africa,United Republic of Tanzania,Morogoro,Morogoro,-7.863018,37.312858,WHO,Confirmed,,,,23/03/2007,60,
173273,UNFAO-LEG-173273,Rift Valley fever,,Africa,Eastern Africa,United Republic of Tanzania,Manyara,Manyara,-4.687126,37.145446,WHO,Confirmed,,,,23/03/2007,,
173275,UNFAO-LEG-173275,Rift Valley fever,,Africa,Northern Africa,Sudan,Sennar,Sennar,12.918123,34.135193,WHO,Confirmed,,,,05/11/2007,,
173276,UNFAO-LEG-173276,Rift Valley fever,,Africa,Eastern Africa,Madagascar,Alaotra Mangoro,Alaotra Mangoro,-17.924160445,48.3217531561,WHO,Confirmed,,,,18/04/2008,,
173277,UNFAO-LEG-173277,Rift Valley fever,,Africa,Eastern Africa,Madagascar,Analamanga,Analamanga,-18.405095041,47.4117011094,WHO,Confirmed,,,,18/04/2008,,
173278,UNFAO-LEG-173278,Rift Valley fever,,Africa,Eastern Africa,Madagascar,Itasy,Itasy,-18.927714,46.811565,WHO,Confirmed,,,,18/04/2008,,
173279,UNFAO-LEG-173279,Rift Valley fever,,Africa,Eastern Africa,Madagascar,Vakinankaratra,Vakinankaratra,-19.892092,46.689887,WHO,Confirmed,,,,18/04/2008,,
173280,UNFAO-LEG-173280,Rift Valley fever,,Africa,Eastern Africa,Madagascar,Anosy,Anosy,-24.509955,46.408022,WHO,Confirmed,,,,18/04/2008,,
173283,UNFAO-LEG-173283,Rift Valley fever,,Africa,Eastern Africa,Kenya,Nairobi,Kabete,-1.266666,36.716667,WOAH (former OIE),Confirmed,Domestic - cattle,Domestic - Cattle,,01/02/1999,,
173284,UNFAO-LEG-173284,Rift Valley fever,,Africa,Eastern Africa,Kenya,Rift Valley,Kajiado,-2.1167526836,36.9126389052,WOAH (former OIE),Confirmed,Domestic - cattle,Domestic - Cattle,,01/02/1999,,
173285,UNFAO-LEG-173285,Rift Valley fever,,Africa,Eastern Africa,Kenya,Rift Valley,Kajiado,-2.1167526836,36.9126389052,WOAH (former OIE),Confirmed,Domestic - cattle,Domestic - Cattle,,01/02/1999,,
173286,UNFAO-LEG-173286,Rift Valley fever,,Africa,Eastern Africa,Kenya,Rift Valley,Kajiado,-2.1167526836,36.9126389052,WOAH (former OIE),Confirmed,Domestic - cattle,Domestic - Cattle,,01/02/1999,,
173287,UNFAO-LEG-173287,Rift Valley fever,,Africa,Eastern Africa,Kenya,Rift Valley,Kajiado,-2.1167526836,36.9126389052,WOAH (former OIE),Confirmed,Domestic - cattle,Domestic - Cattle,,01/02/1999,,
173288,UNFAO-LEG-173288,Rift Valley fever,,Africa,Eastern Africa,Kenya,Rift Valley,Kajiado,-2.1167526836,36.9126389052,WOAH (former OIE),Confirmed,Domestic - cattle,Domestic - Cattle,,01/02/1999,,
173289,UNFAO-LEG-173289,Rift Valley fever,,Africa,Eastern Africa,Kenya,Rift Valley,Kajiado,-2.1167526836,36.9126389052,WOAH (former OIE),Confirmed,Domestic - cattle,Domestic - Cattle,,01/02/1999,,
173290,UNFAO-LEG-173290,Rift Valley fever,,Africa,Eastern Africa,Kenya,Central,Maragua,-0.815939,37.057314,WOAH (former OIE),Confirmed,Domestic - cattle,Domestic - Cattle,,01/02/1999,,
173291,UNFAO-LEG-173291,Rift Valley fever,,Africa,Eastern Africa,Kenya,Central,Maragua,-0.815939,37.057314,WOAH (former OIE),Confirmed,Domestic - cattle,Domestic - Cattle,,01/02/1999,,
173292,UNFAO-LEG-173292,Rift Valley fever,,Africa,Eastern Africa,Kenya,Central,Maragua,-0.815939,37.057314,WOAH (former OIE),Confirmed,Domestic - cattle,Domestic - Cattle,,01/02/1999,,
173293,UNFAO-LEG-173293,Rift Valley fever,,Africa,Eastern Africa,Kenya,Central,Maragua,-0.815939,37.057314,WOAH (former OIE),Confirmed,Domestic - cattle,Domestic - Cattle,,01/02/1999,,
173294,UNFAO-LEG-173294,Rift Valley fever,,Africa,Eastern Africa,Kenya,Central,Maragua,-0.815939,37.057314,WOAH (former OIE),Confirmed,Domestic - cattle,Domestic - Cattle,,01/02/1999,,
173296,UNFAO-LEG-173296,Rift Valley fever,,Africa,Eastern Africa,Kenya,Nairobi,Nairobi,-1.30022,36.830091,WOAH (former OIE),Confirmed,Domestic - unspecified mammal,Domestic - Unspecified Mammal,,01/05/1998,,
173297,UNFAO-LEG-173297,Rift Valley fever,,Africa,Eastern Africa,Kenya,Nairobi,Nairobi,-1.30022,36.830091,WOAH (former OIE),Confirmed,Domestic - unspecified mammal,Domestic - Unspecified Mammal,,01/05/1998,,
173298,UNFAO-LEG-173298,Rift Valley fever,,Africa,Eastern Africa,Kenya,Nairobi,Nairobi,-1.30022,36.830091,WOAH (former OIE),Confirmed,Domestic - unspecified mammal,Domestic - Unspecified Mammal,,01/05/1998,,
173299,UNFAO-LEG-173299,Rift Valley fever,,Africa,Eastern Africa,Kenya,Nairobi,Nairobi,-1.30022,36.830091,WOAH (former OIE),Confirmed,Domestic - unspecified mammal,Domestic - Unspecified Mammal,,01/05/1998,,
173300,UNFAO-LEG-173300,Rift Valley fever,,Africa,Eastern Africa,Kenya,Nairobi,Nairobi,-1.30022,36.830091,WOAH (former OIE),Confirmed,Domestic - unspecified mammal,Domestic - Unspecified Mammal,,01/05/1998,,
173301,UNFAO-LEG-173301,Rift Valley fever,,Africa,Eastern Africa,Kenya,Nairobi,Nairobi,-1.30022,36.830091,WOAH (former OIE),Confirmed,Domestic - unspecified mammal,Domestic - Unspecified Mammal,,01/05/1998,,
173302,UNFAO-LEG-173302,Rift Valley fever,,Africa,Eastern Africa,Kenya,Nairobi,Nairobi,-1.30022,36.830091,WOAH (former OIE),Confirmed,Domestic - unspecified mammal,Domestic - Unspecified Mammal,,01/05/1998,,
173303,UNFAO-LEG-173303,Rift Valley fever,,Africa,Eastern Africa,Kenya,Nairobi,Nairobi,-1.30022,36.830091,WOAH (former OIE),Confirmed,Domestic - unspecified mammal,Domestic - Unspecified Mammal,,01/05/1998,,
173304,UNFAO-LEG-173304,Rift Valley fever,,Africa,Eastern Africa,Kenya,Nairobi,Nairobi,-1.30022,36.830091,WOAH (former OIE),Confirmed,Domestic - unspecified mammal,Domestic - Unspecified Mammal,,01/05/1998,,
173305,UNFAO-LEG-173305,Rift Valley fever,,Africa,Eastern Africa,Kenya,Nairobi,Nairobi,-1.30022,36.830091,WOAH (former OIE),Confirmed,Domestic - unspecified mammal,Domestic - Unspecified Mammal,,01/05/1998,,
173306,UNFAO-LEG-173306,Rift Valley fever,,Africa,Eastern Africa,Kenya,Nairobi,Nairobi,-1.30022,36.830091,WOAH (former OIE),Confirmed,Domestic - unspecified mammal,Domestic - Unspecified Mammal,,01/05/1998,,
173307,UNFAO-LEG-173307,Rift Valley fever,,Africa,Eastern Africa,Kenya,Nairobi,Nairobi,-1.30022,36.830091,WOAH (former OIE),Confirmed,Domestic - unspecified mammal,Domestic - Unspecified Mammal,,01/05/1998,,
173308,UNFAO-LEG-173308,Rift Valley fever,,Africa,Eastern Africa,Kenya,Nairobi,Nairobi,-1.30022,36.830091,WOAH (former OIE),Confirmed,Domestic - unspecified mammal,Domestic - Unspecified Mammal,,01/05/1998,,
173309,UNFAO-LEG-173309,Rift Valley fever,,Africa,Eastern Africa,Kenya,Nairobi,Nairobi,-1.30022,36.830091,WOAH (former OIE),Confirmed,Domestic - unspecified mammal,Domestic - Unspecified Mammal,,01/05/1998,,
173310,UNFAO-LEG-173310,Rift Valley fever,,Africa,Eastern Africa,Kenya,Nairobi,Nairobi,-1.30022,36.830091,WOAH (former OIE),Confirmed,Domestic - unspecified mammal,Domestic - Unspecified Mammal,,01/05/1998,,
173311,UNFAO-LEG-173311,Rift Valley fever,,Africa,Eastern Africa,Kenya,Nairobi,Nairobi,-1.30022,36.830091,WOAH (former OIE),Confirmed,Domestic - unspecified mammal,Domestic - Unspecified Mammal,,01/05/1998,,
173316,UNFAO-LEG-173316,Rift Valley fever,,Africa,Eastern Africa,Kenya,Central,Muranga,-0.6754288004,36.9755604054,WOAH (former OIE),Confirmed,Domestic - unspecified mammal,Domestic - Unspecified Mammal,,01/06/1998,,
173322,UNFAO-LEG-173322,Rift Valley fever,,Africa,Eastern Africa,Kenya,Central,Muranga,-0.6754288004,36.9755604054,WOAH (former OIE),Confirmed,Domestic - unspecified mammal,Domestic - Unspecified Mammal,,01/06/1998,,
173323,UNFAO-LEG-173323,Rift Valley fever,,Africa,Eastern Africa,Kenya,Central,Muranga,-0.6754288004,36.9755604054,WOAH (former OIE),Confirmed,Domestic - unspecified mammal,Domestic - Unspecified Mammal,,01/06/1998,,
173324,UNFAO-LEG-173324,Rift Valley fever,,Africa,Eastern Africa,Kenya,Central,Muranga,-0.6754288004,36.9755604054,WOAH (former OIE),Confirmed,Domestic - unspecified mammal,Domestic - Unspecified Mammal,,01/06/1998,,
173325,UNFAO-LEG-173325,Rift Valley fever,,Africa,Eastern Africa,Kenya,Central,Muranga,-0.6754288004,36.9755604054,WOAH (former OIE),Confirmed,Domestic - unspecified mammal,Domestic - Unspecified Mammal,,01/06/1998,,
173326,UNFAO-LEG-173326,Rift Valley fever,,Africa,Eastern Africa,Kenya,Central,Muranga,-0.6754288004,36.9755604054,WOAH (former OIE),Confirmed,Domestic - unspecified mammal,Domestic - Unspecified Mammal,,01/06/1998,,
173327,UNFAO-LEG-173327,Rift Valley fever,,Africa,Eastern Africa,Kenya,Central,Muranga,-0.6754288004,36.9755604054,WOAH (former OIE),Confirmed,Domestic - unspecified mammal,Domestic - Unspecified Mammal,,01/06/1998,,
173328,UNFAO-LEG-173328,Rift Valley fever,,Africa,Eastern Africa,Kenya,Central,Muranga,-0.6754288004,36.9755604054,WOAH (former OIE),Confirmed,Domestic - unspecified mammal,Domestic - Unspecified Mammal,,30/05/1998,,
173329,UNFAO-LEG-173329,Rift Valley fever,,Africa,Eastern Africa,Kenya,Central,Muranga,-0.6754288004,36.9755604054,WOAH (former OIE),Confirmed,Domestic - unspecified mammal,Domestic - Unspecified Mammal,,01/06/1998,,
173330,UNFAO-LEG-173330,Rift Valley fever,,Africa,Eastern Africa,Kenya,Central,Muranga,-0.6754288004,36.9755604054,WOAH (former OIE),Confirmed,Domestic - unspecified mammal,Domestic - Unspecified Mammal,,01/06/1998,,
173331,UNFAO-LEG-173331,Rift Valley fever,,Africa,Eastern Africa,Kenya,Central,Muranga,-0.6754288004,36.9755604054,WOAH (former OIE),Confirmed,Domestic - unspecified mammal,Domestic - Unspecified Mammal,,01/06/1998,,
173332,UNFAO-LEG-173332,Rift Valley fever,,Africa,Eastern Africa,Kenya,Central,Muranga,-0.6754288004,36.9755604054,WOAH (former OIE),Confirmed,Domestic - unspecified mammal,Domestic - Unspecified Mammal,,01/06/1998,,
173333,UNFAO-LEG-173333,Rift Valley fever,,Africa,Eastern Africa,Kenya,Central,Muranga,-0.6754288004,36.9755604054,WOAH (former OIE),Confirmed,Domestic - unspecified mammal,Domestic - Unspecified Mammal,,01/06/1998,,
173334,UNFAO-LEG-173334,Rift Valley fever,,Africa,Eastern Africa,Kenya,Central,Muranga,-0.6754288004,36.9755604054,WOAH (former OIE),Confirmed,Domestic - unspecified mammal,Domestic - Unspecified Mammal,,01/06/1998,,
173335,UNFAO-LEG-173335,Rift Valley fever,,Africa,Eastern Africa,Kenya,Central,Muranga,-0.6754288004,36.9755604054,WOAH (former OIE),Confirmed,Domestic - unspecified mammal,Domestic - Unspecified Mammal,,01/06/1998,,
173336,UNFAO-LEG-173336,Rift Valley fever,,Africa,Eastern Africa,Kenya,Central,Muranga,-0.6754288004,36.9755604054,WOAH (former OIE),Confirmed,Domestic - unspecified mammal,Domestic - Unspecified Mammal,,01/06/1998,,
173337,UNFAO-LEG-173337,Rift Valley fever,,Africa,Eastern Africa,Kenya,Central,Kiambu,-1.0862706569,36.6902632695,WOAH (former OIE),Confirmed,Domestic - cattle,Domestic - Cattle,,01/07/1998,,
173338,UNFAO-LEG-173338,Rift Valley fever,,Africa,Eastern Africa,Kenya,Rift Valley,Laikipia,0.296823,36.825225,WOAH (former OIE),Confirmed,Domestic - cattle,Domestic - Cattle,,01/07/1998,,
173339,UNFAO-LEG-173339,Rift Valley fever,,Africa,Eastern Africa,Kenya,Rift Valley,Kajiado,-2.1167526836,36.9126389052,WOAH (former OIE),Confirmed,Domestic - cattle,Domestic - Cattle,,01/08/1998,,
173340,UNFAO-LEG-173340,Rift Valley fever,,Africa,Eastern Africa,Kenya,Nairobi,Nairobi,-1.30022,36.830091,WOAH (former OIE),Confirmed,Domestic - unspecified mammal,Domestic - Unspecified Mammal,,01/11/1998,,
173341,UNFAO-LEG-173341,Rift Valley fever,,Africa,Eastern Africa,Kenya,Rift Valley,Nakuru,-0.456557,36.10175,WOAH (former OIE),Confirmed,Domestic - cattle,Domestic - Cattle,,01/09/2002,,
173342,UNFAO-LEG-173342,Rift Valley fever,,Africa,Western Africa,Mauritania,Trarza,Keur Massene,16.6097244336,-16.245756182,WOAH (former OIE),Confirmed,Domestic - sheep,Domestic - Sheep,,01/10/2003,,
173343,UNFAO-LEG-173343,Rift Valley fever,,Africa,Western Africa,Mauritania,Trarza,Rosso,16.657182,-15.694209,WOAH (former OIE),Confirmed,Domestic - sheep,Domestic - Sheep,,01/10/2003,,
173344,UNFAO-LEG-173344,Rift Valley fever,,Africa,Western Africa,Senegal,Saint louis,Dagana,16.244972,-15.886728,WOAH (former OIE),Confirmed,Domestic - sheep,Domestic - Sheep,,01/11/2004,,
173345,UNFAO-LEG-173345,Rift Valley fever,,Africa,Western Africa,Senegal,Matam,Matam,15.7187518635,-13.6295671527,WOAH (former OIE),Confirmed,Domestic - sheep,Domestic - Sheep,,01/10/1999,,
173346,UNFAO-LEG-173346,Rift Valley fever,,Africa,Western Africa,Senegal,Kolda,Velingara,13.103244,-13.948326,WOAH (former OIE),Confirmed,Domestic - sheep,Domestic - Sheep,,01/09/1999,,
173347,UNFAO-LEG-173347,Rift Valley fever,,Africa,Western Africa,Senegal,Kolda,Velingara,13.103244,-13.948326,WOAH (former OIE),Confirmed,Domestic - sheep,Domestic - Sheep,,01/09/1999,,
173348,UNFAO-LEG-173348,Rift Valley fever,,Africa,Western Africa,Senegal,Matam,Matam,15.7187518635,-13.6295671527,WOAH (former OIE),Confirmed,Domestic - Goat/sheep ,Domestic - Goat/Sheep ,,01/09/1999,,
173349,UNFAO-LEG-173349,Rift Valley fever,,Africa,Western Africa,Senegal,Saint louis,Podor,16.1950538172,-14.5971371593,WOAH (former OIE),Confirmed,Domestic - Goat/sheep ,Domestic - Goat/Sheep ,,01/09/1999,,
173350,UNFAO-LEG-173350,Rift Valley fever,,Africa,Eastern Africa,Kenya,North Eastern,Garissa,-0.1711298188,39.9811392081,WOAH (former OIE),Confirmed,Domestic - cattle | Domestic - Goats | Domestic - sheep,Domestic - Cattle | Domestic - Goats | Domestic - Sheep,,01/01/1998,,
173351,UNFAO-LEG-173351,Rift Valley fever,,Africa,Eastern Africa,Kenya,North Eastern,Garissa,-0.1711298188,39.9811392081,WOAH (former OIE),Confirmed,Domestic - cattle | Domestic - Goats | Domestic - sheep,Domestic - Cattle | Domestic - Goats | Domestic - Sheep,,01/01/1998,,
173352,UNFAO-LEG-173352,Rift Valley fever,,Africa,Eastern Africa,Kenya,North Eastern,Garissa,-0.1711298188,39.9811392081,WOAH (former OIE),Confirmed,Domestic - cattle | Domestic - Goats | Domestic - sheep,Domestic - Cattle | Domestic - Goats | Domestic - Sheep,,01/01/1998,,
173353,UNFAO-LEG-173353,Rift Valley fever,,Africa,Eastern Africa,Kenya,North Eastern,Garissa,-0.1711298188,39.9811392081,WOAH (former OIE),Confirmed,Domestic - cattle | Domestic - Goats | Domestic - sheep,Domestic - Cattle | Domestic - Goats | Domestic - Sheep,,01/01/1998,,
173354,UNFAO-LEG-173354,Rift Valley fever,,Africa,Eastern Africa,Kenya,North Eastern,Garissa,-0.1711298188,39.9811392081,WOAH (former OIE),Confirmed,Domestic - cattle | Domestic - Goats | Domestic - sheep,Domestic - Cattle | Domestic - Goats | Domestic - Sheep,,01/01/1998,,
173355,UNFAO-LEG-173355,Rift Valley fever,,Africa,Eastern Africa,Kenya,North Eastern,Garissa,-0.1711298188,39.9811392081,WOAH (former OIE),Confirmed,Domestic - cattle | Domestic - Goats | Domestic - sheep,Domestic - Cattle | Domestic - Goats | Domestic - Sheep,,01/01/1998,,
173362,UNFAO-LEG-173362,Rift Valley fever,,Africa,Eastern Africa,Kenya,Eastern,Marsabit,2.9277777784,37.4833166182,WOAH (former OIE),Confirmed,Domestic - cattle | Domestic - Goats | Domestic - sheep,Domestic - Cattle | Domestic - Goats | Domestic - Sheep,,01/01/1998,,
173363,UNFAO-LEG-173363,Rift Valley fever,,Africa,Eastern Africa,Kenya,North Eastern,Wajir,1.939282,40.026819,WOAH (former OIE),Confirmed,Domestic - cattle | Domestic - Goats | Domestic - sheep,Domestic - Cattle | Domestic - Goats | Domestic - Sheep,,01/01/1998,,
173364,UNFAO-LEG-173364,Rift Valley fever,,Africa,Eastern Africa,Kenya,Central,Central,-0.587608,36.967517,WOAH (former OIE),Confirmed,Domestic - cattle | Domestic - Goats | Domestic - sheep | Domestic - Camelidae (unidentified),Domestic - Cattle | Domestic - Goats | Domestic - Sheep | Domestic - Camelidae (Unidentified),,01/03/1998,,
173365,UNFAO-LEG-173365,Rift Valley fever,,Africa,Eastern Africa,Kenya,Central,Central,-0.587608,36.967517,WOAH (former OIE),Confirmed,Domestic - cattle | Domestic - Goats | Domestic - sheep | Domestic - Camelidae (unidentified),Domestic - Cattle | Domestic - Goats | Domestic - Sheep | Domestic - Camelidae (Unidentified),,01/03/1998,,
173366,UNFAO-LEG-173366,Rift Valley fever,,Africa,Eastern Africa,Kenya,Central,Central,-0.587608,36.967517,WOAH (former OIE),Confirmed,Domestic - cattle | Domestic - Goats | Domestic - sheep | Domestic - Camelidae (unidentified),Domestic - Cattle | Domestic - Goats | Domestic - Sheep | Domestic - Camelidae (Unidentified),,01/03/1998,,
173368,UNFAO-LEG-173368,Rift Valley fever,,Africa,Eastern Africa,Kenya,Central,Central,-0.587608,36.967517,WOAH (former OIE),Confirmed,Domestic - cattle | Domestic - Goats | Domestic - sheep | Domestic - Camelidae (unidentified),Domestic - Cattle | Domestic - Goats | Domestic - Sheep | Domestic - Camelidae (Unidentified),,01/03/1998,,
173369,UNFAO-LEG-173369,Rift Valley fever,,Africa,Eastern Africa,Kenya,Eastern,Eastern,0.693632,38.475119,WOAH (former OIE),Confirmed,Domestic - cattle | Domestic - Goats | Domestic - sheep | Domestic - Camelidae (unidentified),Domestic - Cattle | Domestic - Goats | Domestic - Sheep | Domestic - Camelidae (Unidentified),,01/03/1998,,
173370,UNFAO-LEG-173370,Rift Valley fever,,Africa,Eastern Africa,Kenya,Nairobi,Nairobi,-1.30022,36.830091,WOAH (former OIE),Confirmed,Domestic - cattle | Domestic - Goats | Domestic - sheep | Domestic - Camelidae (unidentified),Domestic - Cattle | Domestic - Goats | Domestic - Sheep | Domestic - Camelidae (Unidentified),,01/03/1998,,
173371,UNFAO-LEG-173371,Rift Valley fever,,Africa,Eastern Africa,Kenya,North Eastern,North Eastern,1.119148,40.203942,WOAH (former OIE),Confirmed,Domestic - cattle | Domestic - Goats | Domestic - sheep | Domestic - Camelidae (unidentified),Domestic - Cattle | Domestic - Goats | Domestic - Sheep | Domestic - Camelidae (Unidentified),,01/03/1998,,
173372,UNFAO-LEG-173372,Rift Valley fever,,Africa,Eastern Africa,Kenya,Rift Valley,Rift Valley,0.717646,36.039262,WOAH (former OIE),Confirmed,Domestic - cattle | Domestic - Goats | Domestic - sheep | Domestic - Camelidae (unidentified),Domestic - Cattle | Domestic - Goats | Domestic - Sheep | Domestic - Camelidae (Unidentified),,01/03/1998,,
173373,UNFAO-LEG-173373,Rift Valley fever,,Africa,Eastern Africa,Kenya,Western,Western,0.544694,34.49992,WOAH (former OIE),Confirmed,Domestic - cattle | Domestic - Goats | Domestic - sheep | Domestic - Camelidae (unidentified),Domestic - Cattle | Domestic - Goats | Domestic - Sheep | Domestic - Camelidae (Unidentified),,01/03/1998,,
173380,UNFAO-LEG-173380,Rift Valley fever,,Africa,Eastern Africa,Zimbabwe,Mashonaland East,Mashonaland East,-17.979789,31.599353,WOAH (former OIE),Confirmed,Domestic - cattle | Domestic - sheep,Domestic - Cattle | Domestic - Sheep,,01/01/1998,,
173381,UNFAO-LEG-173381,Rift Valley fever,,Africa,Eastern Africa,Zimbabwe,Mashonaland West,Mashonaland West,-17.261216,29.867673,WOAH (former OIE),Confirmed,Domestic - cattle | Domestic - sheep,Domestic - Cattle | Domestic - Sheep,,01/01/1998,,
173382,UNFAO-LEG-173382,Rift Valley fever,,Africa,Eastern Africa,Zimbabwe,Mashonaland Central,Mashonaland Central,-16.678799,31.600811,WOAH (former OIE),Confirmed,Domestic - cattle,Domestic - Cattle,,01/02/1998,,
173383,UNFAO-LEG-173383,Rift Valley fever,,Africa,Eastern Africa,Zimbabwe,Mashonaland East,Mashonaland East,-17.979789,31.599353,WOAH (former OIE),Confirmed,Domestic - cattle,Domestic - Cattle,,01/02/1998,,
173384,UNFAO-LEG-173384,Rift Valley fever,,Africa,Eastern Africa,Zimbabwe,Mashonaland East,Mashonaland East,-17.979789,31.599353,WOAH (former OIE),Confirmed,Domestic - cattle,Domestic - Cattle,,01/02/1998,,
173385,UNFAO-LEG-173385,Rift Valley fever,,Africa,Eastern Africa,Zimbabwe,Matabeleland North,Matebeleland North,-18.617774,27.445594,WOAH (former OIE),Confirmed,Domestic - cattle,Domestic - Cattle,,01/02/1998,,
173386,UNFAO-LEG-173386,Rift Valley fever,,Africa,Eastern Africa,Zimbabwe,Matabeleland North,Matebeleland North,-18.617774,27.445594,WOAH (former OIE),Confirmed,Domestic - cattle,Domestic - Cattle,,01/02/1998,,
173387,UNFAO-LEG-173387,Rift Valley fever,,Africa,Eastern Africa,Zimbabwe,Mashonaland East,Mashonaland East,-17.979789,31.599353,WOAH (former OIE),Confirmed,Domestic - cattle,Domestic - Cattle,,15/03/1998,,
173388,UNFAO-LEG-173388,Rift Valley fever,,Africa,Eastern Africa,Zimbabwe,Mashonaland East,Mashonaland East,-17.979789,31.599353,WOAH (former OIE),Confirmed,Domestic - cattle | Domestic - sheep,Domestic - Cattle | Domestic - Sheep,,15/04/1998,,
173389,UNFAO-LEG-173389,Rift Valley fever,,Africa,Eastern Africa,Zimbabwe,Mashonaland West,Mashonaland West,-17.261216,29.867673,WOAH (former OIE),Confirmed,Domestic - cattle | Domestic - sheep,Domestic - Cattle | Domestic - Sheep,,15/04/1998,,
173390,UNFAO-LEG-173390,Rift Valley fever,,Africa,Eastern Africa,Zimbabwe,Mashonaland Central,Mashonaland Central,-16.678799,31.600811,WOAH (former OIE),Confirmed,Domestic - cattle,Domestic - Cattle,,15/02/1999,,
173391,UNFAO-LEG-173391,Rift Valley fever,,Africa,Eastern Africa,Zimbabwe,Mashonaland East,Mashonaland East,-17.979789,31.599353,WOAH (former OIE),Confirmed,Domestic - cattle,Domestic - Cattle,,15/05/1999,,
173392,UNFAO-LEG-173392,Rift Valley fever,,Africa,Eastern Africa,Zimbabwe,Manicaland,Manicaland,-19.287815,32.069863,WOAH (former OIE),Confirmed,Domestic - cattle,Domestic - Cattle,,15/06/2001,,
173393,UNFAO-LEG-173393,Rift Valley fever,,Africa,Eastern Africa,Zimbabwe,Manicaland,Manicaland,-19.287815,32.069863,WOAH (former OIE),Confirmed,Domestic - cattle,Domestic - Cattle,,15/06/2001,,
173406,UNFAO-LEG-173406,Rift Valley fever,,Africa,Western Africa,Mauritania,Guidimakha,Guidimaka,15.36554,-12.218652,WOAH (former OIE),Confirmed,Domestic - Goats,Domestic - Goats,,15/10/1999,,
173407,UNFAO-LEG-173407,Rift Valley fever,,Africa,Western Africa,Mauritania,Guidimakha,Guidimaka,15.36554,-12.218652,WOAH (former OIE),Confirmed,Domestic - Goat/sheep ,Domestic - Goat/Sheep ,,15/11/1999,,
173408,UNFAO-LEG-173408,Rift Valley fever,,Africa,Western Africa,Mauritania,Guidimakha,Guidimaka,15.36554,-12.218652,WOAH (former OIE),Confirmed,Domestic - Goat/sheep ,Domestic - Goat/Sheep ,,15/11/1999,,
173409,UNFAO-LEG-173409,Rift Valley fever,,Africa,Western Africa,Mauritania,Trarza,Trarza,17.529093,-15.046658,WOAH (former OIE),Confirmed,Domestic - Goat/sheep ,Domestic - Goat/Sheep ,,15/11/1999,,
173411,UNFAO-LEG-173411,Rift Valley fever,,Africa,Western Africa,Mauritania,Brakna,Aleg,16.9784532924,-13.6512906276,WOAH (former OIE),Confirmed,Domestic - Goat/sheep ,Domestic - Goat/Sheep ,,15/11/2002,,
173412,UNFAO-LEG-173412,Rift Valley fever,,Africa,Western Africa,Mauritania,Brakna,Aleg,16.9784532924,-13.6512906276,WOAH (former OIE),Confirmed,Domestic - Goat/sheep ,Domestic - Goat/Sheep ,,15/11/2002,,
173413,UNFAO-LEG-173413,Rift Valley fever,,Africa,Western Africa,Mauritania,Gorgol,M Bout,16.0456129428,-12.5252084189,WOAH (former OIE),Confirmed,Domestic - Goat/sheep ,Domestic - Goat/Sheep ,,15/11/2002,,
173414,UNFAO-LEG-173414,Rift Valley fever,,Africa,Western Africa,Mauritania,Trarza,Keur Massene,16.6097244336,-16.245756182,WOAH (former OIE),Confirmed,Domestic - sheep,Domestic - Sheep,,15/10/2003,,
173415,UNFAO-LEG-173415,Rift Valley fever,,Africa,Western Africa,Mauritania,Trarza,Rosso,16.657182,-15.694209,WOAH (former OIE),Confirmed,Domestic - sheep,Domestic - Sheep,,15/10/2003,,
173424,UNFAO-LEG-173424,Rift Valley fever,,Africa,Western Africa,Gambia,Lower River,Jarra East,13.4533554786,-15.2677884817,WOAH (former OIE),Confirmed,Domestic - unspecified mammal,Domestic - Unspecified Mammal,,15/11/2002,,
173425,UNFAO-LEG-173425,Rift Valley fever,,Africa,Western Africa,Gambia,Lower River,Jarra East,13.4533554786,-15.2677884817,WOAH (former OIE),Confirmed,Domestic - unspecified mammal,Domestic - Unspecified Mammal,,15/11/2002,,
173426,UNFAO-LEG-173426,Rift Valley fever,,Africa,Western Africa,Gambia,Lower River,Jarra East,13.4533554786,-15.2677884817,WOAH (former OIE),Confirmed,Domestic - unspecified mammal,Domestic - Unspecified Mammal,,15/11/2002,,
173427,UNFAO-LEG-173427,Rift Valley fever,,Africa,Western Africa,Gambia,Lower River,Jarra East,13.4533554786,-15.2677884817,WOAH (former OIE),Confirmed,Domestic - unspecified mammal,Domestic - Unspecified Mammal,,15/11/2002,,
173428,UNFAO-LEG-173428,Rift Valley fever,,Africa,Western Africa,Gambia,Lower River,Jarra East,13.4533554786,-15.2677884817,WOAH (former OIE),Confirmed,Domestic - unspecified mammal,Domestic - Unspecified Mammal,,15/11/2002,,
173429,UNFAO-LEG-173429,Rift Valley fever,,Africa,Western Africa,Gambia,Lower River,Jarra East,13.4533554786,-15.2677884817,WOAH (former OIE),Confirmed,Domestic - unspecified mammal,Domestic - Unspecified Mammal,,15/11/2002,,
173430,UNFAO-LEG-173430,Rift Valley fever,,Africa,Western Africa,Gambia,Lower River,Jarra East,13.4533554786,-15.2677884817,WOAH (former OIE),Confirmed,Domestic - unspecified mammal,Domestic - Unspecified Mammal,,15/11/2002,,
173431,UNFAO-LEG-173431,Rift Valley fever,,Africa,Western Africa,Gambia,Lower River,Jarra East,13.4533554786,-15.2677884817,WOAH (former OIE),Confirmed,Domestic - unspecified mammal,Domestic - Unspecified Mammal,,15/11/2002,,
181558,UNFAO-LEG-181558,Rift Valley fever,,Africa,Northern Africa,South Sudan,Eastern Equatoria,East Equatoria,4.756795,33.353441,Other,Denied,Domestic - unspecified mammal,Domestic - Unspecified Mammal,,16/10/2013,,
199996,UNFAO-LEG-199996,Rift Valley fever,,Africa,Eastern Africa,Mozambique,Zambezia,Chimuara  Mopeia  Zambezia  Mozambique,-17.7833,35.4028,Publications,Confirmed,Domestic - sheep | Domestic - Goats,Domestic - Sheep | Domestic - Goats,,01/09/2010,,
199997,UNFAO-LEG-199997,Rift Valley fever,,Africa,Eastern Africa,Mozambique,Zambezia,Nuere,-17.83292,36.0626,Publications,Confirmed,Domestic - sheep | Domestic - Goats,Domestic - Sheep | Domestic - Goats,,01/09/2010,,
199998,UNFAO-LEG-199998,Rift Valley fever,,Africa,Eastern Africa,Mozambique,Zambezia,Deda,-17.9916,35.7405,Publications,Confirmed,Domestic - sheep | Domestic - Goats,Domestic - Sheep | Domestic - Goats,,01/09/2010,,
199999,UNFAO-LEG-199999,Rift Valley fever,,Africa,Eastern Africa,Mozambique,Zambezia,Nzanzia,-17.83292,36.0626,Publications,Confirmed,Domestic - Goats,Domestic - Goats,,01/09/2010,,
211351,UNFAO-LEG-211351,Rift Valley fever,,Africa,Eastern Africa,Uganda,Kabale,Rubaya,-1.26595,29.99283,National authorities,Suspected,,,,15/03/2016,1,
211352,UNFAO-LEG-211352,Rift Valley fever,,Africa,Eastern Africa,Uganda,Kabale,Upper Bugongi,-1.26595,29.99283,National authorities,Suspected,,,,15/03/2016,1,
211353,UNFAO-LEG-211353,Rift Valley fever,,Africa,Eastern Africa,Uganda,Kabale,Rugarama Hospital,-1.26595,29.99283,National authorities,Suspected,,,,15/03/2016,1,
214398,UNFAO-LEG-214398,Rift Valley fever,,Africa,Eastern Africa,Uganda,Kabale,Kabale,-1.25,29.99,Media,Suspected,,,,10/06/2016,1,
237091,UNFAO-LEG-237091,Rift Valley fever,,Africa,Eastern Africa,Rwanda,East/Iburasirazuba,Ngoma,-2.197839,30.446077,Media,Suspected,,,,11/06/2018,3,3
237943,UNFAO-LEG-237943,Rift Valley fever,,Africa,Eastern Africa,Uganda,Ibanda,Ibanda,-0.059925,30.492347,FAO Field Officer,Confirmed,,,,05/07/2018,1,
237944,UNFAO-LEG-237944,Rift Valley fever,,Africa,Eastern Africa,Rwanda,South/Amajyepfo,Kamonyi,-2.027767,29.902111,Media,Suspected,Domestic - Cattle,Domestic - Cattle,,05/07/2018,,
238481,UNFAO-LEG-238481,Rift Valley fever,,Africa,Eastern Africa,Uganda,Ssembabule,Ssembabule,-0.05258,31.408869,FAO Field Officer,Confirmed,,,,20/07/2018,1,
238482,UNFAO-LEG-238482,Rift Valley fever,,Africa,Eastern Africa,Uganda,Mbarara,Mbarara,-0.52912,30.629672,FAO Field Officer,Confirmed,,,,20/07/2018,1,
238483,UNFAO-LEG-238483,Rift Valley fever,,Africa,Eastern Africa,Uganda,Ibanda,Ibanda,-0.059925,30.492347,FAO Field Officer,Confirmed,,,,20/07/2018,1,
238484,UNFAO-LEG-238484,Rift Valley fever,,Africa,Eastern Africa,Uganda,Isingiro,Isingiro,-0.838297,30.930353,FAO Field Officer,Confirmed,,,,20/07/2018,1,
238522,UNFAO-LEG-238522,Rift Valley fever,,Africa,Western Africa,Sierra Leone,Eastern,Moindu,7.946366,-11.191452,FAO Field Officer,Suspected,Domestic - Goat/sheep ,Domestic - Goat/Sheep ,,23/07/2018,,
239740,UNFAO-LEG-239740,Rift Valley fever,,Africa,Eastern Africa,Uganda,Lyantonde,Lyantonde,-0.25962,31.18367,Media,Suspected,,,,03/09/2018,11,
258701,UNFAO-LEG-258701,Rift Valley fever,,Africa,Middle Africa,Central African Republic,Ombella M'Poko,Bogoin village,5.33,17.63,FAO Field Officer,Denied,Domestic - Cattle | Domestic - Goat/sheep ,Domestic - Cattle | Domestic - Goat/Sheep ,,19/08/2019,,
260330,UNFAO-LEG-260330,Rift Valley fever,,Africa,Northern Africa,Sudan,Nile,Nile,18.978991,33.063347,UN Field Officer,Confirmed,,,,24/10/2019,145,
260331,UNFAO-LEG-260331,Rift Valley fever,,Africa,Northern Africa,Sudan,Khartoum,Khartoum,15.925097,33.118437,UN Field Officer,Confirmed,,,,24/10/2019,1,
260625,UNFAO-LEG-260625,Rift Valley fever,,Africa,Northern Africa,Sudan,White Nile,White Nile,13.595186,32.443085,UN Field Officer,Confirmed,,,,31/10/2019,1,
260626,UNFAO-LEG-260626,Rift Valley fever,,Africa,Northern Africa,Sudan,Gadaref,Gadaref,14.213574,34.77253,UN Field Officer,Confirmed,,,,31/10/2019,1,
260627,UNFAO-LEG-260627,Rift Valley fever,,Africa,Northern Africa,Sudan,Kassala,Kassala,15.705179,35.536165,UN Field Officer,Confirmed,,,,31/10/2019,2,
278717,UNFAO-LEG-278717,Rift Valley fever,,Africa,Northern Africa,Sudan,Northern,Merowe,18.483333,31.816667,Media,Suspected,,,,23/09/2020,120,45
279117,UNFAO-LEG-279117,Rift Valley fever,,Africa,Western Africa,Mauritania,Assaba,Assaba,16.707976,-11.854937,FAO Field Officer,Confirmed,Domestic - Cattle,Domestic - Cattle,,28/09/2020,,
279120,UNFAO-LEG-279120,Rift Valley fever,,Africa,Western Africa,Mauritania,Trarza,Trarza,17.529093,-15.046658,WHO,Confirmed,Domestic - Cattle,Domestic - Cattle,,28/09/2020,,
279477,UNFAO-LEG-279477,Rift Valley fever,,Africa,Northern Africa,Sudan,Northern,Addabah,17.425511,30.790033,Media,Suspected,,,,25/09/2020,,
279589,UNFAO-LEG-279589,Rift Valley fever,,Africa,Western Africa,Mauritania,Tagant,Tagant,18.434415,-10.563062,FAO Field Officer,Confirmed,,,,03/10/2020,3,3
279590,UNFAO-LEG-279590,Rift Valley fever,,Africa,Western Africa,Mauritania,Hodh Ech Chargi,Hodh Ech Chargi,19.33921,-7.001458,FAO Field Officer,Confirmed,,,,03/10/2020,1,1
280109,UNFAO-LEG-280109,Rift Valley fever,,Africa,Western Africa,Mauritania,Adrar,Adrar,21.44798,-9.352329,WHO,Confirmed,,,,11/10/2020,,
280110,UNFAO-LEG-280110,Rift Valley fever,,Africa,Western Africa,Mauritania,Gorgol,Gorgol,15.99642,-12.688452,WHO,Confirmed,,,,11/10/2020,,
280111,UNFAO-LEG-280111,Rift Valley fever,,Africa,Western Africa,Mauritania,Nouakchott,Nouakchott,18.058877,-15.957062,WHO,Confirmed,,,,11/10/2020,,
280112,UNFAO-LEG-280112,Rift Valley fever,,Africa,Western Africa,Mauritania,Hodh El Gharbi,Hodh El Gharbi,16.540221,-9.750448,WHO,Confirmed,,,,11/10/2020,,
280113,UNFAO-LEG-280113,Rift Valley fever,,Africa,Western Africa,Mauritania,Trarza,Trarza,17.529093,-15.046658,WHO,Confirmed,,,,11/10/2020,,
280114,UNFAO-LEG-280114,Rift Valley fever,,Africa,Western Africa,Mauritania,Brakna,Brakna,17.293079,-13.27927,WHO,Confirmed,,,,11/10/2020,,
283620,UNFAO-LEG-283620,Rift Valley fever,,Africa,Western Africa,Senegal,Matam,Bokidiawé,15.88,-13.648,WHO,Confirmed,,,,29/11/2020,1,
303014,UNFAO-LEG-303014,Rift Valley fever,,Africa,Northern Africa,Sudan,Northern,El Nafaab  Merowe,18.46,31.81,Media,Suspected,Domestic - Unspecified mammal,Domestic - Unspecified Mammal,,07/09/2021,,
303015,UNFAO-LEG-303015,Rift Valley fever,,Africa,Northern Africa,Sudan,Northern,El Nafaab  Merowe,18.46,31.81,Media,Suspected,,,,07/09/2021,1,
305957,UNFAO-LEG-305957,Rift Valley fever,,Africa,Northern Africa,Algeria,Mila,Mila,36.44,6.26,National authorities,Denied,Domestic - Unspecified mammal,Domestic - Unspecified Mammal,,30/10/2021,,
307448,UNFAO-LEG-307448,Rift Valley fever,,Africa,Northern Africa,Libya,Ajdabiya (agedabia),Ajdabiya (agedabia),29.020396,20.783608,FAO officer,Denied,Domestic - Unspecified mammal,Domestic - Unspecified Mammal,,25/11/2021,,
311197,UNFAO-LEG-311197,Rift Valley fever,,Africa,Eastern Africa,Uganda,Kibaale,Mabaale,0.94,30.81,Media,Suspected,,,,13/01/2022,1,1
323056,UNFAO-LEG-323056,Rift Valley fever,,Africa,Eastern Africa,Burundi,Makamba,Makamba     ,-4.236878,29.724996,National authorities,Confirmed,Domestic - Cattle,Domestic - Cattle,,25/05/2022,,
323057,UNFAO-LEG-323057,Rift Valley fever,,Africa,Eastern Africa,Burundi,Kayanza,Kayanza,-3.008572,29.662321,National authorities,Confirmed,Domestic - Cattle | Domestic - Goat/sheep ,Domestic - Cattle | Domestic - Goat/Sheep ,,25/05/2022,,
323058,UNFAO-LEG-323058,Rift Valley fever,,Africa,Eastern Africa,Burundi,Bujumbura Rural,Bujumbura Rural,-3.493316,29.41117,National authorities,Confirmed,Domestic - Cattle,Domestic - Cattle,,25/05/2022,,
323059,UNFAO-LEG-323059,Rift Valley fever,,Africa,Eastern Africa,Burundi,Cibitoke,Cibitoke,-2.847466,29.262224,National authorities,Confirmed,Domestic - Cattle | Domestic - Goat/sheep ,Domestic - Cattle | Domestic - Goat/Sheep ,,26/05/2022,,
323060,UNFAO-LEG-323060,Rift Valley fever,,Africa,Eastern Africa,Burundi,Karuzi,Karuzi,-3.148995,30.079139,National authorities,Confirmed,Domestic - Cattle | Domestic - Goat/sheep ,Domestic - Cattle | Domestic - Goat/Sheep ,,25/05/2022,,
325526,UNFAO-LEG-325526,Rift Valley fever,,Africa,Eastern Africa,Burundi,Muramvya,Muramvya,-3.266491,29.653233,National authorities,Confirmed,Domestic - Cattle,Domestic - Cattle,,28/06/2022,,
325527,UNFAO-LEG-325527,Rift Valley fever,,Africa,Eastern Africa,Burundi,Mwaro,Mwaro,-3.509266,29.714969,National authorities,Confirmed,Domestic - Cattle,Domestic - Cattle,,28/06/2022,,
325528,UNFAO-LEG-325528,Rift Valley fever,,Africa,Eastern Africa,Burundi,Bubanza,Bubanza,-3.119935,29.398028,National authorities,Confirmed,Domestic - Cattle,Domestic - Cattle,,28/06/2022,,
325529,UNFAO-LEG-325529,Rift Valley fever,,Africa,Eastern Africa,Burundi,Bururi,Rumonge,-3.956069,29.442193,National authorities,Confirmed,Domestic - Cattle | Domestic - Goat/sheep ,Domestic - Cattle | Domestic - Goat/Sheep ,,28/06/2022,,
331045,UNFAO-LEG-331045,Rift Valley fever,,Africa,Western Africa,Mauritania,Hodh Ech Chargi,Timbedra,16.218427,-8.215621,National authorities,Confirmed,Domestic - Camelidae (unidentified) | Domestic - Goat/sheep ,Domestic - Camelidae (Unidentified) | Domestic - Goat/Sheep ,,08/09/2022,,
331046,UNFAO-LEG-331046,Rift Valley fever,,Africa,Western Africa,Mauritania,Trarza,Boutilimit,17.909044,-14.328062,National authorities,Confirmed,Domestic - Camelidae (unidentified),Domestic - Camelidae (Unidentified),,08/09/2022,,
331047,UNFAO-LEG-331047,Rift Valley fever,,Africa,Western Africa,Mauritania,Tiris-Zemmour,Zoueratt,22.725998,-12.382247,National authorities,Confirmed,Domestic - Camelidae (unidentified),Domestic - Camelidae (Unidentified),,08/09/2022,,
333330,UNFAO-LEG-333330,Rift Valley fever,,Africa,Western Africa,Mauritania,Trarza,Mederdra,17.11608,-15.772418,National authorities,Confirmed,Domestic - Camelidae (unidentified),Domestic - Camelidae (Unidentified),,13/10/2022,,
333331,UNFAO-LEG-333331,Rift Valley fever,,Africa,Western Africa,Mauritania,Hodh Ech Chargi,Nema,16.459425,-7.327047,National authorities,Confirmed,Domestic - Camelidae (unidentified) | Domestic - Goat/sheep ,Domestic - Camelidae (Unidentified) | Domestic - Goat/Sheep ,,13/10/2022,,
333827,UNFAO-LEG-333827,Rift Valley fever,,Africa,Western Africa,Mauritania,Brakna,Brakna,17.293079,-13.27927,WHO,Suspected,Domestic - Unspecified mammal,Domestic - Unspecified Mammal,,20/10/2022,,
333828,UNFAO-LEG-333828,Rift Valley fever,,Africa,Western Africa,Mauritania,Nouakchott,Nouakchott,18.058877,-15.957062,WHO,Suspected,Domestic - Unspecified mammal,Domestic - Unspecified Mammal,,20/10/2022,,
333829,UNFAO-LEG-333829,Rift Valley fever,,Africa,Western Africa,Mauritania,Gorgol,Gorgol,15.99642,-12.688452,WHO,Suspected,Domestic - Unspecified mammal,Domestic - Unspecified Mammal,,20/10/2022,,
346783,UNFAO-LEG-346783,Rift Valley fever,,Africa,Eastern Africa,Uganda,Mbarara,Nyakayojo  Mbarara City,-0.65,30.61,FAO officer,Confirmed,,,,01/03/2023,1,
346784,UNFAO-LEG-346784,Rift Valley fever,,Africa,Eastern Africa,Uganda,Mbarara,Isingiro district,-0.6,30.66,FAO officer,Confirmed,,,,01/03/2023,1,
346785,UNFAO-LEG-346785,Rift Valley fever,,Africa,Eastern Africa,Uganda,Kiruhura,Kazo district,-0.051,30.75,FAO officer,Confirmed,,,,01/03/2023,1,
354216,UNFAO-LEG-354216,Rift Valley fever,,Africa,Eastern Africa,Uganda,Bushenyi,Bushenyi District ,-0.48,30.15,Media,Suspected,,,,16/05/2023,1,1
383811,UNFAO-LEG-383811,Rift Valley fever,,Africa,Western Africa,Senegal,Tambacounda,Kidira,14.45,-12.21,Media,Suspected,,,,13/07/2024,1,
395062,UNFAO-LEG-395062,Rift Valley fever,,Africa,Middle Africa,Central African Republic,Ouham Pendé,Ngaoundaye,7.47,15.54,National authorities,Confirmed,,,,13/01/2025,5,1
410284,UNFAO-LEG-410284,Rift Valley fever,,Africa,Northern Africa,South Sudan,El Buheyrat,Awerial County,6.18,31.248,Media,Suspected,,,,03/07/2025,5,2
410958,UNFAO-LEG-410958,Rift Valley fever,,Africa,Middle Africa,Democratic Republic of the Congo,Nord-Kivu,Kalehe,-0.636,28.86,Media,Suspected,Domestic - Unspecified mammal,Domestic - Unspecified Mammal,,13/07/2025,,
415454,UNFAO-LEG-415454,Rift Valley fever,,Africa,Western Africa,Mauritania,Trarza,Rosso,16.657182,-15.694209,National authorities,Confirmed,,,,28/09/2025,11,1
415459,UNFAO-LEG-415459,Rift Valley fever,,Africa,Western Africa,Mauritania,Brakna,Aleg,16.995544,-13.680257,National authorities,Confirmed,,,,29/09/2025,4,1
415460,UNFAO-LEG-415460,Rift Valley fever,,Africa,Western Africa,Mauritania,Assaba,Kiffa,16.690592,-11.342519,National authorities,Confirmed,,,,29/09/2025,9,1
415787,UNFAO-LEG-415787,Rift Valley fever,,Africa,Western Africa,Senegal,Saint louis,Richard toll,16.45,-15.69,National authorities,Confirmed,,,,02/10/2025,133,19
415788,UNFAO-LEG-415788,Rift Valley fever,,Africa,Western Africa,Senegal,Saint louis,Podor,16.092339,-14.575992,National authorities,Confirmed,,,,02/10/2025,2,
415789,UNFAO-LEG-415789,Rift Valley fever,,Africa,Western Africa,Senegal,Saint louis,Pete,16.1,-13.94,National authorities,Confirmed,,,,02/10/2025,1,
416063,UNFAO-LEG-416063,Rift Valley fever,,Africa,Western Africa,Senegal,Saint louis,Dagana,16.244972,-15.886728,National authorities,Confirmed,,,,08/10/2025,6,
416064,UNFAO-LEG-416064,Rift Valley fever,,Africa,Western Africa,Senegal,Louga,Linguere,15.327393,-15.162665,National authorities,Confirmed,,,,08/10/2025,9,4
416065,UNFAO-LEG-416065,Rift Valley fever,,Africa,Western Africa,Senegal,Louga,Keur Momar Sarr,15.92,-15.96,National authorities,Confirmed,,,,08/10/2025,1,
416066,UNFAO-LEG-416066,Rift Valley fever,,Africa,Western Africa,Senegal,Matam,Thilogne,15.96,-13.59,National authorities,Confirmed,,,,08/10/2025,11,4
416280,UNFAO-LEG-416280,Rift Valley fever,,Africa,Western Africa,Senegal,Matam,168856 DÉBODJI	,15.992336,-13.657864,National authorities,Confirmed,Domestic - Goats,Domestic - Goats,,11/10/2025,,
416283,UNFAO-LEG-416283,Rift Valley fever,,Africa,Western Africa,Senegal,Fatick,Fatick,14.40892,-16.243189,National authorities,Confirmed,,,,11/10/2025,1,
416517,UNFAO-LEG-416517,Rift Valley fever,,Africa,Western Africa,Senegal,Dakar,Keur Massar,14.78,-17.31,National authorities,Confirmed,,,,17/10/2025,1,
416518,UNFAO-LEG-416518,Rift Valley fever,,Africa,Western Africa,Senegal,Kaolack,Nioro du rip,13.755112,-15.796448,National authorities,Confirmed,,,,17/10/2025,1,
416519,UNFAO-LEG-416519,Rift Valley fever,,Africa,Western Africa,Senegal,Fatick,Diofior,14.18,-16.66,National authorities,Confirmed,,,,17/10/2025,8,1
416520,UNFAO-LEG-416520,Rift Valley fever,,Africa,Western Africa,Senegal,Matam,Matam,15.720496,-13.67506,National authorities,Confirmed,,,,17/10/2025,1,
416521,UNFAO-LEG-416521,Rift Valley fever,,Africa,Western Africa,Senegal,Louga,Sakal,15.6,-16.06,National authorities,Confirmed,,,,17/10/2025,2,
416522,UNFAO-LEG-416522,Rift Valley fever,,Africa,Western Africa,Senegal,Matam,Ranerou,15.110542,-14.084368,National authorities,Confirmed,,,,17/10/2025,1,
416523,UNFAO-LEG-416523,Rift Valley fever,,Africa,Western Africa,Senegal,Matam,Kanel,15.008175,-13.09685,National authorities,Confirmed,,,,17/10/2025,2,
417018,UNFAO-LEG-417018,Rift Valley fever,,Africa,Western Africa,Senegal,Dakar,Sangalkam,14.77,-17.22,National authorities,Confirmed,,,,22/10/2025,1,
417019,UNFAO-LEG-417019,Rift Valley fever,,Africa,Western Africa,Senegal,Kaolack,Kaolack,14.111234,-16.097422,National authorities,Confirmed,,,,22/10/2025,1,
417020,UNFAO-LEG-417020,Rift Valley fever,,Africa,Western Africa,Senegal,Louga,Dahara,15.35,-15.48,National authorities,Confirmed,,,,22/10/2025,2,
417456,UNFAO-LEG-417456,Rift Valley fever,,Africa,Western Africa,Senegal,Tambacounda,Kidira,14.45,-12.21,National authorities,Confirmed,,,,27/10/2025,2,
417457,UNFAO-LEG-417457,Rift Valley fever,,Africa,Western Africa,Senegal,Thies,Thies,14.729173,-16.857769,National authorities,Confirmed,,,,27/10/2025,1,
417511,UNFAO-LEG-417511,Rift Valley fever,,Africa,Western Africa,Senegal,Thies,168884 FANDÈNE-CITÉ OUVRIÈRE,14.798702,-16.882381,National authorities,Confirmed,Domestic - Cattle,Domestic - Cattle,,28/10/2025,,
417512,UNFAO-LEG-417512,Rift Valley fever,,Africa,Western Africa,Senegal,Fatick,168858 SOUNDIANE WAKHODIANE	,14.245794,-16.638143,National authorities,Confirmed,Domestic - Goat/sheep ,Domestic - Goat/Sheep ,,28/10/2025,,
417513,UNFAO-LEG-417513,Rift Valley fever,,Africa,Western Africa,Senegal,Kaolack,168878 MBADAKHOUNE	,14.207091,-16.020178,National authorities,Confirmed,Domestic - Goats,Domestic - Goats,,28/10/2025,,
417514,UNFAO-LEG-417514,Rift Valley fever,,Africa,Western Africa,Senegal,Kolda,168855 SAN DJIBO	,12.932528,-14.076477,National authorities,Confirmed,Domestic - Goat/sheep ,Domestic - Goat/Sheep ,,28/10/2025,,
417565,UNFAO-LEG-417565,Rift Valley fever,,Africa,Western Africa,Senegal,Diourbel,168883 MÉDINATOUL	,14.645614,-16.222996,National authorities,Confirmed,Domestic - Sheep,Domestic - Sheep,,30/10/2025,,
417566,UNFAO-LEG-417566,Rift Valley fever,,Africa,Western Africa,Mauritania,Nouakchott,Nouakchott,18.058877,-15.957062,National authorities,Confirmed,,,,31/10/2025,6,1
417650,UNFAO-LEG-417650,Rift Valley fever,,Africa,Western Africa,Senegal,Kedougou,Kedougou,12.75901,-12.426972,National authorities,Confirmed,,,,02/11/2025,1,
417651,UNFAO-LEG-417651,Rift Valley fever,,Africa,Western Africa,Senegal,Kedougou,Salemata,12.598677,-12.795062,National authorities,Confirmed,,,,02/11/2025,1,
417842,UNFAO-LEG-417842,Rift Valley fever,,Africa,Western Africa,Senegal,Kaffrine,168905 BAGANTHIE	,14.227759,-15.338233,National authorities,Confirmed,Domestic - Goat/sheep ,Domestic - Goat/Sheep ,,03/11/2025,,
418587,UNFAO-LEG-418587,Rift Valley fever,,Africa,Western Africa,Senegal,Kaffrine,Birkilane,14.137393,-15.727011,National authorities,Confirmed,,,,09/11/2025,1,
418589,UNFAO-LEG-418589,Rift Valley fever,,Africa,Western Africa,Senegal,Dakar,Guediawaye,14.78,-17.38,National authorities,Confirmed,,,,10/11/2025,1,
418660,UNFAO-LEG-418660,Rift Valley fever,,Africa,Western Africa,Senegal,Thies,Pout,14.76,-17.06,National authorities,Confirmed,,,,23/11/2025,1,
418661,UNFAO-LEG-418661,Rift Valley fever,,Africa,Western Africa,Senegal,Fatick,Passy,13.98,-16.26,National authorities,Confirmed,,,,10/11/2025,1,
418662,UNFAO-LEG-418662,Rift Valley fever,,Africa,Western Africa,Senegal,Fatick,Foundiougne,13.8756,-16.347643,National authorities,Confirmed,,,,10/11/2025,2,
418663,UNFAO-LEG-418663,Rift Valley fever,,Africa,Western Africa,Senegal,Fatick,Gossas,14.486692,-15.966219,National authorities,Confirmed,,,,10/11/2025,1,
418664,UNFAO-LEG-418664,Rift Valley fever,,Africa,Western Africa,Senegal,Fatick,Sokone,13.87,-16.37,National authorities,Confirmed,,,,10/11/2025,1,
418665,UNFAO-LEG-418665,Rift Valley fever,,Africa,Western Africa,Senegal,Kaolack,Ndoffane,13.91,-15.92,National authorities,Confirmed,,,,10/11/2025,2,
418666,UNFAO-LEG-418666,Rift Valley fever,,Africa,Western Africa,Senegal,Kaolack,Guinguineo,14.254423,-15.952938,National authorities,Confirmed,,,,10/11/2025,1,
419802,UNFAO-LEG-419802,Rift Valley fever,,Africa,Western Africa,Senegal,Kolda,Velingara,13.103244,-13.948326,National authorities,Confirmed,,,,16/11/2025,1,
419803,UNFAO-LEG-419803,Rift Valley fever,,Africa,Western Africa,Senegal,Louga,Coki,15.5,-15.98,National authorities,Confirmed,,,,16/11/2025,1,
419804,UNFAO-LEG-419804,Rift Valley fever,,Africa,Western Africa,Senegal,Fatick,Niakhar,14.48,-16.4,National authorities,Confirmed,,,,16/11/2025,1,
420752,UNFAO-LEG-420752,Rift Valley fever,,Africa,Western Africa,Mauritania,Brakna,Maghta Lahjar,17.650128,-13.061421,National authorities,Confirmed,,,,21/11/2025,8,
420753,UNFAO-LEG-420753,Rift Valley fever,,Africa,Western Africa,Mauritania,Trarza,R'kiz,16.901043,-15.086659,National authorities,Confirmed,,,,21/11/2025,1,
420754,UNFAO-LEG-420754,Rift Valley fever,,Africa,Western Africa,Mauritania,Dakhlet-Nouadhibou,Nouadhibou,19.97169,-15.977249,National authorities,Confirmed,,,,21/11/2025,1,
420755,UNFAO-LEG-420755,Rift Valley fever,,Africa,Western Africa,Mauritania,Tagant,Moudjeria,18.01249,-12.16186,National authorities,Confirmed,,,,21/11/2025,1,
420756,UNFAO-LEG-420756,Rift Valley fever,,Africa,Western Africa,Mauritania,Hodh Ech Chargi,Nema,16.459425,-7.327047,National authorities,Confirmed,,,,21/11/2025,1,
420758,UNFAO-LEG-420758,Rift Valley fever,,Africa,Western Africa,Mauritania,Hodh El Gharbi,Tamchekett,17.116964,-10.443437,National authorities,Confirmed,,,,21/11/2025,1,
420759,UNFAO-LEG-420759,Rift Valley fever,,Africa,Western Africa,Mauritania,Hodh El Gharbi,Tintane,15.952789,-10.293721,National authorities,Confirmed,,,,21/11/2025,1,
420760,UNFAO-LEG-420760,Rift Valley fever,,Africa,Western Africa,Mauritania,Guidimakha,Selibaby,15.241617,-12.287766,National authorities,Confirmed,,,,21/11/2025,2,
420761,UNFAO-LEG-420761,Rift Valley fever,,Africa,Western Africa,Mauritania,Gorgol,Kaedi,16.006316,-13.052733,National authorities,Confirmed,,,,21/11/2025,4,
420764,UNFAO-LEG-420764,Rift Valley fever,,Africa,Western Africa,Senegal,Tambacounda,Goudiry,13.973209,-13.018299,National authorities,Confirmed,,,,23/11/2025,1,
420765,UNFAO-LEG-420765,Rift Valley fever,,Africa,Western Africa,Senegal,Tambacounda,Bakel,14.210598,-12.244983,National authorities,Confirmed,,,,23/11/2025,1,
420766,UNFAO-LEG-420766,Rift Valley fever,,Africa,Western Africa,Senegal,Thies,Joel,14.79,-16.93,National authorities,Confirmed,,,,23/11/2025,1,
