Domain Code,Domain,Area Code (M49),Area,Element Code,Element,Item Code (CPC),Item,Year Code,Year,Unit,Value,Flag,Flag Description,Note
"QCL","Crops and livestock products","012","Algeria","5111","Stocks","02111","Cattle","2005","2005","An","1586070","A","Official figure",""
"QCL","Crops and livestock products","012","Algeria","5111","Stocks","02111","Cattle","2006","2006","An","1607890","A","Official figure",""
"QCL","Crops and livestock products","012","Algeria","5111","Stocks","02111","Cattle","2007","2007","An","1633810","A","Official figure",""
"QCL","Crops and livestock products","012","Algeria","5111","Stocks","02111","Cattle","2008","2008","An","1640730","A","Official figure",""
"QCL","Crops and livestock products","012","Algeria","5111","Stocks","02111","Cattle","2009","2009","An","1682433","A","Official figure",""
"QCL","Crops and livestock products","012","Algeria","5111","Stocks","02111","Cattle","2010","2010","An","1747700","A","Official figure",""
"QCL","Crops and livestock products","012","Algeria","5111","Stocks","02111","Cattle","2011","2011","An","1790140","A","Official figure",""
"QCL","Crops and livestock products","012","Algeria","5111","Stocks","02111","Cattle","2012","2012","An","1843930","A","Official figure",""
"QCL","Crops and livestock products","012","Algeria","5111","Stocks","02111","Cattle","2013","2013","An","1909455","A","Official figure",""
"QCL","Crops and livestock products","012","Algeria","5111","Stocks","02111","Cattle","2014","2014","An","2049652","A","Official figure",""
"QCL","Crops and livestock products","012","Algeria","5111","Stocks","02111","Cattle","2015","2015","An","2149549","A","Official figure",""
"QCL","Crops and livestock products","012","Algeria","5111","Stocks","02111","Cattle","2016","2016","An","2081306","A","Official figure",""
"QCL","Crops and livestock products","012","Algeria","5111","Stocks","02111","Cattle","2017","2017","An","1895126","A","Official figure",""
"QCL","Crops and livestock products","012","Algeria","5111","Stocks","02111","Cattle","2018","2018","An","1816280","A","Official figure",""
"QCL","Crops and livestock products","012","Algeria","5111","Stocks","02111","Cattle","2019","2019","An","1786351","A","Official figure",""
"QCL","Crops and livestock products","012","Algeria","5111","Stocks","02111","Cattle","2020","2020","An","1740183","A","Official figure",""
"QCL","Crops and livestock products","012","Algeria","5111","Stocks","02111","Cattle","2021","2021","An","1734476","A","Official figure",""
"QCL","Crops and livestock products","012","Algeria","5111","Stocks","02111","Cattle","2022","2022","An","1734460","I","Value imputed by a receiving agency",""
"QCL","Crops and livestock products","012","Algeria","5111","Stocks","02111","Cattle","2023","2023","An","1805943","I","Value imputed by a receiving agency",""
"QCL","Crops and livestock products","012","Algeria","5111","Stocks","02111","Cattle","2024","2024","An","1782454","I","Value imputed by a receiving agency",""
"QCL","Crops and livestock products","012","Algeria","5112","Stocks","02151","Chickens","2005","2005","1000 An","125000","E","Estimated value",""
"QCL","Crops and livestock products","012","Algeria","5112","Stocks","02151","Chickens","2006","2006","1000 An","125000","E","Estimated value",""
"QCL","Crops and livestock products","012","Algeria","5112","Stocks","02151","Chickens","2007","2007","1000 An","125000","E","Estimated value",""
"QCL","Crops and livestock products","012","Algeria","5112","Stocks","02151","Chickens","2008","2008","1000 An","125000","E","Estimated value",""
"QCL","Crops and livestock products","012","Algeria","5112","Stocks","02151","Chickens","2009","2009","1000 An","125000","E","Estimated value",""
"QCL","Crops and livestock products","012","Algeria","5112","Stocks","02151","Chickens","2010","2010","1000 An","126000","E","Estimated value",""
"QCL","Crops and livestock products","012","Algeria","5112","Stocks","02151","Chickens","2011","2011","1000 An","127000","E","Estimated value",""
"QCL","Crops and livestock products","012","Algeria","5112","Stocks","02151","Chickens","2012","2012","1000 An","128500","E","Estimated value",""
"QCL","Crops and livestock products","012","Algeria","5112","Stocks","02151","Chickens","2013","2013","1000 An","130000","E","Estimated value",""
"QCL","Crops and livestock products","012","Algeria","5112","Stocks","02151","Chickens","2014","2014","1000 An","151367","I","Value imputed by a receiving agency",""
"QCL","Crops and livestock products","012","Algeria","5112","Stocks","02151","Chickens","2015","2015","1000 An","160772","I","Value imputed by a receiving agency",""
"QCL","Crops and livestock products","012","Algeria","5112","Stocks","02151","Chickens","2016","2016","1000 An","172472","I","Value imputed by a receiving agency",""
"QCL","Crops and livestock products","012","Algeria","5112","Stocks","02151","Chickens","2017","2017","1000 An","183144","I","Value imputed by a receiving agency",""
"QCL","Crops and livestock products","012","Algeria","5112","Stocks","02151","Chickens","2018","2018","1000 An","190837","I","Value imputed by a receiving agency",""
"QCL","Crops and livestock products","012","Algeria","5112","Stocks","02151","Chickens","2019","2019","1000 An","179923","E","Estimated value",""
"QCL","Crops and livestock products","012","Algeria","5112","Stocks","02151","Chickens","2020","2020","1000 An","183356","I","Value imputed by a receiving agency",""
"QCL","Crops and livestock products","012","Algeria","5112","Stocks","02151","Chickens","2021","2021","1000 An","198102","I","Value imputed by a receiving agency",""
"QCL","Crops and livestock products","012","Algeria","5112","Stocks","02151","Chickens","2022","2022","1000 An","191602","E","Estimated value",""
"QCL","Crops and livestock products","012","Algeria","5112","Stocks","02151","Chickens","2023","2023","1000 An","195862","E","Estimated value",""
"QCL","Crops and livestock products","012","Algeria","5112","Stocks","02151","Chickens","2024","2024","1000 An","203572","E","Estimated value",""
"QCL","Crops and livestock products","012","Algeria","5111","Stocks","02123","Goats","2005","2005","An","3589880","A","Official figure",""
"QCL","Crops and livestock products","012","Algeria","5111","Stocks","02123","Goats","2006","2006","An","3754590","A","Official figure",""
"QCL","Crops and livestock products","012","Algeria","5111","Stocks","02123","Goats","2007","2007","An","3837860","A","Official figure",""
"QCL","Crops and livestock products","012","Algeria","5111","Stocks","02123","Goats","2008","2008","An","3751360","A","Official figure",""
"QCL","Crops and livestock products","012","Algeria","5111","Stocks","02123","Goats","2009","2009","An","3962120","A","Official figure",""
"QCL","Crops and livestock products","012","Algeria","5111","Stocks","02123","Goats","2010","2010","An","4287300","A","Official figure",""
"QCL","Crops and livestock products","012","Algeria","5111","Stocks","02123","Goats","2011","2011","An","4411020","A","Official figure",""
"QCL","Crops and livestock products","012","Algeria","5111","Stocks","02123","Goats","2012","2012","An","4594525","A","Official figure",""
"QCL","Crops and livestock products","012","Algeria","5111","Stocks","02123","Goats","2013","2013","An","4910700","A","Official figure",""
"QCL","Crops and livestock products","012","Algeria","5111","Stocks","02123","Goats","2014","2014","An","5129839","A","Official figure",""
"QCL","Crops and livestock products","012","Algeria","5111","Stocks","02123","Goats","2015","2015","An","5013950","A","Official figure",""
"QCL","Crops and livestock products","012","Algeria","5111","Stocks","02123","Goats","2016","2016","An","4934701","A","Official figure",""
"QCL","Crops and livestock products","012","Algeria","5111","Stocks","02123","Goats","2017","2017","An","5007894","A","Official figure",""
"QCL","Crops and livestock products","012","Algeria","5111","Stocks","02123","Goats","2018","2018","An","4908485","A","Official figure",""
"QCL","Crops and livestock products","012","Algeria","5111","Stocks","02123","Goats","2019","2019","An","4929069","A","Official figure",""
"QCL","Crops and livestock products","012","Algeria","5111","Stocks","02123","Goats","2020","2020","An","4908168","A","Official figure",""
"QCL","Crops and livestock products","012","Algeria","5111","Stocks","02123","Goats","2021","2021","An","5029042","A","Official figure",""
"QCL","Crops and livestock products","012","Algeria","5111","Stocks","02123","Goats","2022","2022","An","5127003","I","Value imputed by a receiving agency",""
"QCL","Crops and livestock products","012","Algeria","5111","Stocks","02123","Goats","2023","2023","An","5102740","I","Value imputed by a receiving agency",""
"QCL","Crops and livestock products","012","Algeria","5111","Stocks","02123","Goats","2024","2024","An","5071523","I","Value imputed by a receiving agency",""
"QCL","Crops and livestock products","012","Algeria","5111","Stocks","02122","Sheep","2005","2005","An","18909110","A","Official figure",""
"QCL","Crops and livestock products","012","Algeria","5111","Stocks","02122","Sheep","2006","2006","An","19885730","A","Official figure",""
"QCL","Crops and livestock products","012","Algeria","5111","Stocks","02122","Sheep","2007","2007","An","20154890","A","Official figure",""
"QCL","Crops and livestock products","012","Algeria","5111","Stocks","02122","Sheep","2008","2008","An","19946150","A","Official figure",""
"QCL","Crops and livestock products","012","Algeria","5111","Stocks","02122","Sheep","2009","2009","An","21404584","A","Official figure",""
"QCL","Crops and livestock products","012","Algeria","5111","Stocks","02122","Sheep","2010","2010","An","22868770","A","Official figure",""
"QCL","Crops and livestock products","012","Algeria","5111","Stocks","02122","Sheep","2011","2011","An","23989330","A","Official figure",""
"QCL","Crops and livestock products","012","Algeria","5111","Stocks","02122","Sheep","2012","2012","An","25194105","A","Official figure",""
"QCL","Crops and livestock products","012","Algeria","5111","Stocks","02122","Sheep","2013","2013","An","26572980","A","Official figure",""
"QCL","Crops and livestock products","012","Algeria","5111","Stocks","02122","Sheep","2014","2014","An","27807734","A","Official figure",""
"QCL","Crops and livestock products","012","Algeria","5111","Stocks","02122","Sheep","2015","2015","An","28111773","A","Official figure",""
"QCL","Crops and livestock products","012","Algeria","5111","Stocks","02122","Sheep","2016","2016","An","28135986","A","Official figure",""
"QCL","Crops and livestock products","012","Algeria","5111","Stocks","02122","Sheep","2017","2017","An","28393602","A","Official figure",""
"QCL","Crops and livestock products","012","Algeria","5111","Stocks","02122","Sheep","2018","2018","An","28723994","A","Official figure",""
"QCL","Crops and livestock products","012","Algeria","5111","Stocks","02122","Sheep","2019","2019","An","29378561","A","Official figure",""
"QCL","Crops and livestock products","012","Algeria","5111","Stocks","02122","Sheep","2020","2020","An","30905560","A","Official figure",""
"QCL","Crops and livestock products","012","Algeria","5111","Stocks","02122","Sheep","2021","2021","An","31126445","A","Official figure",""
"QCL","Crops and livestock products","012","Algeria","5111","Stocks","02122","Sheep","2022","2022","An","31542575","I","Value imputed by a receiving agency",""
"QCL","Crops and livestock products","012","Algeria","5111","Stocks","02122","Sheep","2023","2023","An","31829369","I","Value imputed by a receiving agency",""
"QCL","Crops and livestock products","012","Algeria","5111","Stocks","02122","Sheep","2024","2024","An","32354831","I","Value imputed by a receiving agency",""
"QCL","Crops and livestock products","024","Angola","5111","Stocks","02111","Cattle","2005","2005","An","4015424","A","Official figure",""
"QCL","Crops and livestock products","024","Angola","5111","Stocks","02111","Cattle","2006","2006","An","4105750","A","Official figure",""
"QCL","Crops and livestock products","024","Angola","5111","Stocks","02111","Cattle","2007","2007","An","4198109","A","Official figure",""
"QCL","Crops and livestock products","024","Angola","5111","Stocks","02111","Cattle","2008","2008","An","4292545","A","Official figure",""
"QCL","Crops and livestock products","024","Angola","5111","Stocks","02111","Cattle","2009","2009","An","4389105","A","Official figure",""
"QCL","Crops and livestock products","024","Angola","5111","Stocks","02111","Cattle","2010","2010","An","4487838","A","Official figure",""
"QCL","Crops and livestock products","024","Angola","5111","Stocks","02111","Cattle","2011","2011","An","4586570","A","Official figure",""
"QCL","Crops and livestock products","024","Angola","5111","Stocks","02111","Cattle","2012","2012","An","4687475","A","Official figure",""
"QCL","Crops and livestock products","024","Angola","5111","Stocks","02111","Cattle","2013","2013","An","4790599","A","Official figure",""
"QCL","Crops and livestock products","024","Angola","5111","Stocks","02111","Cattle","2014","2014","An","4895000","E","Estimated value",""
"QCL","Crops and livestock products","024","Angola","5111","Stocks","02111","Cattle","2015","2015","An","4990113","I","Value imputed by a receiving agency",""
"QCL","Crops and livestock products","024","Angola","5111","Stocks","02111","Cattle","2016","2016","An","5078430","I","Value imputed by a receiving agency",""
"QCL","Crops and livestock products","024","Angola","5111","Stocks","02111","Cattle","2017","2017","An","4980370","E","Estimated value",""
"QCL","Crops and livestock products","024","Angola","5111","Stocks","02111","Cattle","2018","2018","An","4943060","I","Value imputed by a receiving agency",""
"QCL","Crops and livestock products","024","Angola","5111","Stocks","02111","Cattle","2019","2019","An","4925681","I","Value imputed by a receiving agency",""
"QCL","Crops and livestock products","024","Angola","5111","Stocks","02111","Cattle","2020","2020","An","4924541","I","Value imputed by a receiving agency",""
"QCL","Crops and livestock products","024","Angola","5111","Stocks","02111","Cattle","2021","2021","An","5140151","I","Value imputed by a receiving agency",""
"QCL","Crops and livestock products","024","Angola","5111","Stocks","02111","Cattle","2022","2022","An","5130157","I","Value imputed by a receiving agency",""
"QCL","Crops and livestock products","024","Angola","5111","Stocks","02111","Cattle","2023","2023","An","5165133","I","Value imputed by a receiving agency",""
"QCL","Crops and livestock products","024","Angola","5111","Stocks","02111","Cattle","2024","2024","An","5200294","I","Value imputed by a receiving agency",""
"QCL","Crops and livestock products","024","Angola","5112","Stocks","02151","Chickens","2005","2005","1000 An","6866","A","Official figure",""
"QCL","Crops and livestock products","024","Angola","5112","Stocks","02151","Chickens","2006","2006","1000 An","8242","A","Official figure",""
"QCL","Crops and livestock products","024","Angola","5112","Stocks","02151","Chickens","2007","2007","1000 An","9895","A","Official figure",""
"QCL","Crops and livestock products","024","Angola","5112","Stocks","02151","Chickens","2008","2008","1000 An","11878","A","Official figure",""
"QCL","Crops and livestock products","024","Angola","5112","Stocks","02151","Chickens","2009","2009","1000 An","14260","A","Official figure",""
"QCL","Crops and livestock products","024","Angola","5112","Stocks","02151","Chickens","2010","2010","1000 An","17119","A","Official figure",""
"QCL","Crops and livestock products","024","Angola","5112","Stocks","02151","Chickens","2011","2011","1000 An","19977","A","Official figure",""
"QCL","Crops and livestock products","024","Angola","5112","Stocks","02151","Chickens","2012","2012","1000 An","23314","A","Official figure",""
"QCL","Crops and livestock products","024","Angola","5112","Stocks","02151","Chickens","2013","2013","1000 An","27207","A","Official figure",""
"QCL","Crops and livestock products","024","Angola","5112","Stocks","02151","Chickens","2014","2014","1000 An","31750","E","Estimated value",""
"QCL","Crops and livestock products","024","Angola","5112","Stocks","02151","Chickens","2015","2015","1000 An","35700","E","Estimated value",""
"QCL","Crops and livestock products","024","Angola","5112","Stocks","02151","Chickens","2016","2016","1000 An","35700","E","Estimated value",""
"QCL","Crops and livestock products","024","Angola","5112","Stocks","02151","Chickens","2017","2017","1000 An","36500","E","Estimated value",""
"QCL","Crops and livestock products","024","Angola","5112","Stocks","02151","Chickens","2018","2018","1000 An","37486","I","Value imputed by a receiving agency",""
"QCL","Crops and livestock products","024","Angola","5112","Stocks","02151","Chickens","2019","2019","1000 An","36759","E","Estimated value",""
"QCL","Crops and livestock products","024","Angola","5112","Stocks","02151","Chickens","2020","2020","1000 An","36268","I","Value imputed by a receiving agency",""
"QCL","Crops and livestock products","024","Angola","5112","Stocks","02151","Chickens","2021","2021","1000 An","43615","I","Value imputed by a receiving agency",""
"QCL","Crops and livestock products","024","Angola","5112","Stocks","02151","Chickens","2022","2022","1000 An","45755","I","Value imputed by a receiving agency",""
"QCL","Crops and livestock products","024","Angola","5112","Stocks","02151","Chickens","2023","2023","1000 An","47757","I","Value imputed by a receiving agency",""
"QCL","Crops and livestock products","024","Angola","5112","Stocks","02151","Chickens","2024","2024","1000 An","49758","I","Value imputed by a receiving agency",""
"QCL","Crops and livestock products","024","Angola","5111","Stocks","02123","Goats","2005","2005","An","3353022","A","Official figure",""
"QCL","Crops and livestock products","024","Angola","5111","Stocks","02123","Goats","2006","2006","An","3446066","A","Official figure",""
"QCL","Crops and livestock products","024","Angola","5111","Stocks","02123","Goats","2007","2007","An","3541691","A","Official figure",""
"QCL","Crops and livestock products","024","Angola","5111","Stocks","02123","Goats","2008","2008","An","3639971","A","Official figure",""
"QCL","Crops and livestock products","024","Angola","5111","Stocks","02123","Goats","2009","2009","An","3740977","A","Official figure",""
"QCL","Crops and livestock products","024","Angola","5111","Stocks","02123","Goats","2010","2010","An","3844786","A","Official figure",""
"QCL","Crops and livestock products","024","Angola","5111","Stocks","02123","Goats","2011","2011","An","3948595","A","Official figure",""
"QCL","Crops and livestock products","024","Angola","5111","Stocks","02123","Goats","2012","2012","An","4055207","A","Official figure",""
"QCL","Crops and livestock products","024","Angola","5111","Stocks","02123","Goats","2013","2013","An","4164698","A","Official figure",""
"QCL","Crops and livestock products","024","Angola","5111","Stocks","02123","Goats","2014","2014","An","4277150","E","Estimated value",""
"QCL","Crops and livestock products","024","Angola","5111","Stocks","02123","Goats","2015","2015","An","4385978","I","Value imputed by a receiving agency",""
"QCL","Crops and livestock products","024","Angola","5111","Stocks","02123","Goats","2016","2016","An","4274957","E","Estimated value",""
"QCL","Crops and livestock products","024","Angola","5111","Stocks","02123","Goats","2017","2017","An","4237776","I","Value imputed by a receiving agency",""
"QCL","Crops and livestock products","024","Angola","5111","Stocks","02123","Goats","2018","2018","An","4194398","I","Value imputed by a receiving agency",""
"QCL","Crops and livestock products","024","Angola","5111","Stocks","02123","Goats","2019","2019","An","4152327","I","Value imputed by a receiving agency",""
"QCL","Crops and livestock products","024","Angola","5111","Stocks","02123","Goats","2020","2020","An","4115399","I","Value imputed by a receiving agency",""
"QCL","Crops and livestock products","024","Angola","5111","Stocks","02123","Goats","2021","2021","An","4251196","I","Value imputed by a receiving agency",""
"QCL","Crops and livestock products","024","Angola","5111","Stocks","02123","Goats","2022","2022","An","4253234","I","Value imputed by a receiving agency",""
"QCL","Crops and livestock products","024","Angola","5111","Stocks","02123","Goats","2023","2023","An","4261226","I","Value imputed by a receiving agency",""
"QCL","Crops and livestock products","024","Angola","5111","Stocks","02123","Goats","2024","2024","An","4270675","I","Value imputed by a receiving agency",""
"QCL","Crops and livestock products","024","Angola","5111","Stocks","02122","Sheep","2005","2005","An","857453","A","Official figure",""
"QCL","Crops and livestock products","024","Angola","5111","Stocks","02122","Sheep","2006","2006","An","881247","A","Official figure",""
"QCL","Crops and livestock products","024","Angola","5111","Stocks","02122","Sheep","2007","2007","An","905701","A","Official figure",""
"QCL","Crops and livestock products","024","Angola","5111","Stocks","02122","Sheep","2008","2008","An","930833","A","Official figure",""
"QCL","Crops and livestock products","024","Angola","5111","Stocks","02122","Sheep","2009","2009","An","956663","A","Official figure",""
"QCL","Crops and livestock products","024","Angola","5111","Stocks","02122","Sheep","2010","2010","An","983210","A","Official figure",""
"QCL","Crops and livestock products","024","Angola","5111","Stocks","02122","Sheep","2011","2011","An","1009756","A","Official figure",""
"QCL","Crops and livestock products","024","Angola","5111","Stocks","02122","Sheep","2012","2012","An","1037020","A","Official figure",""
"QCL","Crops and livestock products","024","Angola","5111","Stocks","02122","Sheep","2013","2013","An","1065019","A","Official figure",""
"QCL","Crops and livestock products","024","Angola","5111","Stocks","02122","Sheep","2014","2014","An","1093800","E","Estimated value",""
"QCL","Crops and livestock products","024","Angola","5111","Stocks","02122","Sheep","2015","2015","An","1120891","I","Value imputed by a receiving agency",""
"QCL","Crops and livestock products","024","Angola","5111","Stocks","02122","Sheep","2016","2016","An","1146909","I","Value imputed by a receiving agency",""
"QCL","Crops and livestock products","024","Angola","5111","Stocks","02122","Sheep","2017","2017","An","1119776","E","Estimated value",""
"QCL","Crops and livestock products","024","Angola","5111","Stocks","02122","Sheep","2018","2018","An","1097864","I","Value imputed by a receiving agency",""
"QCL","Crops and livestock products","024","Angola","5111","Stocks","02122","Sheep","2019","2019","An","1079910","I","Value imputed by a receiving agency",""
"QCL","Crops and livestock products","024","Angola","5111","Stocks","02122","Sheep","2020","2020","An","1062621","I","Value imputed by a receiving agency",""
"QCL","Crops and livestock products","024","Angola","5111","Stocks","02122","Sheep","2021","2021","An","1126213","I","Value imputed by a receiving agency",""
"QCL","Crops and livestock products","024","Angola","5111","Stocks","02122","Sheep","2022","2022","An","1129800","I","Value imputed by a receiving agency",""
"QCL","Crops and livestock products","024","Angola","5111","Stocks","02122","Sheep","2023","2023","An","1134895","I","Value imputed by a receiving agency",""
"QCL","Crops and livestock products","024","Angola","5111","Stocks","02122","Sheep","2024","2024","An","1140494","I","Value imputed by a receiving agency",""
"QCL","Crops and livestock products","204","Benin","5111","Stocks","02111","Cattle","2005","2005","An","1717900","A","Official figure",""
"QCL","Crops and livestock products","204","Benin","5111","Stocks","02111","Cattle","2006","2006","An","1810000","A","Official figure",""
"QCL","Crops and livestock products","204","Benin","5111","Stocks","02111","Cattle","2007","2007","An","1857000","A","Official figure",""
"QCL","Crops and livestock products","204","Benin","5111","Stocks","02111","Cattle","2008","2008","An","1905000","A","Official figure",""
"QCL","Crops and livestock products","204","Benin","5111","Stocks","02111","Cattle","2009","2009","An","1954000","A","Official figure",""
"QCL","Crops and livestock products","204","Benin","5111","Stocks","02111","Cattle","2010","2010","An","2005000","A","Official figure",""
"QCL","Crops and livestock products","204","Benin","5111","Stocks","02111","Cattle","2011","2011","An","2058000","A","Official figure",""
"QCL","Crops and livestock products","204","Benin","5111","Stocks","02111","Cattle","2012","2012","An","2111000","A","Official figure",""
"QCL","Crops and livestock products","204","Benin","5111","Stocks","02111","Cattle","2013","2013","An","2166000","A","Official figure",""
"QCL","Crops and livestock products","204","Benin","5111","Stocks","02111","Cattle","2014","2014","An","2222000","A","Official figure",""
"QCL","Crops and livestock products","204","Benin","5111","Stocks","02111","Cattle","2015","2015","An","2280000","A","Official figure",""
"QCL","Crops and livestock products","204","Benin","5111","Stocks","02111","Cattle","2016","2016","An","2339000","A","Official figure",""
"QCL","Crops and livestock products","204","Benin","5111","Stocks","02111","Cattle","2017","2017","An","2400000","A","Official figure",""
"QCL","Crops and livestock products","204","Benin","5111","Stocks","02111","Cattle","2018","2018","An","2462000","A","Official figure",""
"QCL","Crops and livestock products","204","Benin","5111","Stocks","02111","Cattle","2019","2019","An","2526000","A","Official figure",""
"QCL","Crops and livestock products","204","Benin","5111","Stocks","02111","Cattle","2020","2020","An","1937604","A","Official figure",""
"QCL","Crops and livestock products","204","Benin","5111","Stocks","02111","Cattle","2021","2021","An","2117302","A","Official figure",""
"QCL","Crops and livestock products","204","Benin","5111","Stocks","02111","Cattle","2022","2022","An","2313666","A","Official figure",""
"QCL","Crops and livestock products","204","Benin","5111","Stocks","02111","Cattle","2023","2023","An","2528241","A","Official figure",""
"QCL","Crops and livestock products","204","Benin","5111","Stocks","02111","Cattle","2024","2024","An","2762716","A","Official figure",""
"QCL","Crops and livestock products","204","Benin","5112","Stocks","02151","Chickens","2005","2005","1000 An","27432","A","Official figure",""
"QCL","Crops and livestock products","204","Benin","5112","Stocks","02151","Chickens","2006","2006","1000 An","25700","A","Official figure",""
"QCL","Crops and livestock products","204","Benin","5112","Stocks","02151","Chickens","2007","2007","1000 An","26519","A","Official figure",""
"QCL","Crops and livestock products","204","Benin","5112","Stocks","02151","Chickens","2008","2008","1000 An","15525","A","Official figure",""
"QCL","Crops and livestock products","204","Benin","5112","Stocks","02151","Chickens","2009","2009","1000 An","15999","A","Official figure",""
"QCL","Crops and livestock products","204","Benin","5112","Stocks","02151","Chickens","2010","2010","1000 An","16550","A","Official figure",""
"QCL","Crops and livestock products","204","Benin","5112","Stocks","02151","Chickens","2011","2011","1000 An","17087","A","Official figure",""
"QCL","Crops and livestock products","204","Benin","5112","Stocks","02151","Chickens","2012","2012","1000 An","17634","A","Official figure",""
"QCL","Crops and livestock products","204","Benin","5112","Stocks","02151","Chickens","2013","2013","1000 An","18198","A","Official figure",""
"QCL","Crops and livestock products","204","Benin","5112","Stocks","02151","Chickens","2014","2014","1000 An","18779","A","Official figure",""
"QCL","Crops and livestock products","204","Benin","5112","Stocks","02151","Chickens","2015","2015","1000 An","19380","A","Official figure",""
"QCL","Crops and livestock products","204","Benin","5112","Stocks","02151","Chickens","2016","2016","1000 An","20002","A","Official figure",""
"QCL","Crops and livestock products","204","Benin","5112","Stocks","02151","Chickens","2017","2017","1000 An","20643","A","Official figure",""
"QCL","Crops and livestock products","204","Benin","5112","Stocks","02151","Chickens","2018","2018","1000 An","21304","A","Official figure",""
"QCL","Crops and livestock products","204","Benin","5112","Stocks","02151","Chickens","2019","2019","1000 An","21986","A","Official figure",""
"QCL","Crops and livestock products","204","Benin","5112","Stocks","02151","Chickens","2020","2020","1000 An","14005","A","Official figure",""
"QCL","Crops and livestock products","204","Benin","5112","Stocks","02151","Chickens","2021","2021","1000 An","16020","A","Official figure",""
"QCL","Crops and livestock products","204","Benin","5112","Stocks","02151","Chickens","2022","2022","1000 An","16333","A","Official figure",""
"QCL","Crops and livestock products","204","Benin","5112","Stocks","02151","Chickens","2023","2023","1000 An","17638","A","Official figure",""
"QCL","Crops and livestock products","204","Benin","5112","Stocks","02151","Chickens","2024","2024","1000 An","19049","A","Official figure",""
"QCL","Crops and livestock products","204","Benin","5111","Stocks","02123","Goats","2005","2005","An","1386000","A","Official figure",""
"QCL","Crops and livestock products","204","Benin","5111","Stocks","02123","Goats","2006","2006","An","1427000","A","Official figure",""
"QCL","Crops and livestock products","204","Benin","5111","Stocks","02123","Goats","2007","2007","An","1453700","A","Official figure",""
"QCL","Crops and livestock products","204","Benin","5111","Stocks","02123","Goats","2008","2008","An","1483300","A","Official figure",""
"QCL","Crops and livestock products","204","Benin","5111","Stocks","02123","Goats","2009","2009","An","1570000","A","Official figure",""
"QCL","Crops and livestock products","204","Benin","5111","Stocks","02123","Goats","2010","2010","An","1605000","A","Official figure",""
"QCL","Crops and livestock products","204","Benin","5111","Stocks","02123","Goats","2011","2011","An","1640000","A","Official figure",""
"QCL","Crops and livestock products","204","Benin","5111","Stocks","02123","Goats","2012","2012","An","1678000","A","Official figure",""
"QCL","Crops and livestock products","204","Benin","5111","Stocks","02123","Goats","2013","2013","An","1716000","A","Official figure",""
"QCL","Crops and livestock products","204","Benin","5111","Stocks","02123","Goats","2014","2014","An","1755000","A","Official figure",""
"QCL","Crops and livestock products","204","Benin","5111","Stocks","02123","Goats","2015","2015","An","1795000","A","Official figure",""
"QCL","Crops and livestock products","204","Benin","5111","Stocks","02123","Goats","2016","2016","An","1836000","A","Official figure",""
"QCL","Crops and livestock products","204","Benin","5111","Stocks","02123","Goats","2017","2017","An","1878000","A","Official figure",""
"QCL","Crops and livestock products","204","Benin","5111","Stocks","02123","Goats","2018","2018","An","1921000","A","Official figure",""
"QCL","Crops and livestock products","204","Benin","5111","Stocks","02123","Goats","2019","2019","An","1965000","A","Official figure",""
"QCL","Crops and livestock products","204","Benin","5111","Stocks","02123","Goats","2020","2020","An","2880913","A","Official figure",""
"QCL","Crops and livestock products","204","Benin","5111","Stocks","02123","Goats","2021","2021","An","3513827","A","Official figure",""
"QCL","Crops and livestock products","204","Benin","5111","Stocks","02123","Goats","2022","2022","An","3619241","A","Official figure",""
"QCL","Crops and livestock products","204","Benin","5111","Stocks","02123","Goats","2023","2023","An","3727819","A","Official figure",""
"QCL","Crops and livestock products","204","Benin","5111","Stocks","02123","Goats","2024","2024","An","3839654","A","Official figure",""
"QCL","Crops and livestock products","204","Benin","5111","Stocks","02122","Sheep","2005","2005","An","724000","A","Official figure",""
"QCL","Crops and livestock products","204","Benin","5111","Stocks","02122","Sheep","2006","2006","An","742000","A","Official figure",""
"QCL","Crops and livestock products","204","Benin","5111","Stocks","02122","Sheep","2007","2007","An","762300","A","Official figure",""
"QCL","Crops and livestock products","204","Benin","5111","Stocks","02122","Sheep","2008","2008","An","780700","A","Official figure",""
"QCL","Crops and livestock products","204","Benin","5111","Stocks","02122","Sheep","2009","2009","An","791000","A","Official figure",""
"QCL","Crops and livestock products","204","Benin","5111","Stocks","02122","Sheep","2010","2010","An","808000","A","Official figure",""
"QCL","Crops and livestock products","204","Benin","5111","Stocks","02122","Sheep","2011","2011","An","825000","A","Official figure",""
"QCL","Crops and livestock products","204","Benin","5111","Stocks","02122","Sheep","2012","2012","An","842000","A","Official figure",""
"QCL","Crops and livestock products","204","Benin","5111","Stocks","02122","Sheep","2013","2013","An","860000","A","Official figure",""
"QCL","Crops and livestock products","204","Benin","5111","Stocks","02122","Sheep","2014","2014","An","878000","A","Official figure",""
"QCL","Crops and livestock products","204","Benin","5111","Stocks","02122","Sheep","2015","2015","An","896000","A","Official figure",""
"QCL","Crops and livestock products","204","Benin","5111","Stocks","02122","Sheep","2016","2016","An","915000","A","Official figure",""
"QCL","Crops and livestock products","204","Benin","5111","Stocks","02122","Sheep","2017","2017","An","934000","A","Official figure",""
"QCL","Crops and livestock products","204","Benin","5111","Stocks","02122","Sheep","2018","2018","An","954000","A","Official figure",""
"QCL","Crops and livestock products","204","Benin","5111","Stocks","02122","Sheep","2019","2019","An","974000","A","Official figure",""
"QCL","Crops and livestock products","204","Benin","5111","Stocks","02122","Sheep","2020","2020","An","2361945","A","Official figure",""
"QCL","Crops and livestock products","204","Benin","5111","Stocks","02122","Sheep","2021","2021","An","2430290","A","Official figure",""
"QCL","Crops and livestock products","204","Benin","5111","Stocks","02122","Sheep","2022","2022","An","2500613","A","Official figure",""
"QCL","Crops and livestock products","204","Benin","5111","Stocks","02122","Sheep","2023","2023","An","2572970","A","Official figure",""
"QCL","Crops and livestock products","204","Benin","5111","Stocks","02122","Sheep","2024","2024","An","2647421","A","Official figure",""
"QCL","Crops and livestock products","072","Botswana","5111","Stocks","02111","Cattle","2005","2005","An","2125000","E","Estimated value",""
"QCL","Crops and livestock products","072","Botswana","5111","Stocks","02111","Cattle","2006","2006","An","2150000","E","Estimated value",""
"QCL","Crops and livestock products","072","Botswana","5111","Stocks","02111","Cattle","2007","2007","An","2171263","A","Official figure",""
"QCL","Crops and livestock products","072","Botswana","5111","Stocks","02111","Cattle","2008","2008","An","2219503","A","Official figure",""
"QCL","Crops and livestock products","072","Botswana","5111","Stocks","02111","Cattle","2009","2009","An","2412635","A","Official figure",""
"QCL","Crops and livestock products","072","Botswana","5111","Stocks","02111","Cattle","2010","2010","An","2648842","A","Official figure",""
"QCL","Crops and livestock products","072","Botswana","5111","Stocks","02111","Cattle","2011","2011","An","2554364","A","Official figure",""
"QCL","Crops and livestock products","072","Botswana","5111","Stocks","02111","Cattle","2012","2012","An","2247893","A","Official figure",""
"QCL","Crops and livestock products","072","Botswana","5111","Stocks","02111","Cattle","2013","2013","An","2083847","A","Official figure",""
"QCL","Crops and livestock products","072","Botswana","5111","Stocks","02111","Cattle","2014","2014","An","1596605","A","Official figure",""
"QCL","Crops and livestock products","072","Botswana","5111","Stocks","02111","Cattle","2015","2015","An","1744166","A","Official figure",""
"QCL","Crops and livestock products","072","Botswana","5111","Stocks","02111","Cattle","2016","2016","An","1500000","E","Estimated value",""
"QCL","Crops and livestock products","072","Botswana","5111","Stocks","02111","Cattle","2017","2017","An","1100375","A","Official figure",""
"QCL","Crops and livestock products","072","Botswana","5111","Stocks","02111","Cattle","2018","2018","An","1060563","I","Value imputed by a receiving agency",""
"QCL","Crops and livestock products","072","Botswana","5111","Stocks","02111","Cattle","2019","2019","An","934732","A","Official figure",""
"QCL","Crops and livestock products","072","Botswana","5111","Stocks","02111","Cattle","2020","2020","An","1000000","E","Estimated value",""
"QCL","Crops and livestock products","072","Botswana","5111","Stocks","02111","Cattle","2021","2021","An","990000","E","Estimated value",""
"QCL","Crops and livestock products","072","Botswana","5111","Stocks","02111","Cattle","2022","2022","An","1100000","E","Estimated value",""
"QCL","Crops and livestock products","072","Botswana","5111","Stocks","02111","Cattle","2023","2023","An","1000000","E","Estimated value",""
"QCL","Crops and livestock products","072","Botswana","5111","Stocks","02111","Cattle","2024","2024","An","918057","I","Value imputed by a receiving agency",""
"QCL","Crops and livestock products","072","Botswana","5112","Stocks","02151","Chickens","2005","2005","1000 An","1449","I","Value imputed by a receiving agency",""
"QCL","Crops and livestock products","072","Botswana","5112","Stocks","02151","Chickens","2006","2006","1000 An","1416","I","Value imputed by a receiving agency",""
"QCL","Crops and livestock products","072","Botswana","5112","Stocks","02151","Chickens","2007","2007","1000 An","1404","I","Value imputed by a receiving agency",""
"QCL","Crops and livestock products","072","Botswana","5112","Stocks","02151","Chickens","2008","2008","1000 An","1389","I","Value imputed by a receiving agency",""
"QCL","Crops and livestock products","072","Botswana","5112","Stocks","02151","Chickens","2009","2009","1000 An","1367","I","Value imputed by a receiving agency",""
"QCL","Crops and livestock products","072","Botswana","5112","Stocks","02151","Chickens","2010","2010","1000 An","1761","A","Official figure",""
"QCL","Crops and livestock products","072","Botswana","5112","Stocks","02151","Chickens","2011","2011","1000 An","1499","A","Official figure",""
"QCL","Crops and livestock products","072","Botswana","5112","Stocks","02151","Chickens","2012","2012","1000 An","1130","A","Official figure",""
"QCL","Crops and livestock products","072","Botswana","5112","Stocks","02151","Chickens","2013","2013","1000 An","1081","A","Official figure",""
"QCL","Crops and livestock products","072","Botswana","5112","Stocks","02151","Chickens","2014","2014","1000 An","1017","A","Official figure",""
"QCL","Crops and livestock products","072","Botswana","5112","Stocks","02151","Chickens","2015","2015","1000 An","760","A","Official figure",""
"QCL","Crops and livestock products","072","Botswana","5112","Stocks","02151","Chickens","2016","2016","1000 An","1011","I","Value imputed by a receiving agency",""
"QCL","Crops and livestock products","072","Botswana","5112","Stocks","02151","Chickens","2017","2017","1000 An","710","A","Official figure",""
"QCL","Crops and livestock products","072","Botswana","5112","Stocks","02151","Chickens","2018","2018","1000 An","846","I","Value imputed by a receiving agency",""
"QCL","Crops and livestock products","072","Botswana","5112","Stocks","02151","Chickens","2019","2019","1000 An","848","E","Estimated value",""
"QCL","Crops and livestock products","072","Botswana","5112","Stocks","02151","Chickens","2020","2020","1000 An","857","E","Estimated value",""
"QCL","Crops and livestock products","072","Botswana","5112","Stocks","02151","Chickens","2021","2021","1000 An","824","E","Estimated value",""
"QCL","Crops and livestock products","072","Botswana","5112","Stocks","02151","Chickens","2022","2022","1000 An","805","I","Value imputed by a receiving agency",""
"QCL","Crops and livestock products","072","Botswana","5112","Stocks","02151","Chickens","2023","2023","1000 An","770","I","Value imputed by a receiving agency",""
"QCL","Crops and livestock products","072","Botswana","5112","Stocks","02151","Chickens","2024","2024","1000 An","805","E","Estimated value",""
"QCL","Crops and livestock products","072","Botswana","5111","Stocks","02123","Goats","2005","2005","An","1950000","E","Estimated value",""
"QCL","Crops and livestock products","072","Botswana","5111","Stocks","02123","Goats","2006","2006","An","1950000","E","Estimated value",""
"QCL","Crops and livestock products","072","Botswana","5111","Stocks","02123","Goats","2007","2007","An","1640437","A","Official figure",""
"QCL","Crops and livestock products","072","Botswana","5111","Stocks","02123","Goats","2008","2008","An","1878833","A","Official figure",""
"QCL","Crops and livestock products","072","Botswana","5111","Stocks","02123","Goats","2009","2009","An","1866630","A","Official figure",""
"QCL","Crops and livestock products","072","Botswana","5111","Stocks","02123","Goats","2010","2010","An","1937971","A","Official figure",""
"QCL","Crops and livestock products","072","Botswana","5111","Stocks","02123","Goats","2011","2011","An","1769811","A","Official figure",""
"QCL","Crops and livestock products","072","Botswana","5111","Stocks","02123","Goats","2012","2012","An","1649615","A","Official figure",""
"QCL","Crops and livestock products","072","Botswana","5111","Stocks","02123","Goats","2013","2013","An","1532873","A","Official figure",""
"QCL","Crops and livestock products","072","Botswana","5111","Stocks","02123","Goats","2014","2014","An","1605642","A","Official figure",""
"QCL","Crops and livestock products","072","Botswana","5111","Stocks","02123","Goats","2015","2015","An","1205238","A","Official figure",""
"QCL","Crops and livestock products","072","Botswana","5111","Stocks","02123","Goats","2016","2016","An","1342319","I","Value imputed by a receiving agency",""
"QCL","Crops and livestock products","072","Botswana","5111","Stocks","02123","Goats","2017","2017","An","1199661","A","Official figure",""
"QCL","Crops and livestock products","072","Botswana","5111","Stocks","02123","Goats","2018","2018","An","1278572","I","Value imputed by a receiving agency",""
"QCL","Crops and livestock products","072","Botswana","5111","Stocks","02123","Goats","2019","2019","An","1228744","A","Official figure",""
"QCL","Crops and livestock products","072","Botswana","5111","Stocks","02123","Goats","2020","2020","An","1241957","I","Value imputed by a receiving agency",""
"QCL","Crops and livestock products","072","Botswana","5111","Stocks","02123","Goats","2021","2021","An","1250865","I","Value imputed by a receiving agency",""
"QCL","Crops and livestock products","072","Botswana","5111","Stocks","02123","Goats","2022","2022","An","1210035","I","Value imputed by a receiving agency",""
"QCL","Crops and livestock products","072","Botswana","5111","Stocks","02123","Goats","2023","2023","An","1178713","I","Value imputed by a receiving agency",""
"QCL","Crops and livestock products","072","Botswana","5111","Stocks","02123","Goats","2024","2024","An","1205792","E","Estimated value",""
"QCL","Crops and livestock products","072","Botswana","5111","Stocks","02122","Sheep","2005","2005","An","165000","E","Estimated value",""
"QCL","Crops and livestock products","072","Botswana","5111","Stocks","02122","Sheep","2006","2006","An","170000","E","Estimated value",""
"QCL","Crops and livestock products","072","Botswana","5111","Stocks","02122","Sheep","2007","2007","An","252992","A","Official figure",""
"QCL","Crops and livestock products","072","Botswana","5111","Stocks","02122","Sheep","2008","2008","An","303238","A","Official figure",""
"QCL","Crops and livestock products","072","Botswana","5111","Stocks","02122","Sheep","2009","2009","An","293395","A","Official figure",""
"QCL","Crops and livestock products","072","Botswana","5111","Stocks","02122","Sheep","2010","2010","An","279237","A","Official figure",""
"QCL","Crops and livestock products","072","Botswana","5111","Stocks","02122","Sheep","2011","2011","An","295894","A","Official figure",""
"QCL","Crops and livestock products","072","Botswana","5111","Stocks","02122","Sheep","2012","2012","An","293966","A","Official figure",""
"QCL","Crops and livestock products","072","Botswana","5111","Stocks","02122","Sheep","2013","2013","An","274357","A","Official figure",""
"QCL","Crops and livestock products","072","Botswana","5111","Stocks","02122","Sheep","2014","2014","An","227247","A","Official figure",""
"QCL","Crops and livestock products","072","Botswana","5111","Stocks","02122","Sheep","2015","2015","An","242432","A","Official figure",""
"QCL","Crops and livestock products","072","Botswana","5111","Stocks","02122","Sheep","2016","2016","An","239715","I","Value imputed by a receiving agency",""
"QCL","Crops and livestock products","072","Botswana","5111","Stocks","02122","Sheep","2017","2017","An","234621","A","Official figure",""
"QCL","Crops and livestock products","072","Botswana","5111","Stocks","02122","Sheep","2018","2018","An","238340","I","Value imputed by a receiving agency",""
"QCL","Crops and livestock products","072","Botswana","5111","Stocks","02122","Sheep","2019","2019","An","242911","A","Official figure",""
"QCL","Crops and livestock products","072","Botswana","5111","Stocks","02122","Sheep","2020","2020","An","233078","I","Value imputed by a receiving agency",""
"QCL","Crops and livestock products","072","Botswana","5111","Stocks","02122","Sheep","2021","2021","An","222605","E","Estimated value",""
"QCL","Crops and livestock products","072","Botswana","5111","Stocks","02122","Sheep","2022","2022","An","201405","E","Estimated value",""
"QCL","Crops and livestock products","072","Botswana","5111","Stocks","02122","Sheep","2023","2023","An","175892","E","Estimated value",""
"QCL","Crops and livestock products","072","Botswana","5111","Stocks","02122","Sheep","2024","2024","An","148744","E","Estimated value",""
"QCL","Crops and livestock products","854","Burkina Faso","5111","Stocks","02111","Cattle","2005","2005","An","7606887","A","Official figure",""
"QCL","Crops and livestock products","854","Burkina Faso","5111","Stocks","02111","Cattle","2006","2006","An","7759005","A","Official figure",""
"QCL","Crops and livestock products","854","Burkina Faso","5111","Stocks","02111","Cattle","2007","2007","An","7914160","A","Official figure",""
"QCL","Crops and livestock products","854","Burkina Faso","5111","Stocks","02111","Cattle","2008","2008","An","8072420","A","Official figure",""
"QCL","Crops and livestock products","854","Burkina Faso","5111","Stocks","02111","Cattle","2009","2009","An","8233845","A","Official figure",""
"QCL","Crops and livestock products","854","Burkina Faso","5111","Stocks","02111","Cattle","2010","2010","An","8398499","A","Official figure",""
"QCL","Crops and livestock products","854","Burkina Faso","5111","Stocks","02111","Cattle","2011","2011","An","8566448","A","Official figure",""
"QCL","Crops and livestock products","854","Burkina Faso","5111","Stocks","02111","Cattle","2012","2012","An","8737755","A","Official figure",""
"QCL","Crops and livestock products","854","Burkina Faso","5111","Stocks","02111","Cattle","2013","2013","An","8912532","A","Official figure",""
"QCL","Crops and livestock products","854","Burkina Faso","5111","Stocks","02111","Cattle","2014","2014","An","9090700","A","Official figure",""
"QCL","Crops and livestock products","854","Burkina Faso","5111","Stocks","02111","Cattle","2015","2015","An","9272510","A","Official figure",""
"QCL","Crops and livestock products","854","Burkina Faso","5111","Stocks","02111","Cattle","2016","2016","An","9457934","A","Official figure",""
"QCL","Crops and livestock products","854","Burkina Faso","5111","Stocks","02111","Cattle","2017","2017","An","9647073","A","Official figure",""
"QCL","Crops and livestock products","854","Burkina Faso","5111","Stocks","02111","Cattle","2018","2018","An","9840000","A","Official figure",""
"QCL","Crops and livestock products","854","Burkina Faso","5111","Stocks","02111","Cattle","2019","2019","An","10037000","A","Official figure",""
"QCL","Crops and livestock products","854","Burkina Faso","5111","Stocks","02111","Cattle","2020","2020","An","7607000","A","Official figure",""
"QCL","Crops and livestock products","854","Burkina Faso","5111","Stocks","02111","Cattle","2021","2021","An","9740337","A","Official figure",""
"QCL","Crops and livestock products","854","Burkina Faso","5111","Stocks","02111","Cattle","2022","2022","An","9939785","A","Official figure",""
"QCL","Crops and livestock products","854","Burkina Faso","5111","Stocks","02111","Cattle","2023","2023","An","10143317","A","Official figure",""
"QCL","Crops and livestock products","854","Burkina Faso","5111","Stocks","02111","Cattle","2024","2024","An","10280515","I","Value imputed by a receiving agency",""
"QCL","Crops and livestock products","854","Burkina Faso","5112","Stocks","02151","Chickens","2005","2005","1000 An","27000","E","Estimated value",""
"QCL","Crops and livestock products","854","Burkina Faso","5112","Stocks","02151","Chickens","2006","2006","1000 An","30000","E","Estimated value",""
"QCL","Crops and livestock products","854","Burkina Faso","5112","Stocks","02151","Chickens","2007","2007","1000 An","32000","E","Estimated value",""
"QCL","Crops and livestock products","854","Burkina Faso","5112","Stocks","02151","Chickens","2008","2008","1000 An","35359","A","Official figure",""
"QCL","Crops and livestock products","854","Burkina Faso","5112","Stocks","02151","Chickens","2009","2009","1000 An","37000","E","Estimated value",""
"QCL","Crops and livestock products","854","Burkina Faso","5112","Stocks","02151","Chickens","2010","2010","1000 An","39000","E","Estimated value",""
"QCL","Crops and livestock products","854","Burkina Faso","5112","Stocks","02151","Chickens","2011","2011","1000 An","40000","E","Estimated value",""
"QCL","Crops and livestock products","854","Burkina Faso","5112","Stocks","02151","Chickens","2012","2012","1000 An","31815","A","Official figure",""
"QCL","Crops and livestock products","854","Burkina Faso","5112","Stocks","02151","Chickens","2013","2013","1000 An","32769","A","Official figure",""
"QCL","Crops and livestock products","854","Burkina Faso","5112","Stocks","02151","Chickens","2014","2014","1000 An","33752","A","Official figure",""
"QCL","Crops and livestock products","854","Burkina Faso","5112","Stocks","02151","Chickens","2015","2015","1000 An","43487","A","Official figure",""
"QCL","Crops and livestock products","854","Burkina Faso","5112","Stocks","02151","Chickens","2016","2016","1000 An","35808","A","Official figure",""
"QCL","Crops and livestock products","854","Burkina Faso","5112","Stocks","02151","Chickens","2017","2017","1000 An","36882","A","Official figure",""
"QCL","Crops and livestock products","854","Burkina Faso","5112","Stocks","02151","Chickens","2018","2018","1000 An","37988","A","Official figure",""
"QCL","Crops and livestock products","854","Burkina Faso","5112","Stocks","02151","Chickens","2019","2019","1000 An","39128","A","Official figure",""
"QCL","Crops and livestock products","854","Burkina Faso","5112","Stocks","02151","Chickens","2020","2020","1000 An","45051","A","Official figure",""
"QCL","Crops and livestock products","854","Burkina Faso","5112","Stocks","02151","Chickens","2021","2021","1000 An","32201","A","Official figure",""
"QCL","Crops and livestock products","854","Burkina Faso","5112","Stocks","02151","Chickens","2022","2022","1000 An","32587","A","Official figure",""
"QCL","Crops and livestock products","854","Burkina Faso","5112","Stocks","02151","Chickens","2023","2023","1000 An","32977","A","Official figure",""
"QCL","Crops and livestock products","854","Burkina Faso","5112","Stocks","02151","Chickens","2024","2024","1000 An","36043","I","Value imputed by a receiving agency",""
"QCL","Crops and livestock products","854","Burkina Faso","5111","Stocks","02123","Goats","2005","2005","An","10646811","A","Official figure",""
"QCL","Crops and livestock products","854","Burkina Faso","5111","Stocks","02123","Goats","2006","2006","An","10966197","A","Official figure",""
"QCL","Crops and livestock products","854","Burkina Faso","5111","Stocks","02123","Goats","2007","2007","An","11295160","A","Official figure",""
"QCL","Crops and livestock products","854","Burkina Faso","5111","Stocks","02123","Goats","2008","2008","An","11633992","A","Official figure",""
"QCL","Crops and livestock products","854","Burkina Faso","5111","Stocks","02123","Goats","2009","2009","An","11982987","A","Official figure",""
"QCL","Crops and livestock products","854","Burkina Faso","5111","Stocks","02123","Goats","2010","2010","An","12342454","A","Official figure",""
"QCL","Crops and livestock products","854","Burkina Faso","5111","Stocks","02123","Goats","2011","2011","An","12712705","A","Official figure",""
"QCL","Crops and livestock products","854","Burkina Faso","5111","Stocks","02123","Goats","2012","2012","An","13094062","A","Official figure",""
"QCL","Crops and livestock products","854","Burkina Faso","5111","Stocks","02123","Goats","2013","2013","An","13486909","A","Official figure",""
"QCL","Crops and livestock products","854","Burkina Faso","5111","Stocks","02123","Goats","2014","2014","An","13891000","A","Official figure",""
"QCL","Crops and livestock products","854","Burkina Faso","5111","Stocks","02123","Goats","2015","2015","An","14308172","A","Official figure",""
"QCL","Crops and livestock products","854","Burkina Faso","5111","Stocks","02123","Goats","2016","2016","An","14737393","A","Official figure",""
"QCL","Crops and livestock products","854","Burkina Faso","5111","Stocks","02123","Goats","2017","2017","An","15179490","A","Official figure",""
"QCL","Crops and livestock products","854","Burkina Faso","5111","Stocks","02123","Goats","2018","2018","An","15635000","A","Official figure",""
"QCL","Crops and livestock products","854","Burkina Faso","5111","Stocks","02123","Goats","2019","2019","An","16104000","A","Official figure",""
"QCL","Crops and livestock products","854","Burkina Faso","5111","Stocks","02123","Goats","2020","2020","An","12956000","A","Official figure",""
"QCL","Crops and livestock products","854","Burkina Faso","5111","Stocks","02123","Goats","2021","2021","An","10754755","A","Official figure",""
"QCL","Crops and livestock products","854","Burkina Faso","5111","Stocks","02123","Goats","2022","2022","An","10798342","A","Official figure",""
"QCL","Crops and livestock products","854","Burkina Faso","5111","Stocks","02123","Goats","2023","2023","An","10842105","A","Official figure",""
"QCL","Crops and livestock products","854","Burkina Faso","5111","Stocks","02123","Goats","2024","2024","An","10818808","I","Value imputed by a receiving agency",""
"QCL","Crops and livestock products","854","Burkina Faso","5111","Stocks","02122","Sheep","2005","2005","An","7110788","A","Official figure",""
"QCL","Crops and livestock products","854","Burkina Faso","5111","Stocks","02122","Sheep","2006","2006","An","7324091","A","Official figure",""
"QCL","Crops and livestock products","854","Burkina Faso","5111","Stocks","02122","Sheep","2007","2007","An","7543792","A","Official figure",""
"QCL","Crops and livestock products","854","Burkina Faso","5111","Stocks","02122","Sheep","2008","2008","An","7770083","A","Official figure",""
"QCL","Crops and livestock products","854","Burkina Faso","5111","Stocks","02122","Sheep","2009","2009","An","8003164","A","Official figure",""
"QCL","Crops and livestock products","854","Burkina Faso","5111","Stocks","02122","Sheep","2010","2010","An","8243238","A","Official figure",""
"QCL","Crops and livestock products","854","Burkina Faso","5111","Stocks","02122","Sheep","2011","2011","An","8490513","A","Official figure",""
"QCL","Crops and livestock products","854","Burkina Faso","5111","Stocks","02122","Sheep","2012","2012","An","8745205","A","Official figure",""
"QCL","Crops and livestock products","854","Burkina Faso","5111","Stocks","02122","Sheep","2013","2013","An","9007585","A","Official figure",""
"QCL","Crops and livestock products","854","Burkina Faso","5111","Stocks","02122","Sheep","2014","2014","An","9277700","A","Official figure",""
"QCL","Crops and livestock products","854","Burkina Faso","5111","Stocks","02122","Sheep","2015","2015","An","9556056","A","Official figure",""
"QCL","Crops and livestock products","854","Burkina Faso","5111","Stocks","02122","Sheep","2016","2016","An","9842712","A","Official figure",""
"QCL","Crops and livestock products","854","Burkina Faso","5111","Stocks","02122","Sheep","2017","2017","An","10137973","A","Official figure",""
"QCL","Crops and livestock products","854","Burkina Faso","5111","Stocks","02122","Sheep","2018","2018","An","10442000","A","Official figure",""
"QCL","Crops and livestock products","854","Burkina Faso","5111","Stocks","02122","Sheep","2019","2019","An","10755000","A","Official figure",""
"QCL","Crops and livestock products","854","Burkina Faso","5111","Stocks","02122","Sheep","2020","2020","An","9589000","A","Official figure",""
"QCL","Crops and livestock products","854","Burkina Faso","5111","Stocks","02122","Sheep","2021","2021","An","11143288","A","Official figure",""
"QCL","Crops and livestock products","854","Burkina Faso","5111","Stocks","02122","Sheep","2022","2022","An","11286022","A","Official figure",""
"QCL","Crops and livestock products","854","Burkina Faso","5111","Stocks","02122","Sheep","2023","2023","An","11430584","A","Official figure",""
"QCL","Crops and livestock products","854","Burkina Faso","5111","Stocks","02122","Sheep","2024","2024","An","11543571","I","Value imputed by a receiving agency",""
"QCL","Crops and livestock products","108","Burundi","5111","Stocks","02111","Cattle","2005","2005","An","395741","A","Official figure",""
"QCL","Crops and livestock products","108","Burundi","5111","Stocks","02111","Cattle","2006","2006","An","433800","A","Official figure",""
"QCL","Crops and livestock products","108","Burundi","5111","Stocks","02111","Cattle","2007","2007","An","479106","A","Official figure",""
"QCL","Crops and livestock products","108","Burundi","5111","Stocks","02111","Cattle","2008","2008","An","471614","A","Official figure",""
"QCL","Crops and livestock products","108","Burundi","5111","Stocks","02111","Cattle","2009","2009","An","554234","A","Official figure",""
"QCL","Crops and livestock products","108","Burundi","5111","Stocks","02111","Cattle","2010","2010","An","596412","A","Official figure",""
"QCL","Crops and livestock products","108","Burundi","5111","Stocks","02111","Cattle","2011","2011","An","653580","A","Official figure",""
"QCL","Crops and livestock products","108","Burundi","5111","Stocks","02111","Cattle","2012","2012","An","609430","A","Official figure",""
"QCL","Crops and livestock products","108","Burundi","5111","Stocks","02111","Cattle","2013","2013","An","759191","A","Official figure",""
"QCL","Crops and livestock products","108","Burundi","5111","Stocks","02111","Cattle","2014","2014","An","826062","A","Official figure",""
"QCL","Crops and livestock products","108","Burundi","5111","Stocks","02111","Cattle","2015","2015","An","796530","A","Official figure",""
"QCL","Crops and livestock products","108","Burundi","5111","Stocks","02111","Cattle","2016","2016","An","769991","A","Official figure",""
"QCL","Crops and livestock products","108","Burundi","5111","Stocks","02111","Cattle","2017","2017","An","1077539","A","Official figure",""
"QCL","Crops and livestock products","108","Burundi","5111","Stocks","02111","Cattle","2018","2018","An","1110936","A","Official figure",""
"QCL","Crops and livestock products","108","Burundi","5111","Stocks","02111","Cattle","2019","2019","An","1112936","A","Official figure",""
"QCL","Crops and livestock products","108","Burundi","5111","Stocks","02111","Cattle","2020","2020","An","838991","A","Official figure",""
"QCL","Crops and livestock products","108","Burundi","5111","Stocks","02111","Cattle","2021","2021","An","1117598","A","Official figure",""
"QCL","Crops and livestock products","108","Burundi","5111","Stocks","02111","Cattle","2022","2022","An","1170181","A","Official figure",""
"QCL","Crops and livestock products","108","Burundi","5111","Stocks","02111","Cattle","2023","2023","An","1225237","A","Official figure",""
"QCL","Crops and livestock products","108","Burundi","5111","Stocks","02111","Cattle","2024","2024","An","1228356","I","Value imputed by a receiving agency",""
"QCL","Crops and livestock products","108","Burundi","5112","Stocks","02151","Chickens","2005","2005","1000 An","945","A","Official figure",""
"QCL","Crops and livestock products","108","Burundi","5112","Stocks","02151","Chickens","2006","2006","1000 An","1142","A","Official figure",""
"QCL","Crops and livestock products","108","Burundi","5112","Stocks","02151","Chickens","2007","2007","1000 An","1316","A","Official figure",""
"QCL","Crops and livestock products","108","Burundi","5112","Stocks","02151","Chickens","2008","2008","1000 An","1524","A","Official figure",""
"QCL","Crops and livestock products","108","Burundi","5112","Stocks","02151","Chickens","2009","2009","1000 An","1590","A","Official figure",""
"QCL","Crops and livestock products","108","Burundi","5112","Stocks","02151","Chickens","2010","2010","1000 An","1720","A","Official figure",""
"QCL","Crops and livestock products","108","Burundi","5112","Stocks","02151","Chickens","2011","2011","1000 An","2552","A","Official figure",""
"QCL","Crops and livestock products","108","Burundi","5112","Stocks","02151","Chickens","2012","2012","1000 An","2354","A","Official figure",""
"QCL","Crops and livestock products","108","Burundi","5112","Stocks","02151","Chickens","2013","2013","1000 An","1846","A","Official figure",""
"QCL","Crops and livestock products","108","Burundi","5112","Stocks","02151","Chickens","2014","2014","1000 An","2875","A","Official figure",""
"QCL","Crops and livestock products","108","Burundi","5112","Stocks","02151","Chickens","2015","2015","1000 An","2339","A","Official figure",""
"QCL","Crops and livestock products","108","Burundi","5112","Stocks","02151","Chickens","2016","2016","1000 An","2841","A","Official figure",""
"QCL","Crops and livestock products","108","Burundi","5112","Stocks","02151","Chickens","2017","2017","1000 An","2673","I","Value imputed by a receiving agency",""
"QCL","Crops and livestock products","108","Burundi","5112","Stocks","02151","Chickens","2018","2018","1000 An","3215","A","Official figure",""
"QCL","Crops and livestock products","108","Burundi","5112","Stocks","02151","Chickens","2019","2019","1000 An","3266","A","Official figure",""
"QCL","Crops and livestock products","108","Burundi","5112","Stocks","02151","Chickens","2020","2020","1000 An","4765","A","Official figure",""
"QCL","Crops and livestock products","108","Burundi","5112","Stocks","02151","Chickens","2021","2021","1000 An","2913","A","Official figure",""
"QCL","Crops and livestock products","108","Burundi","5112","Stocks","02151","Chickens","2022","2022","1000 An","3050","A","Official figure",""
"QCL","Crops and livestock products","108","Burundi","5112","Stocks","02151","Chickens","2023","2023","1000 An","3213","A","Official figure",""
"QCL","Crops and livestock products","108","Burundi","5112","Stocks","02151","Chickens","2024","2024","1000 An","3374","I","Value imputed by a receiving agency",""
"QCL","Crops and livestock products","108","Burundi","5111","Stocks","02123","Goats","2005","2005","An","1245680","A","Official figure",""
"QCL","Crops and livestock products","108","Burundi","5111","Stocks","02123","Goats","2006","2006","An","1438713","A","Official figure",""
"QCL","Crops and livestock products","108","Burundi","5111","Stocks","02123","Goats","2007","2007","An","1399020","A","Official figure",""
"QCL","Crops and livestock products","108","Burundi","5111","Stocks","02123","Goats","2008","2008","An","1732154","A","Official figure",""
"QCL","Crops and livestock products","108","Burundi","5111","Stocks","02123","Goats","2009","2009","An","1789227","A","Official figure",""
"QCL","Crops and livestock products","108","Burundi","5111","Stocks","02123","Goats","2010","2010","An","2145013","A","Official figure",""
"QCL","Crops and livestock products","108","Burundi","5111","Stocks","02123","Goats","2011","2011","An","2285693","A","Official figure",""
"QCL","Crops and livestock products","108","Burundi","5111","Stocks","02123","Goats","2012","2012","An","2489293","A","Official figure",""
"QCL","Crops and livestock products","108","Burundi","5111","Stocks","02123","Goats","2013","2013","An","3310769","A","Official figure",""
"QCL","Crops and livestock products","108","Burundi","5111","Stocks","02123","Goats","2014","2014","An","2416491","A","Official figure",""
"QCL","Crops and livestock products","108","Burundi","5111","Stocks","02123","Goats","2015","2015","An","2357387","A","Official figure",""
"QCL","Crops and livestock products","108","Burundi","5111","Stocks","02123","Goats","2016","2016","An","3000000","E","Estimated value",""
"QCL","Crops and livestock products","108","Burundi","5111","Stocks","02123","Goats","2017","2017","An","3619962","A","Official figure",""
"QCL","Crops and livestock products","108","Burundi","5111","Stocks","02123","Goats","2018","2018","An","3249827","A","Official figure",""
"QCL","Crops and livestock products","108","Burundi","5111","Stocks","02123","Goats","2019","2019","An","3227903","A","Official figure",""
"QCL","Crops and livestock products","108","Burundi","5111","Stocks","02123","Goats","2020","2020","An","2788052","A","Official figure",""
"QCL","Crops and livestock products","108","Burundi","5111","Stocks","02123","Goats","2021","2021","An","4182683","A","Official figure",""
"QCL","Crops and livestock products","108","Burundi","5111","Stocks","02123","Goats","2022","2022","An","4379476","A","Official figure",""
"QCL","Crops and livestock products","108","Burundi","5111","Stocks","02123","Goats","2023","2023","An","4585527","A","Official figure",""
"QCL","Crops and livestock products","108","Burundi","5111","Stocks","02123","Goats","2024","2024","An","4523288","I","Value imputed by a receiving agency",""
"QCL","Crops and livestock products","108","Burundi","5111","Stocks","02122","Sheep","2005","2005","An","242933","A","Official figure",""
"QCL","Crops and livestock products","108","Burundi","5111","Stocks","02122","Sheep","2006","2006","An","266510","A","Official figure",""
"QCL","Crops and livestock products","108","Burundi","5111","Stocks","02122","Sheep","2007","2007","An","263976","A","Official figure",""
"QCL","Crops and livestock products","108","Burundi","5111","Stocks","02122","Sheep","2008","2008","An","294345","A","Official figure",""
"QCL","Crops and livestock products","108","Burundi","5111","Stocks","02122","Sheep","2009","2009","An","292147","A","Official figure",""
"QCL","Crops and livestock products","108","Burundi","5111","Stocks","02122","Sheep","2010","2010","An","315295","A","Official figure",""
"QCL","Crops and livestock products","108","Burundi","5111","Stocks","02122","Sheep","2011","2011","An","332464","A","Official figure",""
"QCL","Crops and livestock products","108","Burundi","5111","Stocks","02122","Sheep","2012","2012","An","440437","A","Official figure",""
"QCL","Crops and livestock products","108","Burundi","5111","Stocks","02122","Sheep","2013","2013","An","294620","A","Official figure",""
"QCL","Crops and livestock products","108","Burundi","5111","Stocks","02122","Sheep","2014","2014","An","370490","A","Official figure",""
"QCL","Crops and livestock products","108","Burundi","5111","Stocks","02122","Sheep","2015","2015","An","399640","A","Official figure",""
"QCL","Crops and livestock products","108","Burundi","5111","Stocks","02122","Sheep","2016","2016","An","602110","A","Official figure",""
"QCL","Crops and livestock products","108","Burundi","5111","Stocks","02122","Sheep","2017","2017","An","527464","A","Official figure",""
"QCL","Crops and livestock products","108","Burundi","5111","Stocks","02122","Sheep","2018","2018","An","548608","A","Official figure",""
"QCL","Crops and livestock products","108","Burundi","5111","Stocks","02122","Sheep","2019","2019","An","728050","A","Official figure",""
"QCL","Crops and livestock products","108","Burundi","5111","Stocks","02122","Sheep","2020","2020","An","759687","A","Official figure",""
"QCL","Crops and livestock products","108","Burundi","5111","Stocks","02122","Sheep","2021","2021","An","635183","A","Official figure",""
"QCL","Crops and livestock products","108","Burundi","5111","Stocks","02122","Sheep","2022","2022","An","665068","A","Official figure",""
"QCL","Crops and livestock products","108","Burundi","5111","Stocks","02122","Sheep","2023","2023","An","696359","A","Official figure",""
"QCL","Crops and livestock products","108","Burundi","5111","Stocks","02122","Sheep","2024","2024","An","708094","I","Value imputed by a receiving agency",""
"QCL","Crops and livestock products","132","Cabo Verde","5111","Stocks","02111","Cattle","2005","2005","An","25000","E","Estimated value",""
"QCL","Crops and livestock products","132","Cabo Verde","5111","Stocks","02111","Cattle","2006","2006","An","27370","A","Official figure",""
"QCL","Crops and livestock products","132","Cabo Verde","5111","Stocks","02111","Cattle","2007","2007","An","23979","A","Official figure",""
"QCL","Crops and livestock products","132","Cabo Verde","5111","Stocks","02111","Cattle","2008","2008","An","25928","A","Official figure",""
"QCL","Crops and livestock products","132","Cabo Verde","5111","Stocks","02111","Cattle","2009","2009","An","26000","E","Estimated value",""
"QCL","Crops and livestock products","132","Cabo Verde","5111","Stocks","02111","Cattle","2010","2010","An","24000","E","Estimated value",""
"QCL","Crops and livestock products","132","Cabo Verde","5111","Stocks","02111","Cattle","2011","2011","An","22652","A","Official figure",""
"QCL","Crops and livestock products","132","Cabo Verde","5111","Stocks","02111","Cattle","2012","2012","An","22702","A","Official figure",""
"QCL","Crops and livestock products","132","Cabo Verde","5111","Stocks","02111","Cattle","2013","2013","An","22752","A","Official figure",""
"QCL","Crops and livestock products","132","Cabo Verde","5111","Stocks","02111","Cattle","2014","2014","An","22802","A","Official figure",""
"QCL","Crops and livestock products","132","Cabo Verde","5111","Stocks","02111","Cattle","2015","2015","An","22852","A","Official figure",""
"QCL","Crops and livestock products","132","Cabo Verde","5111","Stocks","02111","Cattle","2016","2016","An","22902","A","Official figure",""
"QCL","Crops and livestock products","132","Cabo Verde","5111","Stocks","02111","Cattle","2017","2017","An","29599","A","Official figure",""
"QCL","Crops and livestock products","132","Cabo Verde","5111","Stocks","02111","Cattle","2018","2018","An","29558","A","Official figure",""
"QCL","Crops and livestock products","132","Cabo Verde","5111","Stocks","02111","Cattle","2019","2019","An","29623","A","Official figure",""
"QCL","Crops and livestock products","132","Cabo Verde","5111","Stocks","02111","Cattle","2020","2020","An","29519","A","Official figure",""
"QCL","Crops and livestock products","132","Cabo Verde","5111","Stocks","02111","Cattle","2021","2021","An","29584","A","Official figure",""
"QCL","Crops and livestock products","132","Cabo Verde","5111","Stocks","02111","Cattle","2022","2022","An","29649","A","Official figure",""
"QCL","Crops and livestock products","132","Cabo Verde","5111","Stocks","02111","Cattle","2023","2023","An","29714","A","Official figure",""
"QCL","Crops and livestock products","132","Cabo Verde","5111","Stocks","02111","Cattle","2024","2024","An","29779","A","Official figure",""
"QCL","Crops and livestock products","132","Cabo Verde","5112","Stocks","02151","Chickens","2005","2005","1000 An","280","E","Estimated value",""
"QCL","Crops and livestock products","132","Cabo Verde","5112","Stocks","02151","Chickens","2006","2006","1000 An","174","A","Official figure",""
"QCL","Crops and livestock products","132","Cabo Verde","5112","Stocks","02151","Chickens","2007","2007","1000 An","244","A","Official figure",""
"QCL","Crops and livestock products","132","Cabo Verde","5112","Stocks","02151","Chickens","2008","2008","1000 An","202","A","Official figure",""
"QCL","Crops and livestock products","132","Cabo Verde","5112","Stocks","02151","Chickens","2009","2009","1000 An","588","E","Estimated value",""
"QCL","Crops and livestock products","132","Cabo Verde","5112","Stocks","02151","Chickens","2010","2010","1000 An","618","E","Estimated value",""
"QCL","Crops and livestock products","132","Cabo Verde","5112","Stocks","02151","Chickens","2011","2011","1000 An","891","A","Official figure",""
"QCL","Crops and livestock products","132","Cabo Verde","5112","Stocks","02151","Chickens","2012","2012","1000 An","991","A","Official figure",""
"QCL","Crops and livestock products","132","Cabo Verde","5112","Stocks","02151","Chickens","2013","2013","1000 An","1117","A","Official figure",""
"QCL","Crops and livestock products","132","Cabo Verde","5112","Stocks","02151","Chickens","2014","2014","1000 An","1000","E","Estimated value",""
"QCL","Crops and livestock products","132","Cabo Verde","5112","Stocks","02151","Chickens","2015","2015","1000 An","1000","E","Estimated value",""
"QCL","Crops and livestock products","132","Cabo Verde","5112","Stocks","02151","Chickens","2016","2016","1000 An","1000","E","Estimated value",""
"QCL","Crops and livestock products","132","Cabo Verde","5112","Stocks","02151","Chickens","2017","2017","1000 An","1000","E","Estimated value",""
"QCL","Crops and livestock products","132","Cabo Verde","5112","Stocks","02151","Chickens","2018","2018","1000 An","500","E","Estimated value",""
"QCL","Crops and livestock products","132","Cabo Verde","5112","Stocks","02151","Chickens","2019","2019","1000 An","700","E","Estimated value",""
"QCL","Crops and livestock products","132","Cabo Verde","5112","Stocks","02151","Chickens","2020","2020","1000 An","650","E","Estimated value",""
"QCL","Crops and livestock products","132","Cabo Verde","5112","Stocks","02151","Chickens","2021","2021","1000 An","690","I","Value imputed by a receiving agency",""
"QCL","Crops and livestock products","132","Cabo Verde","5112","Stocks","02151","Chickens","2022","2022","1000 An","665","I","Value imputed by a receiving agency",""
"QCL","Crops and livestock products","132","Cabo Verde","5112","Stocks","02151","Chickens","2023","2023","1000 An","673","E","Estimated value",""
"QCL","Crops and livestock products","132","Cabo Verde","5112","Stocks","02151","Chickens","2024","2024","1000 An","681","E","Estimated value",""
"QCL","Crops and livestock products","132","Cabo Verde","5111","Stocks","02123","Goats","2005","2005","An","130000","E","Estimated value",""
"QCL","Crops and livestock products","132","Cabo Verde","5111","Stocks","02123","Goats","2006","2006","An","105170","A","Official figure",""
"QCL","Crops and livestock products","132","Cabo Verde","5111","Stocks","02123","Goats","2007","2007","An","113589","A","Official figure",""
"QCL","Crops and livestock products","132","Cabo Verde","5111","Stocks","02123","Goats","2008","2008","An","92350","A","Official figure",""
"QCL","Crops and livestock products","132","Cabo Verde","5111","Stocks","02123","Goats","2009","2009","An","125000","E","Estimated value",""
"QCL","Crops and livestock products","132","Cabo Verde","5111","Stocks","02123","Goats","2010","2010","An","160000","E","Estimated value",""
"QCL","Crops and livestock products","132","Cabo Verde","5111","Stocks","02123","Goats","2011","2011","An","179676","A","Official figure",""
"QCL","Crops and livestock products","132","Cabo Verde","5111","Stocks","02123","Goats","2012","2012","An","184707","A","Official figure",""
"QCL","Crops and livestock products","132","Cabo Verde","5111","Stocks","02123","Goats","2013","2013","An","189879","A","Official figure",""
"QCL","Crops and livestock products","132","Cabo Verde","5111","Stocks","02123","Goats","2014","2014","An","195195","A","Official figure",""
"QCL","Crops and livestock products","132","Cabo Verde","5111","Stocks","02123","Goats","2015","2015","An","200661","A","Official figure",""
"QCL","Crops and livestock products","132","Cabo Verde","5111","Stocks","02123","Goats","2016","2016","An","206279","A","Official figure",""
"QCL","Crops and livestock products","132","Cabo Verde","5111","Stocks","02123","Goats","2017","2017","An","107630","A","Official figure",""
"QCL","Crops and livestock products","132","Cabo Verde","5111","Stocks","02123","Goats","2018","2018","An","107532","A","Official figure",""
"QCL","Crops and livestock products","132","Cabo Verde","5111","Stocks","02123","Goats","2019","2019","An","109623","A","Official figure",""
"QCL","Crops and livestock products","132","Cabo Verde","5111","Stocks","02123","Goats","2020","2020","An","131737","A","Official figure",""
"QCL","Crops and livestock products","132","Cabo Verde","5111","Stocks","02123","Goats","2021","2021","An","135426","A","Official figure",""
"QCL","Crops and livestock products","132","Cabo Verde","5111","Stocks","02123","Goats","2022","2022","An","139218","A","Official figure",""
"QCL","Crops and livestock products","132","Cabo Verde","5111","Stocks","02123","Goats","2023","2023","An","143116","A","Official figure",""
"QCL","Crops and livestock products","132","Cabo Verde","5111","Stocks","02123","Goats","2024","2024","An","147123","A","Official figure",""
"QCL","Crops and livestock products","132","Cabo Verde","5111","Stocks","02122","Sheep","2005","2005","An","9500","E","Estimated value",""
"QCL","Crops and livestock products","132","Cabo Verde","5111","Stocks","02122","Sheep","2006","2006","An","8136","A","Official figure",""
"QCL","Crops and livestock products","132","Cabo Verde","5111","Stocks","02122","Sheep","2007","2007","An","8296","A","Official figure",""
"QCL","Crops and livestock products","132","Cabo Verde","5111","Stocks","02122","Sheep","2008","2008","An","10101","A","Official figure",""
"QCL","Crops and livestock products","132","Cabo Verde","5111","Stocks","02122","Sheep","2009","2009","An","10500","E","Estimated value",""
"QCL","Crops and livestock products","132","Cabo Verde","5111","Stocks","02122","Sheep","2010","2010","An","11000","E","Estimated value",""
"QCL","Crops and livestock products","132","Cabo Verde","5111","Stocks","02122","Sheep","2011","2011","An","11321","A","Official figure",""
"QCL","Crops and livestock products","132","Cabo Verde","5111","Stocks","02122","Sheep","2012","2012","An","11459","A","Official figure",""
"QCL","Crops and livestock products","132","Cabo Verde","5111","Stocks","02122","Sheep","2013","2013","An","11599","A","Official figure",""
"QCL","Crops and livestock products","132","Cabo Verde","5111","Stocks","02122","Sheep","2014","2014","An","11740","A","Official figure",""
"QCL","Crops and livestock products","132","Cabo Verde","5111","Stocks","02122","Sheep","2015","2015","An","11884","A","Official figure",""
"QCL","Crops and livestock products","132","Cabo Verde","5111","Stocks","02122","Sheep","2016","2016","An","12029","A","Official figure",""
"QCL","Crops and livestock products","132","Cabo Verde","5111","Stocks","02122","Sheep","2017","2017","An","12625","A","Official figure",""
"QCL","Crops and livestock products","132","Cabo Verde","5111","Stocks","02122","Sheep","2018","2018","An","12620","A","Official figure",""
"QCL","Crops and livestock products","132","Cabo Verde","5111","Stocks","02122","Sheep","2019","2019","An","12520","A","Official figure",""
"QCL","Crops and livestock products","132","Cabo Verde","5111","Stocks","02122","Sheep","2020","2020","An","18768","A","Official figure",""
"QCL","Crops and livestock products","132","Cabo Verde","5111","Stocks","02122","Sheep","2021","2021","An","18997","A","Official figure",""
"QCL","Crops and livestock products","132","Cabo Verde","5111","Stocks","02122","Sheep","2022","2022","An","19229","A","Official figure",""
"QCL","Crops and livestock products","132","Cabo Verde","5111","Stocks","02122","Sheep","2023","2023","An","19464","A","Official figure",""
"QCL","Crops and livestock products","132","Cabo Verde","5111","Stocks","02122","Sheep","2024","2024","An","19701","A","Official figure",""
"QCL","Crops and livestock products","120","Cameroon","5111","Stocks","02111","Cattle","2005","2005","An","6000000","X","Figure from external organization","Unofficial figure"
"QCL","Crops and livestock products","120","Cameroon","5111","Stocks","02111","Cattle","2006","2006","An","6000000","E","Estimated value",""
"QCL","Crops and livestock products","120","Cameroon","5111","Stocks","02111","Cattle","2007","2007","An","6000000","E","Estimated value",""
"QCL","Crops and livestock products","120","Cameroon","5111","Stocks","02111","Cattle","2008","2008","An","5046000","A","Official figure",""
"QCL","Crops and livestock products","120","Cameroon","5111","Stocks","02111","Cattle","2009","2009","An","5000300","A","Official figure",""
"QCL","Crops and livestock products","120","Cameroon","5111","Stocks","02111","Cattle","2010","2010","An","4843104","A","Official figure",""
"QCL","Crops and livestock products","120","Cameroon","5111","Stocks","02111","Cattle","2011","2011","An","5084754","A","Official figure",""
"QCL","Crops and livestock products","120","Cameroon","5111","Stocks","02111","Cattle","2012","2012","An","5527128","A","Official figure",""
"QCL","Crops and livestock products","120","Cameroon","5111","Stocks","02111","Cattle","2013","2013","An","5805297","A","Official figure",""
"QCL","Crops and livestock products","120","Cameroon","5111","Stocks","02111","Cattle","2014","2014","An","5950000","E","Estimated value",""
"QCL","Crops and livestock products","120","Cameroon","5111","Stocks","02111","Cattle","2015","2015","An","6066463","I","Value imputed by a receiving agency",""
"QCL","Crops and livestock products","120","Cameroon","5111","Stocks","02111","Cattle","2016","2016","An","5829739","I","Value imputed by a receiving agency",""
"QCL","Crops and livestock products","120","Cameroon","5111","Stocks","02111","Cattle","2017","2017","An","5822972","I","Value imputed by a receiving agency",""
"QCL","Crops and livestock products","120","Cameroon","5111","Stocks","02111","Cattle","2018","2018","An","5809072","I","Value imputed by a receiving agency",""
"QCL","Crops and livestock products","120","Cameroon","5111","Stocks","02111","Cattle","2019","2019","An","5800633","I","Value imputed by a receiving agency",""
"QCL","Crops and livestock products","120","Cameroon","5111","Stocks","02111","Cattle","2020","2020","An","5808691","I","Value imputed by a receiving agency",""
"QCL","Crops and livestock products","120","Cameroon","5111","Stocks","02111","Cattle","2021","2021","An","5903786","I","Value imputed by a receiving agency",""
"QCL","Crops and livestock products","120","Cameroon","5111","Stocks","02111","Cattle","2022","2022","An","5905938","I","Value imputed by a receiving agency",""
"QCL","Crops and livestock products","120","Cameroon","5111","Stocks","02111","Cattle","2023","2023","An","5923854","I","Value imputed by a receiving agency",""
"QCL","Crops and livestock products","120","Cameroon","5111","Stocks","02111","Cattle","2024","2024","An","5941769","I","Value imputed by a receiving agency",""
"QCL","Crops and livestock products","120","Cameroon","5112","Stocks","02151","Chickens","2005","2005","1000 An","35000","E","Estimated value",""
"QCL","Crops and livestock products","120","Cameroon","5112","Stocks","02151","Chickens","2006","2006","1000 An","40000","E","Estimated value",""
"QCL","Crops and livestock products","120","Cameroon","5112","Stocks","02151","Chickens","2007","2007","1000 An","42500","E","Estimated value",""
"QCL","Crops and livestock products","120","Cameroon","5112","Stocks","02151","Chickens","2008","2008","1000 An","44929","A","Official figure",""
"QCL","Crops and livestock products","120","Cameroon","5112","Stocks","02151","Chickens","2009","2009","1000 An","44754","A","Official figure",""
"QCL","Crops and livestock products","120","Cameroon","5112","Stocks","02151","Chickens","2010","2010","1000 An","45000","E","Estimated value",""
"QCL","Crops and livestock products","120","Cameroon","5112","Stocks","02151","Chickens","2011","2011","1000 An","46000","E","Estimated value",""
"QCL","Crops and livestock products","120","Cameroon","5112","Stocks","02151","Chickens","2012","2012","1000 An","47000","E","Estimated value",""
"QCL","Crops and livestock products","120","Cameroon","5112","Stocks","02151","Chickens","2013","2013","1000 An","48500","E","Estimated value",""
"QCL","Crops and livestock products","120","Cameroon","5112","Stocks","02151","Chickens","2014","2014","1000 An","50000","E","Estimated value",""
"QCL","Crops and livestock products","120","Cameroon","5112","Stocks","02151","Chickens","2015","2015","1000 An","51000","E","Estimated value",""
"QCL","Crops and livestock products","120","Cameroon","5112","Stocks","02151","Chickens","2016","2016","1000 An","50800","E","Estimated value",""
"QCL","Crops and livestock products","120","Cameroon","5112","Stocks","02151","Chickens","2017","2017","1000 An","51100","E","Estimated value",""
"QCL","Crops and livestock products","120","Cameroon","5112","Stocks","02151","Chickens","2018","2018","1000 An","46191","I","Value imputed by a receiving agency",""
"QCL","Crops and livestock products","120","Cameroon","5112","Stocks","02151","Chickens","2019","2019","1000 An","44841","I","Value imputed by a receiving agency",""
"QCL","Crops and livestock products","120","Cameroon","5112","Stocks","02151","Chickens","2020","2020","1000 An","20000","E","Estimated value",""
"QCL","Crops and livestock products","120","Cameroon","5112","Stocks","02151","Chickens","2021","2021","1000 An","50000","E","Estimated value",""
"QCL","Crops and livestock products","120","Cameroon","5112","Stocks","02151","Chickens","2022","2022","1000 An","49041","I","Value imputed by a receiving agency",""
"QCL","Crops and livestock products","120","Cameroon","5112","Stocks","02151","Chickens","2023","2023","1000 An","44086","I","Value imputed by a receiving agency",""
"QCL","Crops and livestock products","120","Cameroon","5112","Stocks","02151","Chickens","2024","2024","1000 An","45575","I","Value imputed by a receiving agency",""
"QCL","Crops and livestock products","120","Cameroon","5111","Stocks","02123","Goats","2005","2005","An","4400000","E","Estimated value",""
"QCL","Crops and livestock products","120","Cameroon","5111","Stocks","02123","Goats","2006","2006","An","4400000","E","Estimated value",""
"QCL","Crops and livestock products","120","Cameroon","5111","Stocks","02123","Goats","2007","2007","An","4400000","E","Estimated value",""
"QCL","Crops and livestock products","120","Cameroon","5111","Stocks","02123","Goats","2008","2008","An","4400000","E","Estimated value",""
"QCL","Crops and livestock products","120","Cameroon","5111","Stocks","02123","Goats","2009","2009","An","4400000","E","Estimated value",""
"QCL","Crops and livestock products","120","Cameroon","5111","Stocks","02123","Goats","2010","2010","An","5405046","A","Official figure",""
"QCL","Crops and livestock products","120","Cameroon","5111","Stocks","02123","Goats","2011","2011","An","6053651","A","Official figure",""
"QCL","Crops and livestock products","120","Cameroon","5111","Stocks","02123","Goats","2012","2012","An","5950739","A","Official figure",""
"QCL","Crops and livestock products","120","Cameroon","5111","Stocks","02123","Goats","2013","2013","An","6298059","A","Official figure",""
"QCL","Crops and livestock products","120","Cameroon","5111","Stocks","02123","Goats","2014","2014","An","6275355","I","Value imputed by a receiving agency",""
"QCL","Crops and livestock products","120","Cameroon","5111","Stocks","02123","Goats","2015","2015","An","6365606","I","Value imputed by a receiving agency",""
"QCL","Crops and livestock products","120","Cameroon","5111","Stocks","02123","Goats","2016","2016","An","6356784","I","Value imputed by a receiving agency",""
"QCL","Crops and livestock products","120","Cameroon","5111","Stocks","02123","Goats","2017","2017","An","6403533","I","Value imputed by a receiving agency",""
"QCL","Crops and livestock products","120","Cameroon","5111","Stocks","02123","Goats","2018","2018","An","6452242","I","Value imputed by a receiving agency",""
"QCL","Crops and livestock products","120","Cameroon","5111","Stocks","02123","Goats","2019","2019","An","6500000","E","Estimated value",""
"QCL","Crops and livestock products","120","Cameroon","5111","Stocks","02123","Goats","2020","2020","An","6551924","I","Value imputed by a receiving agency",""
"QCL","Crops and livestock products","120","Cameroon","5111","Stocks","02123","Goats","2021","2021","An","6589056","I","Value imputed by a receiving agency",""
"QCL","Crops and livestock products","120","Cameroon","5111","Stocks","02123","Goats","2022","2022","An","6572453","I","Value imputed by a receiving agency",""
"QCL","Crops and livestock products","120","Cameroon","5111","Stocks","02123","Goats","2023","2023","An","6602453","I","Value imputed by a receiving agency",""
"QCL","Crops and livestock products","120","Cameroon","5111","Stocks","02123","Goats","2024","2024","An","6632453","I","Value imputed by a receiving agency",""
"QCL","Crops and livestock products","120","Cameroon","5111","Stocks","02122","Sheep","2005","2005","An","3800000","E","Estimated value",""
"QCL","Crops and livestock products","120","Cameroon","5111","Stocks","02122","Sheep","2006","2006","An","3800000","E","Estimated value",""
"QCL","Crops and livestock products","120","Cameroon","5111","Stocks","02122","Sheep","2007","2007","An","3800000","E","Estimated value",""
"QCL","Crops and livestock products","120","Cameroon","5111","Stocks","02122","Sheep","2008","2008","An","3800000","E","Estimated value",""
"QCL","Crops and livestock products","120","Cameroon","5111","Stocks","02122","Sheep","2009","2009","An","3800000","E","Estimated value",""
"QCL","Crops and livestock products","120","Cameroon","5111","Stocks","02122","Sheep","2010","2010","An","3739325","A","Official figure",""
"QCL","Crops and livestock products","120","Cameroon","5111","Stocks","02122","Sheep","2011","2011","An","2879280","A","Official figure",""
"QCL","Crops and livestock products","120","Cameroon","5111","Stocks","02122","Sheep","2012","2012","An","2974297","A","Official figure",""
"QCL","Crops and livestock products","120","Cameroon","5111","Stocks","02122","Sheep","2013","2013","An","2952624","A","Official figure",""
"QCL","Crops and livestock products","120","Cameroon","5111","Stocks","02122","Sheep","2014","2014","An","4015000","E","Estimated value",""
"QCL","Crops and livestock products","120","Cameroon","5111","Stocks","02122","Sheep","2015","2015","An","4001987","I","Value imputed by a receiving agency",""
"QCL","Crops and livestock products","120","Cameroon","5111","Stocks","02122","Sheep","2016","2016","An","3584104","E","Estimated value",""
"QCL","Crops and livestock products","120","Cameroon","5111","Stocks","02122","Sheep","2017","2017","An","3415356","I","Value imputed by a receiving agency",""
"QCL","Crops and livestock products","120","Cameroon","5111","Stocks","02122","Sheep","2018","2018","An","3363703","I","Value imputed by a receiving agency",""
"QCL","Crops and livestock products","120","Cameroon","5111","Stocks","02122","Sheep","2019","2019","An","3352249","I","Value imputed by a receiving agency",""
"QCL","Crops and livestock products","120","Cameroon","5111","Stocks","02122","Sheep","2020","2020","An","3394387","I","Value imputed by a receiving agency",""
"QCL","Crops and livestock products","120","Cameroon","5111","Stocks","02122","Sheep","2021","2021","An","3419013","E","Estimated value",""
"QCL","Crops and livestock products","120","Cameroon","5111","Stocks","02122","Sheep","2022","2022","An","3583379","I","Value imputed by a receiving agency",""
"QCL","Crops and livestock products","120","Cameroon","5111","Stocks","02122","Sheep","2023","2023","An","3598349","I","Value imputed by a receiving agency",""
"QCL","Crops and livestock products","120","Cameroon","5111","Stocks","02122","Sheep","2024","2024","An","3551761","E","Estimated value",""
"QCL","Crops and livestock products","140","Central African Republic","5111","Stocks","02111","Cattle","2005","2005","An","3500000","E","Estimated value",""
"QCL","Crops and livestock products","140","Central African Republic","5111","Stocks","02111","Cattle","2006","2006","An","3600000","E","Estimated value",""
"QCL","Crops and livestock products","140","Central African Republic","5111","Stocks","02111","Cattle","2007","2007","An","3857000","A","Official figure",""
"QCL","Crops and livestock products","140","Central African Republic","5111","Stocks","02111","Cattle","2008","2008","An","3723000","A","Official figure",""
"QCL","Crops and livestock products","140","Central African Republic","5111","Stocks","02111","Cattle","2009","2009","An","3807000","A","Official figure",""
"QCL","Crops and livestock products","140","Central African Republic","5111","Stocks","02111","Cattle","2010","2010","An","3893000","A","Official figure",""
"QCL","Crops and livestock products","140","Central African Republic","5111","Stocks","02111","Cattle","2011","2011","An","4182000","A","Official figure",""
"QCL","Crops and livestock products","140","Central African Republic","5111","Stocks","02111","Cattle","2012","2012","An","4250000","E","Estimated value",""
"QCL","Crops and livestock products","140","Central African Republic","5111","Stocks","02111","Cattle","2013","2013","An","4300000","E","Estimated value",""
"QCL","Crops and livestock products","140","Central African Republic","5111","Stocks","02111","Cattle","2014","2014","An","4350000","E","Estimated value",""
"QCL","Crops and livestock products","140","Central African Republic","5111","Stocks","02111","Cattle","2015","2015","An","4438477","I","Value imputed by a receiving agency",""
"QCL","Crops and livestock products","140","Central African Republic","5111","Stocks","02111","Cattle","2016","2016","An","4531428","I","Value imputed by a receiving agency",""
"QCL","Crops and livestock products","140","Central African Republic","5111","Stocks","02111","Cattle","2017","2017","An","4448224","E","Estimated value",""
"QCL","Crops and livestock products","140","Central African Republic","5111","Stocks","02111","Cattle","2018","2018","An","4577997","I","Value imputed by a receiving agency",""
"QCL","Crops and livestock products","140","Central African Republic","5111","Stocks","02111","Cattle","2019","2019","An","4694271","I","Value imputed by a receiving agency",""
"QCL","Crops and livestock products","140","Central African Republic","5111","Stocks","02111","Cattle","2020","2020","An","4772942","I","Value imputed by a receiving agency",""
"QCL","Crops and livestock products","140","Central African Republic","5111","Stocks","02111","Cattle","2021","2021","An","4668171","E","Estimated value",""
"QCL","Crops and livestock products","140","Central African Republic","5111","Stocks","02111","Cattle","2022","2022","An","4746586","E","Estimated value",""
"QCL","Crops and livestock products","140","Central African Republic","5111","Stocks","02111","Cattle","2023","2023","An","4811279","E","Estimated value",""
"QCL","Crops and livestock products","140","Central African Republic","5111","Stocks","02111","Cattle","2024","2024","An","4864952","E","Estimated value",""
"QCL","Crops and livestock products","140","Central African Republic","5112","Stocks","02151","Chickens","2005","2005","1000 An","5200","E","Estimated value",""
"QCL","Crops and livestock products","140","Central African Republic","5112","Stocks","02151","Chickens","2006","2006","1000 An","5300","E","Estimated value",""
"QCL","Crops and livestock products","140","Central African Republic","5112","Stocks","02151","Chickens","2007","2007","1000 An","5595","X","Figure from external organization","Unofficial figure"
"QCL","Crops and livestock products","140","Central African Republic","5112","Stocks","02151","Chickens","2008","2008","1000 An","5869","A","Official figure",""
"QCL","Crops and livestock products","140","Central African Republic","5112","Stocks","02151","Chickens","2009","2009","1000 An","6117","A","Official figure",""
"QCL","Crops and livestock products","140","Central African Republic","5112","Stocks","02151","Chickens","2010","2010","1000 An","6376","A","Official figure",""
"QCL","Crops and livestock products","140","Central African Republic","5112","Stocks","02151","Chickens","2011","2011","1000 An","6604","A","Official figure",""
"QCL","Crops and livestock products","140","Central African Republic","5112","Stocks","02151","Chickens","2012","2012","1000 An","6700","E","Estimated value",""
"QCL","Crops and livestock products","140","Central African Republic","5112","Stocks","02151","Chickens","2013","2013","1000 An","6700","E","Estimated value",""
"QCL","Crops and livestock products","140","Central African Republic","5112","Stocks","02151","Chickens","2014","2014","1000 An","6700","E","Estimated value",""
"QCL","Crops and livestock products","140","Central African Republic","5112","Stocks","02151","Chickens","2015","2015","1000 An","6726","I","Value imputed by a receiving agency",""
"QCL","Crops and livestock products","140","Central African Republic","5112","Stocks","02151","Chickens","2016","2016","1000 An","6754","I","Value imputed by a receiving agency",""
"QCL","Crops and livestock products","140","Central African Republic","5112","Stocks","02151","Chickens","2017","2017","1000 An","6787","I","Value imputed by a receiving agency",""
"QCL","Crops and livestock products","140","Central African Republic","5112","Stocks","02151","Chickens","2018","2018","1000 An","6822","I","Value imputed by a receiving agency",""
"QCL","Crops and livestock products","140","Central African Republic","5112","Stocks","02151","Chickens","2019","2019","1000 An","6858","I","Value imputed by a receiving agency",""
"QCL","Crops and livestock products","140","Central African Republic","5112","Stocks","02151","Chickens","2020","2020","1000 An","6888","I","Value imputed by a receiving agency",""
"QCL","Crops and livestock products","140","Central African Republic","5112","Stocks","02151","Chickens","2021","2021","1000 An","6860","I","Value imputed by a receiving agency",""
"QCL","Crops and livestock products","140","Central African Republic","5112","Stocks","02151","Chickens","2022","2022","1000 An","6877","I","Value imputed by a receiving agency",""
"QCL","Crops and livestock products","140","Central African Republic","5112","Stocks","02151","Chickens","2023","2023","1000 An","6894","I","Value imputed by a receiving agency",""
"QCL","Crops and livestock products","140","Central African Republic","5112","Stocks","02151","Chickens","2024","2024","1000 An","6910","I","Value imputed by a receiving agency",""
"QCL","Crops and livestock products","140","Central African Republic","5111","Stocks","02123","Goats","2005","2005","An","3400000","E","Estimated value",""
"QCL","Crops and livestock products","140","Central African Republic","5111","Stocks","02123","Goats","2006","2006","An","3600000","E","Estimated value",""
"QCL","Crops and livestock products","140","Central African Republic","5111","Stocks","02123","Goats","2007","2007","An","3850000","X","Figure from external organization","Unofficial figure"
"QCL","Crops and livestock products","140","Central African Republic","5111","Stocks","02123","Goats","2008","2008","An","4347000","A","Official figure",""
"QCL","Crops and livestock products","140","Central African Republic","5111","Stocks","02123","Goats","2009","2009","An","4599000","A","Official figure",""
"QCL","Crops and livestock products","140","Central African Republic","5111","Stocks","02123","Goats","2010","2010","An","4862000","A","Official figure",""
"QCL","Crops and livestock products","140","Central African Republic","5111","Stocks","02123","Goats","2011","2011","An","5744000","A","Official figure",""
"QCL","Crops and livestock products","140","Central African Republic","5111","Stocks","02123","Goats","2012","2012","An","5800000","E","Estimated value",""
"QCL","Crops and livestock products","140","Central African Republic","5111","Stocks","02123","Goats","2013","2013","An","5800000","E","Estimated value",""
"QCL","Crops and livestock products","140","Central African Republic","5111","Stocks","02123","Goats","2014","2014","An","5800000","E","Estimated value",""
"QCL","Crops and livestock products","140","Central African Republic","5111","Stocks","02123","Goats","2015","2015","An","5903769","I","Value imputed by a receiving agency",""
"QCL","Crops and livestock products","140","Central African Republic","5111","Stocks","02123","Goats","2016","2016","An","6065353","I","Value imputed by a receiving agency",""
"QCL","Crops and livestock products","140","Central African Republic","5111","Stocks","02123","Goats","2017","2017","An","5960486","E","Estimated value",""
"QCL","Crops and livestock products","140","Central African Republic","5111","Stocks","02123","Goats","2018","2018","An","5936938","I","Value imputed by a receiving agency",""
"QCL","Crops and livestock products","140","Central African Republic","5111","Stocks","02123","Goats","2019","2019","An","6009861","I","Value imputed by a receiving agency",""
"QCL","Crops and livestock products","140","Central African Republic","5111","Stocks","02123","Goats","2020","2020","An","6059946","I","Value imputed by a receiving agency",""
"QCL","Crops and livestock products","140","Central African Republic","5111","Stocks","02123","Goats","2021","2021","An","6100000","E","Estimated value",""
"QCL","Crops and livestock products","140","Central African Republic","5111","Stocks","02123","Goats","2022","2022","An","6200000","E","Estimated value",""
"QCL","Crops and livestock products","140","Central African Republic","5111","Stocks","02123","Goats","2023","2023","An","6261401","I","Value imputed by a receiving agency",""
"QCL","Crops and livestock products","140","Central African Republic","5111","Stocks","02123","Goats","2024","2024","An","6193443","I","Value imputed by a receiving agency",""
"QCL","Crops and livestock products","140","Central African Republic","5111","Stocks","02122","Sheep","2005","2005","An","260000","E","Estimated value",""
"QCL","Crops and livestock products","140","Central African Republic","5111","Stocks","02122","Sheep","2006","2006","An","270000","E","Estimated value",""
"QCL","Crops and livestock products","140","Central African Republic","5111","Stocks","02122","Sheep","2007","2007","An","284000","X","Figure from external organization","Unofficial figure"
"QCL","Crops and livestock products","140","Central African Republic","5111","Stocks","02122","Sheep","2008","2008","An","351000","A","Official figure",""
"QCL","Crops and livestock products","140","Central African Republic","5111","Stocks","02122","Sheep","2009","2009","An","369000","A","Official figure",""
"QCL","Crops and livestock products","140","Central African Republic","5111","Stocks","02122","Sheep","2010","2010","An","388000","A","Official figure",""
"QCL","Crops and livestock products","140","Central African Republic","5111","Stocks","02122","Sheep","2011","2011","An","386000","A","Official figure",""
"QCL","Crops and livestock products","140","Central African Republic","5111","Stocks","02122","Sheep","2012","2012","An","400000","E","Estimated value",""
"QCL","Crops and livestock products","140","Central African Republic","5111","Stocks","02122","Sheep","2013","2013","An","400000","E","Estimated value",""
"QCL","Crops and livestock products","140","Central African Republic","5111","Stocks","02122","Sheep","2014","2014","An","400000","E","Estimated value",""
"QCL","Crops and livestock products","140","Central African Republic","5111","Stocks","02122","Sheep","2015","2015","An","404572","I","Value imputed by a receiving agency",""
"QCL","Crops and livestock products","140","Central African Republic","5111","Stocks","02122","Sheep","2016","2016","An","411625","I","Value imputed by a receiving agency",""
"QCL","Crops and livestock products","140","Central African Republic","5111","Stocks","02122","Sheep","2017","2017","An","419414","I","Value imputed by a receiving agency",""
"QCL","Crops and livestock products","140","Central African Republic","5111","Stocks","02122","Sheep","2018","2018","An","427814","I","Value imputed by a receiving agency",""
"QCL","Crops and livestock products","140","Central African Republic","5111","Stocks","02122","Sheep","2019","2019","An","435747","I","Value imputed by a receiving agency",""
"QCL","Crops and livestock products","140","Central African Republic","5111","Stocks","02122","Sheep","2020","2020","An","443373","I","Value imputed by a receiving agency",""
"QCL","Crops and livestock products","140","Central African Republic","5111","Stocks","02122","Sheep","2021","2021","An","447887","I","Value imputed by a receiving agency",""
"QCL","Crops and livestock products","140","Central African Republic","5111","Stocks","02122","Sheep","2022","2022","An","441204","E","Estimated value",""
"QCL","Crops and livestock products","140","Central African Republic","5111","Stocks","02122","Sheep","2023","2023","An","446935","E","Estimated value",""
"QCL","Crops and livestock products","140","Central African Republic","5111","Stocks","02122","Sheep","2024","2024","An","452132","E","Estimated value",""
"QCL","Crops and livestock products","148","Chad","5111","Stocks","02111","Cattle","2005","2005","An","14841000","E","Estimated value",""
"QCL","Crops and livestock products","148","Chad","5111","Stocks","02111","Cattle","2006","2006","An","15629000","E","Estimated value",""
"QCL","Crops and livestock products","148","Chad","5111","Stocks","02111","Cattle","2007","2007","An","16458000","E","Estimated value",""
"QCL","Crops and livestock products","148","Chad","5111","Stocks","02111","Cattle","2008","2008","An","17332000","E","Estimated value",""
"QCL","Crops and livestock products","148","Chad","5111","Stocks","02111","Cattle","2009","2009","An","18252000","E","Estimated value",""
"QCL","Crops and livestock products","148","Chad","5111","Stocks","02111","Cattle","2010","2010","An","19221000","E","Estimated value",""
"QCL","Crops and livestock products","148","Chad","5111","Stocks","02111","Cattle","2011","2011","An","20241000","E","Estimated value",""
"QCL","Crops and livestock products","148","Chad","5111","Stocks","02111","Cattle","2012","2012","An","21315000","E","Estimated value",""
"QCL","Crops and livestock products","148","Chad","5111","Stocks","02111","Cattle","2013","2013","An","22446000","E","Estimated value",""
"QCL","Crops and livestock products","148","Chad","5111","Stocks","02111","Cattle","2014","2014","An","23638000","E","Estimated value",""
"QCL","Crops and livestock products","148","Chad","5111","Stocks","02111","Cattle","2015","2015","An","24892098","A","Official figure",""
"QCL","Crops and livestock products","148","Chad","5111","Stocks","02111","Cattle","2016","2016","An","26211379","A","Official figure",""
"QCL","Crops and livestock products","148","Chad","5111","Stocks","02111","Cattle","2017","2017","An","27603203","A","Official figure",""
"QCL","Crops and livestock products","148","Chad","5111","Stocks","02111","Cattle","2018","2018","An","29069601","A","Official figure",""
"QCL","Crops and livestock products","148","Chad","5111","Stocks","02111","Cattle","2019","2019","An","30612461","A","Official figure",""
"QCL","Crops and livestock products","148","Chad","5111","Stocks","02111","Cattle","2020","2020","An","32237209","A","Official figure",""
"QCL","Crops and livestock products","148","Chad","5111","Stocks","02111","Cattle","2021","2021","An","33287209","A","Official figure",""
"QCL","Crops and livestock products","148","Chad","5111","Stocks","02111","Cattle","2022","2022","An","35749982","A","Official figure",""
"QCL","Crops and livestock products","148","Chad","5111","Stocks","02111","Cattle","2023","2023","An","37647402","A","Official figure",""
"QCL","Crops and livestock products","148","Chad","5111","Stocks","02111","Cattle","2024","2024","An","39625902","I","Value imputed by a receiving agency",""
"QCL","Crops and livestock products","148","Chad","5112","Stocks","02151","Chickens","2005","2005","1000 An","5200","E","Estimated value",""
"QCL","Crops and livestock products","148","Chad","5112","Stocks","02151","Chickens","2006","2006","1000 An","5240","E","Estimated value",""
"QCL","Crops and livestock products","148","Chad","5112","Stocks","02151","Chickens","2007","2007","1000 An","5400","E","Estimated value",""
"QCL","Crops and livestock products","148","Chad","5112","Stocks","02151","Chickens","2008","2008","1000 An","5450","E","Estimated value",""
"QCL","Crops and livestock products","148","Chad","5112","Stocks","02151","Chickens","2009","2009","1000 An","5500","E","Estimated value",""
"QCL","Crops and livestock products","148","Chad","5112","Stocks","02151","Chickens","2010","2010","1000 An","5550","E","Estimated value",""
"QCL","Crops and livestock products","148","Chad","5112","Stocks","02151","Chickens","2011","2011","1000 An","5600","E","Estimated value",""
"QCL","Crops and livestock products","148","Chad","5112","Stocks","02151","Chickens","2012","2012","1000 An","5680","E","Estimated value",""
"QCL","Crops and livestock products","148","Chad","5112","Stocks","02151","Chickens","2013","2013","1000 An","6000","E","Estimated value",""
"QCL","Crops and livestock products","148","Chad","5112","Stocks","02151","Chickens","2014","2014","1000 An","6100","E","Estimated value",""
"QCL","Crops and livestock products","148","Chad","5112","Stocks","02151","Chickens","2015","2015","1000 An","5900","E","Estimated value",""
"QCL","Crops and livestock products","148","Chad","5112","Stocks","02151","Chickens","2016","2016","1000 An","5862","I","Value imputed by a receiving agency",""
"QCL","Crops and livestock products","148","Chad","5112","Stocks","02151","Chickens","2017","2017","1000 An","5862","I","Value imputed by a receiving agency",""
"QCL","Crops and livestock products","148","Chad","5112","Stocks","02151","Chickens","2018","2018","1000 An","5893","I","Value imputed by a receiving agency",""
"QCL","Crops and livestock products","148","Chad","5112","Stocks","02151","Chickens","2019","2019","1000 An","5956","I","Value imputed by a receiving agency",""
"QCL","Crops and livestock products","148","Chad","5112","Stocks","02151","Chickens","2020","2020","1000 An","6024","I","Value imputed by a receiving agency",""
"QCL","Crops and livestock products","148","Chad","5112","Stocks","02151","Chickens","2021","2021","1000 An","6117","I","Value imputed by a receiving agency",""
"QCL","Crops and livestock products","148","Chad","5112","Stocks","02151","Chickens","2022","2022","1000 An","6121","I","Value imputed by a receiving agency",""
"QCL","Crops and livestock products","148","Chad","5112","Stocks","02151","Chickens","2023","2023","1000 An","6151","I","Value imputed by a receiving agency",""
"QCL","Crops and livestock products","148","Chad","5112","Stocks","02151","Chickens","2024","2024","1000 An","6182","I","Value imputed by a receiving agency",""
"QCL","Crops and livestock products","148","Chad","5111","Stocks","02123","Goats","2005","2005","An","16755000","E","Estimated value",""
"QCL","Crops and livestock products","148","Chad","5111","Stocks","02123","Goats","2006","2006","An","17790000","E","Estimated value",""
"QCL","Crops and livestock products","148","Chad","5111","Stocks","02123","Goats","2007","2007","An","18890000","E","Estimated value",""
"QCL","Crops and livestock products","148","Chad","5111","Stocks","02123","Goats","2008","2008","An","20057000","E","Estimated value",""
"QCL","Crops and livestock products","148","Chad","5111","Stocks","02123","Goats","2009","2009","An","21297000","E","Estimated value",""
"QCL","Crops and livestock products","148","Chad","5111","Stocks","02123","Goats","2010","2010","An","22613000","E","Estimated value",""
"QCL","Crops and livestock products","148","Chad","5111","Stocks","02123","Goats","2011","2011","An","24011000","E","Estimated value",""
"QCL","Crops and livestock products","148","Chad","5111","Stocks","02123","Goats","2012","2012","An","25494000","E","Estimated value",""
"QCL","Crops and livestock products","148","Chad","5111","Stocks","02123","Goats","2013","2013","An","27070000","E","Estimated value",""
"QCL","Crops and livestock products","148","Chad","5111","Stocks","02123","Goats","2014","2014","An","28743000","E","Estimated value",""
"QCL","Crops and livestock products","148","Chad","5111","Stocks","02123","Goats","2015","2015","An","30519349","A","Official figure",""
"QCL","Crops and livestock products","148","Chad","5111","Stocks","02123","Goats","2016","2016","An","32405445","A","Official figure",""
"QCL","Crops and livestock products","148","Chad","5111","Stocks","02123","Goats","2017","2017","An","34408101","A","Official figure",""
"QCL","Crops and livestock products","148","Chad","5111","Stocks","02123","Goats","2018","2018","An","36534693","A","Official figure",""
"QCL","Crops and livestock products","148","Chad","5111","Stocks","02123","Goats","2019","2019","An","38792597","A","Official figure",""
"QCL","Crops and livestock products","148","Chad","5111","Stocks","02123","Goats","2020","2020","An","41190044","A","Official figure",""
"QCL","Crops and livestock products","148","Chad","5111","Stocks","02123","Goats","2021","2021","An","43735657","A","Official figure",""
"QCL","Crops and livestock products","148","Chad","5111","Stocks","02123","Goats","2022","2022","An","46438592","A","Official figure",""
"QCL","Crops and livestock products","148","Chad","5111","Stocks","02123","Goats","2023","2023","An","49308574","A","Official figure",""
"QCL","Crops and livestock products","148","Chad","5111","Stocks","02123","Goats","2024","2024","An","46494274","E","Estimated value",""
"QCL","Crops and livestock products","148","Chad","5111","Stocks","02122","Sheep","2005","2005","An","12333000","E","Estimated value",""
"QCL","Crops and livestock products","148","Chad","5111","Stocks","02122","Sheep","2006","2006","An","13310000","E","Estimated value",""
"QCL","Crops and livestock products","148","Chad","5111","Stocks","02122","Sheep","2007","2007","An","14364000","E","Estimated value",""
"QCL","Crops and livestock products","148","Chad","5111","Stocks","02122","Sheep","2008","2008","An","15502000","E","Estimated value",""
"QCL","Crops and livestock products","148","Chad","5111","Stocks","02122","Sheep","2009","2009","An","16731000","E","Estimated value",""
"QCL","Crops and livestock products","148","Chad","5111","Stocks","02122","Sheep","2010","2010","An","18056000","E","Estimated value",""
"QCL","Crops and livestock products","148","Chad","5111","Stocks","02122","Sheep","2011","2011","An","19487000","E","Estimated value",""
"QCL","Crops and livestock products","148","Chad","5111","Stocks","02122","Sheep","2012","2012","An","21031000","E","Estimated value",""
"QCL","Crops and livestock products","148","Chad","5111","Stocks","02122","Sheep","2013","2013","An","22697000","E","Estimated value",""
"QCL","Crops and livestock products","148","Chad","5111","Stocks","02122","Sheep","2014","2014","An","24495000","E","Estimated value",""
"QCL","Crops and livestock products","148","Chad","5111","Stocks","02122","Sheep","2015","2015","An","26436170","A","Official figure",""
"QCL","Crops and livestock products","148","Chad","5111","Stocks","02122","Sheep","2016","2016","An","28529915","A","Official figure",""
"QCL","Crops and livestock products","148","Chad","5111","Stocks","02122","Sheep","2017","2017","An","30789484","A","Official figure",""
"QCL","Crops and livestock products","148","Chad","5111","Stocks","02122","Sheep","2018","2018","An","33230856","A","Official figure",""
"QCL","Crops and livestock products","148","Chad","5111","Stocks","02122","Sheep","2019","2019","An","35863764","A","Official figure",""
"QCL","Crops and livestock products","148","Chad","5111","Stocks","02122","Sheep","2020","2020","An","38705279","A","Official figure",""
"QCL","Crops and livestock products","148","Chad","5111","Stocks","02122","Sheep","2021","2021","An","41771929","A","Official figure",""
"QCL","Crops and livestock products","148","Chad","5111","Stocks","02122","Sheep","2022","2022","An","45081553","A","Official figure",""
"QCL","Crops and livestock products","148","Chad","5111","Stocks","02122","Sheep","2023","2023","An","48653400","A","Official figure",""
"QCL","Crops and livestock products","148","Chad","5111","Stocks","02122","Sheep","2024","2024","An","45168961","E","Estimated value",""
"QCL","Crops and livestock products","174","Comoros","5111","Stocks","02111","Cattle","2005","2005","An","47000","E","Estimated value",""
"QCL","Crops and livestock products","174","Comoros","5111","Stocks","02111","Cattle","2006","2006","An","49000","E","Estimated value",""
"QCL","Crops and livestock products","174","Comoros","5111","Stocks","02111","Cattle","2007","2007","An","50000","E","Estimated value",""
"QCL","Crops and livestock products","174","Comoros","5111","Stocks","02111","Cattle","2008","2008","An","50000","E","Estimated value",""
"QCL","Crops and livestock products","174","Comoros","5111","Stocks","02111","Cattle","2009","2009","An","50000","E","Estimated value",""
"QCL","Crops and livestock products","174","Comoros","5111","Stocks","02111","Cattle","2010","2010","An","50000","E","Estimated value",""
"QCL","Crops and livestock products","174","Comoros","5111","Stocks","02111","Cattle","2011","2011","An","50000","E","Estimated value",""
"QCL","Crops and livestock products","174","Comoros","5111","Stocks","02111","Cattle","2012","2012","An","50000","E","Estimated value",""
"QCL","Crops and livestock products","174","Comoros","5111","Stocks","02111","Cattle","2013","2013","An","50000","E","Estimated value",""
"QCL","Crops and livestock products","174","Comoros","5111","Stocks","02111","Cattle","2014","2014","An","50000","E","Estimated value",""
"QCL","Crops and livestock products","174","Comoros","5111","Stocks","02111","Cattle","2015","2015","An","50307","I","Value imputed by a receiving agency",""
"QCL","Crops and livestock products","174","Comoros","5111","Stocks","02111","Cattle","2016","2016","An","50681","I","Value imputed by a receiving agency",""
"QCL","Crops and livestock products","174","Comoros","5111","Stocks","02111","Cattle","2017","2017","An","50960","I","Value imputed by a receiving agency",""
"QCL","Crops and livestock products","174","Comoros","5111","Stocks","02111","Cattle","2018","2018","An","51197","I","Value imputed by a receiving agency",""
"QCL","Crops and livestock products","174","Comoros","5111","Stocks","02111","Cattle","2019","2019","An","51289","I","Value imputed by a receiving agency",""
"QCL","Crops and livestock products","174","Comoros","5111","Stocks","02111","Cattle","2020","2020","An","51310","I","Value imputed by a receiving agency",""
"QCL","Crops and livestock products","174","Comoros","5111","Stocks","02111","Cattle","2021","2021","An","51378","I","Value imputed by a receiving agency",""
"QCL","Crops and livestock products","174","Comoros","5111","Stocks","02111","Cattle","2022","2022","An","51254","I","Value imputed by a receiving agency",""
"QCL","Crops and livestock products","174","Comoros","5111","Stocks","02111","Cattle","2023","2023","An","51337","I","Value imputed by a receiving agency",""
"QCL","Crops and livestock products","174","Comoros","5111","Stocks","02111","Cattle","2024","2024","An","51420","I","Value imputed by a receiving agency",""
"QCL","Crops and livestock products","174","Comoros","5112","Stocks","02151","Chickens","2005","2005","1000 An","500","E","Estimated value",""
"QCL","Crops and livestock products","174","Comoros","5112","Stocks","02151","Chickens","2006","2006","1000 An","520","E","Estimated value",""
"QCL","Crops and livestock products","174","Comoros","5112","Stocks","02151","Chickens","2007","2007","1000 An","520","E","Estimated value",""
"QCL","Crops and livestock products","174","Comoros","5112","Stocks","02151","Chickens","2008","2008","1000 An","520","E","Estimated value",""
"QCL","Crops and livestock products","174","Comoros","5112","Stocks","02151","Chickens","2009","2009","1000 An","520","E","Estimated value",""
"QCL","Crops and livestock products","174","Comoros","5112","Stocks","02151","Chickens","2010","2010","1000 An","550","E","Estimated value",""
"QCL","Crops and livestock products","174","Comoros","5112","Stocks","02151","Chickens","2011","2011","1000 An","560","E","Estimated value",""
"QCL","Crops and livestock products","174","Comoros","5112","Stocks","02151","Chickens","2012","2012","1000 An","520","E","Estimated value",""
"QCL","Crops and livestock products","174","Comoros","5112","Stocks","02151","Chickens","2013","2013","1000 An","520","E","Estimated value",""
"QCL","Crops and livestock products","174","Comoros","5112","Stocks","02151","Chickens","2014","2014","1000 An","520","E","Estimated value",""
"QCL","Crops and livestock products","174","Comoros","5112","Stocks","02151","Chickens","2015","2015","1000 An","524","I","Value imputed by a receiving agency",""
"QCL","Crops and livestock products","174","Comoros","5112","Stocks","02151","Chickens","2016","2016","1000 An","531","I","Value imputed by a receiving agency",""
"QCL","Crops and livestock products","174","Comoros","5112","Stocks","02151","Chickens","2017","2017","1000 An","535","I","Value imputed by a receiving agency",""
"QCL","Crops and livestock products","174","Comoros","5112","Stocks","02151","Chickens","2018","2018","1000 An","539","I","Value imputed by a receiving agency",""
"QCL","Crops and livestock products","174","Comoros","5112","Stocks","02151","Chickens","2019","2019","1000 An","541","I","Value imputed by a receiving agency",""
"QCL","Crops and livestock products","174","Comoros","5112","Stocks","02151","Chickens","2020","2020","1000 An","543","I","Value imputed by a receiving agency",""
"QCL","Crops and livestock products","174","Comoros","5112","Stocks","02151","Chickens","2021","2021","1000 An","548","I","Value imputed by a receiving agency",""
"QCL","Crops and livestock products","174","Comoros","5112","Stocks","02151","Chickens","2022","2022","1000 An","548","I","Value imputed by a receiving agency",""
"QCL","Crops and livestock products","174","Comoros","5112","Stocks","02151","Chickens","2023","2023","1000 An","550","I","Value imputed by a receiving agency",""
"QCL","Crops and livestock products","174","Comoros","5112","Stocks","02151","Chickens","2024","2024","1000 An","551","I","Value imputed by a receiving agency",""
"QCL","Crops and livestock products","174","Comoros","5111","Stocks","02123","Goats","2005","2005","An","115000","E","Estimated value",""
"QCL","Crops and livestock products","174","Comoros","5111","Stocks","02123","Goats","2006","2006","An","118000","E","Estimated value",""
"QCL","Crops and livestock products","174","Comoros","5111","Stocks","02123","Goats","2007","2007","An","118000","E","Estimated value",""
"QCL","Crops and livestock products","174","Comoros","5111","Stocks","02123","Goats","2008","2008","An","118000","E","Estimated value",""
"QCL","Crops and livestock products","174","Comoros","5111","Stocks","02123","Goats","2009","2009","An","118000","E","Estimated value",""
"QCL","Crops and livestock products","174","Comoros","5111","Stocks","02123","Goats","2010","2010","An","120000","E","Estimated value",""
"QCL","Crops and livestock products","174","Comoros","5111","Stocks","02123","Goats","2011","2011","An","122000","E","Estimated value",""
"QCL","Crops and livestock products","174","Comoros","5111","Stocks","02123","Goats","2012","2012","An","122000","E","Estimated value",""
"QCL","Crops and livestock products","174","Comoros","5111","Stocks","02123","Goats","2013","2013","An","122000","E","Estimated value",""
"QCL","Crops and livestock products","174","Comoros","5111","Stocks","02123","Goats","2014","2014","An","122000","E","Estimated value",""
"QCL","Crops and livestock products","174","Comoros","5111","Stocks","02123","Goats","2015","2015","An","121394","I","Value imputed by a receiving agency",""
"QCL","Crops and livestock products","174","Comoros","5111","Stocks","02123","Goats","2016","2016","An","121064","I","Value imputed by a receiving agency",""
"QCL","Crops and livestock products","174","Comoros","5111","Stocks","02123","Goats","2017","2017","An","121031","I","Value imputed by a receiving agency",""
"QCL","Crops and livestock products","174","Comoros","5111","Stocks","02123","Goats","2018","2018","An","121088","I","Value imputed by a receiving agency",""
"QCL","Crops and livestock products","174","Comoros","5111","Stocks","02123","Goats","2019","2019","An","121210","I","Value imputed by a receiving agency",""
"QCL","Crops and livestock products","174","Comoros","5111","Stocks","02123","Goats","2020","2020","An","121281","I","Value imputed by a receiving agency",""
"QCL","Crops and livestock products","174","Comoros","5111","Stocks","02123","Goats","2021","2021","An","121244","I","Value imputed by a receiving agency",""
"QCL","Crops and livestock products","174","Comoros","5111","Stocks","02123","Goats","2022","2022","An","121125","I","Value imputed by a receiving agency",""
"QCL","Crops and livestock products","174","Comoros","5111","Stocks","02123","Goats","2023","2023","An","121179","I","Value imputed by a receiving agency",""
"QCL","Crops and livestock products","174","Comoros","5111","Stocks","02123","Goats","2024","2024","An","121233","I","Value imputed by a receiving agency",""
"QCL","Crops and livestock products","174","Comoros","5111","Stocks","02122","Sheep","2005","2005","An","22000","E","Estimated value",""
"QCL","Crops and livestock products","174","Comoros","5111","Stocks","02122","Sheep","2006","2006","An","23000","E","Estimated value",""
"QCL","Crops and livestock products","174","Comoros","5111","Stocks","02122","Sheep","2007","2007","An","23000","E","Estimated value",""
"QCL","Crops and livestock products","174","Comoros","5111","Stocks","02122","Sheep","2008","2008","An","23000","E","Estimated value",""
"QCL","Crops and livestock products","174","Comoros","5111","Stocks","02122","Sheep","2009","2009","An","23000","E","Estimated value",""
"QCL","Crops and livestock products","174","Comoros","5111","Stocks","02122","Sheep","2010","2010","An","23000","E","Estimated value",""
"QCL","Crops and livestock products","174","Comoros","5111","Stocks","02122","Sheep","2011","2011","An","23000","E","Estimated value",""
"QCL","Crops and livestock products","174","Comoros","5111","Stocks","02122","Sheep","2012","2012","An","23500","E","Estimated value",""
"QCL","Crops and livestock products","174","Comoros","5111","Stocks","02122","Sheep","2013","2013","An","24000","E","Estimated value",""
"QCL","Crops and livestock products","174","Comoros","5111","Stocks","02122","Sheep","2014","2014","An","24000","E","Estimated value",""
"QCL","Crops and livestock products","174","Comoros","5111","Stocks","02122","Sheep","2015","2015","An","24228","I","Value imputed by a receiving agency",""
"QCL","Crops and livestock products","174","Comoros","5111","Stocks","02122","Sheep","2016","2016","An","24531","I","Value imputed by a receiving agency",""
"QCL","Crops and livestock products","174","Comoros","5111","Stocks","02122","Sheep","2017","2017","An","24719","I","Value imputed by a receiving agency",""
"QCL","Crops and livestock products","174","Comoros","5111","Stocks","02122","Sheep","2018","2018","An","25037","I","Value imputed by a receiving agency",""
"QCL","Crops and livestock products","174","Comoros","5111","Stocks","02122","Sheep","2019","2019","An","25324","I","Value imputed by a receiving agency",""
"QCL","Crops and livestock products","174","Comoros","5111","Stocks","02122","Sheep","2020","2020","An","25682","I","Value imputed by a receiving agency",""
"QCL","Crops and livestock products","174","Comoros","5111","Stocks","02122","Sheep","2021","2021","An","26067","I","Value imputed by a receiving agency",""
"QCL","Crops and livestock products","174","Comoros","5111","Stocks","02122","Sheep","2022","2022","An","26244","I","Value imputed by a receiving agency",""
"QCL","Crops and livestock products","174","Comoros","5111","Stocks","02122","Sheep","2023","2023","An","25963","E","Estimated value",""
"QCL","Crops and livestock products","174","Comoros","5111","Stocks","02122","Sheep","2024","2024","An","26249","E","Estimated value",""
"QCL","Crops and livestock products","178","Congo","5111","Stocks","02111","Cattle","2005","2005","An","200000","E","Estimated value",""
"QCL","Crops and livestock products","178","Congo","5111","Stocks","02111","Cattle","2006","2006","An","250000","E","Estimated value",""
"QCL","Crops and livestock products","178","Congo","5111","Stocks","02111","Cattle","2007","2007","An","300000","E","Estimated value",""
"QCL","Crops and livestock products","178","Congo","5111","Stocks","02111","Cattle","2008","2008","An","325000","E","Estimated value",""
"QCL","Crops and livestock products","178","Congo","5111","Stocks","02111","Cattle","2009","2009","An","310000","E","Estimated value",""
"QCL","Crops and livestock products","178","Congo","5111","Stocks","02111","Cattle","2010","2010","An","330000","E","Estimated value",""
"QCL","Crops and livestock products","178","Congo","5111","Stocks","02111","Cattle","2011","2011","An","335000","E","Estimated value",""
"QCL","Crops and livestock products","178","Congo","5111","Stocks","02111","Cattle","2012","2012","An","336000","E","Estimated value",""
"QCL","Crops and livestock products","178","Congo","5111","Stocks","02111","Cattle","2013","2013","An","337000","E","Estimated value",""
"QCL","Crops and livestock products","178","Congo","5111","Stocks","02111","Cattle","2014","2014","An","340000","E","Estimated value",""
"QCL","Crops and livestock products","178","Congo","5111","Stocks","02111","Cattle","2015","2015","An","340577","I","Value imputed by a receiving agency",""
"QCL","Crops and livestock products","178","Congo","5111","Stocks","02111","Cattle","2016","2016","An","339720","I","Value imputed by a receiving agency",""
"QCL","Crops and livestock products","178","Congo","5111","Stocks","02111","Cattle","2017","2017","An","338492","I","Value imputed by a receiving agency",""
"QCL","Crops and livestock products","178","Congo","5111","Stocks","02111","Cattle","2018","2018","An","337311","I","Value imputed by a receiving agency",""
"QCL","Crops and livestock products","178","Congo","5111","Stocks","02111","Cattle","2019","2019","An","336442","I","Value imputed by a receiving agency",""
"QCL","Crops and livestock products","178","Congo","5111","Stocks","02111","Cattle","2020","2020","An","336147","I","Value imputed by a receiving agency",""
"QCL","Crops and livestock products","178","Congo","5111","Stocks","02111","Cattle","2021","2021","An","337619","I","Value imputed by a receiving agency",""
"QCL","Crops and livestock products","178","Congo","5111","Stocks","02111","Cattle","2022","2022","An","336021","I","Value imputed by a receiving agency",""
"QCL","Crops and livestock products","178","Congo","5111","Stocks","02111","Cattle","2023","2023","An","335600","I","Value imputed by a receiving agency",""
"QCL","Crops and livestock products","178","Congo","5111","Stocks","02111","Cattle","2024","2024","An","335224","I","Value imputed by a receiving agency",""
"QCL","Crops and livestock products","178","Congo","5112","Stocks","02151","Chickens","2005","2005","1000 An","2400","E","Estimated value",""
"QCL","Crops and livestock products","178","Congo","5112","Stocks","02151","Chickens","2006","2006","1000 An","2400","E","Estimated value",""
"QCL","Crops and livestock products","178","Congo","5112","Stocks","02151","Chickens","2007","2007","1000 An","2400","E","Estimated value",""
"QCL","Crops and livestock products","178","Congo","5112","Stocks","02151","Chickens","2008","2008","1000 An","2450","E","Estimated value",""
"QCL","Crops and livestock products","178","Congo","5112","Stocks","02151","Chickens","2009","2009","1000 An","2500","E","Estimated value",""
"QCL","Crops and livestock products","178","Congo","5112","Stocks","02151","Chickens","2010","2010","1000 An","2600","E","Estimated value",""
"QCL","Crops and livestock products","178","Congo","5112","Stocks","02151","Chickens","2011","2011","1000 An","2700","E","Estimated value",""
"QCL","Crops and livestock products","178","Congo","5112","Stocks","02151","Chickens","2012","2012","1000 An","2780","E","Estimated value",""
"QCL","Crops and livestock products","178","Congo","5112","Stocks","02151","Chickens","2013","2013","1000 An","2850","E","Estimated value",""
"QCL","Crops and livestock products","178","Congo","5112","Stocks","02151","Chickens","2014","2014","1000 An","2850","E","Estimated value",""
"QCL","Crops and livestock products","178","Congo","5112","Stocks","02151","Chickens","2015","2015","1000 An","2854","I","Value imputed by a receiving agency",""
"QCL","Crops and livestock products","178","Congo","5112","Stocks","02151","Chickens","2016","2016","1000 An","2866","I","Value imputed by a receiving agency",""
"QCL","Crops and livestock products","178","Congo","5112","Stocks","02151","Chickens","2017","2017","1000 An","2883","I","Value imputed by a receiving agency",""
"QCL","Crops and livestock products","178","Congo","5112","Stocks","02151","Chickens","2018","2018","1000 An","2905","I","Value imputed by a receiving agency",""
"QCL","Crops and livestock products","178","Congo","5112","Stocks","02151","Chickens","2019","2019","1000 An","2930","I","Value imputed by a receiving agency",""
"QCL","Crops and livestock products","178","Congo","5112","Stocks","02151","Chickens","2020","2020","1000 An","2959","I","Value imputed by a receiving agency",""
"QCL","Crops and livestock products","178","Congo","5112","Stocks","02151","Chickens","2021","2021","1000 An","3035","I","Value imputed by a receiving agency",""
"QCL","Crops and livestock products","178","Congo","5112","Stocks","02151","Chickens","2022","2022","1000 An","3030","I","Value imputed by a receiving agency",""
"QCL","Crops and livestock products","178","Congo","5112","Stocks","02151","Chickens","2023","2023","1000 An","3002","E","Estimated value",""
"QCL","Crops and livestock products","178","Congo","5112","Stocks","02151","Chickens","2024","2024","1000 An","3030","E","Estimated value",""
"QCL","Crops and livestock products","178","Congo","5111","Stocks","02123","Goats","2005","2005","An","295000","E","Estimated value",""
"QCL","Crops and livestock products","178","Congo","5111","Stocks","02123","Goats","2006","2006","An","295000","E","Estimated value",""
"QCL","Crops and livestock products","178","Congo","5111","Stocks","02123","Goats","2007","2007","An","295000","E","Estimated value",""
"QCL","Crops and livestock products","178","Congo","5111","Stocks","02123","Goats","2008","2008","An","295000","E","Estimated value",""
"QCL","Crops and livestock products","178","Congo","5111","Stocks","02123","Goats","2009","2009","An","315000","E","Estimated value",""
"QCL","Crops and livestock products","178","Congo","5111","Stocks","02123","Goats","2010","2010","An","320000","E","Estimated value",""
"QCL","Crops and livestock products","178","Congo","5111","Stocks","02123","Goats","2011","2011","An","323000","E","Estimated value",""
"QCL","Crops and livestock products","178","Congo","5111","Stocks","02123","Goats","2012","2012","An","324500","E","Estimated value",""
"QCL","Crops and livestock products","178","Congo","5111","Stocks","02123","Goats","2013","2013","An","325000","E","Estimated value",""
"QCL","Crops and livestock products","178","Congo","5111","Stocks","02123","Goats","2014","2014","An","325000","E","Estimated value",""
"QCL","Crops and livestock products","178","Congo","5111","Stocks","02123","Goats","2015","2015","An","324472","I","Value imputed by a receiving agency",""
"QCL","Crops and livestock products","178","Congo","5111","Stocks","02123","Goats","2016","2016","An","324384","I","Value imputed by a receiving agency",""
"QCL","Crops and livestock products","178","Congo","5111","Stocks","02123","Goats","2017","2017","An","324373","I","Value imputed by a receiving agency",""
"QCL","Crops and livestock products","178","Congo","5111","Stocks","02123","Goats","2018","2018","An","324607","I","Value imputed by a receiving agency",""
"QCL","Crops and livestock products","178","Congo","5111","Stocks","02123","Goats","2019","2019","An","324791","I","Value imputed by a receiving agency",""
"QCL","Crops and livestock products","178","Congo","5111","Stocks","02123","Goats","2020","2020","An","324867","I","Value imputed by a receiving agency",""
"QCL","Crops and livestock products","178","Congo","5111","Stocks","02123","Goats","2021","2021","An","325297","I","Value imputed by a receiving agency",""
"QCL","Crops and livestock products","178","Congo","5111","Stocks","02123","Goats","2022","2022","An","325042","I","Value imputed by a receiving agency",""
"QCL","Crops and livestock products","178","Congo","5111","Stocks","02123","Goats","2023","2023","An","325263","I","Value imputed by a receiving agency",""
"QCL","Crops and livestock products","178","Congo","5111","Stocks","02123","Goats","2024","2024","An","325484","I","Value imputed by a receiving agency",""
"QCL","Crops and livestock products","178","Congo","5111","Stocks","02122","Sheep","2005","2005","An","99000","E","Estimated value",""
"QCL","Crops and livestock products","178","Congo","5111","Stocks","02122","Sheep","2006","2006","An","99000","E","Estimated value",""
"QCL","Crops and livestock products","178","Congo","5111","Stocks","02122","Sheep","2007","2007","An","105000","E","Estimated value",""
"QCL","Crops and livestock products","178","Congo","5111","Stocks","02122","Sheep","2008","2008","An","116000","E","Estimated value",""
"QCL","Crops and livestock products","178","Congo","5111","Stocks","02122","Sheep","2009","2009","An","118000","E","Estimated value",""
"QCL","Crops and livestock products","178","Congo","5111","Stocks","02122","Sheep","2010","2010","An","120000","E","Estimated value",""
"QCL","Crops and livestock products","178","Congo","5111","Stocks","02122","Sheep","2011","2011","An","122000","E","Estimated value",""
"QCL","Crops and livestock products","178","Congo","5111","Stocks","02122","Sheep","2012","2012","An","122000","E","Estimated value",""
"QCL","Crops and livestock products","178","Congo","5111","Stocks","02122","Sheep","2013","2013","An","122000","E","Estimated value",""
"QCL","Crops and livestock products","178","Congo","5111","Stocks","02122","Sheep","2014","2014","An","123000","E","Estimated value",""
"QCL","Crops and livestock products","178","Congo","5111","Stocks","02122","Sheep","2015","2015","An","123543","I","Value imputed by a receiving agency",""
"QCL","Crops and livestock products","178","Congo","5111","Stocks","02122","Sheep","2016","2016","An","123887","I","Value imputed by a receiving agency",""
"QCL","Crops and livestock products","178","Congo","5111","Stocks","02122","Sheep","2017","2017","An","124118","I","Value imputed by a receiving agency",""
"QCL","Crops and livestock products","178","Congo","5111","Stocks","02122","Sheep","2018","2018","An","124345","I","Value imputed by a receiving agency",""
"QCL","Crops and livestock products","178","Congo","5111","Stocks","02122","Sheep","2019","2019","An","124414","I","Value imputed by a receiving agency",""
"QCL","Crops and livestock products","178","Congo","5111","Stocks","02122","Sheep","2020","2020","An","124511","I","Value imputed by a receiving agency",""
"QCL","Crops and livestock products","178","Congo","5111","Stocks","02122","Sheep","2021","2021","An","124958","I","Value imputed by a receiving agency",""
"QCL","Crops and livestock products","178","Congo","5111","Stocks","02122","Sheep","2022","2022","An","125352","I","Value imputed by a receiving agency",""
"QCL","Crops and livestock products","178","Congo","5111","Stocks","02122","Sheep","2023","2023","An","125654","I","Value imputed by a receiving agency",""
"QCL","Crops and livestock products","178","Congo","5111","Stocks","02122","Sheep","2024","2024","An","125957","I","Value imputed by a receiving agency",""
"QCL","Crops and livestock products","384","Côte d'Ivoire","5111","Stocks","02111","Cattle","2005","2005","An","1449054","A","Official figure",""
"QCL","Crops and livestock products","384","Côte d'Ivoire","5111","Stocks","02111","Cattle","2006","2006","An","1478035","A","Official figure",""
"QCL","Crops and livestock products","384","Côte d'Ivoire","5111","Stocks","02111","Cattle","2007","2007","An","1507596","A","Official figure",""
"QCL","Crops and livestock products","384","Côte d'Ivoire","5111","Stocks","02111","Cattle","2008","2008","An","1537748","A","Official figure",""
"QCL","Crops and livestock products","384","Côte d'Ivoire","5111","Stocks","02111","Cattle","2009","2009","An","1573116","A","Official figure",""
"QCL","Crops and livestock products","384","Côte d'Ivoire","5111","Stocks","02111","Cattle","2010","2010","An","1581582","A","Official figure",""
"QCL","Crops and livestock products","384","Côte d'Ivoire","5111","Stocks","02111","Cattle","2011","2011","An","1582652","A","Official figure",""
"QCL","Crops and livestock products","384","Côte d'Ivoire","5111","Stocks","02111","Cattle","2012","2012","An","1583725","A","Official figure",""
"QCL","Crops and livestock products","384","Côte d'Ivoire","5111","Stocks","02111","Cattle","2013","2013","An","1585585","A","Official figure",""
"QCL","Crops and livestock products","384","Côte d'Ivoire","5111","Stocks","02111","Cattle","2014","2014","An","1587000","E","Estimated value",""
"QCL","Crops and livestock products","384","Côte d'Ivoire","5111","Stocks","02111","Cattle","2015","2015","An","1598135","I","Value imputed by a receiving agency",""
"QCL","Crops and livestock products","384","Côte d'Ivoire","5111","Stocks","02111","Cattle","2016","2016","An","1639180","I","Value imputed by a receiving agency",""
"QCL","Crops and livestock products","384","Côte d'Ivoire","5111","Stocks","02111","Cattle","2017","2017","An","1666978","I","Value imputed by a receiving agency",""
"QCL","Crops and livestock products","384","Côte d'Ivoire","5111","Stocks","02111","Cattle","2018","2018","An","1694873","A","Official figure",""
"QCL","Crops and livestock products","384","Côte d'Ivoire","5111","Stocks","02111","Cattle","2019","2019","An","1722666","A","Official figure",""
"QCL","Crops and livestock products","384","Côte d'Ivoire","5111","Stocks","02111","Cattle","2020","2020","An","1750915","A","Official figure",""
"QCL","Crops and livestock products","384","Côte d'Ivoire","5111","Stocks","02111","Cattle","2021","2021","An","1806045","A","Official figure",""
"QCL","Crops and livestock products","384","Côte d'Ivoire","5111","Stocks","02111","Cattle","2022","2022","An","1835661","A","Official figure",""
"QCL","Crops and livestock products","384","Côte d'Ivoire","5111","Stocks","02111","Cattle","2023","2023","An","1865763","A","Official figure",""
"QCL","Crops and livestock products","384","Côte d'Ivoire","5111","Stocks","02111","Cattle","2024","2024","An","1896358","A","Official figure",""
"QCL","Crops and livestock products","384","Côte d'Ivoire","5112","Stocks","02151","Chickens","2005","2005","1000 An","32241","A","Official figure",""
"QCL","Crops and livestock products","384","Côte d'Ivoire","5112","Stocks","02151","Chickens","2006","2006","1000 An","31231","A","Official figure",""
"QCL","Crops and livestock products","384","Côte d'Ivoire","5112","Stocks","02151","Chickens","2007","2007","1000 An","34760","A","Official figure",""
"QCL","Crops and livestock products","384","Côte d'Ivoire","5112","Stocks","02151","Chickens","2008","2008","1000 An","40674","A","Official figure",""
"QCL","Crops and livestock products","384","Côte d'Ivoire","5112","Stocks","02151","Chickens","2009","2009","1000 An","41533","A","Official figure",""
"QCL","Crops and livestock products","384","Côte d'Ivoire","5112","Stocks","02151","Chickens","2010","2010","1000 An","45052","A","Official figure",""
"QCL","Crops and livestock products","384","Côte d'Ivoire","5112","Stocks","02151","Chickens","2011","2011","1000 An","43133","A","Official figure",""
"QCL","Crops and livestock products","384","Côte d'Ivoire","5112","Stocks","02151","Chickens","2012","2012","1000 An","53791","A","Official figure",""
"QCL","Crops and livestock products","384","Côte d'Ivoire","5112","Stocks","02151","Chickens","2013","2013","1000 An","58380","A","Official figure",""
"QCL","Crops and livestock products","384","Côte d'Ivoire","5112","Stocks","02151","Chickens","2014","2014","1000 An","62000","E","Estimated value",""
"QCL","Crops and livestock products","384","Côte d'Ivoire","5112","Stocks","02151","Chickens","2015","2015","1000 An","64720","I","Value imputed by a receiving agency",""
"QCL","Crops and livestock products","384","Côte d'Ivoire","5112","Stocks","02151","Chickens","2016","2016","1000 An","68753","I","Value imputed by a receiving agency",""
"QCL","Crops and livestock products","384","Côte d'Ivoire","5112","Stocks","02151","Chickens","2017","2017","1000 An","72613","I","Value imputed by a receiving agency",""
"QCL","Crops and livestock products","384","Côte d'Ivoire","5112","Stocks","02151","Chickens","2018","2018","1000 An","76397","A","Official figure",""
"QCL","Crops and livestock products","384","Côte d'Ivoire","5112","Stocks","02151","Chickens","2019","2019","1000 An","80814","A","Official figure",""
"QCL","Crops and livestock products","384","Côte d'Ivoire","5112","Stocks","02151","Chickens","2020","2020","1000 An","89511","A","Official figure",""
"QCL","Crops and livestock products","384","Côte d'Ivoire","5112","Stocks","02151","Chickens","2021","2021","1000 An","104083","A","Official figure",""
"QCL","Crops and livestock products","384","Côte d'Ivoire","5112","Stocks","02151","Chickens","2022","2022","1000 An","116549","A","Official figure",""
"QCL","Crops and livestock products","384","Côte d'Ivoire","5112","Stocks","02151","Chickens","2023","2023","1000 An","117773","A","Official figure",""
"QCL","Crops and livestock products","384","Côte d'Ivoire","5112","Stocks","02151","Chickens","2024","2024","1000 An","143483","A","Official figure",""
"QCL","Crops and livestock products","384","Côte d'Ivoire","5111","Stocks","02123","Goats","2005","2005","An","1207759","A","Official figure",""
"QCL","Crops and livestock products","384","Côte d'Ivoire","5111","Stocks","02123","Goats","2006","2006","An","1231914","A","Official figure",""
"QCL","Crops and livestock products","384","Côte d'Ivoire","5111","Stocks","02123","Goats","2007","2007","An","1256552","A","Official figure",""
"QCL","Crops and livestock products","384","Côte d'Ivoire","5111","Stocks","02123","Goats","2008","2008","An","1281683","A","Official figure",""
"QCL","Crops and livestock products","384","Côte d'Ivoire","5111","Stocks","02123","Goats","2009","2009","An","1307317","A","Official figure",""
"QCL","Crops and livestock products","384","Côte d'Ivoire","5111","Stocks","02123","Goats","2010","2010","An","1324377","A","Official figure",""
"QCL","Crops and livestock products","384","Côte d'Ivoire","5111","Stocks","02123","Goats","2011","2011","An","1331687","A","Official figure",""
"QCL","Crops and livestock products","384","Côte d'Ivoire","5111","Stocks","02123","Goats","2012","2012","An","1339038","A","Official figure",""
"QCL","Crops and livestock products","384","Côte d'Ivoire","5111","Stocks","02123","Goats","2013","2013","An","1378941","A","Official figure",""
"QCL","Crops and livestock products","384","Côte d'Ivoire","5111","Stocks","02123","Goats","2014","2014","An","1400000","E","Estimated value",""
"QCL","Crops and livestock products","384","Côte d'Ivoire","5111","Stocks","02123","Goats","2015","2015","An","1424956","I","Value imputed by a receiving agency",""
"QCL","Crops and livestock products","384","Côte d'Ivoire","5111","Stocks","02123","Goats","2016","2016","An","1975338","I","Value imputed by a receiving agency",""
"QCL","Crops and livestock products","384","Côte d'Ivoire","5111","Stocks","02123","Goats","2017","2017","An","2526682","I","Value imputed by a receiving agency",""
"QCL","Crops and livestock products","384","Côte d'Ivoire","5111","Stocks","02123","Goats","2018","2018","An","2990240","A","Official figure",""
"QCL","Crops and livestock products","384","Côte d'Ivoire","5111","Stocks","02123","Goats","2019","2019","An","3323704","A","Official figure",""
"QCL","Crops and livestock products","384","Côte d'Ivoire","5111","Stocks","02123","Goats","2020","2020","An","3657168","A","Official figure",""
"QCL","Crops and livestock products","384","Côte d'Ivoire","5111","Stocks","02123","Goats","2021","2021","An","3990632","A","Official figure",""
"QCL","Crops and livestock products","384","Côte d'Ivoire","5111","Stocks","02123","Goats","2022","2022","An","4563406","A","Official figure",""
"QCL","Crops and livestock products","384","Côte d'Ivoire","5111","Stocks","02123","Goats","2023","2023","An","4901055","A","Official figure",""
"QCL","Crops and livestock products","384","Côte d'Ivoire","5111","Stocks","02123","Goats","2024","2024","An","5447608","A","Official figure",""
"QCL","Crops and livestock products","384","Côte d'Ivoire","5111","Stocks","02122","Sheep","2005","2005","An","1537147","A","Official figure",""
"QCL","Crops and livestock products","384","Côte d'Ivoire","5111","Stocks","02122","Sheep","2006","2006","An","1567890","A","Official figure",""
"QCL","Crops and livestock products","384","Côte d'Ivoire","5111","Stocks","02122","Sheep","2007","2007","An","1599248","A","Official figure",""
"QCL","Crops and livestock products","384","Côte d'Ivoire","5111","Stocks","02122","Sheep","2008","2008","An","1631233","A","Official figure",""
"QCL","Crops and livestock products","384","Côte d'Ivoire","5111","Stocks","02122","Sheep","2009","2009","An","1670383","A","Official figure",""
"QCL","Crops and livestock products","384","Côte d'Ivoire","5111","Stocks","02122","Sheep","2010","2010","An","1692181","A","Official figure",""
"QCL","Crops and livestock products","384","Côte d'Ivoire","5111","Stocks","02122","Sheep","2011","2011","An","1700303","A","Official figure",""
"QCL","Crops and livestock products","384","Côte d'Ivoire","5111","Stocks","02122","Sheep","2012","2012","An","1708464","A","Official figure",""
"QCL","Crops and livestock products","384","Côte d'Ivoire","5111","Stocks","02122","Sheep","2013","2013","An","1725207","A","Official figure",""
"QCL","Crops and livestock products","384","Côte d'Ivoire","5111","Stocks","02122","Sheep","2014","2014","An","1740000","E","Estimated value",""
"QCL","Crops and livestock products","384","Côte d'Ivoire","5111","Stocks","02122","Sheep","2015","2015","An","1755736","I","Value imputed by a receiving agency",""
"QCL","Crops and livestock products","384","Côte d'Ivoire","5111","Stocks","02122","Sheep","2016","2016","An","1880780","I","Value imputed by a receiving agency",""
"QCL","Crops and livestock products","384","Côte d'Ivoire","5111","Stocks","02122","Sheep","2017","2017","An","1998274","I","Value imputed by a receiving agency",""
"QCL","Crops and livestock products","384","Côte d'Ivoire","5111","Stocks","02122","Sheep","2018","2018","An","2101203","A","Official figure",""
"QCL","Crops and livestock products","384","Côte d'Ivoire","5111","Stocks","02122","Sheep","2019","2019","An","2182087","A","Official figure",""
"QCL","Crops and livestock products","384","Côte d'Ivoire","5111","Stocks","02122","Sheep","2020","2020","An","2262971","A","Official figure",""
"QCL","Crops and livestock products","384","Côte d'Ivoire","5111","Stocks","02122","Sheep","2021","2021","An","2343855","A","Official figure",""
"QCL","Crops and livestock products","384","Côte d'Ivoire","5111","Stocks","02122","Sheep","2022","2022","An","2437692","A","Official figure",""
"QCL","Crops and livestock products","384","Côte d'Ivoire","5111","Stocks","02122","Sheep","2023","2023","An","2535285","A","Official figure",""
"QCL","Crops and livestock products","384","Côte d'Ivoire","5111","Stocks","02122","Sheep","2024","2024","An","2636786","A","Official figure",""
"QCL","Crops and livestock products","180","Democratic Republic of the Congo","5111","Stocks","02111","Cattle","2005","2005","An","756940","A","Official figure",""
"QCL","Crops and livestock products","180","Democratic Republic of the Congo","5111","Stocks","02111","Cattle","2006","2006","An","755500","A","Official figure",""
"QCL","Crops and livestock products","180","Democratic Republic of the Congo","5111","Stocks","02111","Cattle","2007","2007","An","754060","A","Official figure",""
"QCL","Crops and livestock products","180","Democratic Republic of the Congo","5111","Stocks","02111","Cattle","2008","2008","An","752630","A","Official figure",""
"QCL","Crops and livestock products","180","Democratic Republic of the Congo","5111","Stocks","02111","Cattle","2009","2009","An","751200","A","Official figure",""
"QCL","Crops and livestock products","180","Democratic Republic of the Congo","5111","Stocks","02111","Cattle","2010","2010","An","749779","A","Official figure",""
"QCL","Crops and livestock products","180","Democratic Republic of the Congo","5111","Stocks","02111","Cattle","2011","2011","An","748349","A","Official figure",""
"QCL","Crops and livestock products","180","Democratic Republic of the Congo","5111","Stocks","02111","Cattle","2012","2012","An","893006","A","Official figure",""
"QCL","Crops and livestock products","180","Democratic Republic of the Congo","5111","Stocks","02111","Cattle","2013","2013","An","946585","A","Official figure",""
"QCL","Crops and livestock products","180","Democratic Republic of the Congo","5111","Stocks","02111","Cattle","2014","2014","An","949425","A","Official figure",""
"QCL","Crops and livestock products","180","Democratic Republic of the Congo","5111","Stocks","02111","Cattle","2015","2015","An","1005385","A","Official figure",""
"QCL","Crops and livestock products","180","Democratic Republic of the Congo","5111","Stocks","02111","Cattle","2016","2016","An","1044874","I","Value imputed by a receiving agency",""
"QCL","Crops and livestock products","180","Democratic Republic of the Congo","5111","Stocks","02111","Cattle","2017","2017","An","1080993","A","Official figure",""
"QCL","Crops and livestock products","180","Democratic Republic of the Congo","5111","Stocks","02111","Cattle","2018","2018","An","1144766","A","Official figure",""
"QCL","Crops and livestock products","180","Democratic Republic of the Congo","5111","Stocks","02111","Cattle","2019","2019","An","1211912","A","Official figure",""
"QCL","Crops and livestock products","180","Democratic Republic of the Congo","5111","Stocks","02111","Cattle","2020","2020","An","1343889","A","Official figure",""
"QCL","Crops and livestock products","180","Democratic Republic of the Congo","5111","Stocks","02111","Cattle","2021","2021","An","1490234","A","Official figure",""
"QCL","Crops and livestock products","180","Democratic Republic of the Congo","5111","Stocks","02111","Cattle","2022","2022","An","1652514","A","Official figure",""
"QCL","Crops and livestock products","180","Democratic Republic of the Congo","5111","Stocks","02111","Cattle","2023","2023","An","1832468","A","Official figure",""
"QCL","Crops and livestock products","180","Democratic Republic of the Congo","5111","Stocks","02111","Cattle","2024","2024","An","2032019","A","Official figure",""
"QCL","Crops and livestock products","180","Democratic Republic of the Congo","5112","Stocks","02151","Chickens","2005","2005","1000 An","19769","A","Official figure",""
"QCL","Crops and livestock products","180","Democratic Republic of the Congo","5112","Stocks","02151","Chickens","2006","2006","1000 An","19828","A","Official figure",""
"QCL","Crops and livestock products","180","Democratic Republic of the Congo","5112","Stocks","02151","Chickens","2007","2007","1000 An","19888","X","Figure from external organization","Unofficial figure"
"QCL","Crops and livestock products","180","Democratic Republic of the Congo","5112","Stocks","02151","Chickens","2008","2008","1000 An","19948","X","Figure from external organization","Unofficial figure"
"QCL","Crops and livestock products","180","Democratic Republic of the Congo","5112","Stocks","02151","Chickens","2009","2009","1000 An","20007","X","Figure from external organization","Unofficial figure"
"QCL","Crops and livestock products","180","Democratic Republic of the Congo","5112","Stocks","02151","Chickens","2010","2010","1000 An","20067","A","Official figure",""
"QCL","Crops and livestock products","180","Democratic Republic of the Congo","5112","Stocks","02151","Chickens","2011","2011","1000 An","20128","A","Official figure",""
"QCL","Crops and livestock products","180","Democratic Republic of the Congo","5112","Stocks","02151","Chickens","2012","2012","1000 An","20188","A","Official figure",""
"QCL","Crops and livestock products","180","Democratic Republic of the Congo","5112","Stocks","02151","Chickens","2013","2013","1000 An","20249","A","Official figure",""
"QCL","Crops and livestock products","180","Democratic Republic of the Congo","5112","Stocks","02151","Chickens","2014","2014","1000 An","20309","A","Official figure",""
"QCL","Crops and livestock products","180","Democratic Republic of the Congo","5112","Stocks","02151","Chickens","2015","2015","1000 An","20350","A","Official figure",""
"QCL","Crops and livestock products","180","Democratic Republic of the Congo","5112","Stocks","02151","Chickens","2016","2016","1000 An","19214","I","Value imputed by a receiving agency",""
"QCL","Crops and livestock products","180","Democratic Republic of the Congo","5112","Stocks","02151","Chickens","2017","2017","1000 An","18395","A","Official figure",""
"QCL","Crops and livestock products","180","Democratic Republic of the Congo","5112","Stocks","02151","Chickens","2018","2018","1000 An","18443","A","Official figure",""
"QCL","Crops and livestock products","180","Democratic Republic of the Congo","5112","Stocks","02151","Chickens","2019","2019","1000 An","18558","A","Official figure",""
"QCL","Crops and livestock products","180","Democratic Republic of the Congo","5112","Stocks","02151","Chickens","2020","2020","1000 An","18675","A","Official figure",""
"QCL","Crops and livestock products","180","Democratic Republic of the Congo","5112","Stocks","02151","Chickens","2021","2021","1000 An","18793","A","Official figure",""
"QCL","Crops and livestock products","180","Democratic Republic of the Congo","5112","Stocks","02151","Chickens","2022","2022","1000 An","18912","A","Official figure",""
"QCL","Crops and livestock products","180","Democratic Republic of the Congo","5112","Stocks","02151","Chickens","2023","2023","1000 An","19002","A","Official figure",""
"QCL","Crops and livestock products","180","Democratic Republic of the Congo","5112","Stocks","02151","Chickens","2024","2024","1000 An","19092","A","Official figure",""
"QCL","Crops and livestock products","180","Democratic Republic of the Congo","5111","Stocks","02123","Goats","2005","2005","An","4021920","A","Official figure",""
"QCL","Crops and livestock products","180","Democratic Republic of the Congo","5111","Stocks","02123","Goats","2006","2006","An","4027950","A","Official figure",""
"QCL","Crops and livestock products","180","Democratic Republic of the Congo","5111","Stocks","02123","Goats","2007","2007","An","4033980","A","Official figure",""
"QCL","Crops and livestock products","180","Democratic Republic of the Congo","5111","Stocks","02123","Goats","2008","2008","An","4046100","A","Official figure",""
"QCL","Crops and livestock products","180","Democratic Republic of the Congo","5111","Stocks","02123","Goats","2009","2009","An","4046100","A","Official figure",""
"QCL","Crops and livestock products","180","Democratic Republic of the Congo","5111","Stocks","02123","Goats","2010","2010","An","4052169","A","Official figure",""
"QCL","Crops and livestock products","180","Democratic Republic of the Congo","5111","Stocks","02123","Goats","2011","2011","An","4058237","A","Official figure",""
"QCL","Crops and livestock products","180","Democratic Republic of the Congo","5111","Stocks","02123","Goats","2012","2012","An","4064322","A","Official figure",""
"QCL","Crops and livestock products","180","Democratic Republic of the Congo","5111","Stocks","02123","Goats","2013","2013","An","4070416","A","Official figure",""
"QCL","Crops and livestock products","180","Democratic Republic of the Congo","5111","Stocks","02123","Goats","2014","2014","An","4082627","A","Official figure",""
"QCL","Crops and livestock products","180","Democratic Republic of the Congo","5111","Stocks","02123","Goats","2015","2015","An","4093458","A","Official figure",""
"QCL","Crops and livestock products","180","Democratic Republic of the Congo","5111","Stocks","02123","Goats","2016","2016","An","4096667","I","Value imputed by a receiving agency",""
"QCL","Crops and livestock products","180","Democratic Republic of the Congo","5111","Stocks","02123","Goats","2017","2017","An","4101065","A","Official figure",""
"QCL","Crops and livestock products","180","Democratic Republic of the Congo","5111","Stocks","02123","Goats","2018","2018","An","4105026","A","Official figure",""
"QCL","Crops and livestock products","180","Democratic Republic of the Congo","5111","Stocks","02123","Goats","2019","2019","An","4111782","A","Official figure",""
"QCL","Crops and livestock products","180","Democratic Republic of the Congo","5111","Stocks","02123","Goats","2020","2020","An","4118849","A","Official figure",""
"QCL","Crops and livestock products","180","Democratic Republic of the Congo","5111","Stocks","02123","Goats","2021","2021","An","4125764","A","Official figure",""
"QCL","Crops and livestock products","180","Democratic Republic of the Congo","5111","Stocks","02123","Goats","2022","2022","An","4133019","A","Official figure",""
"QCL","Crops and livestock products","180","Democratic Republic of the Congo","5111","Stocks","02123","Goats","2023","2023","An","4140123","A","Official figure",""
"QCL","Crops and livestock products","180","Democratic Republic of the Congo","5111","Stocks","02123","Goats","2024","2024","An","4147239","A","Official figure",""
"QCL","Crops and livestock products","180","Democratic Republic of the Congo","5111","Stocks","02122","Sheep","2005","2005","An","899570","A","Official figure",""
"QCL","Crops and livestock products","180","Democratic Republic of the Congo","5111","Stocks","02122","Sheep","2006","2006","An","900470","A","Official figure",""
"QCL","Crops and livestock products","180","Democratic Republic of the Congo","5111","Stocks","02122","Sheep","2007","2007","An","901370","A","Official figure",""
"QCL","Crops and livestock products","180","Democratic Republic of the Congo","5111","Stocks","02122","Sheep","2008","2008","An","902270","A","Official figure",""
"QCL","Crops and livestock products","180","Democratic Republic of the Congo","5111","Stocks","02122","Sheep","2009","2009","An","903170","A","Official figure",""
"QCL","Crops and livestock products","180","Democratic Republic of the Congo","5111","Stocks","02122","Sheep","2010","2010","An","904080","A","Official figure",""
"QCL","Crops and livestock products","180","Democratic Republic of the Congo","5111","Stocks","02122","Sheep","2011","2011","An","904984","A","Official figure",""
"QCL","Crops and livestock products","180","Democratic Republic of the Congo","5111","Stocks","02122","Sheep","2012","2012","An","905889","A","Official figure",""
"QCL","Crops and livestock products","180","Democratic Republic of the Congo","5111","Stocks","02122","Sheep","2013","2013","An","906794","A","Official figure",""
"QCL","Crops and livestock products","180","Democratic Republic of the Congo","5111","Stocks","02122","Sheep","2014","2014","An","909514","A","Official figure",""
"QCL","Crops and livestock products","180","Democratic Republic of the Congo","5111","Stocks","02122","Sheep","2015","2015","An","909515","A","Official figure",""
"QCL","Crops and livestock products","180","Democratic Republic of the Congo","5111","Stocks","02122","Sheep","2016","2016","An","909530","I","Value imputed by a receiving agency",""
"QCL","Crops and livestock products","180","Democratic Republic of the Congo","5111","Stocks","02122","Sheep","2017","2017","An","910103","A","Official figure",""
"QCL","Crops and livestock products","180","Democratic Republic of the Congo","5111","Stocks","02122","Sheep","2018","2018","An","911243","A","Official figure",""
"QCL","Crops and livestock products","180","Democratic Republic of the Congo","5111","Stocks","02122","Sheep","2019","2019","An","912789","A","Official figure",""
"QCL","Crops and livestock products","180","Democratic Republic of the Congo","5111","Stocks","02122","Sheep","2020","2020","An","914328","A","Official figure",""
"QCL","Crops and livestock products","180","Democratic Republic of the Congo","5111","Stocks","02122","Sheep","2021","2021","An","915870","A","Official figure",""
"QCL","Crops and livestock products","180","Democratic Republic of the Congo","5111","Stocks","02122","Sheep","2022","2022","An","917414","A","Official figure",""
"QCL","Crops and livestock products","180","Democratic Republic of the Congo","5111","Stocks","02122","Sheep","2023","2023","An","918961","A","Official figure",""
"QCL","Crops and livestock products","180","Democratic Republic of the Congo","5111","Stocks","02122","Sheep","2024","2024","An","920510","A","Official figure",""
"QCL","Crops and livestock products","262","Djibouti","5111","Stocks","02111","Cattle","2005","2005","An","300000","E","Estimated value",""
"QCL","Crops and livestock products","262","Djibouti","5111","Stocks","02111","Cattle","2006","2006","An","297000","X","Figure from external organization","Unofficial figure"
"QCL","Crops and livestock products","262","Djibouti","5111","Stocks","02111","Cattle","2007","2007","An","297000","X","Figure from external organization","Unofficial figure"
"QCL","Crops and livestock products","262","Djibouti","5111","Stocks","02111","Cattle","2008","2008","An","297000","X","Figure from external organization","Unofficial figure"
"QCL","Crops and livestock products","262","Djibouti","5111","Stocks","02111","Cattle","2009","2009","An","297000","X","Figure from external organization","Unofficial figure"
"QCL","Crops and livestock products","262","Djibouti","5111","Stocks","02111","Cattle","2010","2010","An","297000","X","Figure from external organization","Unofficial figure"
"QCL","Crops and livestock products","262","Djibouti","5111","Stocks","02111","Cattle","2011","2011","An","296000","X","Figure from external organization","Unofficial figure"
"QCL","Crops and livestock products","262","Djibouti","5111","Stocks","02111","Cattle","2012","2012","An","298000","E","Estimated value",""
"QCL","Crops and livestock products","262","Djibouti","5111","Stocks","02111","Cattle","2013","2013","An","298000","E","Estimated value",""
"QCL","Crops and livestock products","262","Djibouti","5111","Stocks","02111","Cattle","2014","2014","An","300000","E","Estimated value",""
"QCL","Crops and livestock products","262","Djibouti","5111","Stocks","02111","Cattle","2015","2015","An","302416","I","Value imputed by a receiving agency",""
"QCL","Crops and livestock products","262","Djibouti","5111","Stocks","02111","Cattle","2016","2016","An","304542","I","Value imputed by a receiving agency",""
"QCL","Crops and livestock products","262","Djibouti","5111","Stocks","02111","Cattle","2017","2017","An","306601","I","Value imputed by a receiving agency",""
"QCL","Crops and livestock products","262","Djibouti","5111","Stocks","02111","Cattle","2018","2018","An","308241","I","Value imputed by a receiving agency",""
"QCL","Crops and livestock products","262","Djibouti","5111","Stocks","02111","Cattle","2019","2019","An","309710","I","Value imputed by a receiving agency",""
"QCL","Crops and livestock products","262","Djibouti","5111","Stocks","02111","Cattle","2020","2020","An","311178","I","Value imputed by a receiving agency",""
"QCL","Crops and livestock products","262","Djibouti","5111","Stocks","02111","Cattle","2021","2021","An","313647","I","Value imputed by a receiving agency",""
"QCL","Crops and livestock products","262","Djibouti","5111","Stocks","02111","Cattle","2022","2022","An","314719","I","Value imputed by a receiving agency",""
"QCL","Crops and livestock products","262","Djibouti","5111","Stocks","02111","Cattle","2023","2023","An","316306","I","Value imputed by a receiving agency",""
"QCL","Crops and livestock products","262","Djibouti","5111","Stocks","02111","Cattle","2024","2024","An","317893","I","Value imputed by a receiving agency",""
"QCL","Crops and livestock products","262","Djibouti","5111","Stocks","02123","Goats","2005","2005","An","513000","E","Estimated value",""
"QCL","Crops and livestock products","262","Djibouti","5111","Stocks","02123","Goats","2006","2006","An","512000","E","Estimated value",""
"QCL","Crops and livestock products","262","Djibouti","5111","Stocks","02123","Goats","2007","2007","An","512000","X","Figure from external organization","Unofficial figure"
"QCL","Crops and livestock products","262","Djibouti","5111","Stocks","02123","Goats","2008","2008","An","512000","X","Figure from external organization","Unofficial figure"
"QCL","Crops and livestock products","262","Djibouti","5111","Stocks","02123","Goats","2009","2009","An","512000","X","Figure from external organization","Unofficial figure"
"QCL","Crops and livestock products","262","Djibouti","5111","Stocks","02123","Goats","2010","2010","An","512000","X","Figure from external organization","Unofficial figure"
"QCL","Crops and livestock products","262","Djibouti","5111","Stocks","02123","Goats","2011","2011","An","512000","X","Figure from external organization","Unofficial figure"
"QCL","Crops and livestock products","262","Djibouti","5111","Stocks","02123","Goats","2012","2012","An","514000","E","Estimated value",""
"QCL","Crops and livestock products","262","Djibouti","5111","Stocks","02123","Goats","2013","2013","An","514000","E","Estimated value",""
"QCL","Crops and livestock products","262","Djibouti","5111","Stocks","02123","Goats","2014","2014","An","515000","E","Estimated value",""
"QCL","Crops and livestock products","262","Djibouti","5111","Stocks","02123","Goats","2015","2015","An","515619","I","Value imputed by a receiving agency",""
"QCL","Crops and livestock products","262","Djibouti","5111","Stocks","02123","Goats","2016","2016","An","516159","I","Value imputed by a receiving agency",""
"QCL","Crops and livestock products","262","Djibouti","5111","Stocks","02123","Goats","2017","2017","An","516659","I","Value imputed by a receiving agency",""
"QCL","Crops and livestock products","262","Djibouti","5111","Stocks","02123","Goats","2018","2018","An","517111","I","Value imputed by a receiving agency",""
"QCL","Crops and livestock products","262","Djibouti","5111","Stocks","02123","Goats","2019","2019","An","517571","I","Value imputed by a receiving agency",""
"QCL","Crops and livestock products","262","Djibouti","5111","Stocks","02123","Goats","2020","2020","An","518025","I","Value imputed by a receiving agency",""
"QCL","Crops and livestock products","262","Djibouti","5111","Stocks","02123","Goats","2021","2021","An","518611","I","Value imputed by a receiving agency",""
"QCL","Crops and livestock products","262","Djibouti","5111","Stocks","02123","Goats","2022","2022","An","519097","I","Value imputed by a receiving agency",""
"QCL","Crops and livestock products","262","Djibouti","5111","Stocks","02123","Goats","2023","2023","An","519555","I","Value imputed by a receiving agency",""
"QCL","Crops and livestock products","262","Djibouti","5111","Stocks","02123","Goats","2024","2024","An","520013","I","Value imputed by a receiving agency",""
"QCL","Crops and livestock products","262","Djibouti","5111","Stocks","02122","Sheep","2005","2005","An","466000","E","Estimated value",""
"QCL","Crops and livestock products","262","Djibouti","5111","Stocks","02122","Sheep","2006","2006","An","466000","X","Figure from external organization","Unofficial figure"
"QCL","Crops and livestock products","262","Djibouti","5111","Stocks","02122","Sheep","2007","2007","An","466000","X","Figure from external organization","Unofficial figure"
"QCL","Crops and livestock products","262","Djibouti","5111","Stocks","02122","Sheep","2008","2008","An","466000","X","Figure from external organization","Unofficial figure"
"QCL","Crops and livestock products","262","Djibouti","5111","Stocks","02122","Sheep","2009","2009","An","466000","X","Figure from external organization","Unofficial figure"
"QCL","Crops and livestock products","262","Djibouti","5111","Stocks","02122","Sheep","2010","2010","An","466000","X","Figure from external organization","Unofficial figure"
"QCL","Crops and livestock products","262","Djibouti","5111","Stocks","02122","Sheep","2011","2011","An","466000","X","Figure from external organization","Unofficial figure"
"QCL","Crops and livestock products","262","Djibouti","5111","Stocks","02122","Sheep","2012","2012","An","470000","E","Estimated value",""
"QCL","Crops and livestock products","262","Djibouti","5111","Stocks","02122","Sheep","2013","2013","An","470000","E","Estimated value",""
"QCL","Crops and livestock products","262","Djibouti","5111","Stocks","02122","Sheep","2014","2014","An","470000","E","Estimated value",""
"QCL","Crops and livestock products","262","Djibouti","5111","Stocks","02122","Sheep","2015","2015","An","469095","I","Value imputed by a receiving agency",""
"QCL","Crops and livestock products","262","Djibouti","5111","Stocks","02122","Sheep","2016","2016","An","469203","I","Value imputed by a receiving agency",""
"QCL","Crops and livestock products","262","Djibouti","5111","Stocks","02122","Sheep","2017","2017","An","469356","I","Value imputed by a receiving agency",""
"QCL","Crops and livestock products","262","Djibouti","5111","Stocks","02122","Sheep","2018","2018","An","469502","I","Value imputed by a receiving agency",""
"QCL","Crops and livestock products","262","Djibouti","5111","Stocks","02122","Sheep","2019","2019","An","469725","I","Value imputed by a receiving agency",""
"QCL","Crops and livestock products","262","Djibouti","5111","Stocks","02122","Sheep","2020","2020","An","469959","I","Value imputed by a receiving agency",""
"QCL","Crops and livestock products","262","Djibouti","5111","Stocks","02122","Sheep","2021","2021","An","470381","I","Value imputed by a receiving agency",""
"QCL","Crops and livestock products","262","Djibouti","5111","Stocks","02122","Sheep","2022","2022","An","470038","I","Value imputed by a receiving agency",""
"QCL","Crops and livestock products","262","Djibouti","5111","Stocks","02122","Sheep","2023","2023","An","470288","I","Value imputed by a receiving agency",""
"QCL","Crops and livestock products","262","Djibouti","5111","Stocks","02122","Sheep","2024","2024","An","470538","I","Value imputed by a receiving agency",""
"QCL","Crops and livestock products","818","Egypt","5111","Stocks","02111","Cattle","2005","2005","An","4485000","A","Official figure",""
"QCL","Crops and livestock products","818","Egypt","5111","Stocks","02111","Cattle","2006","2006","An","4610000","A","Official figure",""
"QCL","Crops and livestock products","818","Egypt","5111","Stocks","02111","Cattle","2007","2007","An","4932656","A","Official figure",""
"QCL","Crops and livestock products","818","Egypt","5111","Stocks","02111","Cattle","2008","2008","An","5023162","A","Official figure",""
"QCL","Crops and livestock products","818","Egypt","5111","Stocks","02111","Cattle","2009","2009","An","4524950","A","Official figure",""
"QCL","Crops and livestock products","818","Egypt","5111","Stocks","02111","Cattle","2010","2010","An","4728721","A","Official figure",""
"QCL","Crops and livestock products","818","Egypt","5111","Stocks","02111","Cattle","2011","2011","An","4779743","A","Official figure",""
"QCL","Crops and livestock products","818","Egypt","5111","Stocks","02111","Cattle","2012","2012","An","4946410","A","Official figure",""
"QCL","Crops and livestock products","818","Egypt","5111","Stocks","02111","Cattle","2013","2013","An","4744971","A","Official figure",""
"QCL","Crops and livestock products","818","Egypt","5111","Stocks","02111","Cattle","2014","2014","An","4762491","A","Official figure",""
"QCL","Crops and livestock products","818","Egypt","5111","Stocks","02111","Cattle","2015","2015","An","4883196","A","Official figure",""
"QCL","Crops and livestock products","818","Egypt","5111","Stocks","02111","Cattle","2016","2016","An","5012217","A","Official figure",""
"QCL","Crops and livestock products","818","Egypt","5111","Stocks","02111","Cattle","2017","2017","An","4387289","A","Official figure",""
"QCL","Crops and livestock products","818","Egypt","5111","Stocks","02111","Cattle","2018","2018","An","4379000","A","Official figure",""
"QCL","Crops and livestock products","818","Egypt","5111","Stocks","02111","Cattle","2019","2019","An","2809000","A","Official figure",""
"QCL","Crops and livestock products","818","Egypt","5111","Stocks","02111","Cattle","2020","2020","An","2745000","A","Official figure",""
"QCL","Crops and livestock products","818","Egypt","5111","Stocks","02111","Cattle","2021","2021","An","2812000","A","Official figure",""
"QCL","Crops and livestock products","818","Egypt","5111","Stocks","02111","Cattle","2022","2022","An","3091000","A","Official figure",""
"QCL","Crops and livestock products","818","Egypt","5111","Stocks","02111","Cattle","2023","2023","An","2830000","A","Official figure",""
"QCL","Crops and livestock products","818","Egypt","5111","Stocks","02111","Cattle","2024","2024","An","2625729","I","Value imputed by a receiving agency",""
"QCL","Crops and livestock products","818","Egypt","5112","Stocks","02151","Chickens","2005","2005","1000 An","71788","X","Figure from external organization","Unofficial figure"
"QCL","Crops and livestock products","818","Egypt","5112","Stocks","02151","Chickens","2006","2006","1000 An","72467","A","Official figure",""
"QCL","Crops and livestock products","818","Egypt","5112","Stocks","02151","Chickens","2007","2007","1000 An","89578","A","Official figure",""
"QCL","Crops and livestock products","818","Egypt","5112","Stocks","02151","Chickens","2008","2008","1000 An","91861","A","Official figure",""
"QCL","Crops and livestock products","818","Egypt","5112","Stocks","02151","Chickens","2009","2009","1000 An","97775","A","Official figure",""
"QCL","Crops and livestock products","818","Egypt","5112","Stocks","02151","Chickens","2010","2010","1000 An","103789","A","Official figure",""
"QCL","Crops and livestock products","818","Egypt","5112","Stocks","02151","Chickens","2011","2011","1000 An","112378","A","Official figure",""
"QCL","Crops and livestock products","818","Egypt","5112","Stocks","02151","Chickens","2012","2012","1000 An","114892","A","Official figure",""
"QCL","Crops and livestock products","818","Egypt","5112","Stocks","02151","Chickens","2013","2013","1000 An","140200","E","Estimated value",""
"QCL","Crops and livestock products","818","Egypt","5112","Stocks","02151","Chickens","2014","2014","1000 An","140600","E","Estimated value",""
"QCL","Crops and livestock products","818","Egypt","5112","Stocks","02151","Chickens","2015","2015","1000 An","145494","I","Value imputed by a receiving agency",""
"QCL","Crops and livestock products","818","Egypt","5112","Stocks","02151","Chickens","2016","2016","1000 An","150814","I","Value imputed by a receiving agency",""
"QCL","Crops and livestock products","818","Egypt","5112","Stocks","02151","Chickens","2017","2017","1000 An","155783","I","Value imputed by a receiving agency",""
"QCL","Crops and livestock products","818","Egypt","5112","Stocks","02151","Chickens","2018","2018","1000 An","161066","I","Value imputed by a receiving agency",""
"QCL","Crops and livestock products","818","Egypt","5112","Stocks","02151","Chickens","2019","2019","1000 An","210000","E","Estimated value",""
"QCL","Crops and livestock products","818","Egypt","5112","Stocks","02151","Chickens","2020","2020","1000 An","250000","E","Estimated value",""
"QCL","Crops and livestock products","818","Egypt","5112","Stocks","02151","Chickens","2021","2021","1000 An","270000","E","Estimated value",""
"QCL","Crops and livestock products","818","Egypt","5112","Stocks","02151","Chickens","2022","2022","1000 An","289799","I","Value imputed by a receiving agency",""
"QCL","Crops and livestock products","818","Egypt","5112","Stocks","02151","Chickens","2023","2023","1000 An","257054","I","Value imputed by a receiving agency",""
"QCL","Crops and livestock products","818","Egypt","5112","Stocks","02151","Chickens","2024","2024","1000 An","272284","E","Estimated value",""
"QCL","Crops and livestock products","818","Egypt","5111","Stocks","02123","Goats","2005","2005","An","3803000","A","Official figure",""
"QCL","Crops and livestock products","818","Egypt","5111","Stocks","02123","Goats","2006","2006","An","3877000","A","Official figure",""
"QCL","Crops and livestock products","818","Egypt","5111","Stocks","02123","Goats","2007","2007","An","4210714","A","Official figure",""
"QCL","Crops and livestock products","818","Egypt","5111","Stocks","02123","Goats","2008","2008","An","4473486","A","Official figure",""
"QCL","Crops and livestock products","818","Egypt","5111","Stocks","02123","Goats","2009","2009","An","4139257","A","Official figure",""
"QCL","Crops and livestock products","818","Egypt","5111","Stocks","02123","Goats","2010","2010","An","4174986","A","Official figure",""
"QCL","Crops and livestock products","818","Egypt","5111","Stocks","02123","Goats","2011","2011","An","4258175","A","Official figure",""
"QCL","Crops and livestock products","818","Egypt","5111","Stocks","02123","Goats","2012","2012","An","4306258","A","Official figure",""
"QCL","Crops and livestock products","818","Egypt","5111","Stocks","02123","Goats","2013","2013","An","4153261","A","Official figure",""
"QCL","Crops and livestock products","818","Egypt","5111","Stocks","02123","Goats","2014","2014","An","4185761","A","Official figure",""
"QCL","Crops and livestock products","818","Egypt","5111","Stocks","02123","Goats","2015","2015","An","4046238","A","Official figure",""
"QCL","Crops and livestock products","818","Egypt","5111","Stocks","02123","Goats","2016","2016","An","4259861","A","Official figure",""
"QCL","Crops and livestock products","818","Egypt","5111","Stocks","02123","Goats","2017","2017","An","3973692","A","Official figure",""
"QCL","Crops and livestock products","818","Egypt","5111","Stocks","02123","Goats","2018","2018","An","3572000","A","Official figure",""
"QCL","Crops and livestock products","818","Egypt","5111","Stocks","02123","Goats","2019","2019","An","977000","A","Official figure",""
"QCL","Crops and livestock products","818","Egypt","5111","Stocks","02123","Goats","2020","2020","An","925000","A","Official figure",""
"QCL","Crops and livestock products","818","Egypt","5111","Stocks","02123","Goats","2021","2021","An","1131000","A","Official figure",""
"QCL","Crops and livestock products","818","Egypt","5111","Stocks","02123","Goats","2022","2022","An","1244000","A","Official figure",""
"QCL","Crops and livestock products","818","Egypt","5111","Stocks","02123","Goats","2023","2023","An","1139000","A","Official figure",""
"QCL","Crops and livestock products","818","Egypt","5111","Stocks","02123","Goats","2024","2024","An","1140000","E","Estimated value",""
"QCL","Crops and livestock products","818","Egypt","5111","Stocks","02122","Sheep","2005","2005","An","5232000","A","Official figure",""
"QCL","Crops and livestock products","818","Egypt","5111","Stocks","02122","Sheep","2006","2006","An","5385000","A","Official figure",""
"QCL","Crops and livestock products","818","Egypt","5111","Stocks","02122","Sheep","2007","2007","An","5467469","A","Official figure",""
"QCL","Crops and livestock products","818","Egypt","5111","Stocks","02122","Sheep","2008","2008","An","5498026","A","Official figure",""
"QCL","Crops and livestock products","818","Egypt","5111","Stocks","02122","Sheep","2009","2009","An","5591580","A","Official figure",""
"QCL","Crops and livestock products","818","Egypt","5111","Stocks","02122","Sheep","2010","2010","An","5529529","A","Official figure",""
"QCL","Crops and livestock products","818","Egypt","5111","Stocks","02122","Sheep","2011","2011","An","5365065","A","Official figure",""
"QCL","Crops and livestock products","818","Egypt","5111","Stocks","02122","Sheep","2012","2012","An","5429524","A","Official figure",""
"QCL","Crops and livestock products","818","Egypt","5111","Stocks","02122","Sheep","2013","2013","An","5564117","A","Official figure",""
"QCL","Crops and livestock products","818","Egypt","5111","Stocks","02122","Sheep","2014","2014","An","5502637","A","Official figure",""
"QCL","Crops and livestock products","818","Egypt","5111","Stocks","02122","Sheep","2015","2015","An","5463169","A","Official figure",""
"QCL","Crops and livestock products","818","Egypt","5111","Stocks","02122","Sheep","2016","2016","An","5556337","A","Official figure",""
"QCL","Crops and livestock products","818","Egypt","5111","Stocks","02122","Sheep","2017","2017","An","5305337","A","Official figure",""
"QCL","Crops and livestock products","818","Egypt","5111","Stocks","02122","Sheep","2018","2018","An","4830000","A","Official figure",""
"QCL","Crops and livestock products","818","Egypt","5111","Stocks","02122","Sheep","2019","2019","An","2082000","A","Official figure",""
"QCL","Crops and livestock products","818","Egypt","5111","Stocks","02122","Sheep","2020","2020","An","1936000","A","Official figure",""
"QCL","Crops and livestock products","818","Egypt","5111","Stocks","02122","Sheep","2021","2021","An","1938000","A","Official figure",""
"QCL","Crops and livestock products","818","Egypt","5111","Stocks","02122","Sheep","2022","2022","An","2132000","A","Official figure",""
"QCL","Crops and livestock products","818","Egypt","5111","Stocks","02122","Sheep","2023","2023","An","1952000","A","Official figure",""
"QCL","Crops and livestock products","818","Egypt","5111","Stocks","02122","Sheep","2024","2024","An","1950000","E","Estimated value",""
"QCL","Crops and livestock products","226","Equatorial Guinea","5111","Stocks","02111","Cattle","2005","2005","An","5050","E","Estimated value",""
"QCL","Crops and livestock products","226","Equatorial Guinea","5111","Stocks","02111","Cattle","2006","2006","An","5100","E","Estimated value",""
"QCL","Crops and livestock products","226","Equatorial Guinea","5111","Stocks","02111","Cattle","2007","2007","An","5100","E","Estimated value",""
"QCL","Crops and livestock products","226","Equatorial Guinea","5111","Stocks","02111","Cattle","2008","2008","An","5100","E","Estimated value",""
"QCL","Crops and livestock products","226","Equatorial Guinea","5111","Stocks","02111","Cattle","2009","2009","An","5100","E","Estimated value",""
"QCL","Crops and livestock products","226","Equatorial Guinea","5111","Stocks","02111","Cattle","2010","2010","An","5200","E","Estimated value",""
"QCL","Crops and livestock products","226","Equatorial Guinea","5111","Stocks","02111","Cattle","2011","2011","An","5200","E","Estimated value",""
"QCL","Crops and livestock products","226","Equatorial Guinea","5111","Stocks","02111","Cattle","2012","2012","An","5300","E","Estimated value",""
"QCL","Crops and livestock products","226","Equatorial Guinea","5111","Stocks","02111","Cattle","2013","2013","An","5300","E","Estimated value",""
"QCL","Crops and livestock products","226","Equatorial Guinea","5111","Stocks","02111","Cattle","2014","2014","An","5300","E","Estimated value",""
"QCL","Crops and livestock products","226","Equatorial Guinea","5111","Stocks","02111","Cattle","2015","2015","An","5313","I","Value imputed by a receiving agency",""
"QCL","Crops and livestock products","226","Equatorial Guinea","5111","Stocks","02111","Cattle","2016","2016","An","5338","I","Value imputed by a receiving agency",""
"QCL","Crops and livestock products","226","Equatorial Guinea","5111","Stocks","02111","Cattle","2017","2017","An","5366","I","Value imputed by a receiving agency",""
"QCL","Crops and livestock products","226","Equatorial Guinea","5111","Stocks","02111","Cattle","2018","2018","An","5394","I","Value imputed by a receiving agency",""
"QCL","Crops and livestock products","226","Equatorial Guinea","5111","Stocks","02111","Cattle","2019","2019","An","5421","I","Value imputed by a receiving agency",""
"QCL","Crops and livestock products","226","Equatorial Guinea","5111","Stocks","02111","Cattle","2020","2020","An","5442","I","Value imputed by a receiving agency",""
"QCL","Crops and livestock products","226","Equatorial Guinea","5111","Stocks","02111","Cattle","2021","2021","An","5462","I","Value imputed by a receiving agency",""
"QCL","Crops and livestock products","226","Equatorial Guinea","5111","Stocks","02111","Cattle","2022","2022","An","5478","I","Value imputed by a receiving agency",""
"QCL","Crops and livestock products","226","Equatorial Guinea","5111","Stocks","02111","Cattle","2023","2023","An","5499","I","Value imputed by a receiving agency",""
"QCL","Crops and livestock products","226","Equatorial Guinea","5111","Stocks","02111","Cattle","2024","2024","An","5520","I","Value imputed by a receiving agency",""
"QCL","Crops and livestock products","226","Equatorial Guinea","5112","Stocks","02151","Chickens","2005","2005","1000 An","330","E","Estimated value",""
"QCL","Crops and livestock products","226","Equatorial Guinea","5112","Stocks","02151","Chickens","2006","2006","1000 An","330","E","Estimated value",""
"QCL","Crops and livestock products","226","Equatorial Guinea","5112","Stocks","02151","Chickens","2007","2007","1000 An","330","E","Estimated value",""
"QCL","Crops and livestock products","226","Equatorial Guinea","5112","Stocks","02151","Chickens","2008","2008","1000 An","340","E","Estimated value",""
"QCL","Crops and livestock products","226","Equatorial Guinea","5112","Stocks","02151","Chickens","2009","2009","1000 An","340","E","Estimated value",""
"QCL","Crops and livestock products","226","Equatorial Guinea","5112","Stocks","02151","Chickens","2010","2010","1000 An","340","E","Estimated value",""
"QCL","Crops and livestock products","226","Equatorial Guinea","5112","Stocks","02151","Chickens","2011","2011","1000 An","350","E","Estimated value",""
"QCL","Crops and livestock products","226","Equatorial Guinea","5112","Stocks","02151","Chickens","2012","2012","1000 An","355","E","Estimated value",""
"QCL","Crops and livestock products","226","Equatorial Guinea","5112","Stocks","02151","Chickens","2013","2013","1000 An","360","E","Estimated value",""
"QCL","Crops and livestock products","226","Equatorial Guinea","5112","Stocks","02151","Chickens","2014","2014","1000 An","360","E","Estimated value",""
"QCL","Crops and livestock products","226","Equatorial Guinea","5112","Stocks","02151","Chickens","2015","2015","1000 An","362","I","Value imputed by a receiving agency",""
"QCL","Crops and livestock products","226","Equatorial Guinea","5112","Stocks","02151","Chickens","2016","2016","1000 An","364","I","Value imputed by a receiving agency",""
"QCL","Crops and livestock products","226","Equatorial Guinea","5112","Stocks","02151","Chickens","2017","2017","1000 An","366","I","Value imputed by a receiving agency",""
"QCL","Crops and livestock products","226","Equatorial Guinea","5112","Stocks","02151","Chickens","2018","2018","1000 An","369","I","Value imputed by a receiving agency",""
"QCL","Crops and livestock products","226","Equatorial Guinea","5112","Stocks","02151","Chickens","2019","2019","1000 An","372","I","Value imputed by a receiving agency",""
"QCL","Crops and livestock products","226","Equatorial Guinea","5112","Stocks","02151","Chickens","2020","2020","1000 An","375","I","Value imputed by a receiving agency",""
"QCL","Crops and livestock products","226","Equatorial Guinea","5112","Stocks","02151","Chickens","2021","2021","1000 An","382","I","Value imputed by a receiving agency",""
"QCL","Crops and livestock products","226","Equatorial Guinea","5112","Stocks","02151","Chickens","2022","2022","1000 An","386","I","Value imputed by a receiving agency",""
"QCL","Crops and livestock products","226","Equatorial Guinea","5112","Stocks","02151","Chickens","2023","2023","1000 An","381","E","Estimated value",""
"QCL","Crops and livestock products","226","Equatorial Guinea","5112","Stocks","02151","Chickens","2024","2024","1000 An","385","E","Estimated value",""
"QCL","Crops and livestock products","226","Equatorial Guinea","5111","Stocks","02123","Goats","2005","2005","An","9000","E","Estimated value",""
"QCL","Crops and livestock products","226","Equatorial Guinea","5111","Stocks","02123","Goats","2006","2006","An","9100","E","Estimated value",""
"QCL","Crops and livestock products","226","Equatorial Guinea","5111","Stocks","02123","Goats","2007","2007","An","9100","E","Estimated value",""
"QCL","Crops and livestock products","226","Equatorial Guinea","5111","Stocks","02123","Goats","2008","2008","An","9100","E","Estimated value",""
"QCL","Crops and livestock products","226","Equatorial Guinea","5111","Stocks","02123","Goats","2009","2009","An","9100","E","Estimated value",""
"QCL","Crops and livestock products","226","Equatorial Guinea","5111","Stocks","02123","Goats","2010","2010","An","9200","E","Estimated value",""
"QCL","Crops and livestock products","226","Equatorial Guinea","5111","Stocks","02123","Goats","2011","2011","An","9200","E","Estimated value",""
"QCL","Crops and livestock products","226","Equatorial Guinea","5111","Stocks","02123","Goats","2012","2012","An","9300","E","Estimated value",""
"QCL","Crops and livestock products","226","Equatorial Guinea","5111","Stocks","02123","Goats","2013","2013","An","9500","E","Estimated value",""
"QCL","Crops and livestock products","226","Equatorial Guinea","5111","Stocks","02123","Goats","2014","2014","An","9500","E","Estimated value",""
"QCL","Crops and livestock products","226","Equatorial Guinea","5111","Stocks","02123","Goats","2015","2015","An","9524","I","Value imputed by a receiving agency",""
"QCL","Crops and livestock products","226","Equatorial Guinea","5111","Stocks","02123","Goats","2016","2016","An","9554","I","Value imputed by a receiving agency",""
"QCL","Crops and livestock products","226","Equatorial Guinea","5111","Stocks","02123","Goats","2017","2017","An","9591","I","Value imputed by a receiving agency",""
"QCL","Crops and livestock products","226","Equatorial Guinea","5111","Stocks","02123","Goats","2018","2018","An","9634","I","Value imputed by a receiving agency",""
"QCL","Crops and livestock products","226","Equatorial Guinea","5111","Stocks","02123","Goats","2019","2019","An","9679","I","Value imputed by a receiving agency",""
"QCL","Crops and livestock products","226","Equatorial Guinea","5111","Stocks","02123","Goats","2020","2020","An","9725","I","Value imputed by a receiving agency",""
"QCL","Crops and livestock products","226","Equatorial Guinea","5111","Stocks","02123","Goats","2021","2021","An","9817","I","Value imputed by a receiving agency",""
"QCL","Crops and livestock products","226","Equatorial Guinea","5111","Stocks","02123","Goats","2022","2022","An","9861","I","Value imputed by a receiving agency",""
"QCL","Crops and livestock products","226","Equatorial Guinea","5111","Stocks","02123","Goats","2023","2023","An","9908","I","Value imputed by a receiving agency",""
"QCL","Crops and livestock products","226","Equatorial Guinea","5111","Stocks","02123","Goats","2024","2024","An","9955","I","Value imputed by a receiving agency",""
"QCL","Crops and livestock products","226","Equatorial Guinea","5111","Stocks","02122","Sheep","2005","2005","An","37800","E","Estimated value",""
"QCL","Crops and livestock products","226","Equatorial Guinea","5111","Stocks","02122","Sheep","2006","2006","An","37800","E","Estimated value",""
"QCL","Crops and livestock products","226","Equatorial Guinea","5111","Stocks","02122","Sheep","2007","2007","An","38000","E","Estimated value",""
"QCL","Crops and livestock products","226","Equatorial Guinea","5111","Stocks","02122","Sheep","2008","2008","An","38000","E","Estimated value",""
"QCL","Crops and livestock products","226","Equatorial Guinea","5111","Stocks","02122","Sheep","2009","2009","An","38000","E","Estimated value",""
"QCL","Crops and livestock products","226","Equatorial Guinea","5111","Stocks","02122","Sheep","2010","2010","An","39000","E","Estimated value",""
"QCL","Crops and livestock products","226","Equatorial Guinea","5111","Stocks","02122","Sheep","2011","2011","An","39000","E","Estimated value",""
"QCL","Crops and livestock products","226","Equatorial Guinea","5111","Stocks","02122","Sheep","2012","2012","An","39500","E","Estimated value",""
"QCL","Crops and livestock products","226","Equatorial Guinea","5111","Stocks","02122","Sheep","2013","2013","An","40000","E","Estimated value",""
"QCL","Crops and livestock products","226","Equatorial Guinea","5111","Stocks","02122","Sheep","2014","2014","An","40000","E","Estimated value",""
"QCL","Crops and livestock products","226","Equatorial Guinea","5111","Stocks","02122","Sheep","2015","2015","An","40069","I","Value imputed by a receiving agency",""
"QCL","Crops and livestock products","226","Equatorial Guinea","5111","Stocks","02122","Sheep","2016","2016","An","40246","I","Value imputed by a receiving agency",""
"QCL","Crops and livestock products","226","Equatorial Guinea","5111","Stocks","02122","Sheep","2017","2017","An","40481","I","Value imputed by a receiving agency",""
"QCL","Crops and livestock products","226","Equatorial Guinea","5111","Stocks","02122","Sheep","2018","2018","An","40731","I","Value imputed by a receiving agency",""
"QCL","Crops and livestock products","226","Equatorial Guinea","5111","Stocks","02122","Sheep","2019","2019","An","40957","I","Value imputed by a receiving agency",""
"QCL","Crops and livestock products","226","Equatorial Guinea","5111","Stocks","02122","Sheep","2020","2020","An","41117","I","Value imputed by a receiving agency",""
"QCL","Crops and livestock products","226","Equatorial Guinea","5111","Stocks","02122","Sheep","2021","2021","An","41185","I","Value imputed by a receiving agency",""
"QCL","Crops and livestock products","226","Equatorial Guinea","5111","Stocks","02122","Sheep","2022","2022","An","41356","I","Value imputed by a receiving agency",""
"QCL","Crops and livestock products","226","Equatorial Guinea","5111","Stocks","02122","Sheep","2023","2023","An","41521","I","Value imputed by a receiving agency",""
"QCL","Crops and livestock products","226","Equatorial Guinea","5111","Stocks","02122","Sheep","2024","2024","An","41686","I","Value imputed by a receiving agency",""
"QCL","Crops and livestock products","232","Eritrea","5111","Stocks","02111","Cattle","2005","2005","An","1950000","E","Estimated value",""
"QCL","Crops and livestock products","232","Eritrea","5111","Stocks","02111","Cattle","2006","2006","An","1950000","E","Estimated value",""
"QCL","Crops and livestock products","232","Eritrea","5111","Stocks","02111","Cattle","2007","2007","An","2026028","A","Official figure",""
"QCL","Crops and livestock products","232","Eritrea","5111","Stocks","02111","Cattle","2008","2008","An","2036158","A","Official figure",""
"QCL","Crops and livestock products","232","Eritrea","5111","Stocks","02111","Cattle","2009","2009","An","2046339","A","Official figure",""
"QCL","Crops and livestock products","232","Eritrea","5111","Stocks","02111","Cattle","2010","2010","An","2056570","E","Estimated value",""
"QCL","Crops and livestock products","232","Eritrea","5111","Stocks","02111","Cattle","2011","2011","An","2065000","E","Estimated value",""
"QCL","Crops and livestock products","232","Eritrea","5111","Stocks","02111","Cattle","2012","2012","An","2070000","E","Estimated value",""
"QCL","Crops and livestock products","232","Eritrea","5111","Stocks","02111","Cattle","2013","2013","An","2080000","E","Estimated value",""
"QCL","Crops and livestock products","232","Eritrea","5111","Stocks","02111","Cattle","2014","2014","An","2090000","E","Estimated value",""
"QCL","Crops and livestock products","232","Eritrea","5111","Stocks","02111","Cattle","2015","2015","An","2099522","I","Value imputed by a receiving agency",""
"QCL","Crops and livestock products","232","Eritrea","5111","Stocks","02111","Cattle","2016","2016","An","2108957","I","Value imputed by a receiving agency",""
"QCL","Crops and livestock products","232","Eritrea","5111","Stocks","02111","Cattle","2017","2017","An","2113239","I","Value imputed by a receiving agency",""
"QCL","Crops and livestock products","232","Eritrea","5111","Stocks","02111","Cattle","2018","2018","An","2116621","I","Value imputed by a receiving agency",""
"QCL","Crops and livestock products","232","Eritrea","5111","Stocks","02111","Cattle","2019","2019","An","2119780","I","Value imputed by a receiving agency",""
"QCL","Crops and livestock products","232","Eritrea","5111","Stocks","02111","Cattle","2020","2020","An","2122934","I","Value imputed by a receiving agency",""
"QCL","Crops and livestock products","232","Eritrea","5111","Stocks","02111","Cattle","2021","2021","An","2159183","I","Value imputed by a receiving agency",""
"QCL","Crops and livestock products","232","Eritrea","5111","Stocks","02111","Cattle","2022","2022","An","2147162","I","Value imputed by a receiving agency",""
"QCL","Crops and livestock products","232","Eritrea","5111","Stocks","02111","Cattle","2023","2023","An","2152019","I","Value imputed by a receiving agency",""
"QCL","Crops and livestock products","232","Eritrea","5111","Stocks","02111","Cattle","2024","2024","An","2156877","I","Value imputed by a receiving agency",""
"QCL","Crops and livestock products","232","Eritrea","5112","Stocks","02151","Chickens","2005","2005","1000 An","1500","E","Estimated value",""
"QCL","Crops and livestock products","232","Eritrea","5112","Stocks","02151","Chickens","2006","2006","1000 An","1370","E","Estimated value",""
"QCL","Crops and livestock products","232","Eritrea","5112","Stocks","02151","Chickens","2007","2007","1000 An","1192","A","Official figure",""
"QCL","Crops and livestock products","232","Eritrea","5112","Stocks","02151","Chickens","2008","2008","1000 An","1198","A","Official figure",""
"QCL","Crops and livestock products","232","Eritrea","5112","Stocks","02151","Chickens","2009","2009","1000 An","1204","A","Official figure",""
"QCL","Crops and livestock products","232","Eritrea","5112","Stocks","02151","Chickens","2010","2010","1000 An","1250","E","Estimated value",""
"QCL","Crops and livestock products","232","Eritrea","5112","Stocks","02151","Chickens","2011","2011","1000 An","1300","E","Estimated value",""
"QCL","Crops and livestock products","232","Eritrea","5112","Stocks","02151","Chickens","2012","2012","1000 An","1350","E","Estimated value",""
"QCL","Crops and livestock products","232","Eritrea","5112","Stocks","02151","Chickens","2013","2013","1000 An","1400","E","Estimated value",""
"QCL","Crops and livestock products","232","Eritrea","5112","Stocks","02151","Chickens","2014","2014","1000 An","1400","E","Estimated value",""
"QCL","Crops and livestock products","232","Eritrea","5112","Stocks","02151","Chickens","2015","2015","1000 An","1246","I","Value imputed by a receiving agency",""
"QCL","Crops and livestock products","232","Eritrea","5112","Stocks","02151","Chickens","2016","2016","1000 An","1308","E","Estimated value",""
"QCL","Crops and livestock products","232","Eritrea","5112","Stocks","02151","Chickens","2017","2017","1000 An","1315","E","Estimated value",""
"QCL","Crops and livestock products","232","Eritrea","5112","Stocks","02151","Chickens","2018","2018","1000 An","1298","E","Estimated value",""
"QCL","Crops and livestock products","232","Eritrea","5112","Stocks","02151","Chickens","2019","2019","1000 An","1278","E","Estimated value",""
"QCL","Crops and livestock products","232","Eritrea","5112","Stocks","02151","Chickens","2020","2020","1000 An","1278","E","Estimated value",""
"QCL","Crops and livestock products","232","Eritrea","5112","Stocks","02151","Chickens","2021","2021","1000 An","1246","E","Estimated value",""
"QCL","Crops and livestock products","232","Eritrea","5112","Stocks","02151","Chickens","2022","2022","1000 An","1215","E","Estimated value",""
"QCL","Crops and livestock products","232","Eritrea","5112","Stocks","02151","Chickens","2023","2023","1000 An","1184","E","Estimated value",""
"QCL","Crops and livestock products","232","Eritrea","5112","Stocks","02151","Chickens","2024","2024","1000 An","1155","E","Estimated value",""
"QCL","Crops and livestock products","232","Eritrea","5111","Stocks","02123","Goats","2005","2005","An","1850000","E","Estimated value",""
"QCL","Crops and livestock products","232","Eritrea","5111","Stocks","02123","Goats","2006","2006","An","1700000","E","Estimated value",""
"QCL","Crops and livestock products","232","Eritrea","5111","Stocks","02123","Goats","2007","2007","An","1720000","E","Estimated value",""
"QCL","Crops and livestock products","232","Eritrea","5111","Stocks","02123","Goats","2008","2008","An","1730000","E","Estimated value",""
"QCL","Crops and livestock products","232","Eritrea","5111","Stocks","02123","Goats","2009","2009","An","1740000","E","Estimated value",""
"QCL","Crops and livestock products","232","Eritrea","5111","Stocks","02123","Goats","2010","2010","An","1750000","E","Estimated value",""
"QCL","Crops and livestock products","232","Eritrea","5111","Stocks","02123","Goats","2011","2011","An","1760000","E","Estimated value",""
"QCL","Crops and livestock products","232","Eritrea","5111","Stocks","02123","Goats","2012","2012","An","1770000","E","Estimated value",""
"QCL","Crops and livestock products","232","Eritrea","5111","Stocks","02123","Goats","2013","2013","An","1800000","E","Estimated value",""
"QCL","Crops and livestock products","232","Eritrea","5111","Stocks","02123","Goats","2014","2014","An","1825000","E","Estimated value",""
"QCL","Crops and livestock products","232","Eritrea","5111","Stocks","02123","Goats","2015","2015","An","1840306","I","Value imputed by a receiving agency",""
"QCL","Crops and livestock products","232","Eritrea","5111","Stocks","02123","Goats","2016","2016","An","1850197","I","Value imputed by a receiving agency",""
"QCL","Crops and livestock products","232","Eritrea","5111","Stocks","02123","Goats","2017","2017","An","1859720","I","Value imputed by a receiving agency",""
"QCL","Crops and livestock products","232","Eritrea","5111","Stocks","02123","Goats","2018","2018","An","1868805","I","Value imputed by a receiving agency",""
"QCL","Crops and livestock products","232","Eritrea","5111","Stocks","02123","Goats","2019","2019","An","1877844","I","Value imputed by a receiving agency",""
"QCL","Crops and livestock products","232","Eritrea","5111","Stocks","02123","Goats","2020","2020","An","1887808","I","Value imputed by a receiving agency",""
"QCL","Crops and livestock products","232","Eritrea","5111","Stocks","02123","Goats","2021","2021","An","1906212","I","Value imputed by a receiving agency",""
"QCL","Crops and livestock products","232","Eritrea","5111","Stocks","02123","Goats","2022","2022","An","1915139","I","Value imputed by a receiving agency",""
"QCL","Crops and livestock products","232","Eritrea","5111","Stocks","02123","Goats","2023","2023","An","1925364","I","Value imputed by a receiving agency",""
"QCL","Crops and livestock products","232","Eritrea","5111","Stocks","02123","Goats","2024","2024","An","1935590","I","Value imputed by a receiving agency",""
"QCL","Crops and livestock products","232","Eritrea","5111","Stocks","02122","Sheep","2005","2005","An","2100000","E","Estimated value",""
"QCL","Crops and livestock products","232","Eritrea","5111","Stocks","02122","Sheep","2006","2006","An","2180000","E","Estimated value",""
"QCL","Crops and livestock products","232","Eritrea","5111","Stocks","02122","Sheep","2007","2007","An","2237000","A","Official figure",""
"QCL","Crops and livestock products","232","Eritrea","5111","Stocks","02122","Sheep","2008","2008","An","2249008","A","Official figure",""
"QCL","Crops and livestock products","232","Eritrea","5111","Stocks","02122","Sheep","2009","2009","An","2260253","A","Official figure",""
"QCL","Crops and livestock products","232","Eritrea","5111","Stocks","02122","Sheep","2010","2010","An","2271560","E","Estimated value",""
"QCL","Crops and livestock products","232","Eritrea","5111","Stocks","02122","Sheep","2011","2011","An","2281000","E","Estimated value",""
"QCL","Crops and livestock products","232","Eritrea","5111","Stocks","02122","Sheep","2012","2012","An","2285000","E","Estimated value",""
"QCL","Crops and livestock products","232","Eritrea","5111","Stocks","02122","Sheep","2013","2013","An","2300000","E","Estimated value",""
"QCL","Crops and livestock products","232","Eritrea","5111","Stocks","02122","Sheep","2014","2014","An","2290000","E","Estimated value",""
"QCL","Crops and livestock products","232","Eritrea","5111","Stocks","02122","Sheep","2015","2015","An","2308548","I","Value imputed by a receiving agency",""
"QCL","Crops and livestock products","232","Eritrea","5111","Stocks","02122","Sheep","2016","2016","An","2339978","I","Value imputed by a receiving agency",""
"QCL","Crops and livestock products","232","Eritrea","5111","Stocks","02122","Sheep","2017","2017","An","2374936","I","Value imputed by a receiving agency",""
"QCL","Crops and livestock products","232","Eritrea","5111","Stocks","02122","Sheep","2018","2018","An","2412294","I","Value imputed by a receiving agency",""
"QCL","Crops and livestock products","232","Eritrea","5111","Stocks","02122","Sheep","2019","2019","An","2439570","I","Value imputed by a receiving agency",""
"QCL","Crops and livestock products","232","Eritrea","5111","Stocks","02122","Sheep","2020","2020","An","2461270","I","Value imputed by a receiving agency",""
"QCL","Crops and livestock products","232","Eritrea","5111","Stocks","02122","Sheep","2021","2021","An","2508099","I","Value imputed by a receiving agency",""
"QCL","Crops and livestock products","232","Eritrea","5111","Stocks","02122","Sheep","2022","2022","An","2508626","I","Value imputed by a receiving agency",""
"QCL","Crops and livestock products","232","Eritrea","5111","Stocks","02122","Sheep","2023","2023","An","2525186","I","Value imputed by a receiving agency",""
"QCL","Crops and livestock products","232","Eritrea","5111","Stocks","02122","Sheep","2024","2024","An","2508985","E","Estimated value",""
"QCL","Crops and livestock products","748","Eswatini","5111","Stocks","02111","Cattle","2005","2005","An","615000","E","Estimated value",""
"QCL","Crops and livestock products","748","Eswatini","5111","Stocks","02111","Cattle","2006","2006","An","580000","E","Estimated value",""
"QCL","Crops and livestock products","748","Eswatini","5111","Stocks","02111","Cattle","2007","2007","An","585000","E","Estimated value",""
"QCL","Crops and livestock products","748","Eswatini","5111","Stocks","02111","Cattle","2008","2008","An","585000","E","Estimated value",""
"QCL","Crops and livestock products","748","Eswatini","5111","Stocks","02111","Cattle","2009","2009","An","585000","E","Estimated value",""
"QCL","Crops and livestock products","748","Eswatini","5111","Stocks","02111","Cattle","2010","2010","An","620000","E","Estimated value",""
"QCL","Crops and livestock products","748","Eswatini","5111","Stocks","02111","Cattle","2011","2011","An","625000","E","Estimated value",""
"QCL","Crops and livestock products","748","Eswatini","5111","Stocks","02111","Cattle","2012","2012","An","633954","A","Official figure",""
"QCL","Crops and livestock products","748","Eswatini","5111","Stocks","02111","Cattle","2013","2013","An","627486","A","Official figure",""
"QCL","Crops and livestock products","748","Eswatini","5111","Stocks","02111","Cattle","2014","2014","An","620032","A","Official figure",""
"QCL","Crops and livestock products","748","Eswatini","5111","Stocks","02111","Cattle","2015","2015","An","591454","A","Official figure",""
"QCL","Crops and livestock products","748","Eswatini","5111","Stocks","02111","Cattle","2016","2016","An","531450","A","Official figure",""
"QCL","Crops and livestock products","748","Eswatini","5111","Stocks","02111","Cattle","2017","2017","An","511174","A","Official figure",""
"QCL","Crops and livestock products","748","Eswatini","5111","Stocks","02111","Cattle","2018","2018","An","501643","A","Official figure",""
"QCL","Crops and livestock products","748","Eswatini","5111","Stocks","02111","Cattle","2019","2019","An","527153","A","Official figure",""
"QCL","Crops and livestock products","748","Eswatini","5111","Stocks","02111","Cattle","2020","2020","An","548964","A","Official figure",""
"QCL","Crops and livestock products","748","Eswatini","5111","Stocks","02111","Cattle","2021","2021","An","554400","A","Official figure",""
"QCL","Crops and livestock products","748","Eswatini","5111","Stocks","02111","Cattle","2022","2022","An","560036","A","Official figure",""
"QCL","Crops and livestock products","748","Eswatini","5111","Stocks","02111","Cattle","2023","2023","An","613475","A","Official figure",""
"QCL","Crops and livestock products","748","Eswatini","5111","Stocks","02111","Cattle","2024","2024","An","652513","A","Official figure",""
"QCL","Crops and livestock products","748","Eswatini","5112","Stocks","02151","Chickens","2005","2005","1000 An","1551","I","Value imputed by a receiving agency",""
"QCL","Crops and livestock products","748","Eswatini","5112","Stocks","02151","Chickens","2006","2006","1000 An","1602","I","Value imputed by a receiving agency",""
"QCL","Crops and livestock products","748","Eswatini","5112","Stocks","02151","Chickens","2007","2007","1000 An","1953","I","Value imputed by a receiving agency",""
"QCL","Crops and livestock products","748","Eswatini","5112","Stocks","02151","Chickens","2008","2008","1000 An","1959","I","Value imputed by a receiving agency",""
"QCL","Crops and livestock products","748","Eswatini","5112","Stocks","02151","Chickens","2009","2009","1000 An","1959","I","Value imputed by a receiving agency",""
"QCL","Crops and livestock products","748","Eswatini","5112","Stocks","02151","Chickens","2010","2010","1000 An","1953","I","Value imputed by a receiving agency",""
"QCL","Crops and livestock products","748","Eswatini","5112","Stocks","02151","Chickens","2011","2011","1000 An","1939","I","Value imputed by a receiving agency",""
"QCL","Crops and livestock products","748","Eswatini","5112","Stocks","02151","Chickens","2012","2012","1000 An","1916","I","Value imputed by a receiving agency",""
"QCL","Crops and livestock products","748","Eswatini","5112","Stocks","02151","Chickens","2013","2013","1000 An","1884","I","Value imputed by a receiving agency",""
"QCL","Crops and livestock products","748","Eswatini","5112","Stocks","02151","Chickens","2014","2014","1000 An","1842","I","Value imputed by a receiving agency",""
"QCL","Crops and livestock products","748","Eswatini","5112","Stocks","02151","Chickens","2015","2015","1000 An","2415","A","Official figure",""
"QCL","Crops and livestock products","748","Eswatini","5112","Stocks","02151","Chickens","2016","2016","1000 An","1194","A","Official figure",""
"QCL","Crops and livestock products","748","Eswatini","5112","Stocks","02151","Chickens","2017","2017","1000 An","1535","A","Official figure",""
"QCL","Crops and livestock products","748","Eswatini","5112","Stocks","02151","Chickens","2018","2018","1000 An","1758","A","Official figure",""
"QCL","Crops and livestock products","748","Eswatini","5112","Stocks","02151","Chickens","2019","2019","1000 An","2075","A","Official figure",""
"QCL","Crops and livestock products","748","Eswatini","5112","Stocks","02151","Chickens","2020","2020","1000 An","1716","E","Estimated value",""
"QCL","Crops and livestock products","748","Eswatini","5112","Stocks","02151","Chickens","2021","2021","1000 An","1872","E","Estimated value",""
"QCL","Crops and livestock products","748","Eswatini","5112","Stocks","02151","Chickens","2022","2022","1000 An","1952","E","Estimated value",""
"QCL","Crops and livestock products","748","Eswatini","5112","Stocks","02151","Chickens","2023","2023","1000 An","1990","E","Estimated value",""
"QCL","Crops and livestock products","748","Eswatini","5112","Stocks","02151","Chickens","2024","2024","1000 An","1967","E","Estimated value",""
"QCL","Crops and livestock products","748","Eswatini","5111","Stocks","02123","Goats","2005","2005","An","324000","E","Estimated value",""
"QCL","Crops and livestock products","748","Eswatini","5111","Stocks","02123","Goats","2006","2006","An","315000","E","Estimated value",""
"QCL","Crops and livestock products","748","Eswatini","5111","Stocks","02123","Goats","2007","2007","An","355705","I","Value imputed by a receiving agency",""
"QCL","Crops and livestock products","748","Eswatini","5111","Stocks","02123","Goats","2008","2008","An","381220","I","Value imputed by a receiving agency",""
"QCL","Crops and livestock products","748","Eswatini","5111","Stocks","02123","Goats","2009","2009","An","468427","I","Value imputed by a receiving agency",""
"QCL","Crops and livestock products","748","Eswatini","5111","Stocks","02123","Goats","2010","2010","An","477821","I","Value imputed by a receiving agency",""
"QCL","Crops and livestock products","748","Eswatini","5111","Stocks","02123","Goats","2011","2011","An","482443","I","Value imputed by a receiving agency",""
"QCL","Crops and livestock products","748","Eswatini","5111","Stocks","02123","Goats","2012","2012","An","485826","A","Official figure",""
"QCL","Crops and livestock products","748","Eswatini","5111","Stocks","02123","Goats","2013","2013","An","458344","A","Official figure",""
"QCL","Crops and livestock products","748","Eswatini","5111","Stocks","02123","Goats","2014","2014","An","441137","A","Official figure",""
"QCL","Crops and livestock products","748","Eswatini","5111","Stocks","02123","Goats","2015","2015","An","443218","A","Official figure",""
"QCL","Crops and livestock products","748","Eswatini","5111","Stocks","02123","Goats","2016","2016","An","501496","A","Official figure",""
"QCL","Crops and livestock products","748","Eswatini","5111","Stocks","02123","Goats","2017","2017","An","484572","A","Official figure",""
"QCL","Crops and livestock products","748","Eswatini","5111","Stocks","02123","Goats","2018","2018","An","480678","A","Official figure",""
"QCL","Crops and livestock products","748","Eswatini","5111","Stocks","02123","Goats","2019","2019","An","506998","A","Official figure",""
"QCL","Crops and livestock products","748","Eswatini","5111","Stocks","02123","Goats","2020","2020","An","527238","A","Official figure",""
"QCL","Crops and livestock products","748","Eswatini","5111","Stocks","02123","Goats","2021","2021","An","525268","A","Official figure",""
"QCL","Crops and livestock products","748","Eswatini","5111","Stocks","02123","Goats","2022","2022","An","527185","A","Official figure",""
"QCL","Crops and livestock products","748","Eswatini","5111","Stocks","02123","Goats","2023","2023","An","529102","A","Official figure",""
"QCL","Crops and livestock products","748","Eswatini","5111","Stocks","02123","Goats","2024","2024","An","531407","A","Official figure",""
"QCL","Crops and livestock products","748","Eswatini","5111","Stocks","02122","Sheep","2005","2005","An","23778","I","Value imputed by a receiving agency",""
"QCL","Crops and livestock products","748","Eswatini","5111","Stocks","02122","Sheep","2006","2006","An","23503","I","Value imputed by a receiving agency",""
"QCL","Crops and livestock products","748","Eswatini","5111","Stocks","02122","Sheep","2007","2007","An","21206","I","Value imputed by a receiving agency",""
"QCL","Crops and livestock products","748","Eswatini","5111","Stocks","02122","Sheep","2008","2008","An","20631","I","Value imputed by a receiving agency",""
"QCL","Crops and livestock products","748","Eswatini","5111","Stocks","02122","Sheep","2009","2009","An","19178","I","Value imputed by a receiving agency",""
"QCL","Crops and livestock products","748","Eswatini","5111","Stocks","02122","Sheep","2010","2010","An","18715","I","Value imputed by a receiving agency",""
"QCL","Crops and livestock products","748","Eswatini","5111","Stocks","02122","Sheep","2011","2011","An","18261","I","Value imputed by a receiving agency",""
"QCL","Crops and livestock products","748","Eswatini","5111","Stocks","02122","Sheep","2012","2012","An","17825","I","Value imputed by a receiving agency",""
"QCL","Crops and livestock products","748","Eswatini","5111","Stocks","02122","Sheep","2013","2013","An","17414","I","Value imputed by a receiving agency",""
"QCL","Crops and livestock products","748","Eswatini","5111","Stocks","02122","Sheep","2014","2014","An","17034","I","Value imputed by a receiving agency",""
"QCL","Crops and livestock products","748","Eswatini","5111","Stocks","02122","Sheep","2015","2015","An","14969","A","Official figure",""
"QCL","Crops and livestock products","748","Eswatini","5111","Stocks","02122","Sheep","2016","2016","An","16841","A","Official figure",""
"QCL","Crops and livestock products","748","Eswatini","5111","Stocks","02122","Sheep","2017","2017","An","16264","A","Official figure",""
"QCL","Crops and livestock products","748","Eswatini","5111","Stocks","02122","Sheep","2018","2018","An","16103","A","Official figure",""
"QCL","Crops and livestock products","748","Eswatini","5111","Stocks","02122","Sheep","2019","2019","An","17264","A","Official figure",""
"QCL","Crops and livestock products","748","Eswatini","5111","Stocks","02122","Sheep","2020","2020","An","17116","A","Official figure",""
"QCL","Crops and livestock products","748","Eswatini","5111","Stocks","02122","Sheep","2021","2021","An","17995","A","Official figure",""
"QCL","Crops and livestock products","748","Eswatini","5111","Stocks","02122","Sheep","2022","2022","An","18103","A","Official figure",""
"QCL","Crops and livestock products","748","Eswatini","5111","Stocks","02122","Sheep","2023","2023","An","18233","A","Official figure",""
"QCL","Crops and livestock products","748","Eswatini","5111","Stocks","02122","Sheep","2024","2024","An","18522","A","Official figure",""
"QCL","Crops and livestock products","231","Ethiopia","5111","Stocks","02111","Cattle","2005","2005","An","40390096","A","Official figure",""
"QCL","Crops and livestock products","231","Ethiopia","5111","Stocks","02111","Cattle","2006","2006","An","43124584","A","Official figure",""
"QCL","Crops and livestock products","231","Ethiopia","5111","Stocks","02111","Cattle","2007","2007","An","47570680","A","Official figure",""
"QCL","Crops and livestock products","231","Ethiopia","5111","Stocks","02111","Cattle","2008","2008","An","49000000","E","Estimated value",""
"QCL","Crops and livestock products","231","Ethiopia","5111","Stocks","02111","Cattle","2009","2009","An","50884004","A","Official figure",""
"QCL","Crops and livestock products","231","Ethiopia","5111","Stocks","02111","Cattle","2010","2010","An","53382192","A","Official figure",""
"QCL","Crops and livestock products","231","Ethiopia","5111","Stocks","02111","Cattle","2011","2011","An","52129016","A","Official figure",""
"QCL","Crops and livestock products","231","Ethiopia","5111","Stocks","02111","Cattle","2012","2012","An","53990060","A","Official figure",""
"QCL","Crops and livestock products","231","Ethiopia","5111","Stocks","02111","Cattle","2013","2013","An","55027080","A","Official figure",""
"QCL","Crops and livestock products","231","Ethiopia","5111","Stocks","02111","Cattle","2014","2014","An","56706389","A","Official figure",""
"QCL","Crops and livestock products","231","Ethiopia","5111","Stocks","02111","Cattle","2015","2015","An","57829953","A","Official figure",""
"QCL","Crops and livestock products","231","Ethiopia","5111","Stocks","02111","Cattle","2016","2016","An","59486667","A","Official figure",""
"QCL","Crops and livestock products","231","Ethiopia","5111","Stocks","02111","Cattle","2017","2017","An","60392019","A","Official figure",""
"QCL","Crops and livestock products","231","Ethiopia","5111","Stocks","02111","Cattle","2018","2018","An","61510258","A","Official figure",""
"QCL","Crops and livestock products","231","Ethiopia","5111","Stocks","02111","Cattle","2019","2019","An","65354090","A","Official figure",""
"QCL","Crops and livestock products","231","Ethiopia","5111","Stocks","02111","Cattle","2020","2020","An","70291776","A","Official figure",""
"QCL","Crops and livestock products","231","Ethiopia","5111","Stocks","02111","Cattle","2021","2021","An","68079757","I","Value imputed by a receiving agency",""
"QCL","Crops and livestock products","231","Ethiopia","5111","Stocks","02111","Cattle","2022","2022","An","66260987","A","Official figure",""
"QCL","Crops and livestock products","231","Ethiopia","5111","Stocks","02111","Cattle","2023","2023","An","69318245","I","Value imputed by a receiving agency",""
"QCL","Crops and livestock products","231","Ethiopia","5111","Stocks","02111","Cattle","2024","2024","An","71916930","I","Value imputed by a receiving agency",""
"QCL","Crops and livestock products","231","Ethiopia","5112","Stocks","02151","Chickens","2005","2005","1000 An","32222","A","Official figure",""
"QCL","Crops and livestock products","231","Ethiopia","5112","Stocks","02151","Chickens","2006","2006","1000 An","34199","A","Official figure",""
"QCL","Crops and livestock products","231","Ethiopia","5112","Stocks","02151","Chickens","2007","2007","1000 An","39508","A","Official figure",""
"QCL","Crops and livestock products","231","Ethiopia","5112","Stocks","02151","Chickens","2008","2008","1000 An","38049","A","Official figure",""
"QCL","Crops and livestock products","231","Ethiopia","5112","Stocks","02151","Chickens","2009","2009","1000 An","42053","A","Official figure",""
"QCL","Crops and livestock products","231","Ethiopia","5112","Stocks","02151","Chickens","2010","2010","1000 An","49287","A","Official figure",""
"QCL","Crops and livestock products","231","Ethiopia","5112","Stocks","02151","Chickens","2011","2011","1000 An","44893","A","Official figure",""
"QCL","Crops and livestock products","231","Ethiopia","5112","Stocks","02151","Chickens","2012","2012","1000 An","50377","A","Official figure",""
"QCL","Crops and livestock products","231","Ethiopia","5112","Stocks","02151","Chickens","2013","2013","1000 An","51350","A","Official figure",""
"QCL","Crops and livestock products","231","Ethiopia","5112","Stocks","02151","Chickens","2014","2014","1000 An","56867","A","Official figure",""
"QCL","Crops and livestock products","231","Ethiopia","5112","Stocks","02151","Chickens","2015","2015","1000 An","60506","A","Official figure",""
"QCL","Crops and livestock products","231","Ethiopia","5112","Stocks","02151","Chickens","2016","2016","1000 An","59495","A","Official figure",""
"QCL","Crops and livestock products","231","Ethiopia","5112","Stocks","02151","Chickens","2017","2017","1000 An","56056","A","Official figure",""
"QCL","Crops and livestock products","231","Ethiopia","5112","Stocks","02151","Chickens","2018","2018","1000 An","59420","A","Official figure",""
"QCL","Crops and livestock products","231","Ethiopia","5112","Stocks","02151","Chickens","2019","2019","1000 An","48956","A","Official figure",""
"QCL","Crops and livestock products","231","Ethiopia","5112","Stocks","02151","Chickens","2020","2020","1000 An","56993","A","Official figure",""
"QCL","Crops and livestock products","231","Ethiopia","5112","Stocks","02151","Chickens","2021","2021","1000 An","53112","I","Value imputed by a receiving agency",""
"QCL","Crops and livestock products","231","Ethiopia","5112","Stocks","02151","Chickens","2022","2022","1000 An","41351","A","Official figure",""
"QCL","Crops and livestock products","231","Ethiopia","5112","Stocks","02151","Chickens","2023","2023","1000 An","49106","I","Value imputed by a receiving agency",""
"QCL","Crops and livestock products","231","Ethiopia","5112","Stocks","02151","Chickens","2024","2024","1000 An","52280","I","Value imputed by a receiving agency",""
"QCL","Crops and livestock products","231","Ethiopia","5111","Stocks","02123","Goats","2005","2005","An","16364048","A","Official figure",""
"QCL","Crops and livestock products","231","Ethiopia","5111","Stocks","02123","Goats","2006","2006","An","18559730","A","Official figure",""
"QCL","Crops and livestock products","231","Ethiopia","5111","Stocks","02123","Goats","2007","2007","An","21709428","A","Official figure",""
"QCL","Crops and livestock products","231","Ethiopia","5111","Stocks","02123","Goats","2008","2008","An","21798540","A","Official figure",""
"QCL","Crops and livestock products","231","Ethiopia","5111","Stocks","02123","Goats","2009","2009","An","21960706","A","Official figure",""
"QCL","Crops and livestock products","231","Ethiopia","5111","Stocks","02123","Goats","2010","2010","An","22786946","A","Official figure",""
"QCL","Crops and livestock products","231","Ethiopia","5111","Stocks","02123","Goats","2011","2011","An","22613104","A","Official figure",""
"QCL","Crops and livestock products","231","Ethiopia","5111","Stocks","02123","Goats","2012","2012","An","24060792","A","Official figure",""
"QCL","Crops and livestock products","231","Ethiopia","5111","Stocks","02123","Goats","2013","2013","An","28163340","A","Official figure",""
"QCL","Crops and livestock products","231","Ethiopia","5111","Stocks","02123","Goats","2014","2014","An","29112963","A","Official figure",""
"QCL","Crops and livestock products","231","Ethiopia","5111","Stocks","02123","Goats","2015","2015","An","29704958","A","Official figure",""
"QCL","Crops and livestock products","231","Ethiopia","5111","Stocks","02123","Goats","2016","2016","An","30200226","A","Official figure",""
"QCL","Crops and livestock products","231","Ethiopia","5111","Stocks","02123","Goats","2017","2017","An","32738385","A","Official figure",""
"QCL","Crops and livestock products","231","Ethiopia","5111","Stocks","02123","Goats","2018","2018","An","38963879","A","Official figure",""
"QCL","Crops and livestock products","231","Ethiopia","5111","Stocks","02123","Goats","2019","2019","An","50501672","A","Official figure",""
"QCL","Crops and livestock products","231","Ethiopia","5111","Stocks","02123","Goats","2020","2020","An","52463535","A","Official figure",""
"QCL","Crops and livestock products","231","Ethiopia","5111","Stocks","02123","Goats","2021","2021","An","49306944","I","Value imputed by a receiving agency",""
"QCL","Crops and livestock products","231","Ethiopia","5111","Stocks","02123","Goats","2022","2022","An","45716091","A","Official figure",""
"QCL","Crops and livestock products","231","Ethiopia","5111","Stocks","02123","Goats","2023","2023","An","42765205","I","Value imputed by a receiving agency",""
"QCL","Crops and livestock products","231","Ethiopia","5111","Stocks","02123","Goats","2024","2024","An","53982678","I","Value imputed by a receiving agency",""
"QCL","Crops and livestock products","231","Ethiopia","5111","Stocks","02122","Sheep","2005","2005","An","20733912","A","Official figure",""
"QCL","Crops and livestock products","231","Ethiopia","5111","Stocks","02122","Sheep","2006","2006","An","23633010","A","Official figure",""
"QCL","Crops and livestock products","231","Ethiopia","5111","Stocks","02122","Sheep","2007","2007","An","26117272","A","Official figure",""
"QCL","Crops and livestock products","231","Ethiopia","5111","Stocks","02122","Sheep","2008","2008","An","26117272","A","Official figure",""
"QCL","Crops and livestock products","231","Ethiopia","5111","Stocks","02122","Sheep","2009","2009","An","25979920","A","Official figure",""
"QCL","Crops and livestock products","231","Ethiopia","5111","Stocks","02122","Sheep","2010","2010","An","25509004","A","Official figure",""
"QCL","Crops and livestock products","231","Ethiopia","5111","Stocks","02122","Sheep","2011","2011","An","24221384","A","Official figure",""
"QCL","Crops and livestock products","231","Ethiopia","5111","Stocks","02122","Sheep","2012","2012","An","25489204","A","Official figure",""
"QCL","Crops and livestock products","231","Ethiopia","5111","Stocks","02122","Sheep","2013","2013","An","27347933","A","Official figure",""
"QCL","Crops and livestock products","231","Ethiopia","5111","Stocks","02122","Sheep","2014","2014","An","29332382","A","Official figure",""
"QCL","Crops and livestock products","231","Ethiopia","5111","Stocks","02122","Sheep","2015","2015","An","28892380","A","Official figure",""
"QCL","Crops and livestock products","231","Ethiopia","5111","Stocks","02122","Sheep","2016","2016","An","30697942","A","Official figure",""
"QCL","Crops and livestock products","231","Ethiopia","5111","Stocks","02122","Sheep","2017","2017","An","31302257","A","Official figure",""
"QCL","Crops and livestock products","231","Ethiopia","5111","Stocks","02122","Sheep","2018","2018","An","33020392","A","Official figure",""
"QCL","Crops and livestock products","231","Ethiopia","5111","Stocks","02122","Sheep","2019","2019","An","39894394","A","Official figure",""
"QCL","Crops and livestock products","231","Ethiopia","5111","Stocks","02122","Sheep","2020","2020","An","42914865","A","Official figure",""
"QCL","Crops and livestock products","231","Ethiopia","5111","Stocks","02122","Sheep","2021","2021","An","40663456","I","Value imputed by a receiving agency",""
"QCL","Crops and livestock products","231","Ethiopia","5111","Stocks","02122","Sheep","2022","2022","An","38013272","A","Official figure",""
"QCL","Crops and livestock products","231","Ethiopia","5111","Stocks","02122","Sheep","2023","2023","An","37232386","I","Value imputed by a receiving agency",""
"QCL","Crops and livestock products","231","Ethiopia","5111","Stocks","02122","Sheep","2024","2024","An","41050910","I","Value imputed by a receiving agency",""
"QCL","Crops and livestock products","266","Gabon","5111","Stocks","02111","Cattle","2005","2005","An","35000","E","Estimated value",""
"QCL","Crops and livestock products","266","Gabon","5111","Stocks","02111","Cattle","2006","2006","An","35000","E","Estimated value",""
"QCL","Crops and livestock products","266","Gabon","5111","Stocks","02111","Cattle","2007","2007","An","36000","E","Estimated value",""
"QCL","Crops and livestock products","266","Gabon","5111","Stocks","02111","Cattle","2008","2008","An","36500","E","Estimated value",""
"QCL","Crops and livestock products","266","Gabon","5111","Stocks","02111","Cattle","2009","2009","An","36500","E","Estimated value",""
"QCL","Crops and livestock products","266","Gabon","5111","Stocks","02111","Cattle","2010","2010","An","37000","E","Estimated value",""
"QCL","Crops and livestock products","266","Gabon","5111","Stocks","02111","Cattle","2011","2011","An","37500","E","Estimated value",""
"QCL","Crops and livestock products","266","Gabon","5111","Stocks","02111","Cattle","2012","2012","An","38000","E","Estimated value",""
"QCL","Crops and livestock products","266","Gabon","5111","Stocks","02111","Cattle","2013","2013","An","38000","E","Estimated value",""
"QCL","Crops and livestock products","266","Gabon","5111","Stocks","02111","Cattle","2014","2014","An","38500","E","Estimated value",""
"QCL","Crops and livestock products","266","Gabon","5111","Stocks","02111","Cattle","2015","2015","An","39081","I","Value imputed by a receiving agency",""
"QCL","Crops and livestock products","266","Gabon","5111","Stocks","02111","Cattle","2016","2016","An","39471","I","Value imputed by a receiving agency",""
"QCL","Crops and livestock products","266","Gabon","5111","Stocks","02111","Cattle","2017","2017","An","39340","I","Value imputed by a receiving agency",""
"QCL","Crops and livestock products","266","Gabon","5111","Stocks","02111","Cattle","2018","2018","An","39143","I","Value imputed by a receiving agency",""
"QCL","Crops and livestock products","266","Gabon","5111","Stocks","02111","Cattle","2019","2019","An","38976","I","Value imputed by a receiving agency",""
"QCL","Crops and livestock products","266","Gabon","5111","Stocks","02111","Cattle","2020","2020","An","38825","I","Value imputed by a receiving agency",""
"QCL","Crops and livestock products","266","Gabon","5111","Stocks","02111","Cattle","2021","2021","An","39262","I","Value imputed by a receiving agency",""
"QCL","Crops and livestock products","266","Gabon","5111","Stocks","02111","Cattle","2022","2022","An","39411","I","Value imputed by a receiving agency",""
"QCL","Crops and livestock products","266","Gabon","5111","Stocks","02111","Cattle","2023","2023","An","39545","I","Value imputed by a receiving agency",""
"QCL","Crops and livestock products","266","Gabon","5111","Stocks","02111","Cattle","2024","2024","An","39678","I","Value imputed by a receiving agency",""
"QCL","Crops and livestock products","266","Gabon","5112","Stocks","02151","Chickens","2005","2005","1000 An","3100","E","Estimated value",""
"QCL","Crops and livestock products","266","Gabon","5112","Stocks","02151","Chickens","2006","2006","1000 An","3100","E","Estimated value",""
"QCL","Crops and livestock products","266","Gabon","5112","Stocks","02151","Chickens","2007","2007","1000 An","3100","E","Estimated value",""
"QCL","Crops and livestock products","266","Gabon","5112","Stocks","02151","Chickens","2008","2008","1000 An","3100","E","Estimated value",""
"QCL","Crops and livestock products","266","Gabon","5112","Stocks","02151","Chickens","2009","2009","1000 An","3100","E","Estimated value",""
"QCL","Crops and livestock products","266","Gabon","5112","Stocks","02151","Chickens","2010","2010","1000 An","3100","E","Estimated value",""
"QCL","Crops and livestock products","266","Gabon","5112","Stocks","02151","Chickens","2011","2011","1000 An","3100","E","Estimated value",""
"QCL","Crops and livestock products","266","Gabon","5112","Stocks","02151","Chickens","2012","2012","1000 An","3100","E","Estimated value",""
"QCL","Crops and livestock products","266","Gabon","5112","Stocks","02151","Chickens","2013","2013","1000 An","3200","E","Estimated value",""
"QCL","Crops and livestock products","266","Gabon","5112","Stocks","02151","Chickens","2014","2014","1000 An","3200","E","Estimated value",""
"QCL","Crops and livestock products","266","Gabon","5112","Stocks","02151","Chickens","2015","2015","1000 An","3218","I","Value imputed by a receiving agency",""
"QCL","Crops and livestock products","266","Gabon","5112","Stocks","02151","Chickens","2016","2016","1000 An","3239","I","Value imputed by a receiving agency",""
"QCL","Crops and livestock products","266","Gabon","5112","Stocks","02151","Chickens","2017","2017","1000 An","3257","I","Value imputed by a receiving agency",""
"QCL","Crops and livestock products","266","Gabon","5112","Stocks","02151","Chickens","2018","2018","1000 An","3276","I","Value imputed by a receiving agency",""
"QCL","Crops and livestock products","266","Gabon","5112","Stocks","02151","Chickens","2019","2019","1000 An","3296","I","Value imputed by a receiving agency",""
"QCL","Crops and livestock products","266","Gabon","5112","Stocks","02151","Chickens","2020","2020","1000 An","3316","I","Value imputed by a receiving agency",""
"QCL","Crops and livestock products","266","Gabon","5112","Stocks","02151","Chickens","2021","2021","1000 An","3353","I","Value imputed by a receiving agency",""
"QCL","Crops and livestock products","266","Gabon","5112","Stocks","02151","Chickens","2022","2022","1000 An","3377","I","Value imputed by a receiving agency",""
"QCL","Crops and livestock products","266","Gabon","5112","Stocks","02151","Chickens","2023","2023","1000 An","3400","I","Value imputed by a receiving agency",""
"QCL","Crops and livestock products","266","Gabon","5112","Stocks","02151","Chickens","2024","2024","1000 An","3424","I","Value imputed by a receiving agency",""
"QCL","Crops and livestock products","266","Gabon","5111","Stocks","02123","Goats","2005","2005","An","90000","E","Estimated value",""
"QCL","Crops and livestock products","266","Gabon","5111","Stocks","02123","Goats","2006","2006","An","90000","E","Estimated value",""
"QCL","Crops and livestock products","266","Gabon","5111","Stocks","02123","Goats","2007","2007","An","91000","E","Estimated value",""
"QCL","Crops and livestock products","266","Gabon","5111","Stocks","02123","Goats","2008","2008","An","92000","E","Estimated value",""
"QCL","Crops and livestock products","266","Gabon","5111","Stocks","02123","Goats","2009","2009","An","92000","E","Estimated value",""
"QCL","Crops and livestock products","266","Gabon","5111","Stocks","02123","Goats","2010","2010","An","95000","E","Estimated value",""
"QCL","Crops and livestock products","266","Gabon","5111","Stocks","02123","Goats","2011","2011","An","96000","E","Estimated value",""
"QCL","Crops and livestock products","266","Gabon","5111","Stocks","02123","Goats","2012","2012","An","100000","E","Estimated value",""
"QCL","Crops and livestock products","266","Gabon","5111","Stocks","02123","Goats","2013","2013","An","110000","E","Estimated value",""
"QCL","Crops and livestock products","266","Gabon","5111","Stocks","02123","Goats","2014","2014","An","110000","E","Estimated value",""
"QCL","Crops and livestock products","266","Gabon","5111","Stocks","02123","Goats","2015","2015","An","110302","I","Value imputed by a receiving agency",""
"QCL","Crops and livestock products","266","Gabon","5111","Stocks","02123","Goats","2016","2016","An","111072","I","Value imputed by a receiving agency",""
"QCL","Crops and livestock products","266","Gabon","5111","Stocks","02123","Goats","2017","2017","An","111908","I","Value imputed by a receiving agency",""
"QCL","Crops and livestock products","266","Gabon","5111","Stocks","02123","Goats","2018","2018","An","113231","I","Value imputed by a receiving agency",""
"QCL","Crops and livestock products","266","Gabon","5111","Stocks","02123","Goats","2019","2019","An","114568","I","Value imputed by a receiving agency",""
"QCL","Crops and livestock products","266","Gabon","5111","Stocks","02123","Goats","2020","2020","An","115844","I","Value imputed by a receiving agency",""
"QCL","Crops and livestock products","266","Gabon","5111","Stocks","02123","Goats","2021","2021","An","116382","I","Value imputed by a receiving agency",""
"QCL","Crops and livestock products","266","Gabon","5111","Stocks","02123","Goats","2022","2022","An","117379","I","Value imputed by a receiving agency",""
"QCL","Crops and livestock products","266","Gabon","5111","Stocks","02123","Goats","2023","2023","An","118237","I","Value imputed by a receiving agency",""
"QCL","Crops and livestock products","266","Gabon","5111","Stocks","02123","Goats","2024","2024","An","117387","E","Estimated value",""
"QCL","Crops and livestock products","266","Gabon","5111","Stocks","02122","Sheep","2005","2005","An","195000","E","Estimated value",""
"QCL","Crops and livestock products","266","Gabon","5111","Stocks","02122","Sheep","2006","2006","An","195000","E","Estimated value",""
"QCL","Crops and livestock products","266","Gabon","5111","Stocks","02122","Sheep","2007","2007","An","196000","E","Estimated value",""
"QCL","Crops and livestock products","266","Gabon","5111","Stocks","02122","Sheep","2008","2008","An","196000","E","Estimated value",""
"QCL","Crops and livestock products","266","Gabon","5111","Stocks","02122","Sheep","2009","2009","An","196000","E","Estimated value",""
"QCL","Crops and livestock products","266","Gabon","5111","Stocks","02122","Sheep","2010","2010","An","197000","E","Estimated value",""
"QCL","Crops and livestock products","266","Gabon","5111","Stocks","02122","Sheep","2011","2011","An","198000","E","Estimated value",""
"QCL","Crops and livestock products","266","Gabon","5111","Stocks","02122","Sheep","2012","2012","An","200000","E","Estimated value",""
"QCL","Crops and livestock products","266","Gabon","5111","Stocks","02122","Sheep","2013","2013","An","210000","E","Estimated value",""
"QCL","Crops and livestock products","266","Gabon","5111","Stocks","02122","Sheep","2014","2014","An","215000","E","Estimated value",""
"QCL","Crops and livestock products","266","Gabon","5111","Stocks","02122","Sheep","2015","2015","An","217751","I","Value imputed by a receiving agency",""
"QCL","Crops and livestock products","266","Gabon","5111","Stocks","02122","Sheep","2016","2016","An","221053","I","Value imputed by a receiving agency",""
"QCL","Crops and livestock products","266","Gabon","5111","Stocks","02122","Sheep","2017","2017","An","217631","E","Estimated value",""
"QCL","Crops and livestock products","266","Gabon","5111","Stocks","02122","Sheep","2018","2018","An","215602","I","Value imputed by a receiving agency",""
"QCL","Crops and livestock products","266","Gabon","5111","Stocks","02122","Sheep","2019","2019","An","213936","I","Value imputed by a receiving agency",""
"QCL","Crops and livestock products","266","Gabon","5111","Stocks","02122","Sheep","2020","2020","An","212227","I","Value imputed by a receiving agency",""
"QCL","Crops and livestock products","266","Gabon","5111","Stocks","02122","Sheep","2021","2021","An","218878","I","Value imputed by a receiving agency",""
"QCL","Crops and livestock products","266","Gabon","5111","Stocks","02122","Sheep","2022","2022","An","219385","I","Value imputed by a receiving agency",""
"QCL","Crops and livestock products","266","Gabon","5111","Stocks","02122","Sheep","2023","2023","An","220231","I","Value imputed by a receiving agency",""
"QCL","Crops and livestock products","266","Gabon","5111","Stocks","02122","Sheep","2024","2024","An","221154","I","Value imputed by a receiving agency",""
"QCL","Crops and livestock products","270","Gambia","5111","Stocks","02111","Cattle","2005","2005","An","410000","A","Official figure",""
"QCL","Crops and livestock products","270","Gambia","5111","Stocks","02111","Cattle","2006","2006","An","413000","A","Official figure",""
"QCL","Crops and livestock products","270","Gambia","5111","Stocks","02111","Cattle","2007","2007","An","415000","A","Official figure",""
"QCL","Crops and livestock products","270","Gambia","5111","Stocks","02111","Cattle","2008","2008","An","420000","A","Official figure",""
"QCL","Crops and livestock products","270","Gambia","5111","Stocks","02111","Cattle","2009","2009","An","432000","A","Official figure",""
"QCL","Crops and livestock products","270","Gambia","5111","Stocks","02111","Cattle","2010","2010","An","425000","A","Official figure",""
"QCL","Crops and livestock products","270","Gambia","5111","Stocks","02111","Cattle","2011","2011","An","398472","A","Official figure",""
"QCL","Crops and livestock products","270","Gambia","5111","Stocks","02111","Cattle","2012","2012","An","372801","A","Official figure",""
"QCL","Crops and livestock products","270","Gambia","5111","Stocks","02111","Cattle","2013","2013","An","436054","A","Official figure",""
"QCL","Crops and livestock products","270","Gambia","5111","Stocks","02111","Cattle","2014","2014","An","479183","A","Official figure",""
"QCL","Crops and livestock products","270","Gambia","5111","Stocks","02111","Cattle","2015","2015","An","482905","I","Value imputed by a receiving agency",""
"QCL","Crops and livestock products","270","Gambia","5111","Stocks","02111","Cattle","2016","2016","An","465381","I","Value imputed by a receiving agency",""
"QCL","Crops and livestock products","270","Gambia","5111","Stocks","02111","Cattle","2017","2017","An","396554","I","Value imputed by a receiving agency",""
"QCL","Crops and livestock products","270","Gambia","5111","Stocks","02111","Cattle","2018","2018","An","346860","I","Value imputed by a receiving agency",""
"QCL","Crops and livestock products","270","Gambia","5111","Stocks","02111","Cattle","2019","2019","An","311800","I","Value imputed by a receiving agency",""
"QCL","Crops and livestock products","270","Gambia","5111","Stocks","02111","Cattle","2020","2020","An","285182","A","Official figure",""
"QCL","Crops and livestock products","270","Gambia","5111","Stocks","02111","Cattle","2021","2021","An","283300","A","Official figure",""
"QCL","Crops and livestock products","270","Gambia","5111","Stocks","02111","Cattle","2022","2022","An","281430","A","Official figure",""
"QCL","Crops and livestock products","270","Gambia","5111","Stocks","02111","Cattle","2023","2023","An","301948","A","Official figure",""
"QCL","Crops and livestock products","270","Gambia","5111","Stocks","02111","Cattle","2024","2024","An","309195","A","Official figure",""
"QCL","Crops and livestock products","270","Gambia","5112","Stocks","02151","Chickens","2005","2005","1000 An","652","A","Official figure",""
"QCL","Crops and livestock products","270","Gambia","5112","Stocks","02151","Chickens","2006","2006","1000 An","650","A","Official figure",""
"QCL","Crops and livestock products","270","Gambia","5112","Stocks","02151","Chickens","2007","2007","1000 An","718","A","Official figure",""
"QCL","Crops and livestock products","270","Gambia","5112","Stocks","02151","Chickens","2008","2008","1000 An","720","A","Official figure",""
"QCL","Crops and livestock products","270","Gambia","5112","Stocks","02151","Chickens","2009","2009","1000 An","800","A","Official figure",""
"QCL","Crops and livestock products","270","Gambia","5112","Stocks","02151","Chickens","2010","2010","1000 An","850","A","Official figure",""
"QCL","Crops and livestock products","270","Gambia","5112","Stocks","02151","Chickens","2011","2011","1000 An","1000","E","Estimated value",""
"QCL","Crops and livestock products","270","Gambia","5112","Stocks","02151","Chickens","2012","2012","1000 An","1274","A","Official figure",""
"QCL","Crops and livestock products","270","Gambia","5112","Stocks","02151","Chickens","2013","2013","1000 An","1334","I","Value imputed by a receiving agency",""
"QCL","Crops and livestock products","270","Gambia","5112","Stocks","02151","Chickens","2014","2014","1000 An","1434","I","Value imputed by a receiving agency",""
"QCL","Crops and livestock products","270","Gambia","5112","Stocks","02151","Chickens","2015","2015","1000 An","1564","I","Value imputed by a receiving agency",""
"QCL","Crops and livestock products","270","Gambia","5112","Stocks","02151","Chickens","2016","2016","1000 An","1151","I","Value imputed by a receiving agency",""
"QCL","Crops and livestock products","270","Gambia","5112","Stocks","02151","Chickens","2017","2017","1000 An","1049","I","Value imputed by a receiving agency",""
"QCL","Crops and livestock products","270","Gambia","5112","Stocks","02151","Chickens","2018","2018","1000 An","1043","I","Value imputed by a receiving agency",""
"QCL","Crops and livestock products","270","Gambia","5112","Stocks","02151","Chickens","2019","2019","1000 An","1027","I","Value imputed by a receiving agency",""
"QCL","Crops and livestock products","270","Gambia","5112","Stocks","02151","Chickens","2020","2020","1000 An","982","A","Official figure",""
"QCL","Crops and livestock products","270","Gambia","5112","Stocks","02151","Chickens","2021","2021","1000 An","994","A","Official figure",""
"QCL","Crops and livestock products","270","Gambia","5112","Stocks","02151","Chickens","2022","2022","1000 An","1005","A","Official figure",""
"QCL","Crops and livestock products","270","Gambia","5112","Stocks","02151","Chickens","2023","2023","1000 An","1138","A","Official figure",""
"QCL","Crops and livestock products","270","Gambia","5112","Stocks","02151","Chickens","2024","2024","1000 An","1310","A","Official figure",""
"QCL","Crops and livestock products","270","Gambia","5111","Stocks","02123","Goats","2005","2005","An","296000","A","Official figure",""
"QCL","Crops and livestock products","270","Gambia","5111","Stocks","02123","Goats","2006","2006","An","305000","A","Official figure",""
"QCL","Crops and livestock products","270","Gambia","5111","Stocks","02123","Goats","2007","2007","An","371000","A","Official figure",""
"QCL","Crops and livestock products","270","Gambia","5111","Stocks","02123","Goats","2008","2008","An","374000","A","Official figure",""
"QCL","Crops and livestock products","270","Gambia","5111","Stocks","02123","Goats","2009","2009","An","380000","A","Official figure",""
"QCL","Crops and livestock products","270","Gambia","5111","Stocks","02123","Goats","2010","2010","An","352000","A","Official figure",""
"QCL","Crops and livestock products","270","Gambia","5111","Stocks","02123","Goats","2011","2011","An","303878","A","Official figure",""
"QCL","Crops and livestock products","270","Gambia","5111","Stocks","02123","Goats","2012","2012","An","312130","A","Official figure",""
"QCL","Crops and livestock products","270","Gambia","5111","Stocks","02123","Goats","2013","2013","An","267435","A","Official figure",""
"QCL","Crops and livestock products","270","Gambia","5111","Stocks","02123","Goats","2014","2014","An","359835","A","Official figure",""
"QCL","Crops and livestock products","270","Gambia","5111","Stocks","02123","Goats","2015","2015","An","368900","I","Value imputed by a receiving agency",""
"QCL","Crops and livestock products","270","Gambia","5111","Stocks","02123","Goats","2016","2016","An","338747","E","Estimated value",""
"QCL","Crops and livestock products","270","Gambia","5111","Stocks","02123","Goats","2017","2017","An","329594","I","Value imputed by a receiving agency",""
"QCL","Crops and livestock products","270","Gambia","5111","Stocks","02123","Goats","2018","2018","An","348925","I","Value imputed by a receiving agency",""
"QCL","Crops and livestock products","270","Gambia","5111","Stocks","02123","Goats","2019","2019","An","365129","I","Value imputed by a receiving agency",""
"QCL","Crops and livestock products","270","Gambia","5111","Stocks","02123","Goats","2020","2020","An","378231","A","Official figure",""
"QCL","Crops and livestock products","270","Gambia","5111","Stocks","02123","Goats","2021","2021","An","391847","A","Official figure",""
"QCL","Crops and livestock products","270","Gambia","5111","Stocks","02123","Goats","2022","2022","An","405954","A","Official figure",""
"QCL","Crops and livestock products","270","Gambia","5111","Stocks","02123","Goats","2023","2023","An","334984","A","Official figure",""
"QCL","Crops and livestock products","270","Gambia","5111","Stocks","02123","Goats","2024","2024","An","350728","A","Official figure",""
"QCL","Crops and livestock products","270","Gambia","5111","Stocks","02122","Sheep","2005","2005","An","215000","A","Official figure",""
"QCL","Crops and livestock products","270","Gambia","5111","Stocks","02122","Sheep","2006","2006","An","221000","A","Official figure",""
"QCL","Crops and livestock products","270","Gambia","5111","Stocks","02122","Sheep","2007","2007","An","183000","A","Official figure",""
"QCL","Crops and livestock products","270","Gambia","5111","Stocks","02122","Sheep","2008","2008","An","200000","A","Official figure",""
"QCL","Crops and livestock products","270","Gambia","5111","Stocks","02122","Sheep","2009","2009","An","215000","A","Official figure",""
"QCL","Crops and livestock products","270","Gambia","5111","Stocks","02122","Sheep","2010","2010","An","251000","A","Official figure",""
"QCL","Crops and livestock products","270","Gambia","5111","Stocks","02122","Sheep","2011","2011","An","180000","E","Estimated value",""
"QCL","Crops and livestock products","270","Gambia","5111","Stocks","02122","Sheep","2012","2012","An","112164","A","Official figure",""
"QCL","Crops and livestock products","270","Gambia","5111","Stocks","02122","Sheep","2013","2013","An","110000","A","Official figure",""
"QCL","Crops and livestock products","270","Gambia","5111","Stocks","02122","Sheep","2014","2014","An","53184","A","Official figure",""
"QCL","Crops and livestock products","270","Gambia","5111","Stocks","02122","Sheep","2015","2015","An","55000","E","Estimated value",""
"QCL","Crops and livestock products","270","Gambia","5111","Stocks","02122","Sheep","2016","2016","An","70691","I","Value imputed by a receiving agency",""
"QCL","Crops and livestock products","270","Gambia","5111","Stocks","02122","Sheep","2017","2017","An","102991","I","Value imputed by a receiving agency",""
"QCL","Crops and livestock products","270","Gambia","5111","Stocks","02122","Sheep","2018","2018","An","129952","I","Value imputed by a receiving agency",""
"QCL","Crops and livestock products","270","Gambia","5111","Stocks","02122","Sheep","2019","2019","An","153948","I","Value imputed by a receiving agency",""
"QCL","Crops and livestock products","270","Gambia","5111","Stocks","02122","Sheep","2020","2020","An","176984","A","Official figure",""
"QCL","Crops and livestock products","270","Gambia","5111","Stocks","02122","Sheep","2021","2021","An","178081","A","Official figure",""
"QCL","Crops and livestock products","270","Gambia","5111","Stocks","02122","Sheep","2022","2022","An","179185","A","Official figure",""
"QCL","Crops and livestock products","270","Gambia","5111","Stocks","02122","Sheep","2023","2023","An","187320","A","Official figure",""
"QCL","Crops and livestock products","270","Gambia","5111","Stocks","02122","Sheep","2024","2024","An","190879","A","Official figure",""
"QCL","Crops and livestock products","288","Ghana","5111","Stocks","02111","Cattle","2005","2005","An","1373000","A","Official figure",""
"QCL","Crops and livestock products","288","Ghana","5111","Stocks","02111","Cattle","2006","2006","An","1392000","A","Official figure",""
"QCL","Crops and livestock products","288","Ghana","5111","Stocks","02111","Cattle","2007","2007","An","1407000","A","Official figure",""
"QCL","Crops and livestock products","288","Ghana","5111","Stocks","02111","Cattle","2008","2008","An","1422000","A","Official figure",""
"QCL","Crops and livestock products","288","Ghana","5111","Stocks","02111","Cattle","2009","2009","An","1438000","A","Official figure",""
"QCL","Crops and livestock products","288","Ghana","5111","Stocks","02111","Cattle","2010","2010","An","1454000","A","Official figure",""
"QCL","Crops and livestock products","288","Ghana","5111","Stocks","02111","Cattle","2011","2011","An","1498000","A","Official figure",""
"QCL","Crops and livestock products","288","Ghana","5111","Stocks","02111","Cattle","2012","2012","An","1543000","A","Official figure",""
"QCL","Crops and livestock products","288","Ghana","5111","Stocks","02111","Cattle","2013","2013","An","1590000","A","Official figure",""
"QCL","Crops and livestock products","288","Ghana","5111","Stocks","02111","Cattle","2014","2014","An","1657000","A","Official figure",""
"QCL","Crops and livestock products","288","Ghana","5111","Stocks","02111","Cattle","2015","2015","An","1734000","A","Official figure",""
"QCL","Crops and livestock products","288","Ghana","5111","Stocks","02111","Cattle","2016","2016","An","1815000","A","Official figure",""
"QCL","Crops and livestock products","288","Ghana","5111","Stocks","02111","Cattle","2017","2017","An","1901000","A","Official figure",""
"QCL","Crops and livestock products","288","Ghana","5111","Stocks","02111","Cattle","2018","2018","An","1922000","A","Official figure",""
"QCL","Crops and livestock products","288","Ghana","5111","Stocks","02111","Cattle","2019","2019","An","1943000","A","Official figure",""
"QCL","Crops and livestock products","288","Ghana","5111","Stocks","02111","Cattle","2020","2020","An","2109000","A","Official figure",""
"QCL","Crops and livestock products","288","Ghana","5111","Stocks","02111","Cattle","2021","2021","An","2174000","A","Official figure",""
"QCL","Crops and livestock products","288","Ghana","5111","Stocks","02111","Cattle","2022","2022","An","2223553","I","Value imputed by a receiving agency",""
"QCL","Crops and livestock products","288","Ghana","5111","Stocks","02111","Cattle","2023","2023","An","2291077","I","Value imputed by a receiving agency",""
"QCL","Crops and livestock products","288","Ghana","5111","Stocks","02111","Cattle","2024","2024","An","2362472","I","Value imputed by a receiving agency",""
"QCL","Crops and livestock products","288","Ghana","5112","Stocks","02151","Chickens","2005","2005","1000 An","28386","A","Official figure",""
"QCL","Crops and livestock products","288","Ghana","5112","Stocks","02151","Chickens","2006","2006","1000 An","34030","A","Official figure",""
"QCL","Crops and livestock products","288","Ghana","5112","Stocks","02151","Chickens","2007","2007","1000 An","37038","A","Official figure",""
"QCL","Crops and livestock products","288","Ghana","5112","Stocks","02151","Chickens","2008","2008","1000 An","39816","A","Official figure",""
"QCL","Crops and livestock products","288","Ghana","5112","Stocks","02151","Chickens","2009","2009","1000 An","43320","A","Official figure",""
"QCL","Crops and livestock products","288","Ghana","5112","Stocks","02151","Chickens","2010","2010","1000 An","47752","A","Official figure",""
"QCL","Crops and livestock products","288","Ghana","5112","Stocks","02151","Chickens","2011","2011","1000 An","52575","A","Official figure",""
"QCL","Crops and livestock products","288","Ghana","5112","Stocks","02151","Chickens","2012","2012","1000 An","57885","A","Official figure",""
"QCL","Crops and livestock products","288","Ghana","5112","Stocks","02151","Chickens","2013","2013","1000 An","63732","A","Official figure",""
"QCL","Crops and livestock products","288","Ghana","5112","Stocks","02151","Chickens","2014","2014","1000 An","68511","A","Official figure",""
"QCL","Crops and livestock products","288","Ghana","5112","Stocks","02151","Chickens","2015","2015","1000 An","71594","A","Official figure",""
"QCL","Crops and livestock products","288","Ghana","5112","Stocks","02151","Chickens","2016","2016","1000 An","73885","A","Official figure",""
"QCL","Crops and livestock products","288","Ghana","5112","Stocks","02151","Chickens","2017","2017","1000 An","75363","A","Official figure",""
"QCL","Crops and livestock products","288","Ghana","5112","Stocks","02151","Chickens","2018","2018","1000 An","81955","A","Official figure",""
"QCL","Crops and livestock products","288","Ghana","5112","Stocks","02151","Chickens","2019","2019","1000 An","89210","A","Official figure",""
"QCL","Crops and livestock products","288","Ghana","5112","Stocks","02151","Chickens","2020","2020","1000 An","81769","A","Official figure",""
"QCL","Crops and livestock products","288","Ghana","5112","Stocks","02151","Chickens","2021","2021","1000 An","81487","A","Official figure",""
"QCL","Crops and livestock products","288","Ghana","5112","Stocks","02151","Chickens","2022","2022","1000 An","80972","I","Value imputed by a receiving agency",""
"QCL","Crops and livestock products","288","Ghana","5112","Stocks","02151","Chickens","2023","2023","1000 An","93202","I","Value imputed by a receiving agency",""
"QCL","Crops and livestock products","288","Ghana","5112","Stocks","02151","Chickens","2024","2024","1000 An","94284","I","Value imputed by a receiving agency",""
"QCL","Crops and livestock products","288","Ghana","5111","Stocks","02123","Goats","2005","2005","An","3932000","A","Official figure",""
"QCL","Crops and livestock products","288","Ghana","5111","Stocks","02123","Goats","2006","2006","An","3997000","A","Official figure",""
"QCL","Crops and livestock products","288","Ghana","5111","Stocks","02123","Goats","2007","2007","An","4196000","A","Official figure",""
"QCL","Crops and livestock products","288","Ghana","5111","Stocks","02123","Goats","2008","2008","An","4405000","A","Official figure",""
"QCL","Crops and livestock products","288","Ghana","5111","Stocks","02123","Goats","2009","2009","An","4625000","A","Official figure",""
"QCL","Crops and livestock products","288","Ghana","5111","Stocks","02123","Goats","2010","2010","An","4855000","A","Official figure",""
"QCL","Crops and livestock products","288","Ghana","5111","Stocks","02123","Goats","2011","2011","An","5137000","A","Official figure",""
"QCL","Crops and livestock products","288","Ghana","5111","Stocks","02123","Goats","2012","2012","An","5435000","A","Official figure",""
"QCL","Crops and livestock products","288","Ghana","5111","Stocks","02123","Goats","2013","2013","An","5751000","A","Official figure",""
"QCL","Crops and livestock products","288","Ghana","5111","Stocks","02123","Goats","2014","2014","An","6044000","A","Official figure",""
"QCL","Crops and livestock products","288","Ghana","5111","Stocks","02123","Goats","2015","2015","An","6352000","A","Official figure",""
"QCL","Crops and livestock products","288","Ghana","5111","Stocks","02123","Goats","2016","2016","An","6740000","A","Official figure",""
"QCL","Crops and livestock products","288","Ghana","5111","Stocks","02123","Goats","2017","2017","An","7151000","A","Official figure",""
"QCL","Crops and livestock products","288","Ghana","5111","Stocks","02123","Goats","2018","2018","An","7509000","A","Official figure",""
"QCL","Crops and livestock products","288","Ghana","5111","Stocks","02123","Goats","2019","2019","An","7884000","A","Official figure",""
"QCL","Crops and livestock products","288","Ghana","5111","Stocks","02123","Goats","2020","2020","An","8180000","A","Official figure",""
"QCL","Crops and livestock products","288","Ghana","5111","Stocks","02123","Goats","2021","2021","An","8411000","A","Official figure",""
"QCL","Crops and livestock products","288","Ghana","5111","Stocks","02123","Goats","2022","2022","An","8714896","I","Value imputed by a receiving agency",""
"QCL","Crops and livestock products","288","Ghana","5111","Stocks","02123","Goats","2023","2023","An","9268887","I","Value imputed by a receiving agency",""
"QCL","Crops and livestock products","288","Ghana","5111","Stocks","02123","Goats","2024","2024","An","9581913","I","Value imputed by a receiving agency",""
"QCL","Crops and livestock products","288","Ghana","5111","Stocks","02122","Sheep","2005","2005","An","3211000","A","Official figure",""
"QCL","Crops and livestock products","288","Ghana","5111","Stocks","02122","Sheep","2006","2006","An","3314000","A","Official figure",""
"QCL","Crops and livestock products","288","Ghana","5111","Stocks","02122","Sheep","2007","2007","An","3420000","A","Official figure",""
"QCL","Crops and livestock products","288","Ghana","5111","Stocks","02122","Sheep","2008","2008","An","3529000","A","Official figure",""
"QCL","Crops and livestock products","288","Ghana","5111","Stocks","02122","Sheep","2009","2009","An","3642000","A","Official figure",""
"QCL","Crops and livestock products","288","Ghana","5111","Stocks","02122","Sheep","2010","2010","An","3759000","A","Official figure",""
"QCL","Crops and livestock products","288","Ghana","5111","Stocks","02122","Sheep","2011","2011","An","3887000","A","Official figure",""
"QCL","Crops and livestock products","288","Ghana","5111","Stocks","02122","Sheep","2012","2012","An","4019000","A","Official figure",""
"QCL","Crops and livestock products","288","Ghana","5111","Stocks","02122","Sheep","2013","2013","An","4156000","A","Official figure",""
"QCL","Crops and livestock products","288","Ghana","5111","Stocks","02122","Sheep","2014","2014","An","4335000","A","Official figure",""
"QCL","Crops and livestock products","288","Ghana","5111","Stocks","02122","Sheep","2015","2015","An","4522000","A","Official figure",""
"QCL","Crops and livestock products","288","Ghana","5111","Stocks","02122","Sheep","2016","2016","An","4744000","A","Official figure",""
"QCL","Crops and livestock products","288","Ghana","5111","Stocks","02122","Sheep","2017","2017","An","4987000","A","Official figure",""
"QCL","Crops and livestock products","288","Ghana","5111","Stocks","02122","Sheep","2018","2018","An","5137000","A","Official figure",""
"QCL","Crops and livestock products","288","Ghana","5111","Stocks","02122","Sheep","2019","2019","An","5302000","A","Official figure",""
"QCL","Crops and livestock products","288","Ghana","5111","Stocks","02122","Sheep","2020","2020","An","5544000","A","Official figure",""
"QCL","Crops and livestock products","288","Ghana","5111","Stocks","02122","Sheep","2021","2021","An","5695000","A","Official figure",""
"QCL","Crops and livestock products","288","Ghana","5111","Stocks","02122","Sheep","2022","2022","An","5840815","I","Value imputed by a receiving agency",""
"QCL","Crops and livestock products","288","Ghana","5111","Stocks","02122","Sheep","2023","2023","An","5978499","I","Value imputed by a receiving agency",""
"QCL","Crops and livestock products","288","Ghana","5111","Stocks","02122","Sheep","2024","2024","An","6176664","I","Value imputed by a receiving agency",""
"QCL","Crops and livestock products","324","Guinea","5111","Stocks","02111","Cattle","2005","2005","An","3756353","A","Official figure",""
"QCL","Crops and livestock products","324","Guinea","5111","Stocks","02111","Cattle","2006","2006","An","3962380","A","Official figure",""
"QCL","Crops and livestock products","324","Guinea","5111","Stocks","02111","Cattle","2007","2007","An","4179708","A","Official figure",""
"QCL","Crops and livestock products","324","Guinea","5111","Stocks","02111","Cattle","2008","2008","An","4408956","A","Official figure",""
"QCL","Crops and livestock products","324","Guinea","5111","Stocks","02111","Cattle","2009","2009","An","4650780","A","Official figure",""
"QCL","Crops and livestock products","324","Guinea","5111","Stocks","02111","Cattle","2010","2010","An","4932851","A","Official figure",""
"QCL","Crops and livestock products","324","Guinea","5111","Stocks","02111","Cattle","2011","2011","An","5203407","A","Official figure",""
"QCL","Crops and livestock products","324","Guinea","5111","Stocks","02111","Cattle","2012","2012","An","5488802","A","Official figure",""
"QCL","Crops and livestock products","324","Guinea","5111","Stocks","02111","Cattle","2013","2013","An","5789850","A","Official figure",""
"QCL","Crops and livestock products","324","Guinea","5111","Stocks","02111","Cattle","2014","2014","An","6074000","A","Official figure",""
"QCL","Crops and livestock products","324","Guinea","5111","Stocks","02111","Cattle","2015","2015","An","6407100","A","Official figure",""
"QCL","Crops and livestock products","324","Guinea","5111","Stocks","02111","Cattle","2016","2016","An","6758600","A","Official figure",""
"QCL","Crops and livestock products","324","Guinea","5111","Stocks","02111","Cattle","2017","2017","An","7129251","A","Official figure",""
"QCL","Crops and livestock products","324","Guinea","5111","Stocks","02111","Cattle","2018","2018","An","7520274","A","Official figure",""
"QCL","Crops and livestock products","324","Guinea","5111","Stocks","02111","Cattle","2019","2019","An","7932745","A","Official figure",""
"QCL","Crops and livestock products","324","Guinea","5111","Stocks","02111","Cattle","2020","2020","An","8367838","A","Official figure",""
"QCL","Crops and livestock products","324","Guinea","5111","Stocks","02111","Cattle","2021","2021","An","8826796","A","Official figure",""
"QCL","Crops and livestock products","324","Guinea","5111","Stocks","02111","Cattle","2022","2022","An","9310926","A","Official figure",""
"QCL","Crops and livestock products","324","Guinea","5111","Stocks","02111","Cattle","2023","2023","An","9821600","A","Official figure",""
"QCL","Crops and livestock products","324","Guinea","5111","Stocks","02111","Cattle","2024","2024","An","9319774","E","Estimated value",""
"QCL","Crops and livestock products","324","Guinea","5112","Stocks","02151","Chickens","2005","2005","1000 An","15865","A","Official figure",""
"QCL","Crops and livestock products","324","Guinea","5112","Stocks","02151","Chickens","2006","2006","1000 An","15800","E","Estimated value",""
"QCL","Crops and livestock products","324","Guinea","5112","Stocks","02151","Chickens","2007","2007","1000 An","15600","E","Estimated value",""
"QCL","Crops and livestock products","324","Guinea","5112","Stocks","02151","Chickens","2008","2008","1000 An","15500","E","Estimated value",""
"QCL","Crops and livestock products","324","Guinea","5112","Stocks","02151","Chickens","2009","2009","1000 An","15400","E","Estimated value",""
"QCL","Crops and livestock products","324","Guinea","5112","Stocks","02151","Chickens","2010","2010","1000 An","21231","A","Official figure",""
"QCL","Crops and livestock products","324","Guinea","5112","Stocks","02151","Chickens","2011","2011","1000 An","22504","A","Official figure",""
"QCL","Crops and livestock products","324","Guinea","5112","Stocks","02151","Chickens","2012","2012","1000 An","23855","A","Official figure",""
"QCL","Crops and livestock products","324","Guinea","5112","Stocks","02151","Chickens","2013","2013","1000 An","25286","A","Official figure",""
"QCL","Crops and livestock products","324","Guinea","5112","Stocks","02151","Chickens","2014","2014","1000 An","26803","A","Official figure",""
"QCL","Crops and livestock products","324","Guinea","5112","Stocks","02151","Chickens","2015","2015","1000 An","28411","A","Official figure",""
"QCL","Crops and livestock products","324","Guinea","5112","Stocks","02151","Chickens","2016","2016","1000 An","30116","A","Official figure",""
"QCL","Crops and livestock products","324","Guinea","5112","Stocks","02151","Chickens","2017","2017","1000 An","31802","I","Value imputed by a receiving agency",""
"QCL","Crops and livestock products","324","Guinea","5112","Stocks","02151","Chickens","2018","2018","1000 An","33489","I","Value imputed by a receiving agency",""
"QCL","Crops and livestock products","324","Guinea","5112","Stocks","02151","Chickens","2019","2019","1000 An","35002","I","Value imputed by a receiving agency",""
"QCL","Crops and livestock products","324","Guinea","5112","Stocks","02151","Chickens","2020","2020","1000 An","33365","E","Estimated value",""
"QCL","Crops and livestock products","324","Guinea","5112","Stocks","02151","Chickens","2021","2021","1000 An","34874","E","Estimated value",""
"QCL","Crops and livestock products","324","Guinea","5112","Stocks","02151","Chickens","2022","2022","1000 An","36358","E","Estimated value",""
"QCL","Crops and livestock products","324","Guinea","5112","Stocks","02151","Chickens","2023","2023","1000 An","37806","E","Estimated value",""
"QCL","Crops and livestock products","324","Guinea","5112","Stocks","02151","Chickens","2024","2024","1000 An","39252","E","Estimated value",""
"QCL","Crops and livestock products","324","Guinea","5111","Stocks","02123","Goats","2005","2005","An","1395650","A","Official figure",""
"QCL","Crops and livestock products","324","Guinea","5111","Stocks","02123","Goats","2006","2006","An","1489362","A","Official figure",""
"QCL","Crops and livestock products","324","Guinea","5111","Stocks","02123","Goats","2007","2007","An","1589367","A","Official figure",""
"QCL","Crops and livestock products","324","Guinea","5111","Stocks","02123","Goats","2008","2008","An","1696087","A","Official figure",""
"QCL","Crops and livestock products","324","Guinea","5111","Stocks","02123","Goats","2009","2009","An","1809970","A","Official figure",""
"QCL","Crops and livestock products","324","Guinea","5111","Stocks","02123","Goats","2010","2010","An","1915578","A","Official figure",""
"QCL","Crops and livestock products","324","Guinea","5111","Stocks","02123","Goats","2011","2011","An","2043506","A","Official figure",""
"QCL","Crops and livestock products","324","Guinea","5111","Stocks","02123","Goats","2012","2012","An","2179976","A","Official figure",""
"QCL","Crops and livestock products","324","Guinea","5111","Stocks","02123","Goats","2013","2013","An","2325561","A","Official figure",""
"QCL","Crops and livestock products","324","Guinea","5111","Stocks","02123","Goats","2014","2014","An","2503900","A","Official figure",""
"QCL","Crops and livestock products","324","Guinea","5111","Stocks","02123","Goats","2015","2015","An","2671900","A","Official figure",""
"QCL","Crops and livestock products","324","Guinea","5111","Stocks","02123","Goats","2016","2016","An","2851200","A","Official figure",""
"QCL","Crops and livestock products","324","Guinea","5111","Stocks","02123","Goats","2017","2017","An","3044131","A","Official figure",""
"QCL","Crops and livestock products","324","Guinea","5111","Stocks","02123","Goats","2018","2018","An","3248532","A","Official figure",""
"QCL","Crops and livestock products","324","Guinea","5111","Stocks","02123","Goats","2019","2019","An","3466659","A","Official figure",""
"QCL","Crops and livestock products","324","Guinea","5111","Stocks","02123","Goats","2020","2020","An","3699431","A","Official figure",""
"QCL","Crops and livestock products","324","Guinea","5111","Stocks","02123","Goats","2021","2021","An","3947834","A","Official figure",""
"QCL","Crops and livestock products","324","Guinea","5111","Stocks","02123","Goats","2022","2022","An","4212916","A","Official figure",""
"QCL","Crops and livestock products","324","Guinea","5111","Stocks","02123","Goats","2023","2023","An","4486307","I","Value imputed by a receiving agency",""
"QCL","Crops and livestock products","324","Guinea","5111","Stocks","02123","Goats","2024","2024","An","4829211","I","Value imputed by a receiving agency",""
"QCL","Crops and livestock products","324","Guinea","5111","Stocks","02122","Sheep","2005","2005","An","1168743","A","Official figure",""
"QCL","Crops and livestock products","324","Guinea","5111","Stocks","02122","Sheep","2006","2006","An","1246797","A","Official figure",""
"QCL","Crops and livestock products","324","Guinea","5111","Stocks","02122","Sheep","2007","2007","An","1330061","A","Official figure",""
"QCL","Crops and livestock products","324","Guinea","5111","Stocks","02122","Sheep","2008","2008","An","1418886","A","Official figure",""
"QCL","Crops and livestock products","324","Guinea","5111","Stocks","02122","Sheep","2009","2009","An","1513640","A","Official figure",""
"QCL","Crops and livestock products","324","Guinea","5111","Stocks","02122","Sheep","2010","2010","An","1807261","A","Official figure",""
"QCL","Crops and livestock products","324","Guinea","5111","Stocks","02122","Sheep","2011","2011","An","1927955","A","Official figure",""
"QCL","Crops and livestock products","324","Guinea","5111","Stocks","02122","Sheep","2012","2012","An","2056709","A","Official figure",""
"QCL","Crops and livestock products","324","Guinea","5111","Stocks","02122","Sheep","2013","2013","An","2194061","A","Official figure",""
"QCL","Crops and livestock products","324","Guinea","5111","Stocks","02122","Sheep","2014","2014","An","2091500","A","Official figure",""
"QCL","Crops and livestock products","324","Guinea","5111","Stocks","02122","Sheep","2015","2015","An","2231300","A","Official figure",""
"QCL","Crops and livestock products","324","Guinea","5111","Stocks","02122","Sheep","2016","2016","An","2380300","A","Official figure",""
"QCL","Crops and livestock products","324","Guinea","5111","Stocks","02122","Sheep","2017","2017","An","2538815","A","Official figure",""
"QCL","Crops and livestock products","324","Guinea","5111","Stocks","02122","Sheep","2018","2018","An","2708364","A","Official figure",""
"QCL","Crops and livestock products","324","Guinea","5111","Stocks","02122","Sheep","2019","2019","An","2889236","A","Official figure",""
"QCL","Crops and livestock products","324","Guinea","5111","Stocks","02122","Sheep","2020","2020","An","3082187","A","Official figure",""
"QCL","Crops and livestock products","324","Guinea","5111","Stocks","02122","Sheep","2021","2021","An","3288023","A","Official figure",""
"QCL","Crops and livestock products","324","Guinea","5111","Stocks","02122","Sheep","2022","2022","An","3507606","A","Official figure",""
"QCL","Crops and livestock products","324","Guinea","5111","Stocks","02122","Sheep","2023","2023","An","3722971","I","Value imputed by a receiving agency",""
"QCL","Crops and livestock products","324","Guinea","5111","Stocks","02122","Sheep","2024","2024","An","3995308","I","Value imputed by a receiving agency",""
"QCL","Crops and livestock products","624","Guinea-Bissau","5111","Stocks","02111","Cattle","2005","2005","An","530000","E","Estimated value",""
"QCL","Crops and livestock products","624","Guinea-Bissau","5111","Stocks","02111","Cattle","2006","2006","An","550000","E","Estimated value",""
"QCL","Crops and livestock products","624","Guinea-Bissau","5111","Stocks","02111","Cattle","2007","2007","An","574060","A","Official figure",""
"QCL","Crops and livestock products","624","Guinea-Bissau","5111","Stocks","02111","Cattle","2008","2008","An","599200","E","Estimated value",""
"QCL","Crops and livestock products","624","Guinea-Bissau","5111","Stocks","02111","Cattle","2009","2009","An","620000","E","Estimated value",""
"QCL","Crops and livestock products","624","Guinea-Bissau","5111","Stocks","02111","Cattle","2010","2010","An","641500","E","Estimated value",""
"QCL","Crops and livestock products","624","Guinea-Bissau","5111","Stocks","02111","Cattle","2011","2011","An","650000","E","Estimated value",""
"QCL","Crops and livestock products","624","Guinea-Bissau","5111","Stocks","02111","Cattle","2012","2012","An","650000","E","Estimated value",""
"QCL","Crops and livestock products","624","Guinea-Bissau","5111","Stocks","02111","Cattle","2013","2013","An","670000","E","Estimated value",""
"QCL","Crops and livestock products","624","Guinea-Bissau","5111","Stocks","02111","Cattle","2014","2014","An","675000","E","Estimated value",""
"QCL","Crops and livestock products","624","Guinea-Bissau","5111","Stocks","02111","Cattle","2015","2015","An","684238","I","Value imputed by a receiving agency",""
"QCL","Crops and livestock products","624","Guinea-Bissau","5111","Stocks","02111","Cattle","2016","2016","An","693350","I","Value imputed by a receiving agency",""
"QCL","Crops and livestock products","624","Guinea-Bissau","5111","Stocks","02111","Cattle","2017","2017","An","702202","I","Value imputed by a receiving agency",""
"QCL","Crops and livestock products","624","Guinea-Bissau","5111","Stocks","02111","Cattle","2018","2018","An","711496","I","Value imputed by a receiving agency",""
"QCL","Crops and livestock products","624","Guinea-Bissau","5111","Stocks","02111","Cattle","2019","2019","An","720882","I","Value imputed by a receiving agency",""
"QCL","Crops and livestock products","624","Guinea-Bissau","5111","Stocks","02111","Cattle","2020","2020","An","730127","I","Value imputed by a receiving agency",""
"QCL","Crops and livestock products","624","Guinea-Bissau","5111","Stocks","02111","Cattle","2021","2021","An","736533","I","Value imputed by a receiving agency",""
"QCL","Crops and livestock products","624","Guinea-Bissau","5111","Stocks","02111","Cattle","2022","2022","An","741627","I","Value imputed by a receiving agency",""
"QCL","Crops and livestock products","624","Guinea-Bissau","5111","Stocks","02111","Cattle","2023","2023","An","735671","E","Estimated value",""
"QCL","Crops and livestock products","624","Guinea-Bissau","5111","Stocks","02111","Cattle","2024","2024","An","742836","E","Estimated value",""
"QCL","Crops and livestock products","624","Guinea-Bissau","5112","Stocks","02151","Chickens","2005","2005","1000 An","1099","A","Official figure",""
"QCL","Crops and livestock products","624","Guinea-Bissau","5112","Stocks","02151","Chickens","2006","2006","1000 An","1184","A","Official figure",""
"QCL","Crops and livestock products","624","Guinea-Bissau","5112","Stocks","02151","Chickens","2007","2007","1000 An","1276","A","Official figure",""
"QCL","Crops and livestock products","624","Guinea-Bissau","5112","Stocks","02151","Chickens","2008","2008","1000 An","1375","A","Official figure",""
"QCL","Crops and livestock products","624","Guinea-Bissau","5112","Stocks","02151","Chickens","2009","2009","1000 An","1482","A","Official figure",""
"QCL","Crops and livestock products","624","Guinea-Bissau","5112","Stocks","02151","Chickens","2010","2010","1000 An","1596","A","Official figure",""
"QCL","Crops and livestock products","624","Guinea-Bissau","5112","Stocks","02151","Chickens","2011","2011","1000 An","1721","A","Official figure",""
"QCL","Crops and livestock products","624","Guinea-Bissau","5112","Stocks","02151","Chickens","2012","2012","1000 An","1750","E","Estimated value",""
"QCL","Crops and livestock products","624","Guinea-Bissau","5112","Stocks","02151","Chickens","2013","2013","1000 An","1900","E","Estimated value",""
"QCL","Crops and livestock products","624","Guinea-Bissau","5112","Stocks","02151","Chickens","2014","2014","1000 An","2000","E","Estimated value",""
"QCL","Crops and livestock products","624","Guinea-Bissau","5112","Stocks","02151","Chickens","2015","2015","1000 An","2021","I","Value imputed by a receiving agency",""
"QCL","Crops and livestock products","624","Guinea-Bissau","5112","Stocks","02151","Chickens","2016","2016","1000 An","2052","I","Value imputed by a receiving agency",""
"QCL","Crops and livestock products","624","Guinea-Bissau","5112","Stocks","02151","Chickens","2017","2017","1000 An","2008","E","Estimated value",""
"QCL","Crops and livestock products","624","Guinea-Bissau","5112","Stocks","02151","Chickens","2018","2018","1000 An","2000","I","Value imputed by a receiving agency",""
"QCL","Crops and livestock products","624","Guinea-Bissau","5112","Stocks","02151","Chickens","2019","2019","1000 An","2044","I","Value imputed by a receiving agency",""
"QCL","Crops and livestock products","624","Guinea-Bissau","5112","Stocks","02151","Chickens","2020","2020","1000 An","2085","I","Value imputed by a receiving agency",""
"QCL","Crops and livestock products","624","Guinea-Bissau","5112","Stocks","02151","Chickens","2021","2021","1000 An","2051","E","Estimated value",""
"QCL","Crops and livestock products","624","Guinea-Bissau","5112","Stocks","02151","Chickens","2022","2022","1000 An","2109","I","Value imputed by a receiving agency",""
"QCL","Crops and livestock products","624","Guinea-Bissau","5112","Stocks","02151","Chickens","2023","2023","1000 An","2097","E","Estimated value",""
"QCL","Crops and livestock products","624","Guinea-Bissau","5112","Stocks","02151","Chickens","2024","2024","1000 An","2117","E","Estimated value",""
"QCL","Crops and livestock products","624","Guinea-Bissau","5111","Stocks","02123","Goats","2005","2005","An","510759","A","Official figure",""
"QCL","Crops and livestock products","624","Guinea-Bissau","5111","Stocks","02123","Goats","2006","2006","An","542297","A","Official figure",""
"QCL","Crops and livestock products","624","Guinea-Bissau","5111","Stocks","02123","Goats","2007","2007","An","575782","A","Official figure",""
"QCL","Crops and livestock products","624","Guinea-Bissau","5111","Stocks","02123","Goats","2008","2008","An","611335","A","Official figure",""
"QCL","Crops and livestock products","624","Guinea-Bissau","5111","Stocks","02123","Goats","2009","2009","An","649084","A","Official figure",""
"QCL","Crops and livestock products","624","Guinea-Bissau","5111","Stocks","02123","Goats","2010","2010","An","689163","A","Official figure",""
"QCL","Crops and livestock products","624","Guinea-Bissau","5111","Stocks","02123","Goats","2011","2011","An","731716","A","Official figure",""
"QCL","Crops and livestock products","624","Guinea-Bissau","5111","Stocks","02123","Goats","2012","2012","An","750000","E","Estimated value",""
"QCL","Crops and livestock products","624","Guinea-Bissau","5111","Stocks","02123","Goats","2013","2013","An","750000","E","Estimated value",""
"QCL","Crops and livestock products","624","Guinea-Bissau","5111","Stocks","02123","Goats","2014","2014","An","750000","E","Estimated value",""
"QCL","Crops and livestock products","624","Guinea-Bissau","5111","Stocks","02123","Goats","2015","2015","An","755960","I","Value imputed by a receiving agency",""
"QCL","Crops and livestock products","624","Guinea-Bissau","5111","Stocks","02123","Goats","2016","2016","An","765924","I","Value imputed by a receiving agency",""
"QCL","Crops and livestock products","624","Guinea-Bissau","5111","Stocks","02123","Goats","2017","2017","An","777086","I","Value imputed by a receiving agency",""
"QCL","Crops and livestock products","624","Guinea-Bissau","5111","Stocks","02123","Goats","2018","2018","An","788506","I","Value imputed by a receiving agency",""
"QCL","Crops and livestock products","624","Guinea-Bissau","5111","Stocks","02123","Goats","2019","2019","An","798413","I","Value imputed by a receiving agency",""
"QCL","Crops and livestock products","624","Guinea-Bissau","5111","Stocks","02123","Goats","2020","2020","An","808074","I","Value imputed by a receiving agency",""
"QCL","Crops and livestock products","624","Guinea-Bissau","5111","Stocks","02123","Goats","2021","2021","An","800294","E","Estimated value",""
"QCL","Crops and livestock products","624","Guinea-Bissau","5111","Stocks","02123","Goats","2022","2022","An","811005","E","Estimated value",""
"QCL","Crops and livestock products","624","Guinea-Bissau","5111","Stocks","02123","Goats","2023","2023","An","821129","E","Estimated value",""
"QCL","Crops and livestock products","624","Guinea-Bissau","5111","Stocks","02123","Goats","2024","2024","An","830966","E","Estimated value",""
"QCL","Crops and livestock products","624","Guinea-Bissau","5111","Stocks","02122","Sheep","2005","2005","An","300000","E","Estimated value",""
"QCL","Crops and livestock products","624","Guinea-Bissau","5111","Stocks","02122","Sheep","2006","2006","An","330000","E","Estimated value",""
"QCL","Crops and livestock products","624","Guinea-Bissau","5111","Stocks","02122","Sheep","2007","2007","An","358160","A","Official figure",""
"QCL","Crops and livestock products","624","Guinea-Bissau","5111","Stocks","02122","Sheep","2008","2008","An","388750","E","Estimated value",""
"QCL","Crops and livestock products","624","Guinea-Bissau","5111","Stocks","02122","Sheep","2009","2009","An","420000","E","Estimated value",""
"QCL","Crops and livestock products","624","Guinea-Bissau","5111","Stocks","02122","Sheep","2010","2010","An","453760","E","Estimated value",""
"QCL","Crops and livestock products","624","Guinea-Bissau","5111","Stocks","02122","Sheep","2011","2011","An","460000","E","Estimated value",""
"QCL","Crops and livestock products","624","Guinea-Bissau","5111","Stocks","02122","Sheep","2012","2012","An","460000","E","Estimated value",""
"QCL","Crops and livestock products","624","Guinea-Bissau","5111","Stocks","02122","Sheep","2013","2013","An","470000","E","Estimated value",""
"QCL","Crops and livestock products","624","Guinea-Bissau","5111","Stocks","02122","Sheep","2014","2014","An","472000","E","Estimated value",""
"QCL","Crops and livestock products","624","Guinea-Bissau","5111","Stocks","02122","Sheep","2015","2015","An","471940","I","Value imputed by a receiving agency",""
"QCL","Crops and livestock products","624","Guinea-Bissau","5111","Stocks","02122","Sheep","2016","2016","An","472379","I","Value imputed by a receiving agency",""
"QCL","Crops and livestock products","624","Guinea-Bissau","5111","Stocks","02122","Sheep","2017","2017","An","472913","I","Value imputed by a receiving agency",""
"QCL","Crops and livestock products","624","Guinea-Bissau","5111","Stocks","02122","Sheep","2018","2018","An","473479","I","Value imputed by a receiving agency",""
"QCL","Crops and livestock products","624","Guinea-Bissau","5111","Stocks","02122","Sheep","2019","2019","An","474072","I","Value imputed by a receiving agency",""
"QCL","Crops and livestock products","624","Guinea-Bissau","5111","Stocks","02122","Sheep","2020","2020","An","474590","I","Value imputed by a receiving agency",""
"QCL","Crops and livestock products","624","Guinea-Bissau","5111","Stocks","02122","Sheep","2021","2021","An","472801","I","Value imputed by a receiving agency",""
"QCL","Crops and livestock products","624","Guinea-Bissau","5111","Stocks","02122","Sheep","2022","2022","An","472332","I","Value imputed by a receiving agency",""
"QCL","Crops and livestock products","624","Guinea-Bissau","5111","Stocks","02122","Sheep","2023","2023","An","472188","I","Value imputed by a receiving agency",""
"QCL","Crops and livestock products","624","Guinea-Bissau","5111","Stocks","02122","Sheep","2024","2024","An","472038","I","Value imputed by a receiving agency",""
"QCL","Crops and livestock products","404","Kenya","5111","Stocks","02111","Cattle","2005","2005","An","13019049","A","Official figure",""
"QCL","Crops and livestock products","404","Kenya","5111","Stocks","02111","Cattle","2006","2006","An","12416271","A","Official figure",""
"QCL","Crops and livestock products","404","Kenya","5111","Stocks","02111","Cattle","2007","2007","An","17537332","A","Official figure",""
"QCL","Crops and livestock products","404","Kenya","5111","Stocks","02111","Cattle","2008","2008","An","18383184","A","Official figure",""
"QCL","Crops and livestock products","404","Kenya","5111","Stocks","02111","Cattle","2009","2009","An","17467774","A","Official figure",""
"QCL","Crops and livestock products","404","Kenya","5111","Stocks","02111","Cattle","2010","2010","An","17862852","A","Official figure",""
"QCL","Crops and livestock products","404","Kenya","5111","Stocks","02111","Cattle","2011","2011","An","18173500","A","Official figure",""
"QCL","Crops and livestock products","404","Kenya","5111","Stocks","02111","Cattle","2012","2012","An","19129800","A","Official figure",""
"QCL","Crops and livestock products","404","Kenya","5111","Stocks","02111","Cattle","2013","2013","An","18138500","A","Official figure",""
"QCL","Crops and livestock products","404","Kenya","5111","Stocks","02111","Cattle","2014","2014","An","18247632","A","Official figure",""
"QCL","Crops and livestock products","404","Kenya","5111","Stocks","02111","Cattle","2015","2015","An","18728076","A","Official figure",""
"QCL","Crops and livestock products","404","Kenya","5111","Stocks","02111","Cattle","2016","2016","An","20529190","A","Official figure",""
"QCL","Crops and livestock products","404","Kenya","5111","Stocks","02111","Cattle","2017","2017","An","18338810","A","Official figure",""
"QCL","Crops and livestock products","404","Kenya","5111","Stocks","02111","Cattle","2018","2018","An","19635142","A","Official figure",""
"QCL","Crops and livestock products","404","Kenya","5111","Stocks","02111","Cattle","2019","2019","An","20882488","A","Official figure",""
"QCL","Crops and livestock products","404","Kenya","5111","Stocks","02111","Cattle","2020","2020","An","26765935","A","Official figure",""
"QCL","Crops and livestock products","404","Kenya","5111","Stocks","02111","Cattle","2021","2021","An","22853225","A","Official figure",""
"QCL","Crops and livestock products","404","Kenya","5111","Stocks","02111","Cattle","2022","2022","An","20830134","A","Official figure",""
"QCL","Crops and livestock products","404","Kenya","5111","Stocks","02111","Cattle","2023","2023","An","21882008","A","Official figure",""
"QCL","Crops and livestock products","404","Kenya","5111","Stocks","02111","Cattle","2024","2024","An","22435638","A","Official figure",""
"QCL","Crops and livestock products","404","Kenya","5112","Stocks","02151","Chickens","2005","2005","1000 An","26857","A","Official figure",""
"QCL","Crops and livestock products","404","Kenya","5112","Stocks","02151","Chickens","2006","2006","1000 An","27772","A","Official figure",""
"QCL","Crops and livestock products","404","Kenya","5112","Stocks","02151","Chickens","2007","2007","1000 An","30625","A","Official figure",""
"QCL","Crops and livestock products","404","Kenya","5112","Stocks","02151","Chickens","2008","2008","1000 An","32987","A","Official figure",""
"QCL","Crops and livestock products","404","Kenya","5112","Stocks","02151","Chickens","2009","2009","1000 An","31828","A","Official figure",""
"QCL","Crops and livestock products","404","Kenya","5112","Stocks","02151","Chickens","2010","2010","1000 An","30398","A","Official figure",""
"QCL","Crops and livestock products","404","Kenya","5112","Stocks","02151","Chickens","2011","2011","1000 An","30966","A","Official figure",""
"QCL","Crops and livestock products","404","Kenya","5112","Stocks","02151","Chickens","2012","2012","1000 An","34583","A","Official figure",""
"QCL","Crops and livestock products","404","Kenya","5112","Stocks","02151","Chickens","2013","2013","1000 An","39872","A","Official figure",""
"QCL","Crops and livestock products","404","Kenya","5112","Stocks","02151","Chickens","2014","2014","1000 An","42413","A","Official figure",""
"QCL","Crops and livestock products","404","Kenya","5112","Stocks","02151","Chickens","2015","2015","1000 An","41472","A","Official figure",""
"QCL","Crops and livestock products","404","Kenya","5112","Stocks","02151","Chickens","2016","2016","1000 An","43796","A","Official figure",""
"QCL","Crops and livestock products","404","Kenya","5112","Stocks","02151","Chickens","2017","2017","1000 An","48125","A","Official figure",""
"QCL","Crops and livestock products","404","Kenya","5112","Stocks","02151","Chickens","2018","2018","1000 An","49889","A","Official figure",""
"QCL","Crops and livestock products","404","Kenya","5112","Stocks","02151","Chickens","2019","2019","1000 An","56435","A","Official figure",""
"QCL","Crops and livestock products","404","Kenya","5112","Stocks","02151","Chickens","2020","2020","1000 An","57178","A","Official figure",""
"QCL","Crops and livestock products","404","Kenya","5112","Stocks","02151","Chickens","2021","2021","1000 An","59020","A","Official figure",""
"QCL","Crops and livestock products","404","Kenya","5112","Stocks","02151","Chickens","2022","2022","1000 An","61708","A","Official figure",""
"QCL","Crops and livestock products","404","Kenya","5112","Stocks","02151","Chickens","2023","2023","1000 An","67043","A","Official figure",""
"QCL","Crops and livestock products","404","Kenya","5112","Stocks","02151","Chickens","2024","2024","1000 An","71223","A","Official figure",""
"QCL","Crops and livestock products","404","Kenya","5111","Stocks","02123","Goats","2005","2005","An","13882605","A","Official figure",""
"QCL","Crops and livestock products","404","Kenya","5111","Stocks","02123","Goats","2006","2006","An","10210434","A","Official figure",""
"QCL","Crops and livestock products","404","Kenya","5111","Stocks","02123","Goats","2007","2007","An","27927368","A","Official figure",""
"QCL","Crops and livestock products","404","Kenya","5111","Stocks","02123","Goats","2008","2008","An","28951800","A","Official figure",""
"QCL","Crops and livestock products","404","Kenya","5111","Stocks","02123","Goats","2009","2009","An","27740152","A","Official figure",""
"QCL","Crops and livestock products","404","Kenya","5111","Stocks","02123","Goats","2010","2010","An","28174158","A","Official figure",""
"QCL","Crops and livestock products","404","Kenya","5111","Stocks","02123","Goats","2011","2011","An","28860700","A","Official figure",""
"QCL","Crops and livestock products","404","Kenya","5111","Stocks","02123","Goats","2012","2012","An","22181935","A","Official figure",""
"QCL","Crops and livestock products","404","Kenya","5111","Stocks","02123","Goats","2013","2013","An","24637393","A","Official figure",""
"QCL","Crops and livestock products","404","Kenya","5111","Stocks","02123","Goats","2014","2014","An","27319842","A","Official figure",""
"QCL","Crops and livestock products","404","Kenya","5111","Stocks","02123","Goats","2015","2015","An","25094383","A","Official figure",""
"QCL","Crops and livestock products","404","Kenya","5111","Stocks","02123","Goats","2016","2016","An","26745916","A","Official figure",""
"QCL","Crops and livestock products","404","Kenya","5111","Stocks","02123","Goats","2017","2017","An","25684489","A","Official figure",""
"QCL","Crops and livestock products","404","Kenya","5111","Stocks","02123","Goats","2018","2018","An","26710775","A","Official figure",""
"QCL","Crops and livestock products","404","Kenya","5111","Stocks","02123","Goats","2019","2019","An","34998238","A","Official figure",""
"QCL","Crops and livestock products","404","Kenya","5111","Stocks","02123","Goats","2020","2020","An","36021177","A","Official figure",""
"QCL","Crops and livestock products","404","Kenya","5111","Stocks","02123","Goats","2021","2021","An","32570314","A","Official figure",""
"QCL","Crops and livestock products","404","Kenya","5111","Stocks","02123","Goats","2022","2022","An","30558620","A","Official figure",""
"QCL","Crops and livestock products","404","Kenya","5111","Stocks","02123","Goats","2023","2023","An","34989347","A","Official figure",""
"QCL","Crops and livestock products","404","Kenya","5111","Stocks","02123","Goats","2024","2024","An","38426161","A","Official figure",""
"QCL","Crops and livestock products","404","Kenya","5111","Stocks","02122","Sheep","2005","2005","An","10033881","A","Official figure",""
"QCL","Crops and livestock products","404","Kenya","5111","Stocks","02122","Sheep","2006","2006","An","8176848","A","Official figure",""
"QCL","Crops and livestock products","404","Kenya","5111","Stocks","02122","Sheep","2007","2007","An","16308120","A","Official figure",""
"QCL","Crops and livestock products","404","Kenya","5111","Stocks","02122","Sheep","2008","2008","An","17135920","A","Official figure",""
"QCL","Crops and livestock products","404","Kenya","5111","Stocks","02122","Sheep","2009","2009","An","17129606","A","Official figure",""
"QCL","Crops and livestock products","404","Kenya","5111","Stocks","02122","Sheep","2010","2010","An","17562104","A","Official figure",""
"QCL","Crops and livestock products","404","Kenya","5111","Stocks","02122","Sheep","2011","2011","An","17821600","A","Official figure",""
"QCL","Crops and livestock products","404","Kenya","5111","Stocks","02122","Sheep","2012","2012","An","16115701","A","Official figure",""
"QCL","Crops and livestock products","404","Kenya","5111","Stocks","02122","Sheep","2013","2013","An","16600911","A","Official figure",""
"QCL","Crops and livestock products","404","Kenya","5111","Stocks","02122","Sheep","2014","2014","An","17275423","A","Official figure",""
"QCL","Crops and livestock products","404","Kenya","5111","Stocks","02122","Sheep","2015","2015","An","16795198","A","Official figure",""
"QCL","Crops and livestock products","404","Kenya","5111","Stocks","02122","Sheep","2016","2016","An","18983760","A","Official figure",""
"QCL","Crops and livestock products","404","Kenya","5111","Stocks","02122","Sheep","2017","2017","An","18759072","A","Official figure",""
"QCL","Crops and livestock products","404","Kenya","5111","Stocks","02122","Sheep","2018","2018","An","19485699","A","Official figure",""
"QCL","Crops and livestock products","404","Kenya","5111","Stocks","02122","Sheep","2019","2019","An","27294639","A","Official figure",""
"QCL","Crops and livestock products","404","Kenya","5111","Stocks","02122","Sheep","2020","2020","An","25345927","A","Official figure",""
"QCL","Crops and livestock products","404","Kenya","5111","Stocks","02122","Sheep","2021","2021","An","24801605","A","Official figure",""
"QCL","Crops and livestock products","404","Kenya","5111","Stocks","02122","Sheep","2022","2022","An","21333288","A","Official figure",""
"QCL","Crops and livestock products","404","Kenya","5111","Stocks","02122","Sheep","2023","2023","An","23208541","A","Official figure",""
"QCL","Crops and livestock products","404","Kenya","5111","Stocks","02122","Sheep","2024","2024","An","26214927","A","Official figure",""
"QCL","Crops and livestock products","426","Lesotho","5111","Stocks","02111","Cattle","2005","2005","An","729327","A","Official figure",""
"QCL","Crops and livestock products","426","Lesotho","5111","Stocks","02111","Cattle","2006","2006","An","687588","A","Official figure",""
"QCL","Crops and livestock products","426","Lesotho","5111","Stocks","02111","Cattle","2007","2007","An","687588","A","Official figure",""
"QCL","Crops and livestock products","426","Lesotho","5111","Stocks","02111","Cattle","2008","2008","An","616159","A","Official figure",""
"QCL","Crops and livestock products","426","Lesotho","5111","Stocks","02111","Cattle","2009","2009","An","616562","A","Official figure",""
"QCL","Crops and livestock products","426","Lesotho","5111","Stocks","02111","Cattle","2010","2010","An","626343","A","Official figure",""
"QCL","Crops and livestock products","426","Lesotho","5111","Stocks","02111","Cattle","2011","2011","An","635000","E","Estimated value",""
"QCL","Crops and livestock products","426","Lesotho","5111","Stocks","02111","Cattle","2012","2012","An","650000","E","Estimated value",""
"QCL","Crops and livestock products","426","Lesotho","5111","Stocks","02111","Cattle","2013","2013","An","548042","A","Official figure",""
"QCL","Crops and livestock products","426","Lesotho","5111","Stocks","02111","Cattle","2014","2014","An","540133","A","Official figure",""
"QCL","Crops and livestock products","426","Lesotho","5111","Stocks","02111","Cattle","2015","2015","An","508344","A","Official figure",""
"QCL","Crops and livestock products","426","Lesotho","5111","Stocks","02111","Cattle","2016","2016","An","494007","A","Official figure",""
"QCL","Crops and livestock products","426","Lesotho","5111","Stocks","02111","Cattle","2017","2017","An","461573","A","Official figure",""
"QCL","Crops and livestock products","426","Lesotho","5111","Stocks","02111","Cattle","2018","2018","An","453297","A","Official figure",""
"QCL","Crops and livestock products","426","Lesotho","5111","Stocks","02111","Cattle","2019","2019","An","360602","A","Official figure",""
"QCL","Crops and livestock products","426","Lesotho","5111","Stocks","02111","Cattle","2020","2020","An","330726","A","Official figure",""
"QCL","Crops and livestock products","426","Lesotho","5111","Stocks","02111","Cattle","2021","2021","An","288664","A","Official figure",""
"QCL","Crops and livestock products","426","Lesotho","5111","Stocks","02111","Cattle","2022","2022","An","593664","A","Official figure",""
"QCL","Crops and livestock products","426","Lesotho","5111","Stocks","02111","Cattle","2023","2023","An","670022","A","Official figure",""
"QCL","Crops and livestock products","426","Lesotho","5111","Stocks","02111","Cattle","2024","2024","An","517450","E","Estimated value",""
"QCL","Crops and livestock products","426","Lesotho","5112","Stocks","02151","Chickens","2005","2005","1000 An","900","E","Estimated value",""
"QCL","Crops and livestock products","426","Lesotho","5112","Stocks","02151","Chickens","2006","2006","1000 An","900","E","Estimated value",""
"QCL","Crops and livestock products","426","Lesotho","5112","Stocks","02151","Chickens","2007","2007","1000 An","893","A","Official figure",""
"QCL","Crops and livestock products","426","Lesotho","5112","Stocks","02151","Chickens","2008","2008","1000 An","605","A","Official figure",""
"QCL","Crops and livestock products","426","Lesotho","5112","Stocks","02151","Chickens","2009","2009","1000 An","771","A","Official figure",""
"QCL","Crops and livestock products","426","Lesotho","5112","Stocks","02151","Chickens","2010","2010","1000 An","502","A","Official figure",""
"QCL","Crops and livestock products","426","Lesotho","5112","Stocks","02151","Chickens","2011","2011","1000 An","485","E","Estimated value",""
"QCL","Crops and livestock products","426","Lesotho","5112","Stocks","02151","Chickens","2012","2012","1000 An","500","E","Estimated value",""
"QCL","Crops and livestock products","426","Lesotho","5112","Stocks","02151","Chickens","2013","2013","1000 An","367","A","Official figure",""
"QCL","Crops and livestock products","426","Lesotho","5112","Stocks","02151","Chickens","2014","2014","1000 An","906","A","Official figure",""
"QCL","Crops and livestock products","426","Lesotho","5112","Stocks","02151","Chickens","2015","2015","1000 An","522","A","Official figure",""
"QCL","Crops and livestock products","426","Lesotho","5112","Stocks","02151","Chickens","2016","2016","1000 An","292","A","Official figure",""
"QCL","Crops and livestock products","426","Lesotho","5112","Stocks","02151","Chickens","2017","2017","1000 An","433","A","Official figure",""
"QCL","Crops and livestock products","426","Lesotho","5112","Stocks","02151","Chickens","2018","2018","1000 An","419","A","Official figure",""
"QCL","Crops and livestock products","426","Lesotho","5112","Stocks","02151","Chickens","2019","2019","1000 An","286","A","Official figure",""
"QCL","Crops and livestock products","426","Lesotho","5112","Stocks","02151","Chickens","2020","2020","1000 An","490","I","Value imputed by a receiving agency",""
"QCL","Crops and livestock products","426","Lesotho","5112","Stocks","02151","Chickens","2021","2021","1000 An","752","A","Official figure",""
"QCL","Crops and livestock products","426","Lesotho","5112","Stocks","02151","Chickens","2022","2022","1000 An","549","A","Official figure",""
"QCL","Crops and livestock products","426","Lesotho","5112","Stocks","02151","Chickens","2023","2023","1000 An","625","A","Official figure",""
"QCL","Crops and livestock products","426","Lesotho","5112","Stocks","02151","Chickens","2024","2024","1000 An","534","I","Value imputed by a receiving agency",""
"QCL","Crops and livestock products","426","Lesotho","5111","Stocks","02123","Goats","2005","2005","An","821171","A","Official figure",""
"QCL","Crops and livestock products","426","Lesotho","5111","Stocks","02123","Goats","2006","2006","An","879278","A","Official figure",""
"QCL","Crops and livestock products","426","Lesotho","5111","Stocks","02123","Goats","2007","2007","An","879278","A","Official figure",""
"QCL","Crops and livestock products","426","Lesotho","5111","Stocks","02123","Goats","2008","2008","An","916673","A","Official figure",""
"QCL","Crops and livestock products","426","Lesotho","5111","Stocks","02123","Goats","2009","2009","An","953337","A","Official figure",""
"QCL","Crops and livestock products","426","Lesotho","5111","Stocks","02123","Goats","2010","2010","An","875184","A","Official figure",""
"QCL","Crops and livestock products","426","Lesotho","5111","Stocks","02123","Goats","2011","2011","An","845000","E","Estimated value",""
"QCL","Crops and livestock products","426","Lesotho","5111","Stocks","02123","Goats","2012","2012","An","835000","E","Estimated value",""
"QCL","Crops and livestock products","426","Lesotho","5111","Stocks","02123","Goats","2013","2013","An","838650","A","Official figure",""
"QCL","Crops and livestock products","426","Lesotho","5111","Stocks","02123","Goats","2014","2014","An","824698","A","Official figure",""
"QCL","Crops and livestock products","426","Lesotho","5111","Stocks","02123","Goats","2015","2015","An","813850","A","Official figure",""
"QCL","Crops and livestock products","426","Lesotho","5111","Stocks","02123","Goats","2016","2016","An","700509","A","Official figure",""
"QCL","Crops and livestock products","426","Lesotho","5111","Stocks","02123","Goats","2017","2017","An","972701","A","Official figure",""
"QCL","Crops and livestock products","426","Lesotho","5111","Stocks","02123","Goats","2018","2018","An","909554","A","Official figure",""
"QCL","Crops and livestock products","426","Lesotho","5111","Stocks","02123","Goats","2019","2019","An","749343","A","Official figure",""
"QCL","Crops and livestock products","426","Lesotho","5111","Stocks","02123","Goats","2020","2020","An","628561","A","Official figure",""
"QCL","Crops and livestock products","426","Lesotho","5111","Stocks","02123","Goats","2021","2021","An","279573","A","Official figure",""
"QCL","Crops and livestock products","426","Lesotho","5111","Stocks","02123","Goats","2022","2022","An","957522","A","Official figure",""
"QCL","Crops and livestock products","426","Lesotho","5111","Stocks","02123","Goats","2023","2023","An","865398","A","Official figure",""
"QCL","Crops and livestock products","426","Lesotho","5111","Stocks","02123","Goats","2024","2024","An","700831","E","Estimated value",""
"QCL","Crops and livestock products","426","Lesotho","5111","Stocks","02122","Sheep","2005","2005","An","1041313","A","Official figure",""
"QCL","Crops and livestock products","426","Lesotho","5111","Stocks","02122","Sheep","2006","2006","An","904742","A","Official figure",""
"QCL","Crops and livestock products","426","Lesotho","5111","Stocks","02122","Sheep","2007","2007","An","904743","A","Official figure",""
"QCL","Crops and livestock products","426","Lesotho","5111","Stocks","02122","Sheep","2008","2008","An","1275754","A","Official figure",""
"QCL","Crops and livestock products","426","Lesotho","5111","Stocks","02122","Sheep","2009","2009","An","1241960","A","Official figure",""
"QCL","Crops and livestock products","426","Lesotho","5111","Stocks","02122","Sheep","2010","2010","An","1228558","A","Official figure",""
"QCL","Crops and livestock products","426","Lesotho","5111","Stocks","02122","Sheep","2011","2011","An","1215000","E","Estimated value",""
"QCL","Crops and livestock products","426","Lesotho","5111","Stocks","02122","Sheep","2012","2012","An","1220000","E","Estimated value",""
"QCL","Crops and livestock products","426","Lesotho","5111","Stocks","02122","Sheep","2013","2013","An","1410013","A","Official figure",""
"QCL","Crops and livestock products","426","Lesotho","5111","Stocks","02122","Sheep","2014","2014","An","1346596","A","Official figure",""
"QCL","Crops and livestock products","426","Lesotho","5111","Stocks","02122","Sheep","2015","2015","An","1356485","A","Official figure",""
"QCL","Crops and livestock products","426","Lesotho","5111","Stocks","02122","Sheep","2016","2016","An","1432065","A","Official figure",""
"QCL","Crops and livestock products","426","Lesotho","5111","Stocks","02122","Sheep","2017","2017","An","2041479","A","Official figure",""
"QCL","Crops and livestock products","426","Lesotho","5111","Stocks","02122","Sheep","2018","2018","An","1613370","A","Official figure",""
"QCL","Crops and livestock products","426","Lesotho","5111","Stocks","02122","Sheep","2019","2019","An","1539855","A","Official figure",""
"QCL","Crops and livestock products","426","Lesotho","5111","Stocks","02122","Sheep","2020","2020","An","626668","A","Official figure",""
"QCL","Crops and livestock products","426","Lesotho","5111","Stocks","02122","Sheep","2021","2021","An","1397997","A","Official figure",""
"QCL","Crops and livestock products","426","Lesotho","5111","Stocks","02122","Sheep","2022","2022","An","2377809","A","Official figure",""
"QCL","Crops and livestock products","426","Lesotho","5111","Stocks","02122","Sheep","2023","2023","An","1965660","A","Official figure",""
"QCL","Crops and livestock products","426","Lesotho","5111","Stocks","02122","Sheep","2024","2024","An","1913822","E","Estimated value",""
"QCL","Crops and livestock products","430","Liberia","5111","Stocks","02111","Cattle","2005","2005","An","36000","E","Estimated value",""
"QCL","Crops and livestock products","430","Liberia","5111","Stocks","02111","Cattle","2006","2006","An","37000","E","Estimated value",""
"QCL","Crops and livestock products","430","Liberia","5111","Stocks","02111","Cattle","2007","2007","An","38000","E","Estimated value",""
"QCL","Crops and livestock products","430","Liberia","5111","Stocks","02111","Cattle","2008","2008","An","38500","E","Estimated value",""
"QCL","Crops and livestock products","430","Liberia","5111","Stocks","02111","Cattle","2009","2009","An","39000","E","Estimated value",""
"QCL","Crops and livestock products","430","Liberia","5111","Stocks","02111","Cattle","2010","2010","An","39500","E","Estimated value",""
"QCL","Crops and livestock products","430","Liberia","5111","Stocks","02111","Cattle","2011","2011","An","39800","E","Estimated value",""
"QCL","Crops and livestock products","430","Liberia","5111","Stocks","02111","Cattle","2012","2012","An","40000","E","Estimated value",""
"QCL","Crops and livestock products","430","Liberia","5111","Stocks","02111","Cattle","2013","2013","An","42000","E","Estimated value",""
"QCL","Crops and livestock products","430","Liberia","5111","Stocks","02111","Cattle","2014","2014","An","43000","E","Estimated value",""
"QCL","Crops and livestock products","430","Liberia","5111","Stocks","02111","Cattle","2015","2015","An","44244","I","Value imputed by a receiving agency",""
"QCL","Crops and livestock products","430","Liberia","5111","Stocks","02111","Cattle","2016","2016","An","42932","E","Estimated value",""
"QCL","Crops and livestock products","430","Liberia","5111","Stocks","02111","Cattle","2017","2017","An","42639","I","Value imputed by a receiving agency",""
"QCL","Crops and livestock products","430","Liberia","5111","Stocks","02111","Cattle","2018","2018","An","42494","I","Value imputed by a receiving agency",""
"QCL","Crops and livestock products","430","Liberia","5111","Stocks","02111","Cattle","2019","2019","An","42353","I","Value imputed by a receiving agency",""
"QCL","Crops and livestock products","430","Liberia","5111","Stocks","02111","Cattle","2020","2020","An","42269","I","Value imputed by a receiving agency",""
"QCL","Crops and livestock products","430","Liberia","5111","Stocks","02111","Cattle","2021","2021","An","42917","I","Value imputed by a receiving agency",""
"QCL","Crops and livestock products","430","Liberia","5111","Stocks","02111","Cattle","2022","2022","An","43028","I","Value imputed by a receiving agency",""
"QCL","Crops and livestock products","430","Liberia","5111","Stocks","02111","Cattle","2023","2023","An","43147","I","Value imputed by a receiving agency",""
"QCL","Crops and livestock products","430","Liberia","5111","Stocks","02111","Cattle","2024","2024","An","43270","I","Value imputed by a receiving agency",""
"QCL","Crops and livestock products","430","Liberia","5112","Stocks","02151","Chickens","2005","2005","1000 An","5300","E","Estimated value",""
"QCL","Crops and livestock products","430","Liberia","5112","Stocks","02151","Chickens","2006","2006","1000 An","5600","E","Estimated value",""
"QCL","Crops and livestock products","430","Liberia","5112","Stocks","02151","Chickens","2007","2007","1000 An","5920","E","Estimated value",""
"QCL","Crops and livestock products","430","Liberia","5112","Stocks","02151","Chickens","2008","2008","1000 An","6250","E","Estimated value",""
"QCL","Crops and livestock products","430","Liberia","5112","Stocks","02151","Chickens","2009","2009","1000 An","6500","E","Estimated value",""
"QCL","Crops and livestock products","430","Liberia","5112","Stocks","02151","Chickens","2010","2010","1000 An","6800","E","Estimated value",""
"QCL","Crops and livestock products","430","Liberia","5112","Stocks","02151","Chickens","2011","2011","1000 An","7100","E","Estimated value",""
"QCL","Crops and livestock products","430","Liberia","5112","Stocks","02151","Chickens","2012","2012","1000 An","7300","E","Estimated value",""
"QCL","Crops and livestock products","430","Liberia","5112","Stocks","02151","Chickens","2013","2013","1000 An","7600","E","Estimated value",""
"QCL","Crops and livestock products","430","Liberia","5112","Stocks","02151","Chickens","2014","2014","1000 An","7600","E","Estimated value",""
"QCL","Crops and livestock products","430","Liberia","5112","Stocks","02151","Chickens","2015","2015","1000 An","7684","I","Value imputed by a receiving agency",""
"QCL","Crops and livestock products","430","Liberia","5112","Stocks","02151","Chickens","2016","2016","1000 An","7779","I","Value imputed by a receiving agency",""
"QCL","Crops and livestock products","430","Liberia","5112","Stocks","02151","Chickens","2017","2017","1000 An","7875","I","Value imputed by a receiving agency",""
"QCL","Crops and livestock products","430","Liberia","5112","Stocks","02151","Chickens","2018","2018","1000 An","7977","I","Value imputed by a receiving agency",""
"QCL","Crops and livestock products","430","Liberia","5112","Stocks","02151","Chickens","2019","2019","1000 An","8077","I","Value imputed by a receiving agency",""
"QCL","Crops and livestock products","430","Liberia","5112","Stocks","02151","Chickens","2020","2020","1000 An","8174","I","Value imputed by a receiving agency",""
"QCL","Crops and livestock products","430","Liberia","5112","Stocks","02151","Chickens","2021","2021","1000 An","8276","I","Value imputed by a receiving agency",""
"QCL","Crops and livestock products","430","Liberia","5112","Stocks","02151","Chickens","2022","2022","1000 An","8369","I","Value imputed by a receiving agency",""
"QCL","Crops and livestock products","430","Liberia","5112","Stocks","02151","Chickens","2023","2023","1000 An","8272","E","Estimated value",""
"QCL","Crops and livestock products","430","Liberia","5112","Stocks","02151","Chickens","2024","2024","1000 An","8370","E","Estimated value",""
"QCL","Crops and livestock products","430","Liberia","5111","Stocks","02123","Goats","2005","2005","An","220000","E","Estimated value",""
"QCL","Crops and livestock products","430","Liberia","5111","Stocks","02123","Goats","2006","2006","An","240000","E","Estimated value",""
"QCL","Crops and livestock products","430","Liberia","5111","Stocks","02123","Goats","2007","2007","An","261600","E","Estimated value",""
"QCL","Crops and livestock products","430","Liberia","5111","Stocks","02123","Goats","2008","2008","An","285000","E","Estimated value",""
"QCL","Crops and livestock products","430","Liberia","5111","Stocks","02123","Goats","2009","2009","An","310500","E","Estimated value",""
"QCL","Crops and livestock products","430","Liberia","5111","Stocks","02123","Goats","2010","2010","An","338300","E","Estimated value",""
"QCL","Crops and livestock products","430","Liberia","5111","Stocks","02123","Goats","2011","2011","An","340000","E","Estimated value",""
"QCL","Crops and livestock products","430","Liberia","5111","Stocks","02123","Goats","2012","2012","An","342000","E","Estimated value",""
"QCL","Crops and livestock products","430","Liberia","5111","Stocks","02123","Goats","2013","2013","An","345000","E","Estimated value",""
"QCL","Crops and livestock products","430","Liberia","5111","Stocks","02123","Goats","2014","2014","An","345000","E","Estimated value",""
"QCL","Crops and livestock products","430","Liberia","5111","Stocks","02123","Goats","2015","2015","An","345614","I","Value imputed by a receiving agency",""
"QCL","Crops and livestock products","430","Liberia","5111","Stocks","02123","Goats","2016","2016","An","345932","I","Value imputed by a receiving agency",""
"QCL","Crops and livestock products","430","Liberia","5111","Stocks","02123","Goats","2017","2017","An","346052","I","Value imputed by a receiving agency",""
"QCL","Crops and livestock products","430","Liberia","5111","Stocks","02123","Goats","2018","2018","An","345994","I","Value imputed by a receiving agency",""
"QCL","Crops and livestock products","430","Liberia","5111","Stocks","02123","Goats","2019","2019","An","345901","I","Value imputed by a receiving agency",""
"QCL","Crops and livestock products","430","Liberia","5111","Stocks","02123","Goats","2020","2020","An","345699","I","Value imputed by a receiving agency",""
"QCL","Crops and livestock products","430","Liberia","5111","Stocks","02123","Goats","2021","2021","An","341236","I","Value imputed by a receiving agency",""
"QCL","Crops and livestock products","430","Liberia","5111","Stocks","02123","Goats","2022","2022","An","339823","I","Value imputed by a receiving agency",""
"QCL","Crops and livestock products","430","Liberia","5111","Stocks","02123","Goats","2023","2023","An","338630","I","Value imputed by a receiving agency",""
"QCL","Crops and livestock products","430","Liberia","5111","Stocks","02123","Goats","2024","2024","An","337439","I","Value imputed by a receiving agency",""
"QCL","Crops and livestock products","430","Liberia","5111","Stocks","02122","Sheep","2005","2005","An","210000","E","Estimated value",""
"QCL","Crops and livestock products","430","Liberia","5111","Stocks","02122","Sheep","2006","2006","An","220000","E","Estimated value",""
"QCL","Crops and livestock products","430","Liberia","5111","Stocks","02122","Sheep","2007","2007","An","230340","E","Estimated value",""
"QCL","Crops and livestock products","430","Liberia","5111","Stocks","02122","Sheep","2008","2008","An","241000","E","Estimated value",""
"QCL","Crops and livestock products","430","Liberia","5111","Stocks","02122","Sheep","2009","2009","An","252150","E","Estimated value",""
"QCL","Crops and livestock products","430","Liberia","5111","Stocks","02122","Sheep","2010","2010","An","263750","E","Estimated value",""
"QCL","Crops and livestock products","430","Liberia","5111","Stocks","02122","Sheep","2011","2011","An","268000","E","Estimated value",""
"QCL","Crops and livestock products","430","Liberia","5111","Stocks","02122","Sheep","2012","2012","An","270000","E","Estimated value",""
"QCL","Crops and livestock products","430","Liberia","5111","Stocks","02122","Sheep","2013","2013","An","275000","E","Estimated value",""
"QCL","Crops and livestock products","430","Liberia","5111","Stocks","02122","Sheep","2014","2014","An","276000","E","Estimated value",""
"QCL","Crops and livestock products","430","Liberia","5111","Stocks","02122","Sheep","2015","2015","An","276914","I","Value imputed by a receiving agency",""
"QCL","Crops and livestock products","430","Liberia","5111","Stocks","02122","Sheep","2016","2016","An","278026","I","Value imputed by a receiving agency",""
"QCL","Crops and livestock products","430","Liberia","5111","Stocks","02122","Sheep","2017","2017","An","278531","I","Value imputed by a receiving agency",""
"QCL","Crops and livestock products","430","Liberia","5111","Stocks","02122","Sheep","2018","2018","An","278878","I","Value imputed by a receiving agency",""
"QCL","Crops and livestock products","430","Liberia","5111","Stocks","02122","Sheep","2019","2019","An","279198","I","Value imputed by a receiving agency",""
"QCL","Crops and livestock products","430","Liberia","5111","Stocks","02122","Sheep","2020","2020","An","279469","I","Value imputed by a receiving agency",""
"QCL","Crops and livestock products","430","Liberia","5111","Stocks","02122","Sheep","2021","2021","An","280238","I","Value imputed by a receiving agency",""
"QCL","Crops and livestock products","430","Liberia","5111","Stocks","02122","Sheep","2022","2022","An","280653","I","Value imputed by a receiving agency",""
"QCL","Crops and livestock products","430","Liberia","5111","Stocks","02122","Sheep","2023","2023","An","281174","I","Value imputed by a receiving agency",""
"QCL","Crops and livestock products","430","Liberia","5111","Stocks","02122","Sheep","2024","2024","An","281696","I","Value imputed by a receiving agency",""
"QCL","Crops and livestock products","434","Libya","5111","Stocks","02111","Cattle","2005","2005","An","150000","E","Estimated value",""
"QCL","Crops and livestock products","434","Libya","5111","Stocks","02111","Cattle","2006","2006","An","185000","A","Official figure",""
"QCL","Crops and livestock products","434","Libya","5111","Stocks","02111","Cattle","2007","2007","An","185000","A","Official figure",""
"QCL","Crops and livestock products","434","Libya","5111","Stocks","02111","Cattle","2008","2008","An","185000","A","Official figure",""
"QCL","Crops and livestock products","434","Libya","5111","Stocks","02111","Cattle","2009","2009","An","190000","X","Figure from external organization","Unofficial figure"
"QCL","Crops and livestock products","434","Libya","5111","Stocks","02111","Cattle","2010","2010","An","195000","X","Figure from external organization","Unofficial figure"
"QCL","Crops and livestock products","434","Libya","5111","Stocks","02111","Cattle","2011","2011","An","197000","E","Estimated value",""
"QCL","Crops and livestock products","434","Libya","5111","Stocks","02111","Cattle","2012","2012","An","198000","E","Estimated value",""
"QCL","Crops and livestock products","434","Libya","5111","Stocks","02111","Cattle","2013","2013","An","198500","E","Estimated value",""
"QCL","Crops and livestock products","434","Libya","5111","Stocks","02111","Cattle","2014","2014","An","200000","E","Estimated value",""
"QCL","Crops and livestock products","434","Libya","5111","Stocks","02111","Cattle","2015","2015","An","201376","I","Value imputed by a receiving agency",""
"QCL","Crops and livestock products","434","Libya","5111","Stocks","02111","Cattle","2016","2016","An","202849","I","Value imputed by a receiving agency",""
"QCL","Crops and livestock products","434","Libya","5111","Stocks","02111","Cattle","2017","2017","An","204196","I","Value imputed by a receiving agency",""
"QCL","Crops and livestock products","434","Libya","5111","Stocks","02111","Cattle","2018","2018","An","225140","A","Official figure",""
"QCL","Crops and livestock products","434","Libya","5111","Stocks","02111","Cattle","2019","2019","An","229890","A","Official figure",""
"QCL","Crops and livestock products","434","Libya","5111","Stocks","02111","Cattle","2020","2020","An","218260","A","Official figure",""
"QCL","Crops and livestock products","434","Libya","5111","Stocks","02111","Cattle","2021","2021","An","199610","A","Official figure",""
"QCL","Crops and livestock products","434","Libya","5111","Stocks","02111","Cattle","2022","2022","An","215920","E","Estimated value",""
"QCL","Crops and livestock products","434","Libya","5111","Stocks","02111","Cattle","2023","2023","An","211263","E","Estimated value",""
"QCL","Crops and livestock products","434","Libya","5111","Stocks","02111","Cattle","2024","2024","An","208931","E","Estimated value",""
"QCL","Crops and livestock products","434","Libya","5112","Stocks","02151","Chickens","2005","2005","1000 An","25000","E","Estimated value",""
"QCL","Crops and livestock products","434","Libya","5112","Stocks","02151","Chickens","2006","2006","1000 An","24000","E","Estimated value",""
"QCL","Crops and livestock products","434","Libya","5112","Stocks","02151","Chickens","2007","2007","1000 An","30600","E","Estimated value",""
"QCL","Crops and livestock products","434","Libya","5112","Stocks","02151","Chickens","2008","2008","1000 An","31000","E","Estimated value",""
"QCL","Crops and livestock products","434","Libya","5112","Stocks","02151","Chickens","2009","2009","1000 An","32000","E","Estimated value",""
"QCL","Crops and livestock products","434","Libya","5112","Stocks","02151","Chickens","2010","2010","1000 An","33000","E","Estimated value",""
"QCL","Crops and livestock products","434","Libya","5112","Stocks","02151","Chickens","2011","2011","1000 An","34000","E","Estimated value",""
"QCL","Crops and livestock products","434","Libya","5112","Stocks","02151","Chickens","2012","2012","1000 An","34500","E","Estimated value",""
"QCL","Crops and livestock products","434","Libya","5112","Stocks","02151","Chickens","2013","2013","1000 An","34850","E","Estimated value",""
"QCL","Crops and livestock products","434","Libya","5112","Stocks","02151","Chickens","2014","2014","1000 An","34000","E","Estimated value",""
"QCL","Crops and livestock products","434","Libya","5112","Stocks","02151","Chickens","2015","2015","1000 An","33784","I","Value imputed by a receiving agency",""
"QCL","Crops and livestock products","434","Libya","5112","Stocks","02151","Chickens","2016","2016","1000 An","34170","I","Value imputed by a receiving agency",""
"QCL","Crops and livestock products","434","Libya","5112","Stocks","02151","Chickens","2017","2017","1000 An","34789","I","Value imputed by a receiving agency",""
"QCL","Crops and livestock products","434","Libya","5112","Stocks","02151","Chickens","2018","2018","1000 An","36170","A","Official figure",""
"QCL","Crops and livestock products","434","Libya","5112","Stocks","02151","Chickens","2019","2019","1000 An","36550","A","Official figure",""
"QCL","Crops and livestock products","434","Libya","5112","Stocks","02151","Chickens","2020","2020","1000 An","36550","A","Official figure",""
"QCL","Crops and livestock products","434","Libya","5112","Stocks","02151","Chickens","2021","2021","1000 An","36160","A","Official figure",""
"QCL","Crops and livestock products","434","Libya","5112","Stocks","02151","Chickens","2022","2022","1000 An","36644","I","Value imputed by a receiving agency",""
"QCL","Crops and livestock products","434","Libya","5112","Stocks","02151","Chickens","2023","2023","1000 An","38218","I","Value imputed by a receiving agency",""
"QCL","Crops and livestock products","434","Libya","5112","Stocks","02151","Chickens","2024","2024","1000 An","38034","I","Value imputed by a receiving agency",""
"QCL","Crops and livestock products","434","Libya","5111","Stocks","02123","Goats","2005","2005","An","2300000","E","Estimated value",""
"QCL","Crops and livestock products","434","Libya","5111","Stocks","02123","Goats","2006","2006","An","2500000","A","Official figure",""
"QCL","Crops and livestock products","434","Libya","5111","Stocks","02123","Goats","2007","2007","An","2500000","A","Official figure",""
"QCL","Crops and livestock products","434","Libya","5111","Stocks","02123","Goats","2008","2008","An","2500000","A","Official figure",""
"QCL","Crops and livestock products","434","Libya","5111","Stocks","02123","Goats","2009","2009","An","2600000","X","Figure from external organization","Unofficial figure"
"QCL","Crops and livestock products","434","Libya","5111","Stocks","02123","Goats","2010","2010","An","2700000","X","Figure from external organization","Unofficial figure"
"QCL","Crops and livestock products","434","Libya","5111","Stocks","02123","Goats","2011","2011","An","2600000","E","Estimated value",""
"QCL","Crops and livestock products","434","Libya","5111","Stocks","02123","Goats","2012","2012","An","2550000","E","Estimated value",""
"QCL","Crops and livestock products","434","Libya","5111","Stocks","02123","Goats","2013","2013","An","2600000","E","Estimated value",""
"QCL","Crops and livestock products","434","Libya","5111","Stocks","02123","Goats","2014","2014","An","2580000","E","Estimated value",""
"QCL","Crops and livestock products","434","Libya","5111","Stocks","02123","Goats","2015","2015","An","2555459","I","Value imputed by a receiving agency",""
"QCL","Crops and livestock products","434","Libya","5111","Stocks","02123","Goats","2016","2016","An","2541346","I","Value imputed by a receiving agency",""
"QCL","Crops and livestock products","434","Libya","5111","Stocks","02123","Goats","2017","2017","An","2535265","I","Value imputed by a receiving agency",""
"QCL","Crops and livestock products","434","Libya","5111","Stocks","02123","Goats","2018","2018","An","2601325","I","Value imputed by a receiving agency",""
"QCL","Crops and livestock products","434","Libya","5111","Stocks","02123","Goats","2019","2019","An","2663800","A","Official figure",""
"QCL","Crops and livestock products","434","Libya","5111","Stocks","02123","Goats","2020","2020","An","2569370","A","Official figure",""
"QCL","Crops and livestock products","434","Libya","5111","Stocks","02123","Goats","2021","2021","An","2636800","A","Official figure",""
"QCL","Crops and livestock products","434","Libya","5111","Stocks","02123","Goats","2022","2022","An","2672710","I","Value imputed by a receiving agency",""
"QCL","Crops and livestock products","434","Libya","5111","Stocks","02123","Goats","2023","2023","An","2726245","I","Value imputed by a receiving agency",""
"QCL","Crops and livestock products","434","Libya","5111","Stocks","02123","Goats","2024","2024","An","2726038","I","Value imputed by a receiving agency",""
"QCL","Crops and livestock products","434","Libya","5111","Stocks","02122","Sheep","2005","2005","An","5500000","E","Estimated value",""
"QCL","Crops and livestock products","434","Libya","5111","Stocks","02122","Sheep","2006","2006","An","6000000","A","Official figure",""
"QCL","Crops and livestock products","434","Libya","5111","Stocks","02122","Sheep","2007","2007","An","6500000","A","Official figure",""
"QCL","Crops and livestock products","434","Libya","5111","Stocks","02122","Sheep","2008","2008","An","6500000","A","Official figure",""
"QCL","Crops and livestock products","434","Libya","5111","Stocks","02122","Sheep","2009","2009","An","6700000","X","Figure from external organization","Unofficial figure"
"QCL","Crops and livestock products","434","Libya","5111","Stocks","02122","Sheep","2010","2010","An","7000000","X","Figure from external organization","Unofficial figure"
"QCL","Crops and livestock products","434","Libya","5111","Stocks","02122","Sheep","2011","2011","An","7100000","E","Estimated value",""
"QCL","Crops and livestock products","434","Libya","5111","Stocks","02122","Sheep","2012","2012","An","7150000","E","Estimated value",""
"QCL","Crops and livestock products","434","Libya","5111","Stocks","02122","Sheep","2013","2013","An","7200000","E","Estimated value",""
"QCL","Crops and livestock products","434","Libya","5111","Stocks","02122","Sheep","2014","2014","An","7150000","E","Estimated value",""
"QCL","Crops and livestock products","434","Libya","5111","Stocks","02122","Sheep","2015","2015","An","7144499","I","Value imputed by a receiving agency",""
"QCL","Crops and livestock products","434","Libya","5111","Stocks","02122","Sheep","2016","2016","An","7166327","I","Value imputed by a receiving agency",""
"QCL","Crops and livestock products","434","Libya","5111","Stocks","02122","Sheep","2017","2017","An","7188245","I","Value imputed by a receiving agency",""
"QCL","Crops and livestock products","434","Libya","5111","Stocks","02122","Sheep","2018","2018","An","7359793","I","Value imputed by a receiving agency",""
"QCL","Crops and livestock products","434","Libya","5111","Stocks","02122","Sheep","2019","2019","An","7562220","A","Official figure",""
"QCL","Crops and livestock products","434","Libya","5111","Stocks","02122","Sheep","2020","2020","An","7453510","A","Official figure",""
"QCL","Crops and livestock products","434","Libya","5111","Stocks","02122","Sheep","2021","2021","An","7378590","A","Official figure",""
"QCL","Crops and livestock products","434","Libya","5111","Stocks","02122","Sheep","2022","2022","An","7374199","I","Value imputed by a receiving agency",""
"QCL","Crops and livestock products","434","Libya","5111","Stocks","02122","Sheep","2023","2023","An","7502613","I","Value imputed by a receiving agency",""
"QCL","Crops and livestock products","434","Libya","5111","Stocks","02122","Sheep","2024","2024","An","7491773","I","Value imputed by a receiving agency",""
"QCL","Crops and livestock products","450","Madagascar","5111","Stocks","02111","Cattle","2005","2005","An","9500139","A","Official figure",""
"QCL","Crops and livestock products","450","Madagascar","5111","Stocks","02111","Cattle","2006","2006","An","9573290","A","Official figure",""
"QCL","Crops and livestock products","450","Madagascar","5111","Stocks","02111","Cattle","2007","2007","An","9647000","A","Official figure",""
"QCL","Crops and livestock products","450","Madagascar","5111","Stocks","02111","Cattle","2008","2008","An","9730000","A","Official figure",""
"QCL","Crops and livestock products","450","Madagascar","5111","Stocks","02111","Cattle","2009","2009","An","9805000","A","Official figure",""
"QCL","Crops and livestock products","450","Madagascar","5111","Stocks","02111","Cattle","2010","2010","An","9881130","A","Official figure",""
"QCL","Crops and livestock products","450","Madagascar","5111","Stocks","02111","Cattle","2011","2011","An","9958000","A","Official figure",""
"QCL","Crops and livestock products","450","Madagascar","5111","Stocks","02111","Cattle","2012","2012","An","10037600","A","Official figure",""
"QCL","Crops and livestock products","450","Madagascar","5111","Stocks","02111","Cattle","2013","2013","An","10030000","E","Estimated value",""
"QCL","Crops and livestock products","450","Madagascar","5111","Stocks","02111","Cattle","2014","2014","An","10198800","A","Official figure",""
"QCL","Crops and livestock products","450","Madagascar","5111","Stocks","02111","Cattle","2015","2015","An","10280300","A","Official figure",""
"QCL","Crops and livestock products","450","Madagascar","5111","Stocks","02111","Cattle","2016","2016","An","10301490","A","Official figure",""
"QCL","Crops and livestock products","450","Madagascar","5111","Stocks","02111","Cattle","2017","2017","An","10322680","A","Official figure",""
"QCL","Crops and livestock products","450","Madagascar","5111","Stocks","02111","Cattle","2018","2018","An","8605900","A","Official figure",""
"QCL","Crops and livestock products","450","Madagascar","5111","Stocks","02111","Cattle","2019","2019","An","8700000","A","Official figure",""
"QCL","Crops and livestock products","450","Madagascar","5111","Stocks","02111","Cattle","2020","2020","An","7963494","I","Value imputed by a receiving agency",""
"QCL","Crops and livestock products","450","Madagascar","5111","Stocks","02111","Cattle","2021","2021","An","7030843","A","Official figure",""
"QCL","Crops and livestock products","450","Madagascar","5111","Stocks","02111","Cattle","2022","2022","An","6320500","A","Official figure",""
"QCL","Crops and livestock products","450","Madagascar","5111","Stocks","02111","Cattle","2023","2023","An","7520290","E","Estimated value",""
"QCL","Crops and livestock products","450","Madagascar","5111","Stocks","02111","Cattle","2024","2024","An","6957211","E","Estimated value",""
"QCL","Crops and livestock products","450","Madagascar","5112","Stocks","02151","Chickens","2005","2005","1000 An","24214","A","Official figure",""
"QCL","Crops and livestock products","450","Madagascar","5112","Stocks","02151","Chickens","2006","2006","1000 An","24727","A","Official figure",""
"QCL","Crops and livestock products","450","Madagascar","5112","Stocks","02151","Chickens","2007","2007","1000 An","25000","E","Estimated value",""
"QCL","Crops and livestock products","450","Madagascar","5112","Stocks","02151","Chickens","2008","2008","1000 An","25500","E","Estimated value",""
"QCL","Crops and livestock products","450","Madagascar","5112","Stocks","02151","Chickens","2009","2009","1000 An","26000","E","Estimated value",""
"QCL","Crops and livestock products","450","Madagascar","5112","Stocks","02151","Chickens","2010","2010","1000 An","26500","E","Estimated value",""
"QCL","Crops and livestock products","450","Madagascar","5112","Stocks","02151","Chickens","2011","2011","1000 An","27000","E","Estimated value",""
"QCL","Crops and livestock products","450","Madagascar","5112","Stocks","02151","Chickens","2012","2012","1000 An","27500","E","Estimated value",""
"QCL","Crops and livestock products","450","Madagascar","5112","Stocks","02151","Chickens","2013","2013","1000 An","27000","E","Estimated value",""
"QCL","Crops and livestock products","450","Madagascar","5112","Stocks","02151","Chickens","2014","2014","1000 An","36326","A","Official figure",""
"QCL","Crops and livestock products","450","Madagascar","5112","Stocks","02151","Chickens","2015","2015","1000 An","37124","A","Official figure",""
"QCL","Crops and livestock products","450","Madagascar","5112","Stocks","02151","Chickens","2016","2016","1000 An","37920","A","Official figure",""
"QCL","Crops and livestock products","450","Madagascar","5112","Stocks","02151","Chickens","2017","2017","1000 An","38717","A","Official figure",""
"QCL","Crops and livestock products","450","Madagascar","5112","Stocks","02151","Chickens","2018","2018","1000 An","39488","A","Official figure",""
"QCL","Crops and livestock products","450","Madagascar","5112","Stocks","02151","Chickens","2019","2019","1000 An","40276","A","Official figure",""
"QCL","Crops and livestock products","450","Madagascar","5112","Stocks","02151","Chickens","2020","2020","1000 An","41161","I","Value imputed by a receiving agency",""
"QCL","Crops and livestock products","450","Madagascar","5112","Stocks","02151","Chickens","2021","2021","1000 An","40482","E","Estimated value",""
"QCL","Crops and livestock products","450","Madagascar","5112","Stocks","02151","Chickens","2022","2022","1000 An","41454","E","Estimated value",""
"QCL","Crops and livestock products","450","Madagascar","5112","Stocks","02151","Chickens","2023","2023","1000 An","42479","E","Estimated value",""
"QCL","Crops and livestock products","450","Madagascar","5112","Stocks","02151","Chickens","2024","2024","1000 An","43553","E","Estimated value",""
"QCL","Crops and livestock products","450","Madagascar","5111","Stocks","02123","Goats","2005","2005","An","1218848","A","Official figure",""
"QCL","Crops and livestock products","450","Madagascar","5111","Stocks","02123","Goats","2006","2006","An","1248900","A","Official figure",""
"QCL","Crops and livestock products","450","Madagascar","5111","Stocks","02123","Goats","2007","2007","An","1279720","A","Official figure",""
"QCL","Crops and livestock products","450","Madagascar","5111","Stocks","02123","Goats","2008","2008","An","1310420","A","Official figure",""
"QCL","Crops and livestock products","450","Madagascar","5111","Stocks","02123","Goats","2009","2009","An","1387020","A","Official figure",""
"QCL","Crops and livestock products","450","Madagascar","5111","Stocks","02123","Goats","2010","2010","An","1419120","A","Official figure",""
"QCL","Crops and livestock products","450","Madagascar","5111","Stocks","02123","Goats","2011","2011","An","1441900","E","Estimated value",""
"QCL","Crops and livestock products","450","Madagascar","5111","Stocks","02123","Goats","2012","2012","An","1473000","E","Estimated value",""
"QCL","Crops and livestock products","450","Madagascar","5111","Stocks","02123","Goats","2013","2013","An","1472000","E","Estimated value",""
"QCL","Crops and livestock products","450","Madagascar","5111","Stocks","02123","Goats","2014","2014","An","1473000","E","Estimated value",""
"QCL","Crops and livestock products","450","Madagascar","5111","Stocks","02123","Goats","2015","2015","An","1561200","E","Estimated value",""
"QCL","Crops and livestock products","450","Madagascar","5111","Stocks","02123","Goats","2016","2016","An","1554500","E","Estimated value",""
"QCL","Crops and livestock products","450","Madagascar","5111","Stocks","02123","Goats","2017","2017","An","1547900","E","Estimated value",""
"QCL","Crops and livestock products","450","Madagascar","5111","Stocks","02123","Goats","2018","2018","An","1450500","A","Official figure",""
"QCL","Crops and livestock products","450","Madagascar","5111","Stocks","02123","Goats","2019","2019","An","1467600","A","Official figure",""
"QCL","Crops and livestock products","450","Madagascar","5111","Stocks","02123","Goats","2020","2020","An","1616494","I","Value imputed by a receiving agency",""
"QCL","Crops and livestock products","450","Madagascar","5111","Stocks","02123","Goats","2021","2021","An","1865000","A","Official figure",""
"QCL","Crops and livestock products","450","Madagascar","5111","Stocks","02123","Goats","2022","2022","An","1963902","A","Official figure",""
"QCL","Crops and livestock products","450","Madagascar","5111","Stocks","02123","Goats","2023","2023","An","1855851","I","Value imputed by a receiving agency",""
"QCL","Crops and livestock products","450","Madagascar","5111","Stocks","02123","Goats","2024","2024","An","1738386","I","Value imputed by a receiving agency",""
"QCL","Crops and livestock products","450","Madagascar","5111","Stocks","02122","Sheep","2005","2005","An","695229","A","Official figure",""
"QCL","Crops and livestock products","450","Madagascar","5111","Stocks","02122","Sheep","2006","2006","An","712400","A","Official figure",""
"QCL","Crops and livestock products","450","Madagascar","5111","Stocks","02122","Sheep","2007","2007","An","729890","A","Official figure",""
"QCL","Crops and livestock products","450","Madagascar","5111","Stocks","02122","Sheep","2008","2008","An","747800","A","Official figure",""
"QCL","Crops and livestock products","450","Madagascar","5111","Stocks","02122","Sheep","2009","2009","An","762740","A","Official figure",""
"QCL","Crops and livestock products","450","Madagascar","5111","Stocks","02122","Sheep","2010","2010","An","780220","A","Official figure",""
"QCL","Crops and livestock products","450","Madagascar","5111","Stocks","02122","Sheep","2011","2011","An","823000","E","Estimated value",""
"QCL","Crops and livestock products","450","Madagascar","5111","Stocks","02122","Sheep","2012","2012","An","840000","E","Estimated value",""
"QCL","Crops and livestock products","450","Madagascar","5111","Stocks","02122","Sheep","2013","2013","An","839000","E","Estimated value",""
"QCL","Crops and livestock products","450","Madagascar","5111","Stocks","02122","Sheep","2014","2014","An","840000","E","Estimated value",""
"QCL","Crops and livestock products","450","Madagascar","5111","Stocks","02122","Sheep","2015","2015","An","858300","E","Estimated value",""
"QCL","Crops and livestock products","450","Madagascar","5111","Stocks","02122","Sheep","2016","2016","An","854700","E","Estimated value",""
"QCL","Crops and livestock products","450","Madagascar","5111","Stocks","02122","Sheep","2017","2017","An","851000","E","Estimated value",""
"QCL","Crops and livestock products","450","Madagascar","5111","Stocks","02122","Sheep","2018","2018","An","841270","A","Official figure",""
"QCL","Crops and livestock products","450","Madagascar","5111","Stocks","02122","Sheep","2019","2019","An","856150","A","Official figure",""
"QCL","Crops and livestock products","450","Madagascar","5111","Stocks","02122","Sheep","2020","2020","An","890542","I","Value imputed by a receiving agency",""
"QCL","Crops and livestock products","450","Madagascar","5111","Stocks","02122","Sheep","2021","2021","An","943200","A","Official figure",""
"QCL","Crops and livestock products","450","Madagascar","5111","Stocks","02122","Sheep","2022","2022","An","949012","A","Official figure",""
"QCL","Crops and livestock products","450","Madagascar","5111","Stocks","02122","Sheep","2023","2023","An","945990","I","Value imputed by a receiving agency",""
"QCL","Crops and livestock products","450","Madagascar","5111","Stocks","02122","Sheep","2024","2024","An","925907","I","Value imputed by a receiving agency",""
"QCL","Crops and livestock products","454","Malawi","5111","Stocks","02111","Cattle","2005","2005","An","777846","A","Official figure",""
"QCL","Crops and livestock products","454","Malawi","5111","Stocks","02111","Cattle","2006","2006","An","799017","A","Official figure",""
"QCL","Crops and livestock products","454","Malawi","5111","Stocks","02111","Cattle","2007","2007","An","870622","A","Official figure",""
"QCL","Crops and livestock products","454","Malawi","5111","Stocks","02111","Cattle","2008","2008","An","947498","A","Official figure",""
"QCL","Crops and livestock products","454","Malawi","5111","Stocks","02111","Cattle","2009","2009","An","982921","A","Official figure",""
"QCL","Crops and livestock products","454","Malawi","5111","Stocks","02111","Cattle","2010","2010","An","1069854","A","Official figure",""
"QCL","Crops and livestock products","454","Malawi","5111","Stocks","02111","Cattle","2011","2011","An","1110560","A","Official figure",""
"QCL","Crops and livestock products","454","Malawi","5111","Stocks","02111","Cattle","2012","2012","An","1164438","A","Official figure",""
"QCL","Crops and livestock products","454","Malawi","5111","Stocks","02111","Cattle","2013","2013","An","1241744","A","Official figure",""
"QCL","Crops and livestock products","454","Malawi","5111","Stocks","02111","Cattle","2014","2014","An","1316799","A","Official figure",""
"QCL","Crops and livestock products","454","Malawi","5111","Stocks","02111","Cattle","2015","2015","An","1398376","A","Official figure",""
"QCL","Crops and livestock products","454","Malawi","5111","Stocks","02111","Cattle","2016","2016","An","1470895","A","Official figure",""
"QCL","Crops and livestock products","454","Malawi","5111","Stocks","02111","Cattle","2017","2017","An","1508299","A","Official figure",""
"QCL","Crops and livestock products","454","Malawi","5111","Stocks","02111","Cattle","2018","2018","An","1655517","A","Official figure",""
"QCL","Crops and livestock products","454","Malawi","5111","Stocks","02111","Cattle","2019","2019","An","1867034","A","Official figure",""
"QCL","Crops and livestock products","454","Malawi","5111","Stocks","02111","Cattle","2020","2020","An","1946033","A","Official figure",""
"QCL","Crops and livestock products","454","Malawi","5111","Stocks","02111","Cattle","2021","2021","An","1959101","A","Official figure",""
"QCL","Crops and livestock products","454","Malawi","5111","Stocks","02111","Cattle","2022","2022","An","2054208","A","Official figure",""
"QCL","Crops and livestock products","454","Malawi","5111","Stocks","02111","Cattle","2023","2023","An","2187583","A","Official figure",""
"QCL","Crops and livestock products","454","Malawi","5111","Stocks","02111","Cattle","2024","2024","An","2307952","I","Value imputed by a receiving agency",""
"QCL","Crops and livestock products","454","Malawi","5112","Stocks","02151","Chickens","2005","2005","1000 An","15600","E","Estimated value",""
"QCL","Crops and livestock products","454","Malawi","5112","Stocks","02151","Chickens","2006","2006","1000 An","15200","E","Estimated value",""
"QCL","Crops and livestock products","454","Malawi","5112","Stocks","02151","Chickens","2007","2007","1000 An","15300","E","Estimated value",""
"QCL","Crops and livestock products","454","Malawi","5112","Stocks","02151","Chickens","2008","2008","1000 An","15500","E","Estimated value",""
"QCL","Crops and livestock products","454","Malawi","5112","Stocks","02151","Chickens","2009","2009","1000 An","15700","E","Estimated value",""
"QCL","Crops and livestock products","454","Malawi","5112","Stocks","02151","Chickens","2010","2010","1000 An","16000","E","Estimated value",""
"QCL","Crops and livestock products","454","Malawi","5112","Stocks","02151","Chickens","2011","2011","1000 An","16500","E","Estimated value",""
"QCL","Crops and livestock products","454","Malawi","5112","Stocks","02151","Chickens","2012","2012","1000 An","17000","E","Estimated value",""
"QCL","Crops and livestock products","454","Malawi","5112","Stocks","02151","Chickens","2013","2013","1000 An","17200","E","Estimated value",""
"QCL","Crops and livestock products","454","Malawi","5112","Stocks","02151","Chickens","2014","2014","1000 An","18000","E","Estimated value",""
"QCL","Crops and livestock products","454","Malawi","5112","Stocks","02151","Chickens","2015","2015","1000 An","18081","I","Value imputed by a receiving agency",""
"QCL","Crops and livestock products","454","Malawi","5112","Stocks","02151","Chickens","2016","2016","1000 An","18300","I","Value imputed by a receiving agency",""
"QCL","Crops and livestock products","454","Malawi","5112","Stocks","02151","Chickens","2017","2017","1000 An","18538","I","Value imputed by a receiving agency",""
"QCL","Crops and livestock products","454","Malawi","5112","Stocks","02151","Chickens","2018","2018","1000 An","18846","I","Value imputed by a receiving agency",""
"QCL","Crops and livestock products","454","Malawi","5112","Stocks","02151","Chickens","2019","2019","1000 An","19151","I","Value imputed by a receiving agency",""
"QCL","Crops and livestock products","454","Malawi","5112","Stocks","02151","Chickens","2020","2020","1000 An","19467","I","Value imputed by a receiving agency",""
"QCL","Crops and livestock products","454","Malawi","5112","Stocks","02151","Chickens","2021","2021","1000 An","19754","I","Value imputed by a receiving agency",""
"QCL","Crops and livestock products","454","Malawi","5112","Stocks","02151","Chickens","2022","2022","1000 An","19453","E","Estimated value",""
"QCL","Crops and livestock products","454","Malawi","5112","Stocks","02151","Chickens","2023","2023","1000 An","19748","E","Estimated value",""
"QCL","Crops and livestock products","454","Malawi","5112","Stocks","02151","Chickens","2024","2024","1000 An","20039","E","Estimated value",""
"QCL","Crops and livestock products","454","Malawi","5111","Stocks","02123","Goats","2005","2005","An","1961080","A","Official figure",""
"QCL","Crops and livestock products","454","Malawi","5111","Stocks","02123","Goats","2006","2006","An","2301349","A","Official figure",""
"QCL","Crops and livestock products","454","Malawi","5111","Stocks","02123","Goats","2007","2007","An","2720126","A","Official figure",""
"QCL","Crops and livestock products","454","Malawi","5111","Stocks","02123","Goats","2008","2008","An","3106271","A","Official figure",""
"QCL","Crops and livestock products","454","Malawi","5111","Stocks","02123","Goats","2009","2009","An","3480473","A","Official figure",""
"QCL","Crops and livestock products","454","Malawi","5111","Stocks","02123","Goats","2010","2010","An","3893922","A","Official figure",""
"QCL","Crops and livestock products","454","Malawi","5111","Stocks","02123","Goats","2011","2011","An","4442907","A","Official figure",""
"QCL","Crops and livestock products","454","Malawi","5111","Stocks","02123","Goats","2012","2012","An","4929808","A","Official figure",""
"QCL","Crops and livestock products","454","Malawi","5111","Stocks","02123","Goats","2013","2013","An","5356545","A","Official figure",""
"QCL","Crops and livestock products","454","Malawi","5111","Stocks","02123","Goats","2014","2014","An","5882106","A","Official figure",""
"QCL","Crops and livestock products","454","Malawi","5111","Stocks","02123","Goats","2015","2015","An","6545306","A","Official figure",""
"QCL","Crops and livestock products","454","Malawi","5111","Stocks","02123","Goats","2016","2016","An","7348361","A","Official figure",""
"QCL","Crops and livestock products","454","Malawi","5111","Stocks","02123","Goats","2017","2017","An","7718938","A","Official figure",""
"QCL","Crops and livestock products","454","Malawi","5111","Stocks","02123","Goats","2018","2018","An","8374006","A","Official figure",""
"QCL","Crops and livestock products","454","Malawi","5111","Stocks","02123","Goats","2019","2019","An","10028678","A","Official figure",""
"QCL","Crops and livestock products","454","Malawi","5111","Stocks","02123","Goats","2020","2020","An","10727448","A","Official figure",""
"QCL","Crops and livestock products","454","Malawi","5111","Stocks","02123","Goats","2021","2021","An","11104382","A","Official figure",""
"QCL","Crops and livestock products","454","Malawi","5111","Stocks","02123","Goats","2022","2022","An","12238382","A","Official figure",""
"QCL","Crops and livestock products","454","Malawi","5111","Stocks","02123","Goats","2023","2023","An","12994613","A","Official figure",""
"QCL","Crops and livestock products","454","Malawi","5111","Stocks","02123","Goats","2024","2024","An","13790630","I","Value imputed by a receiving agency",""
"QCL","Crops and livestock products","454","Malawi","5111","Stocks","02122","Sheep","2005","2005","An","156714","A","Official figure",""
"QCL","Crops and livestock products","454","Malawi","5111","Stocks","02122","Sheep","2006","2006","An","175394","A","Official figure",""
"QCL","Crops and livestock products","454","Malawi","5111","Stocks","02122","Sheep","2007","2007","An","185609","A","Official figure",""
"QCL","Crops and livestock products","454","Malawi","5111","Stocks","02122","Sheep","2008","2008","An","188520","A","Official figure",""
"QCL","Crops and livestock products","454","Malawi","5111","Stocks","02122","Sheep","2009","2009","An","199890","A","Official figure",""
"QCL","Crops and livestock products","454","Malawi","5111","Stocks","02122","Sheep","2010","2010","An","214230","A","Official figure",""
"QCL","Crops and livestock products","454","Malawi","5111","Stocks","02122","Sheep","2011","2011","An","228649","A","Official figure",""
"QCL","Crops and livestock products","454","Malawi","5111","Stocks","02122","Sheep","2012","2012","An","240269","A","Official figure",""
"QCL","Crops and livestock products","454","Malawi","5111","Stocks","02122","Sheep","2013","2013","An","255928","A","Official figure",""
"QCL","Crops and livestock products","454","Malawi","5111","Stocks","02122","Sheep","2014","2014","An","269230","A","Official figure",""
"QCL","Crops and livestock products","454","Malawi","5111","Stocks","02122","Sheep","2015","2015","An","275537","A","Official figure",""
"QCL","Crops and livestock products","454","Malawi","5111","Stocks","02122","Sheep","2016","2016","An","286974","A","Official figure",""
"QCL","Crops and livestock products","454","Malawi","5111","Stocks","02122","Sheep","2017","2017","An","283398","A","Official figure",""
"QCL","Crops and livestock products","454","Malawi","5111","Stocks","02122","Sheep","2018","2018","An","317899","A","Official figure",""
"QCL","Crops and livestock products","454","Malawi","5111","Stocks","02122","Sheep","2019","2019","An","351458","A","Official figure",""
"QCL","Crops and livestock products","454","Malawi","5111","Stocks","02122","Sheep","2020","2020","An","366184","A","Official figure",""
"QCL","Crops and livestock products","454","Malawi","5111","Stocks","02122","Sheep","2021","2021","An","373715","A","Official figure",""
"QCL","Crops and livestock products","454","Malawi","5111","Stocks","02122","Sheep","2022","2022","An","404956","A","Official figure",""
"QCL","Crops and livestock products","454","Malawi","5111","Stocks","02122","Sheep","2023","2023","An","427754","A","Official figure",""
"QCL","Crops and livestock products","454","Malawi","5111","Stocks","02122","Sheep","2024","2024","An","436701","I","Value imputed by a receiving agency",""
"QCL","Crops and livestock products","466","Mali","5111","Stocks","02111","Cattle","2005","2005","An","7450588","A","Official figure",""
"QCL","Crops and livestock products","466","Mali","5111","Stocks","02111","Cattle","2006","2006","An","7532000","A","Official figure",""
"QCL","Crops and livestock products","466","Mali","5111","Stocks","02111","Cattle","2007","2007","An","7904329","A","Official figure",""
"QCL","Crops and livestock products","466","Mali","5111","Stocks","02111","Cattle","2008","2008","An","8141459","A","Official figure",""
"QCL","Crops and livestock products","466","Mali","5111","Stocks","02111","Cattle","2009","2009","An","8395703","A","Official figure",""
"QCL","Crops and livestock products","466","Mali","5111","Stocks","02111","Cattle","2010","2010","An","8896392","A","Official figure",""
"QCL","Crops and livestock products","466","Mali","5111","Stocks","02111","Cattle","2011","2011","An","9163284","A","Official figure",""
"QCL","Crops and livestock products","466","Mali","5111","Stocks","02111","Cattle","2012","2012","An","9438182","A","Official figure",""
"QCL","Crops and livestock products","466","Mali","5111","Stocks","02111","Cattle","2013","2013","An","9721328","A","Official figure",""
"QCL","Crops and livestock products","466","Mali","5111","Stocks","02111","Cattle","2014","2014","An","10012968","A","Official figure",""
"QCL","Crops and livestock products","466","Mali","5111","Stocks","02111","Cattle","2015","2015","An","10313357","A","Official figure",""
"QCL","Crops and livestock products","466","Mali","5111","Stocks","02111","Cattle","2016","2016","An","10941300","A","Official figure",""
"QCL","Crops and livestock products","466","Mali","5111","Stocks","02111","Cattle","2017","2017","An","11415900","A","Official figure",""
"QCL","Crops and livestock products","466","Mali","5111","Stocks","02111","Cattle","2018","2018","An","11758377","A","Official figure",""
"QCL","Crops and livestock products","466","Mali","5111","Stocks","02111","Cattle","2019","2019","An","12111128","A","Official figure",""
"QCL","Crops and livestock products","466","Mali","5111","Stocks","02111","Cattle","2020","2020","An","12474462","A","Official figure",""
"QCL","Crops and livestock products","466","Mali","5111","Stocks","02111","Cattle","2021","2021","An","12848696","A","Official figure",""
"QCL","Crops and livestock products","466","Mali","5111","Stocks","02111","Cattle","2022","2022","An","13234157","A","Official figure",""
"QCL","Crops and livestock products","466","Mali","5111","Stocks","02111","Cattle","2023","2023","An","13631182","A","Official figure",""
"QCL","Crops and livestock products","466","Mali","5111","Stocks","02111","Cattle","2024","2024","An","14040120","A","Official figure",""
"QCL","Crops and livestock products","466","Mali","5112","Stocks","02151","Chickens","2005","2005","1000 An","30000","E","Estimated value",""
"QCL","Crops and livestock products","466","Mali","5112","Stocks","02151","Chickens","2006","2006","1000 An","30000","E","Estimated value",""
"QCL","Crops and livestock products","466","Mali","5112","Stocks","02151","Chickens","2007","2007","1000 An","30000","A","Official figure",""
"QCL","Crops and livestock products","466","Mali","5112","Stocks","02151","Chickens","2008","2008","1000 An","34889","A","Official figure",""
"QCL","Crops and livestock products","466","Mali","5112","Stocks","02151","Chickens","2009","2009","1000 An","35000","A","Official figure",""
"QCL","Crops and livestock products","466","Mali","5112","Stocks","02151","Chickens","2010","2010","1000 An","36750","A","Official figure",""
"QCL","Crops and livestock products","466","Mali","5112","Stocks","02151","Chickens","2011","2011","1000 An","36750","A","Official figure",""
"QCL","Crops and livestock products","466","Mali","5112","Stocks","02151","Chickens","2012","2012","1000 An","35096","A","Official figure",""
"QCL","Crops and livestock products","466","Mali","5112","Stocks","02151","Chickens","2013","2013","1000 An","36850","A","Official figure",""
"QCL","Crops and livestock products","466","Mali","5112","Stocks","02151","Chickens","2014","2014","1000 An","38587","A","Official figure",""
"QCL","Crops and livestock products","466","Mali","5112","Stocks","02151","Chickens","2015","2015","1000 An","38587","A","Official figure",""
"QCL","Crops and livestock products","466","Mali","5112","Stocks","02151","Chickens","2016","2016","1000 An","45000","E","Estimated value",""
"QCL","Crops and livestock products","466","Mali","5112","Stocks","02151","Chickens","2017","2017","1000 An","45000","A","Official figure",""
"QCL","Crops and livestock products","466","Mali","5112","Stocks","02151","Chickens","2018","2018","1000 An","47255","A","Official figure",""
"QCL","Crops and livestock products","466","Mali","5112","Stocks","02151","Chickens","2019","2019","1000 An","49618","A","Official figure",""
"QCL","Crops and livestock products","466","Mali","5112","Stocks","02151","Chickens","2020","2020","1000 An","52098","A","Official figure",""
"QCL","Crops and livestock products","466","Mali","5112","Stocks","02151","Chickens","2021","2021","1000 An","54703","A","Official figure",""
"QCL","Crops and livestock products","466","Mali","5112","Stocks","02151","Chickens","2022","2022","1000 An","57439","A","Official figure",""
"QCL","Crops and livestock products","466","Mali","5112","Stocks","02151","Chickens","2023","2023","1000 An","60310","A","Official figure",""
"QCL","Crops and livestock products","466","Mali","5112","Stocks","02151","Chickens","2024","2024","1000 An","63326","A","Official figure",""
"QCL","Crops and livestock products","466","Mali","5111","Stocks","02123","Goats","2005","2005","An","11970203","A","Official figure",""
"QCL","Crops and livestock products","466","Mali","5111","Stocks","02123","Goats","2006","2006","An","12000000","A","Official figure",""
"QCL","Crops and livestock products","466","Mali","5111","Stocks","02123","Goats","2007","2007","An","13197149","A","Official figure",""
"QCL","Crops and livestock products","466","Mali","5111","Stocks","02123","Goats","2008","2008","An","13593063","A","Official figure",""
"QCL","Crops and livestock products","466","Mali","5111","Stocks","02123","Goats","2009","2009","An","14272716","A","Official figure",""
"QCL","Crops and livestock products","466","Mali","5111","Stocks","02123","Goats","2010","2010","An","15735670","A","Official figure",""
"QCL","Crops and livestock products","466","Mali","5111","Stocks","02123","Goats","2011","2011","An","16522454","A","Official figure",""
"QCL","Crops and livestock products","466","Mali","5111","Stocks","02123","Goats","2012","2012","An","17348576","A","Official figure",""
"QCL","Crops and livestock products","466","Mali","5111","Stocks","02123","Goats","2013","2013","An","18216005","A","Official figure",""
"QCL","Crops and livestock products","466","Mali","5111","Stocks","02123","Goats","2014","2014","An","19126805","A","Official figure",""
"QCL","Crops and livestock products","466","Mali","5111","Stocks","02123","Goats","2015","2015","An","20083145","A","Official figure",""
"QCL","Crops and livestock products","466","Mali","5111","Stocks","02123","Goats","2016","2016","An","22141497","A","Official figure",""
"QCL","Crops and livestock products","466","Mali","5111","Stocks","02123","Goats","2017","2017","An","24023800","A","Official figure",""
"QCL","Crops and livestock products","466","Mali","5111","Stocks","02123","Goats","2018","2018","An","25224990","A","Official figure",""
"QCL","Crops and livestock products","466","Mali","5111","Stocks","02123","Goats","2019","2019","An","26486240","A","Official figure",""
"QCL","Crops and livestock products","466","Mali","5111","Stocks","02123","Goats","2020","2020","An","27810553","A","Official figure",""
"QCL","Crops and livestock products","466","Mali","5111","Stocks","02123","Goats","2021","2021","An","29201079","A","Official figure",""
"QCL","Crops and livestock products","466","Mali","5111","Stocks","02123","Goats","2022","2022","An","30661134","A","Official figure",""
"QCL","Crops and livestock products","466","Mali","5111","Stocks","02123","Goats","2023","2023","An","32194191","A","Official figure",""
"QCL","Crops and livestock products","466","Mali","5111","Stocks","02123","Goats","2024","2024","An","33803901","A","Official figure",""
"QCL","Crops and livestock products","466","Mali","5111","Stocks","02122","Sheep","2005","2005","An","8432418","A","Official figure",""
"QCL","Crops and livestock products","466","Mali","5111","Stocks","02122","Sheep","2006","2006","An","8408000","A","Official figure",""
"QCL","Crops and livestock products","466","Mali","5111","Stocks","02122","Sheep","2007","2007","An","9296741","A","Official figure",""
"QCL","Crops and livestock products","466","Mali","5111","Stocks","02122","Sheep","2008","2008","An","9761578","A","Official figure",""
"QCL","Crops and livestock products","466","Mali","5111","Stocks","02122","Sheep","2009","2009","An","10249657","A","Official figure",""
"QCL","Crops and livestock products","466","Mali","5111","Stocks","02122","Sheep","2010","2010","An","11300247","A","Official figure",""
"QCL","Crops and livestock products","466","Mali","5111","Stocks","02122","Sheep","2011","2011","An","11865259","A","Official figure",""
"QCL","Crops and livestock products","466","Mali","5111","Stocks","02122","Sheep","2012","2012","An","12458522","A","Official figure",""
"QCL","Crops and livestock products","466","Mali","5111","Stocks","02122","Sheep","2013","2013","An","13081448","A","Official figure",""
"QCL","Crops and livestock products","466","Mali","5111","Stocks","02122","Sheep","2014","2014","An","13735521","A","Official figure",""
"QCL","Crops and livestock products","466","Mali","5111","Stocks","02122","Sheep","2015","2015","An","14422297","A","Official figure",""
"QCL","Crops and livestock products","466","Mali","5111","Stocks","02122","Sheep","2016","2016","An","15900300","A","Official figure",""
"QCL","Crops and livestock products","466","Mali","5111","Stocks","02122","Sheep","2017","2017","An","17400000","A","Official figure",""
"QCL","Crops and livestock products","466","Mali","5111","Stocks","02122","Sheep","2018","2018","An","18270000","A","Official figure",""
"QCL","Crops and livestock products","466","Mali","5111","Stocks","02122","Sheep","2019","2019","An","19183500","A","Official figure",""
"QCL","Crops and livestock products","466","Mali","5111","Stocks","02122","Sheep","2020","2020","An","20142677","A","Official figure",""
"QCL","Crops and livestock products","466","Mali","5111","Stocks","02122","Sheep","2021","2021","An","21149809","A","Official figure",""
"QCL","Crops and livestock products","466","Mali","5111","Stocks","02122","Sheep","2022","2022","An","22207300","A","Official figure",""
"QCL","Crops and livestock products","466","Mali","5111","Stocks","02122","Sheep","2023","2023","An","23317665","A","Official figure",""
"QCL","Crops and livestock products","466","Mali","5111","Stocks","02122","Sheep","2024","2024","An","24483549","A","Official figure",""
"QCL","Crops and livestock products","478","Mauritania","5111","Stocks","02111","Cattle","2005","2005","An","1382000","A","Official figure",""
"QCL","Crops and livestock products","478","Mauritania","5111","Stocks","02111","Cattle","2006","2006","An","1700000","E","Estimated value",""
"QCL","Crops and livestock products","478","Mauritania","5111","Stocks","02111","Cattle","2007","2007","An","1397000","A","Official figure",""
"QCL","Crops and livestock products","478","Mauritania","5111","Stocks","02111","Cattle","2008","2008","An","1421000","A","Official figure",""
"QCL","Crops and livestock products","478","Mauritania","5111","Stocks","02111","Cattle","2009","2009","An","1699000","A","Official figure",""
"QCL","Crops and livestock products","478","Mauritania","5111","Stocks","02111","Cattle","2010","2010","An","1701112","A","Official figure",""
"QCL","Crops and livestock products","478","Mauritania","5111","Stocks","02111","Cattle","2011","2011","An","1724797","A","Official figure",""
"QCL","Crops and livestock products","478","Mauritania","5111","Stocks","02111","Cattle","2012","2012","An","1749076","A","Official figure",""
"QCL","Crops and livestock products","478","Mauritania","5111","Stocks","02111","Cattle","2013","2013","An","1773543","A","Official figure",""
"QCL","Crops and livestock products","478","Mauritania","5111","Stocks","02111","Cattle","2014","2014","An","1850000","X","Figure from external organization","Unofficial figure"
"QCL","Crops and livestock products","478","Mauritania","5111","Stocks","02111","Cattle","2015","2015","An","1849000","X","Figure from external organization","Unofficial figure"
"QCL","Crops and livestock products","478","Mauritania","5111","Stocks","02111","Cattle","2016","2016","An","1953000","X","Figure from external organization","Unofficial figure"
"QCL","Crops and livestock products","478","Mauritania","5111","Stocks","02111","Cattle","2017","2017","An","1873677","E","Estimated value",""
"QCL","Crops and livestock products","478","Mauritania","5111","Stocks","02111","Cattle","2018","2018","An","1880390","I","Value imputed by a receiving agency",""
"QCL","Crops and livestock products","478","Mauritania","5111","Stocks","02111","Cattle","2019","2019","An","1916778","I","Value imputed by a receiving agency",""
"QCL","Crops and livestock products","478","Mauritania","5111","Stocks","02111","Cattle","2020","2020","An","1952155","I","Value imputed by a receiving agency",""
"QCL","Crops and livestock products","478","Mauritania","5111","Stocks","02111","Cattle","2021","2021","An","1977421","I","Value imputed by a receiving agency",""
"QCL","Crops and livestock products","478","Mauritania","5111","Stocks","02111","Cattle","2022","2022","An","1943115","E","Estimated value",""
"QCL","Crops and livestock products","478","Mauritania","5111","Stocks","02111","Cattle","2023","2023","An","1969172","E","Estimated value",""
"QCL","Crops and livestock products","478","Mauritania","5111","Stocks","02111","Cattle","2024","2024","An","1992320","E","Estimated value",""
"QCL","Crops and livestock products","478","Mauritania","5112","Stocks","02151","Chickens","2005","2005","1000 An","4200","E","Estimated value",""
"QCL","Crops and livestock products","478","Mauritania","5112","Stocks","02151","Chickens","2006","2006","1000 An","4300","E","Estimated value",""
"QCL","Crops and livestock products","478","Mauritania","5112","Stocks","02151","Chickens","2007","2007","1000 An","4300","E","Estimated value",""
"QCL","Crops and livestock products","478","Mauritania","5112","Stocks","02151","Chickens","2008","2008","1000 An","4300","E","Estimated value",""
"QCL","Crops and livestock products","478","Mauritania","5112","Stocks","02151","Chickens","2009","2009","1000 An","4300","E","Estimated value",""
"QCL","Crops and livestock products","478","Mauritania","5112","Stocks","02151","Chickens","2010","2010","1000 An","4300","E","Estimated value",""
"QCL","Crops and livestock products","478","Mauritania","5112","Stocks","02151","Chickens","2011","2011","1000 An","4400","E","Estimated value",""
"QCL","Crops and livestock products","478","Mauritania","5112","Stocks","02151","Chickens","2012","2012","1000 An","4500","E","Estimated value",""
"QCL","Crops and livestock products","478","Mauritania","5112","Stocks","02151","Chickens","2013","2013","1000 An","4600","E","Estimated value",""
"QCL","Crops and livestock products","478","Mauritania","5112","Stocks","02151","Chickens","2014","2014","1000 An","4600","E","Estimated value",""
"QCL","Crops and livestock products","478","Mauritania","5112","Stocks","02151","Chickens","2015","2015","1000 An","4593","I","Value imputed by a receiving agency",""
"QCL","Crops and livestock products","478","Mauritania","5112","Stocks","02151","Chickens","2016","2016","1000 An","4606","I","Value imputed by a receiving agency",""
"QCL","Crops and livestock products","478","Mauritania","5112","Stocks","02151","Chickens","2017","2017","1000 An","4631","I","Value imputed by a receiving agency",""
"QCL","Crops and livestock products","478","Mauritania","5112","Stocks","02151","Chickens","2018","2018","1000 An","4656","I","Value imputed by a receiving agency",""
"QCL","Crops and livestock products","478","Mauritania","5112","Stocks","02151","Chickens","2019","2019","1000 An","4680","I","Value imputed by a receiving agency",""
"QCL","Crops and livestock products","478","Mauritania","5112","Stocks","02151","Chickens","2020","2020","1000 An","4719","I","Value imputed by a receiving agency",""
"QCL","Crops and livestock products","478","Mauritania","5112","Stocks","02151","Chickens","2021","2021","1000 An","4750","I","Value imputed by a receiving agency",""
"QCL","Crops and livestock products","478","Mauritania","5112","Stocks","02151","Chickens","2022","2022","1000 An","4763","I","Value imputed by a receiving agency",""
"QCL","Crops and livestock products","478","Mauritania","5112","Stocks","02151","Chickens","2023","2023","1000 An","4786","I","Value imputed by a receiving agency",""
"QCL","Crops and livestock products","478","Mauritania","5112","Stocks","02151","Chickens","2024","2024","1000 An","4810","I","Value imputed by a receiving agency",""
"QCL","Crops and livestock products","478","Mauritania","5111","Stocks","02123","Goats","2005","2005","An","5600000","E","Estimated value",""
"QCL","Crops and livestock products","478","Mauritania","5111","Stocks","02123","Goats","2006","2006","An","5600000","A","Official figure",""
"QCL","Crops and livestock products","478","Mauritania","5111","Stocks","02123","Goats","2007","2007","An","5600000","A","Official figure",""
"QCL","Crops and livestock products","478","Mauritania","5111","Stocks","02123","Goats","2008","2008","An","5260628","A","Official figure",""
"QCL","Crops and livestock products","478","Mauritania","5111","Stocks","02123","Goats","2009","2009","An","5523659","A","Official figure",""
"QCL","Crops and livestock products","478","Mauritania","5111","Stocks","02123","Goats","2010","2010","An","5799842","A","Official figure",""
"QCL","Crops and livestock products","478","Mauritania","5111","Stocks","02123","Goats","2011","2011","An","6089834","A","Official figure",""
"QCL","Crops and livestock products","478","Mauritania","5111","Stocks","02123","Goats","2012","2012","An","6399326","A","Official figure",""
"QCL","Crops and livestock products","478","Mauritania","5111","Stocks","02123","Goats","2013","2013","An","6714042","A","Official figure",""
"QCL","Crops and livestock products","478","Mauritania","5111","Stocks","02123","Goats","2014","2014","An","7080000","X","Figure from external organization","Unofficial figure"
"QCL","Crops and livestock products","478","Mauritania","5111","Stocks","02123","Goats","2015","2015","An","7402000","X","Figure from external organization","Unofficial figure"
"QCL","Crops and livestock products","478","Mauritania","5111","Stocks","02123","Goats","2016","2016","An","7058834","E","Estimated value",""
"QCL","Crops and livestock products","478","Mauritania","5111","Stocks","02123","Goats","2017","2017","An","6987379","I","Value imputed by a receiving agency",""
"QCL","Crops and livestock products","478","Mauritania","5111","Stocks","02123","Goats","2018","2018","An","6905432","I","Value imputed by a receiving agency",""
"QCL","Crops and livestock products","478","Mauritania","5111","Stocks","02123","Goats","2019","2019","An","6855131","I","Value imputed by a receiving agency",""
"QCL","Crops and livestock products","478","Mauritania","5111","Stocks","02123","Goats","2020","2020","An","6830805","I","Value imputed by a receiving agency",""
"QCL","Crops and livestock products","478","Mauritania","5111","Stocks","02123","Goats","2021","2021","An","7198365","I","Value imputed by a receiving agency",""
"QCL","Crops and livestock products","478","Mauritania","5111","Stocks","02123","Goats","2022","2022","An","7188153","I","Value imputed by a receiving agency",""
"QCL","Crops and livestock products","478","Mauritania","5111","Stocks","02123","Goats","2023","2023","An","7239981","I","Value imputed by a receiving agency",""
"QCL","Crops and livestock products","478","Mauritania","5111","Stocks","02123","Goats","2024","2024","An","7149823","E","Estimated value",""
"QCL","Crops and livestock products","478","Mauritania","5111","Stocks","02122","Sheep","2005","2005","An","8850000","X","Figure from external organization","Unofficial figure"
"QCL","Crops and livestock products","478","Mauritania","5111","Stocks","02122","Sheep","2006","2006","An","8850000","X","Figure from external organization","Unofficial figure"
"QCL","Crops and livestock products","478","Mauritania","5111","Stocks","02122","Sheep","2007","2007","An","8850000","X","Figure from external organization","Unofficial figure"
"QCL","Crops and livestock products","478","Mauritania","5111","Stocks","02122","Sheep","2008","2008","An","7892567","A","Official figure",""
"QCL","Crops and livestock products","478","Mauritania","5111","Stocks","02122","Sheep","2009","2009","An","8287195","A","Official figure",""
"QCL","Crops and livestock products","478","Mauritania","5111","Stocks","02122","Sheep","2010","2010","An","8701555","A","Official figure",""
"QCL","Crops and livestock products","478","Mauritania","5111","Stocks","02122","Sheep","2011","2011","An","9136633","A","Official figure",""
"QCL","Crops and livestock products","478","Mauritania","5111","Stocks","02122","Sheep","2012","2012","An","9693464","A","Official figure",""
"QCL","Crops and livestock products","478","Mauritania","5111","Stocks","02122","Sheep","2013","2013","An","10073318","A","Official figure",""
"QCL","Crops and livestock products","478","Mauritania","5111","Stocks","02122","Sheep","2014","2014","An","9150000","X","Figure from external organization","Unofficial figure"
"QCL","Crops and livestock products","478","Mauritania","5111","Stocks","02122","Sheep","2015","2015","An","11106000","X","Figure from external organization","Unofficial figure"
"QCL","Crops and livestock products","478","Mauritania","5111","Stocks","02122","Sheep","2016","2016","An","10224152","E","Estimated value",""
"QCL","Crops and livestock products","478","Mauritania","5111","Stocks","02122","Sheep","2017","2017","An","10534752","I","Value imputed by a receiving agency",""
"QCL","Crops and livestock products","478","Mauritania","5111","Stocks","02122","Sheep","2018","2018","An","10576752","I","Value imputed by a receiving agency",""
"QCL","Crops and livestock products","478","Mauritania","5111","Stocks","02122","Sheep","2019","2019","An","10840008","I","Value imputed by a receiving agency",""
"QCL","Crops and livestock products","478","Mauritania","5111","Stocks","02122","Sheep","2020","2020","An","10988830","I","Value imputed by a receiving agency",""
"QCL","Crops and livestock products","478","Mauritania","5111","Stocks","02122","Sheep","2021","2021","An","11137471","I","Value imputed by a receiving agency",""
"QCL","Crops and livestock products","478","Mauritania","5111","Stocks","02122","Sheep","2022","2022","An","11181479","I","Value imputed by a receiving agency",""
"QCL","Crops and livestock products","478","Mauritania","5111","Stocks","02122","Sheep","2023","2023","An","11090055","E","Estimated value",""
"QCL","Crops and livestock products","478","Mauritania","5111","Stocks","02122","Sheep","2024","2024","An","11208099","E","Estimated value",""
"QCL","Crops and livestock products","480","Mauritius","5111","Stocks","02111","Cattle","2005","2005","An","6700","E","Estimated value",""
"QCL","Crops and livestock products","480","Mauritius","5111","Stocks","02111","Cattle","2006","2006","An","6934","A","Official figure",""
"QCL","Crops and livestock products","480","Mauritius","5111","Stocks","02111","Cattle","2007","2007","An","7203","A","Official figure",""
"QCL","Crops and livestock products","480","Mauritius","5111","Stocks","02111","Cattle","2008","2008","An","7327","A","Official figure",""
"QCL","Crops and livestock products","480","Mauritius","5111","Stocks","02111","Cattle","2009","2009","An","7237","A","Official figure",""
"QCL","Crops and livestock products","480","Mauritius","5111","Stocks","02111","Cattle","2010","2010","An","7491","A","Official figure",""
"QCL","Crops and livestock products","480","Mauritius","5111","Stocks","02111","Cattle","2011","2011","An","6596","A","Official figure",""
"QCL","Crops and livestock products","480","Mauritius","5111","Stocks","02111","Cattle","2012","2012","An","7302","A","Official figure",""
"QCL","Crops and livestock products","480","Mauritius","5111","Stocks","02111","Cattle","2013","2013","An","7240","A","Official figure",""
"QCL","Crops and livestock products","480","Mauritius","5111","Stocks","02111","Cattle","2014","2014","An","6041","A","Official figure",""
"QCL","Crops and livestock products","480","Mauritius","5111","Stocks","02111","Cattle","2015","2015","An","5898","A","Official figure",""
"QCL","Crops and livestock products","480","Mauritius","5111","Stocks","02111","Cattle","2016","2016","An","4533","A","Official figure",""
"QCL","Crops and livestock products","480","Mauritius","5111","Stocks","02111","Cattle","2017","2017","An","3815","A","Official figure",""
"QCL","Crops and livestock products","480","Mauritius","5111","Stocks","02111","Cattle","2018","2018","An","3985","A","Official figure",""
"QCL","Crops and livestock products","480","Mauritius","5111","Stocks","02111","Cattle","2019","2019","An","3484","A","Official figure",""
"QCL","Crops and livestock products","480","Mauritius","5111","Stocks","02111","Cattle","2020","2020","An","4754","A","Official figure",""
"QCL","Crops and livestock products","480","Mauritius","5111","Stocks","02111","Cattle","2021","2021","An","3734","A","Official figure",""
"QCL","Crops and livestock products","480","Mauritius","5111","Stocks","02111","Cattle","2022","2022","An","3512","A","Official figure",""
"QCL","Crops and livestock products","480","Mauritius","5111","Stocks","02111","Cattle","2023","2023","An","3410","A","Official figure",""
"QCL","Crops and livestock products","480","Mauritius","5111","Stocks","02111","Cattle","2024","2024","An","3500","E","Estimated value",""
"QCL","Crops and livestock products","480","Mauritius","5112","Stocks","02151","Chickens","2005","2005","1000 An","10500","E","Estimated value",""
"QCL","Crops and livestock products","480","Mauritius","5112","Stocks","02151","Chickens","2006","2006","1000 An","10850","E","Estimated value",""
"QCL","Crops and livestock products","480","Mauritius","5112","Stocks","02151","Chickens","2007","2007","1000 An","12750","E","Estimated value",""
"QCL","Crops and livestock products","480","Mauritius","5112","Stocks","02151","Chickens","2008","2008","1000 An","13500","E","Estimated value",""
"QCL","Crops and livestock products","480","Mauritius","5112","Stocks","02151","Chickens","2009","2009","1000 An","13650","E","Estimated value",""
"QCL","Crops and livestock products","480","Mauritius","5112","Stocks","02151","Chickens","2010","2010","1000 An","14200","E","Estimated value",""
"QCL","Crops and livestock products","480","Mauritius","5112","Stocks","02151","Chickens","2011","2011","1000 An","14300","E","Estimated value",""
"QCL","Crops and livestock products","480","Mauritius","5112","Stocks","02151","Chickens","2012","2012","1000 An","14600","E","Estimated value",""
"QCL","Crops and livestock products","480","Mauritius","5112","Stocks","02151","Chickens","2013","2013","1000 An","14500","E","Estimated value",""
"QCL","Crops and livestock products","480","Mauritius","5112","Stocks","02151","Chickens","2014","2014","1000 An","14500","E","Estimated value",""
"QCL","Crops and livestock products","480","Mauritius","5112","Stocks","02151","Chickens","2015","2015","1000 An","14694","I","Value imputed by a receiving agency",""
"QCL","Crops and livestock products","480","Mauritius","5112","Stocks","02151","Chickens","2016","2016","1000 An","14925","I","Value imputed by a receiving agency",""
"QCL","Crops and livestock products","480","Mauritius","5112","Stocks","02151","Chickens","2017","2017","1000 An","15215","I","Value imputed by a receiving agency",""
"QCL","Crops and livestock products","480","Mauritius","5112","Stocks","02151","Chickens","2018","2018","1000 An","15525","I","Value imputed by a receiving agency",""
"QCL","Crops and livestock products","480","Mauritius","5112","Stocks","02151","Chickens","2019","2019","1000 An","15837","I","Value imputed by a receiving agency",""
"QCL","Crops and livestock products","480","Mauritius","5112","Stocks","02151","Chickens","2020","2020","1000 An","16123","I","Value imputed by a receiving agency",""
"QCL","Crops and livestock products","480","Mauritius","5112","Stocks","02151","Chickens","2021","2021","1000 An","16194","I","Value imputed by a receiving agency",""
"QCL","Crops and livestock products","480","Mauritius","5112","Stocks","02151","Chickens","2022","2022","1000 An","16277","I","Value imputed by a receiving agency",""
"QCL","Crops and livestock products","480","Mauritius","5112","Stocks","02151","Chickens","2023","2023","1000 An","16417","I","Value imputed by a receiving agency",""
"QCL","Crops and livestock products","480","Mauritius","5112","Stocks","02151","Chickens","2024","2024","1000 An","16557","I","Value imputed by a receiving agency",""
"QCL","Crops and livestock products","480","Mauritius","5111","Stocks","02123","Goats","2005","2005","An","30000","E","Estimated value",""
"QCL","Crops and livestock products","480","Mauritius","5111","Stocks","02123","Goats","2006","2006","An","23734","A","Official figure",""
"QCL","Crops and livestock products","480","Mauritius","5111","Stocks","02123","Goats","2007","2007","An","24805","A","Official figure",""
"QCL","Crops and livestock products","480","Mauritius","5111","Stocks","02123","Goats","2008","2008","An","25994","A","Official figure",""
"QCL","Crops and livestock products","480","Mauritius","5111","Stocks","02123","Goats","2009","2009","An","26014","A","Official figure",""
"QCL","Crops and livestock products","480","Mauritius","5111","Stocks","02123","Goats","2010","2010","An","27819","A","Official figure",""
"QCL","Crops and livestock products","480","Mauritius","5111","Stocks","02123","Goats","2011","2011","An","28176","A","Official figure",""
"QCL","Crops and livestock products","480","Mauritius","5111","Stocks","02123","Goats","2012","2012","An","27430","A","Official figure",""
"QCL","Crops and livestock products","480","Mauritius","5111","Stocks","02123","Goats","2013","2013","An","25702","A","Official figure",""
"QCL","Crops and livestock products","480","Mauritius","5111","Stocks","02123","Goats","2014","2014","An","26558","A","Official figure",""
"QCL","Crops and livestock products","480","Mauritius","5111","Stocks","02123","Goats","2015","2015","An","26809","A","Official figure",""
"QCL","Crops and livestock products","480","Mauritius","5111","Stocks","02123","Goats","2016","2016","An","26959","A","Official figure",""
"QCL","Crops and livestock products","480","Mauritius","5111","Stocks","02123","Goats","2017","2017","An","25618","A","Official figure",""
"QCL","Crops and livestock products","480","Mauritius","5111","Stocks","02123","Goats","2018","2018","An","26026","A","Official figure",""
"QCL","Crops and livestock products","480","Mauritius","5111","Stocks","02123","Goats","2019","2019","An","25831","A","Official figure",""
"QCL","Crops and livestock products","480","Mauritius","5111","Stocks","02123","Goats","2020","2020","An","25782","A","Official figure",""
"QCL","Crops and livestock products","480","Mauritius","5111","Stocks","02123","Goats","2021","2021","An","22142","A","Official figure",""
"QCL","Crops and livestock products","480","Mauritius","5111","Stocks","02123","Goats","2022","2022","An","21608","A","Official figure",""
"QCL","Crops and livestock products","480","Mauritius","5111","Stocks","02123","Goats","2023","2023","An","23924","A","Official figure",""
"QCL","Crops and livestock products","480","Mauritius","5111","Stocks","02123","Goats","2024","2024","An","23038","I","Value imputed by a receiving agency",""
"QCL","Crops and livestock products","480","Mauritius","5111","Stocks","02122","Sheep","2005","2005","An","6469","I","Value imputed by a receiving agency",""
"QCL","Crops and livestock products","480","Mauritius","5111","Stocks","02122","Sheep","2006","2006","An","3412","I","Value imputed by a receiving agency",""
"QCL","Crops and livestock products","480","Mauritius","5111","Stocks","02122","Sheep","2007","2007","An","1600","E","Estimated value",""
"QCL","Crops and livestock products","480","Mauritius","5111","Stocks","02122","Sheep","2008","2008","An","1548","A","Official figure",""
"QCL","Crops and livestock products","480","Mauritius","5111","Stocks","02122","Sheep","2009","2009","An","2023","A","Official figure",""
"QCL","Crops and livestock products","480","Mauritius","5111","Stocks","02122","Sheep","2010","2010","An","2022","A","Official figure",""
"QCL","Crops and livestock products","480","Mauritius","5111","Stocks","02122","Sheep","2011","2011","An","1931","A","Official figure",""
"QCL","Crops and livestock products","480","Mauritius","5111","Stocks","02122","Sheep","2012","2012","An","2211","A","Official figure",""
"QCL","Crops and livestock products","480","Mauritius","5111","Stocks","02122","Sheep","2013","2013","An","2510","A","Official figure",""
"QCL","Crops and livestock products","480","Mauritius","5111","Stocks","02122","Sheep","2014","2014","An","2722","A","Official figure",""
"QCL","Crops and livestock products","480","Mauritius","5111","Stocks","02122","Sheep","2015","2015","An","2752","A","Official figure",""
"QCL","Crops and livestock products","480","Mauritius","5111","Stocks","02122","Sheep","2016","2016","An","2845","A","Official figure",""
"QCL","Crops and livestock products","480","Mauritius","5111","Stocks","02122","Sheep","2017","2017","An","2934","A","Official figure",""
"QCL","Crops and livestock products","480","Mauritius","5111","Stocks","02122","Sheep","2018","2018","An","3806","A","Official figure",""
"QCL","Crops and livestock products","480","Mauritius","5111","Stocks","02122","Sheep","2019","2019","An","4622","A","Official figure",""
"QCL","Crops and livestock products","480","Mauritius","5111","Stocks","02122","Sheep","2020","2020","An","4626","A","Official figure",""
"QCL","Crops and livestock products","480","Mauritius","5111","Stocks","02122","Sheep","2021","2021","An","5034","A","Official figure",""
"QCL","Crops and livestock products","480","Mauritius","5111","Stocks","02122","Sheep","2022","2022","An","4367","A","Official figure",""
"QCL","Crops and livestock products","480","Mauritius","5111","Stocks","02122","Sheep","2023","2023","An","5750","A","Official figure",""
"QCL","Crops and livestock products","480","Mauritius","5111","Stocks","02122","Sheep","2024","2024","An","5050","E","Estimated value",""
"QCL","Crops and livestock products","504","Morocco","5111","Stocks","02111","Cattle","2005","2005","An","2721700","A","Official figure",""
"QCL","Crops and livestock products","504","Morocco","5111","Stocks","02111","Cattle","2006","2006","An","2755100","A","Official figure",""
"QCL","Crops and livestock products","504","Morocco","5111","Stocks","02111","Cattle","2007","2007","An","2781100","A","Official figure",""
"QCL","Crops and livestock products","504","Morocco","5111","Stocks","02111","Cattle","2008","2008","An","2814000","A","Official figure",""
"QCL","Crops and livestock products","504","Morocco","5111","Stocks","02111","Cattle","2009","2009","An","2788100","A","Official figure",""
"QCL","Crops and livestock products","504","Morocco","5111","Stocks","02111","Cattle","2010","2010","An","2895800","A","Official figure",""
"QCL","Crops and livestock products","504","Morocco","5111","Stocks","02111","Cattle","2011","2011","An","3037930","A","Official figure",""
"QCL","Crops and livestock products","504","Morocco","5111","Stocks","02111","Cattle","2012","2012","An","3029180","A","Official figure",""
"QCL","Crops and livestock products","504","Morocco","5111","Stocks","02111","Cattle","2013","2013","An","3172984","A","Official figure",""
"QCL","Crops and livestock products","504","Morocco","5111","Stocks","02111","Cattle","2014","2014","An","3238688","A","Official figure",""
"QCL","Crops and livestock products","504","Morocco","5111","Stocks","02111","Cattle","2015","2015","An","3291050","A","Official figure",""
"QCL","Crops and livestock products","504","Morocco","5111","Stocks","02111","Cattle","2016","2016","An","3300000","A","Official figure",""
"QCL","Crops and livestock products","504","Morocco","5111","Stocks","02111","Cattle","2017","2017","An","3364000","A","Official figure",""
"QCL","Crops and livestock products","504","Morocco","5111","Stocks","02111","Cattle","2018","2018","An","3441000","A","Official figure",""
"QCL","Crops and livestock products","504","Morocco","5111","Stocks","02111","Cattle","2019","2019","An","3328000","A","Official figure",""
"QCL","Crops and livestock products","504","Morocco","5111","Stocks","02111","Cattle","2020","2020","An","3166900","A","Official figure",""
"QCL","Crops and livestock products","504","Morocco","5111","Stocks","02111","Cattle","2021","2021","An","3178876","A","Official figure",""
"QCL","Crops and livestock products","504","Morocco","5111","Stocks","02111","Cattle","2022","2022","An","3100909","A","Official figure",""
"QCL","Crops and livestock products","504","Morocco","5111","Stocks","02111","Cattle","2023","2023","An","2883867","A","Official figure",""
"QCL","Crops and livestock products","504","Morocco","5111","Stocks","02111","Cattle","2024","2024","An","2365210","A","Official figure",""
"QCL","Crops and livestock products","504","Morocco","5112","Stocks","02151","Chickens","2005","2005","1000 An","137000","E","Estimated value",""
"QCL","Crops and livestock products","504","Morocco","5112","Stocks","02151","Chickens","2006","2006","1000 An","150000","E","Estimated value",""
"QCL","Crops and livestock products","504","Morocco","5112","Stocks","02151","Chickens","2007","2007","1000 An","150000","E","Estimated value",""
"QCL","Crops and livestock products","504","Morocco","5112","Stocks","02151","Chickens","2008","2008","1000 An","160000","E","Estimated value",""
"QCL","Crops and livestock products","504","Morocco","5112","Stocks","02151","Chickens","2009","2009","1000 An","165000","E","Estimated value",""
"QCL","Crops and livestock products","504","Morocco","5112","Stocks","02151","Chickens","2010","2010","1000 An","170000","E","Estimated value",""
"QCL","Crops and livestock products","504","Morocco","5112","Stocks","02151","Chickens","2011","2011","1000 An","175000","E","Estimated value",""
"QCL","Crops and livestock products","504","Morocco","5112","Stocks","02151","Chickens","2012","2012","1000 An","180000","E","Estimated value",""
"QCL","Crops and livestock products","504","Morocco","5112","Stocks","02151","Chickens","2013","2013","1000 An","185000","E","Estimated value",""
"QCL","Crops and livestock products","504","Morocco","5112","Stocks","02151","Chickens","2014","2014","1000 An","187000","E","Estimated value",""
"QCL","Crops and livestock products","504","Morocco","5112","Stocks","02151","Chickens","2015","2015","1000 An","191140","I","Value imputed by a receiving agency",""
"QCL","Crops and livestock products","504","Morocco","5112","Stocks","02151","Chickens","2016","2016","1000 An","198160","I","Value imputed by a receiving agency",""
"QCL","Crops and livestock products","504","Morocco","5112","Stocks","02151","Chickens","2017","2017","1000 An","200346","I","Value imputed by a receiving agency",""
"QCL","Crops and livestock products","504","Morocco","5112","Stocks","02151","Chickens","2018","2018","1000 An","204337","I","Value imputed by a receiving agency",""
"QCL","Crops and livestock products","504","Morocco","5112","Stocks","02151","Chickens","2019","2019","1000 An","208328","I","Value imputed by a receiving agency",""
"QCL","Crops and livestock products","504","Morocco","5112","Stocks","02151","Chickens","2020","2020","1000 An","213186","I","Value imputed by a receiving agency",""
"QCL","Crops and livestock products","504","Morocco","5112","Stocks","02151","Chickens","2021","2021","1000 An","219012","I","Value imputed by a receiving agency",""
"QCL","Crops and livestock products","504","Morocco","5112","Stocks","02151","Chickens","2022","2022","1000 An","221822","I","Value imputed by a receiving agency",""
"QCL","Crops and livestock products","504","Morocco","5112","Stocks","02151","Chickens","2023","2023","1000 An","225540","I","Value imputed by a receiving agency",""
"QCL","Crops and livestock products","504","Morocco","5112","Stocks","02151","Chickens","2024","2024","1000 An","233000","E","Estimated value",""
"QCL","Crops and livestock products","504","Morocco","5111","Stocks","02123","Goats","2005","2005","An","5331600","A","Official figure",""
"QCL","Crops and livestock products","504","Morocco","5111","Stocks","02123","Goats","2006","2006","An","5355400","A","Official figure",""
"QCL","Crops and livestock products","504","Morocco","5111","Stocks","02123","Goats","2007","2007","An","5283800","A","Official figure",""
"QCL","Crops and livestock products","504","Morocco","5111","Stocks","02123","Goats","2008","2008","An","5177900","A","Official figure",""
"QCL","Crops and livestock products","504","Morocco","5111","Stocks","02123","Goats","2009","2009","An","5293300","A","Official figure",""
"QCL","Crops and livestock products","504","Morocco","5111","Stocks","02123","Goats","2010","2010","An","5685700","A","Official figure",""
"QCL","Crops and livestock products","504","Morocco","5111","Stocks","02123","Goats","2011","2011","An","5991370","A","Official figure",""
"QCL","Crops and livestock products","504","Morocco","5111","Stocks","02123","Goats","2012","2012","An","5601500","A","Official figure",""
"QCL","Crops and livestock products","504","Morocco","5111","Stocks","02123","Goats","2013","2013","An","5905394","A","Official figure",""
"QCL","Crops and livestock products","504","Morocco","5111","Stocks","02123","Goats","2014","2014","An","6147225","A","Official figure",""
"QCL","Crops and livestock products","504","Morocco","5111","Stocks","02123","Goats","2015","2015","An","6231386","A","Official figure",""
"QCL","Crops and livestock products","504","Morocco","5111","Stocks","02123","Goats","2016","2016","An","5600000","A","Official figure",""
"QCL","Crops and livestock products","504","Morocco","5111","Stocks","02123","Goats","2017","2017","An","5205000","A","Official figure",""
"QCL","Crops and livestock products","504","Morocco","5111","Stocks","02123","Goats","2018","2018","An","5731000","A","Official figure",""
"QCL","Crops and livestock products","504","Morocco","5111","Stocks","02123","Goats","2019","2019","An","5993000","A","Official figure",""
"QCL","Crops and livestock products","504","Morocco","5111","Stocks","02123","Goats","2020","2020","An","5960600","A","Official figure",""
"QCL","Crops and livestock products","504","Morocco","5111","Stocks","02123","Goats","2021","2021","An","6207391","A","Official figure",""
"QCL","Crops and livestock products","504","Morocco","5111","Stocks","02123","Goats","2022","2022","An","6045690","A","Official figure",""
"QCL","Crops and livestock products","504","Morocco","5111","Stocks","02123","Goats","2023","2023","An","5843280","A","Official figure",""
"QCL","Crops and livestock products","504","Morocco","5111","Stocks","02123","Goats","2024","2024","An","5709531","A","Official figure",""
"QCL","Crops and livestock products","504","Morocco","5111","Stocks","02122","Sheep","2005","2005","An","16872000","A","Official figure",""
"QCL","Crops and livestock products","504","Morocco","5111","Stocks","02122","Sheep","2006","2006","An","17259700","A","Official figure",""
"QCL","Crops and livestock products","504","Morocco","5111","Stocks","02122","Sheep","2007","2007","An","16894000","A","Official figure",""
"QCL","Crops and livestock products","504","Morocco","5111","Stocks","02122","Sheep","2008","2008","An","17077700","A","Official figure",""
"QCL","Crops and livestock products","504","Morocco","5111","Stocks","02122","Sheep","2009","2009","An","17006000","A","Official figure",""
"QCL","Crops and livestock products","504","Morocco","5111","Stocks","02122","Sheep","2010","2010","An","18023200","A","Official figure",""
"QCL","Crops and livestock products","504","Morocco","5111","Stocks","02122","Sheep","2011","2011","An","18737340","A","Official figure",""
"QCL","Crops and livestock products","504","Morocco","5111","Stocks","02122","Sheep","2012","2012","An","19006080","A","Official figure",""
"QCL","Crops and livestock products","504","Morocco","5111","Stocks","02122","Sheep","2013","2013","An","18979704","A","Official figure",""
"QCL","Crops and livestock products","504","Morocco","5111","Stocks","02122","Sheep","2014","2014","An","19230835","A","Official figure",""
"QCL","Crops and livestock products","504","Morocco","5111","Stocks","02122","Sheep","2015","2015","An","18509601","A","Official figure",""
"QCL","Crops and livestock products","504","Morocco","5111","Stocks","02122","Sheep","2016","2016","An","19870000","A","Official figure",""
"QCL","Crops and livestock products","504","Morocco","5111","Stocks","02122","Sheep","2017","2017","An","19863000","A","Official figure",""
"QCL","Crops and livestock products","504","Morocco","5111","Stocks","02122","Sheep","2018","2018","An","19880000","A","Official figure",""
"QCL","Crops and livestock products","504","Morocco","5111","Stocks","02122","Sheep","2019","2019","An","21591000","A","Official figure",""
"QCL","Crops and livestock products","504","Morocco","5111","Stocks","02122","Sheep","2020","2020","An","22088800","A","Official figure",""
"QCL","Crops and livestock products","504","Morocco","5111","Stocks","02122","Sheep","2021","2021","An","22726481","A","Official figure",""
"QCL","Crops and livestock products","504","Morocco","5111","Stocks","02122","Sheep","2022","2022","An","21628277","A","Official figure",""
"QCL","Crops and livestock products","504","Morocco","5111","Stocks","02122","Sheep","2023","2023","An","20660585","A","Official figure",""
"QCL","Crops and livestock products","504","Morocco","5111","Stocks","02122","Sheep","2024","2024","An","19892910","A","Official figure",""
"QCL","Crops and livestock products","508","Mozambique","5111","Stocks","02111","Cattle","2005","2005","An","1243000","A","Official figure",""
"QCL","Crops and livestock products","508","Mozambique","5111","Stocks","02111","Cattle","2006","2006","An","1053000","A","Official figure",""
"QCL","Crops and livestock products","508","Mozambique","5111","Stocks","02111","Cattle","2007","2007","An","1308000","A","Official figure",""
"QCL","Crops and livestock products","508","Mozambique","5111","Stocks","02111","Cattle","2008","2008","An","1358000","A","Official figure",""
"QCL","Crops and livestock products","508","Mozambique","5111","Stocks","02111","Cattle","2009","2009","An","1277044","A","Official figure",""
"QCL","Crops and livestock products","508","Mozambique","5111","Stocks","02111","Cattle","2010","2010","An","1277044","A","Official figure",""
"QCL","Crops and livestock products","508","Mozambique","5111","Stocks","02111","Cattle","2011","2011","An","1395433","I","Value imputed by a receiving agency",""
"QCL","Crops and livestock products","508","Mozambique","5111","Stocks","02111","Cattle","2012","2012","An","1541000","A","Official figure",""
"QCL","Crops and livestock products","508","Mozambique","5111","Stocks","02111","Cattle","2013","2013","An","1680000","A","Official figure",""
"QCL","Crops and livestock products","508","Mozambique","5111","Stocks","02111","Cattle","2014","2014","An","1798000","A","Official figure",""
"QCL","Crops and livestock products","508","Mozambique","5111","Stocks","02111","Cattle","2015","2015","An","1682017","A","Official figure",""
"QCL","Crops and livestock products","508","Mozambique","5111","Stocks","02111","Cattle","2016","2016","An","1861346","A","Official figure",""
"QCL","Crops and livestock products","508","Mozambique","5111","Stocks","02111","Cattle","2017","2017","An","1951337","A","Official figure",""
"QCL","Crops and livestock products","508","Mozambique","5111","Stocks","02111","Cattle","2018","2018","An","2381894","A","Official figure",""
"QCL","Crops and livestock products","508","Mozambique","5111","Stocks","02111","Cattle","2019","2019","An","2110191","A","Official figure",""
"QCL","Crops and livestock products","508","Mozambique","5111","Stocks","02111","Cattle","2020","2020","An","2183857","A","Official figure",""
"QCL","Crops and livestock products","508","Mozambique","5111","Stocks","02111","Cattle","2021","2021","An","2219635","A","Official figure",""
"QCL","Crops and livestock products","508","Mozambique","5111","Stocks","02111","Cattle","2022","2022","An","2320248","A","Official figure",""
"QCL","Crops and livestock products","508","Mozambique","5111","Stocks","02111","Cattle","2023","2023","An","2406285","A","Official figure",""
"QCL","Crops and livestock products","508","Mozambique","5111","Stocks","02111","Cattle","2024","2024","An","2467082","A","Official figure",""
"QCL","Crops and livestock products","508","Mozambique","5112","Stocks","02151","Chickens","2005","2005","1000 An","14217","A","Official figure",""
"QCL","Crops and livestock products","508","Mozambique","5112","Stocks","02151","Chickens","2006","2006","1000 An","18080","A","Official figure",""
"QCL","Crops and livestock products","508","Mozambique","5112","Stocks","02151","Chickens","2007","2007","1000 An","17503","A","Official figure",""
"QCL","Crops and livestock products","508","Mozambique","5112","Stocks","02151","Chickens","2008","2008","1000 An","17220","A","Official figure",""
"QCL","Crops and livestock products","508","Mozambique","5112","Stocks","02151","Chickens","2009","2009","1000 An","23922","A","Official figure",""
"QCL","Crops and livestock products","508","Mozambique","5112","Stocks","02151","Chickens","2010","2010","1000 An","23922","A","Official figure",""
"QCL","Crops and livestock products","508","Mozambique","5112","Stocks","02151","Chickens","2011","2011","1000 An","20668","I","Value imputed by a receiving agency",""
"QCL","Crops and livestock products","508","Mozambique","5112","Stocks","02151","Chickens","2012","2012","1000 An","18985","A","Official figure",""
"QCL","Crops and livestock products","508","Mozambique","5112","Stocks","02151","Chickens","2013","2013","1000 An","21958","A","Official figure",""
"QCL","Crops and livestock products","508","Mozambique","5112","Stocks","02151","Chickens","2014","2014","1000 An","18563","I","Value imputed by a receiving agency",""
"QCL","Crops and livestock products","508","Mozambique","5112","Stocks","02151","Chickens","2015","2015","1000 An","14361","A","Official figure",""
"QCL","Crops and livestock products","508","Mozambique","5112","Stocks","02151","Chickens","2016","2016","1000 An","17337","A","Official figure",""
"QCL","Crops and livestock products","508","Mozambique","5112","Stocks","02151","Chickens","2017","2017","1000 An","17528","A","Official figure",""
"QCL","Crops and livestock products","508","Mozambique","5112","Stocks","02151","Chickens","2018","2018","1000 An","15885","A","Official figure",""
"QCL","Crops and livestock products","508","Mozambique","5112","Stocks","02151","Chickens","2019","2019","1000 An","20000","E","Estimated value",""
"QCL","Crops and livestock products","508","Mozambique","5112","Stocks","02151","Chickens","2020","2020","1000 An","20769","A","Official figure",""
"QCL","Crops and livestock products","508","Mozambique","5112","Stocks","02151","Chickens","2021","2021","1000 An","23888","A","Official figure",""
"QCL","Crops and livestock products","508","Mozambique","5112","Stocks","02151","Chickens","2022","2022","1000 An","26877","A","Official figure",""
"QCL","Crops and livestock products","508","Mozambique","5112","Stocks","02151","Chickens","2023","2023","1000 An","19880","A","Official figure",""
"QCL","Crops and livestock products","508","Mozambique","5112","Stocks","02151","Chickens","2024","2024","1000 An","19881","A","Official figure",""
"QCL","Crops and livestock products","508","Mozambique","5111","Stocks","02123","Goats","2005","2005","An","4929000","A","Official figure",""
"QCL","Crops and livestock products","508","Mozambique","5111","Stocks","02123","Goats","2006","2006","An","4255000","A","Official figure",""
"QCL","Crops and livestock products","508","Mozambique","5111","Stocks","02123","Goats","2007","2007","An","4395000","A","Official figure",""
"QCL","Crops and livestock products","508","Mozambique","5111","Stocks","02123","Goats","2008","2008","An","4819000","A","Official figure",""
"QCL","Crops and livestock products","508","Mozambique","5111","Stocks","02123","Goats","2009","2009","An","3907483","A","Official figure",""
"QCL","Crops and livestock products","508","Mozambique","5111","Stocks","02123","Goats","2010","2010","An","3907483","A","Official figure",""
"QCL","Crops and livestock products","508","Mozambique","5111","Stocks","02123","Goats","2011","2011","An","4000000","E","Estimated value",""
"QCL","Crops and livestock products","508","Mozambique","5111","Stocks","02123","Goats","2012","2012","An","4448000","A","Official figure",""
"QCL","Crops and livestock products","508","Mozambique","5111","Stocks","02123","Goats","2013","2013","An","4548000","A","Official figure",""
"QCL","Crops and livestock products","508","Mozambique","5111","Stocks","02123","Goats","2014","2014","An","4783000","A","Official figure",""
"QCL","Crops and livestock products","508","Mozambique","5111","Stocks","02123","Goats","2015","2015","An","3256487","A","Official figure",""
"QCL","Crops and livestock products","508","Mozambique","5111","Stocks","02123","Goats","2016","2016","An","3798660","A","Official figure",""
"QCL","Crops and livestock products","508","Mozambique","5111","Stocks","02123","Goats","2017","2017","An","2886784","A","Official figure",""
"QCL","Crops and livestock products","508","Mozambique","5111","Stocks","02123","Goats","2018","2018","An","3407248","A","Official figure",""
"QCL","Crops and livestock products","508","Mozambique","5111","Stocks","02123","Goats","2019","2019","An","3211395","A","Official figure",""
"QCL","Crops and livestock products","508","Mozambique","5111","Stocks","02123","Goats","2020","2020","An","3265537","A","Official figure",""
"QCL","Crops and livestock products","508","Mozambique","5111","Stocks","02123","Goats","2021","2021","An","3470167","A","Official figure",""
"QCL","Crops and livestock products","508","Mozambique","5111","Stocks","02123","Goats","2022","2022","An","4405952","A","Official figure",""
"QCL","Crops and livestock products","508","Mozambique","5111","Stocks","02123","Goats","2023","2023","An","4101030","A","Official figure",""
"QCL","Crops and livestock products","508","Mozambique","5111","Stocks","02123","Goats","2024","2024","An","4101030","A","Official figure",""
"QCL","Crops and livestock products","508","Mozambique","5111","Stocks","02122","Sheep","2005","2005","An","197000","A","Official figure",""
"QCL","Crops and livestock products","508","Mozambique","5111","Stocks","02122","Sheep","2006","2006","An","146000","A","Official figure",""
"QCL","Crops and livestock products","508","Mozambique","5111","Stocks","02122","Sheep","2007","2007","An","201000","A","Official figure",""
"QCL","Crops and livestock products","508","Mozambique","5111","Stocks","02122","Sheep","2008","2008","An","253000","A","Official figure",""
"QCL","Crops and livestock products","508","Mozambique","5111","Stocks","02122","Sheep","2009","2009","An","220391","A","Official figure",""
"QCL","Crops and livestock products","508","Mozambique","5111","Stocks","02122","Sheep","2010","2010","An","220391","A","Official figure",""
"QCL","Crops and livestock products","508","Mozambique","5111","Stocks","02122","Sheep","2011","2011","An","220000","E","Estimated value",""
"QCL","Crops and livestock products","508","Mozambique","5111","Stocks","02122","Sheep","2012","2012","An","234000","A","Official figure",""
"QCL","Crops and livestock products","508","Mozambique","5111","Stocks","02122","Sheep","2013","2013","An","247000","A","Official figure",""
"QCL","Crops and livestock products","508","Mozambique","5111","Stocks","02122","Sheep","2014","2014","An","218000","A","Official figure",""
"QCL","Crops and livestock products","508","Mozambique","5111","Stocks","02122","Sheep","2015","2015","An","136872","A","Official figure",""
"QCL","Crops and livestock products","508","Mozambique","5111","Stocks","02122","Sheep","2016","2016","An","200099","I","Value imputed by a receiving agency",""
"QCL","Crops and livestock products","508","Mozambique","5111","Stocks","02122","Sheep","2017","2017","An","233222","A","Official figure",""
"QCL","Crops and livestock products","508","Mozambique","5111","Stocks","02122","Sheep","2018","2018","An","228490","A","Official figure",""
"QCL","Crops and livestock products","508","Mozambique","5111","Stocks","02122","Sheep","2019","2019","An","235774","A","Official figure",""
"QCL","Crops and livestock products","508","Mozambique","5111","Stocks","02122","Sheep","2020","2020","An","155484","A","Official figure",""
"QCL","Crops and livestock products","508","Mozambique","5111","Stocks","02122","Sheep","2021","2021","An","163540","A","Official figure",""
"QCL","Crops and livestock products","508","Mozambique","5111","Stocks","02122","Sheep","2022","2022","An","164002","A","Official figure",""
"QCL","Crops and livestock products","508","Mozambique","5111","Stocks","02122","Sheep","2023","2023","An","229764","A","Official figure",""
"QCL","Crops and livestock products","508","Mozambique","5111","Stocks","02122","Sheep","2024","2024","An","229764","A","Official figure",""
"QCL","Crops and livestock products","516","Namibia","5111","Stocks","02111","Cattle","2005","2005","An","3133887","A","Official figure",""
"QCL","Crops and livestock products","516","Namibia","5111","Stocks","02111","Cattle","2006","2006","An","2383960","A","Official figure",""
"QCL","Crops and livestock products","516","Namibia","5111","Stocks","02111","Cattle","2007","2007","An","2353498","A","Official figure",""
"QCL","Crops and livestock products","516","Namibia","5111","Stocks","02111","Cattle","2008","2008","An","2542000","X","Figure from external organization","Unofficial figure"
"QCL","Crops and livestock products","516","Namibia","5111","Stocks","02111","Cattle","2009","2009","An","2471000","X","Figure from external organization","Unofficial figure"
"QCL","Crops and livestock products","516","Namibia","5111","Stocks","02111","Cattle","2010","2010","An","2400000","E","Estimated value",""
"QCL","Crops and livestock products","516","Namibia","5111","Stocks","02111","Cattle","2011","2011","An","2350000","E","Estimated value",""
"QCL","Crops and livestock products","516","Namibia","5111","Stocks","02111","Cattle","2012","2012","An","2904451","A","Official figure",""
"QCL","Crops and livestock products","516","Namibia","5111","Stocks","02111","Cattle","2013","2013","An","2634418","A","Official figure",""
"QCL","Crops and livestock products","516","Namibia","5111","Stocks","02111","Cattle","2014","2014","An","2882489","A","Official figure",""
"QCL","Crops and livestock products","516","Namibia","5111","Stocks","02111","Cattle","2015","2015","An","2770545","A","Official figure",""
"QCL","Crops and livestock products","516","Namibia","5111","Stocks","02111","Cattle","2016","2016","An","3173767","A","Official figure",""
"QCL","Crops and livestock products","516","Namibia","5111","Stocks","02111","Cattle","2017","2017","An","2951510","I","Value imputed by a receiving agency",""
"QCL","Crops and livestock products","516","Namibia","5111","Stocks","02111","Cattle","2018","2018","An","2832287","I","Value imputed by a receiving agency",""
"QCL","Crops and livestock products","516","Namibia","5111","Stocks","02111","Cattle","2019","2019","An","2806142","I","Value imputed by a receiving agency",""
"QCL","Crops and livestock products","516","Namibia","5111","Stocks","02111","Cattle","2020","2020","An","2516554","A","Official figure",""
"QCL","Crops and livestock products","516","Namibia","5111","Stocks","02111","Cattle","2021","2021","An","2590348","A","Official figure",""
"QCL","Crops and livestock products","516","Namibia","5111","Stocks","02111","Cattle","2022","2022","An","3115974","A","Official figure",""
"QCL","Crops and livestock products","516","Namibia","5111","Stocks","02111","Cattle","2023","2023","An","3017636","A","Official figure",""
"QCL","Crops and livestock products","516","Namibia","5111","Stocks","02111","Cattle","2024","2024","An","2907986","E","Estimated value",""
"QCL","Crops and livestock products","516","Namibia","5112","Stocks","02151","Chickens","2005","2005","1000 An","4700","E","Estimated value",""
"QCL","Crops and livestock products","516","Namibia","5112","Stocks","02151","Chickens","2006","2006","1000 An","4800","E","Estimated value",""
"QCL","Crops and livestock products","516","Namibia","5112","Stocks","02151","Chickens","2007","2007","1000 An","4900","E","Estimated value",""
"QCL","Crops and livestock products","516","Namibia","5112","Stocks","02151","Chickens","2008","2008","1000 An","4900","E","Estimated value",""
"QCL","Crops and livestock products","516","Namibia","5112","Stocks","02151","Chickens","2009","2009","1000 An","4900","E","Estimated value",""
"QCL","Crops and livestock products","516","Namibia","5112","Stocks","02151","Chickens","2010","2010","1000 An","5100","E","Estimated value",""
"QCL","Crops and livestock products","516","Namibia","5112","Stocks","02151","Chickens","2011","2011","1000 An","5250","E","Estimated value",""
"QCL","Crops and livestock products","516","Namibia","5112","Stocks","02151","Chickens","2012","2012","1000 An","5300","E","Estimated value",""
"QCL","Crops and livestock products","516","Namibia","5112","Stocks","02151","Chickens","2013","2013","1000 An","5350","E","Estimated value",""
"QCL","Crops and livestock products","516","Namibia","5112","Stocks","02151","Chickens","2014","2014","1000 An","3436","A","Official figure",""
"QCL","Crops and livestock products","516","Namibia","5112","Stocks","02151","Chickens","2015","2015","1000 An","4055","A","Official figure",""
"QCL","Crops and livestock products","516","Namibia","5112","Stocks","02151","Chickens","2016","2016","1000 An","4446","I","Value imputed by a receiving agency",""
"QCL","Crops and livestock products","516","Namibia","5112","Stocks","02151","Chickens","2017","2017","1000 An","4659","I","Value imputed by a receiving agency",""
"QCL","Crops and livestock products","516","Namibia","5112","Stocks","02151","Chickens","2018","2018","1000 An","4283","E","Estimated value",""
"QCL","Crops and livestock products","516","Namibia","5112","Stocks","02151","Chickens","2019","2019","1000 An","4263","I","Value imputed by a receiving agency",""
"QCL","Crops and livestock products","516","Namibia","5112","Stocks","02151","Chickens","2020","2020","1000 An","4292","I","Value imputed by a receiving agency",""
"QCL","Crops and livestock products","516","Namibia","5112","Stocks","02151","Chickens","2021","2021","1000 An","4242","I","Value imputed by a receiving agency",""
"QCL","Crops and livestock products","516","Namibia","5112","Stocks","02151","Chickens","2022","2022","1000 An","4249","E","Estimated value",""
"QCL","Crops and livestock products","516","Namibia","5112","Stocks","02151","Chickens","2023","2023","1000 An","4217","E","Estimated value",""
"QCL","Crops and livestock products","516","Namibia","5112","Stocks","02151","Chickens","2024","2024","1000 An","4181","E","Estimated value",""
"QCL","Crops and livestock products","516","Namibia","5111","Stocks","02123","Goats","2005","2005","An","2043479","A","Official figure",""
"QCL","Crops and livestock products","516","Namibia","5111","Stocks","02123","Goats","2006","2006","An","2061403","A","Official figure",""
"QCL","Crops and livestock products","516","Namibia","5111","Stocks","02123","Goats","2007","2007","An","1926429","A","Official figure",""
"QCL","Crops and livestock products","516","Namibia","5111","Stocks","02123","Goats","2008","2008","An","2000000","E","Estimated value",""
"QCL","Crops and livestock products","516","Namibia","5111","Stocks","02123","Goats","2009","2009","An","2000000","E","Estimated value",""
"QCL","Crops and livestock products","516","Namibia","5111","Stocks","02123","Goats","2010","2010","An","2100000","E","Estimated value",""
"QCL","Crops and livestock products","516","Namibia","5111","Stocks","02123","Goats","2011","2011","An","2150000","E","Estimated value",""
"QCL","Crops and livestock products","516","Namibia","5111","Stocks","02123","Goats","2012","2012","An","1933103","A","Official figure",""
"QCL","Crops and livestock products","516","Namibia","5111","Stocks","02123","Goats","2013","2013","An","1693145","A","Official figure",""
"QCL","Crops and livestock products","516","Namibia","5111","Stocks","02123","Goats","2014","2014","An","1618204","A","Official figure",""
"QCL","Crops and livestock products","516","Namibia","5111","Stocks","02123","Goats","2015","2015","An","1868535","A","Official figure",""
"QCL","Crops and livestock products","516","Namibia","5111","Stocks","02123","Goats","2016","2016","An","1968614","A","Official figure",""
"QCL","Crops and livestock products","516","Namibia","5111","Stocks","02123","Goats","2017","2017","An","1828381","E","Estimated value",""
"QCL","Crops and livestock products","516","Namibia","5111","Stocks","02123","Goats","2018","2018","An","1784951","I","Value imputed by a receiving agency",""
"QCL","Crops and livestock products","516","Namibia","5111","Stocks","02123","Goats","2019","2019","An","1789323","I","Value imputed by a receiving agency",""
"QCL","Crops and livestock products","516","Namibia","5111","Stocks","02123","Goats","2020","2020","An","1607280","A","Official figure",""
"QCL","Crops and livestock products","516","Namibia","5111","Stocks","02123","Goats","2021","2021","An","1276243","A","Official figure",""
"QCL","Crops and livestock products","516","Namibia","5111","Stocks","02123","Goats","2022","2022","An","2041257","A","Official figure",""
"QCL","Crops and livestock products","516","Namibia","5111","Stocks","02123","Goats","2023","2023","An","1837132","A","Official figure",""
"QCL","Crops and livestock products","516","Namibia","5111","Stocks","02123","Goats","2024","2024","An","1785997","I","Value imputed by a receiving agency",""
"QCL","Crops and livestock products","516","Namibia","5111","Stocks","02122","Sheep","2005","2005","An","2663795","A","Official figure",""
"QCL","Crops and livestock products","516","Namibia","5111","Stocks","02122","Sheep","2006","2006","An","2660252","A","Official figure",""
"QCL","Crops and livestock products","516","Namibia","5111","Stocks","02122","Sheep","2007","2007","An","2652658","A","Official figure",""
"QCL","Crops and livestock products","516","Namibia","5111","Stocks","02122","Sheep","2008","2008","An","2700000","E","Estimated value",""
"QCL","Crops and livestock products","516","Namibia","5111","Stocks","02122","Sheep","2009","2009","An","2700000","E","Estimated value",""
"QCL","Crops and livestock products","516","Namibia","5111","Stocks","02122","Sheep","2010","2010","An","2800000","E","Estimated value",""
"QCL","Crops and livestock products","516","Namibia","5111","Stocks","02122","Sheep","2011","2011","An","2850000","E","Estimated value",""
"QCL","Crops and livestock products","516","Namibia","5111","Stocks","02122","Sheep","2012","2012","An","2677913","A","Official figure",""
"QCL","Crops and livestock products","516","Namibia","5111","Stocks","02122","Sheep","2013","2013","An","2188758","A","Official figure",""
"QCL","Crops and livestock products","516","Namibia","5111","Stocks","02122","Sheep","2014","2014","An","2044156","A","Official figure",""
"QCL","Crops and livestock products","516","Namibia","5111","Stocks","02122","Sheep","2015","2015","An","1973393","A","Official figure",""
"QCL","Crops and livestock products","516","Namibia","5111","Stocks","02122","Sheep","2016","2016","An","1746642","A","Official figure",""
"QCL","Crops and livestock products","516","Namibia","5111","Stocks","02122","Sheep","2017","2017","An","1917022","E","Estimated value",""
"QCL","Crops and livestock products","516","Namibia","5111","Stocks","02122","Sheep","2018","2018","An","1748795","I","Value imputed by a receiving agency",""
"QCL","Crops and livestock products","516","Namibia","5111","Stocks","02122","Sheep","2019","2019","An","1658233","I","Value imputed by a receiving agency",""
"QCL","Crops and livestock products","516","Namibia","5111","Stocks","02122","Sheep","2020","2020","An","1307355","A","Official figure",""
"QCL","Crops and livestock products","516","Namibia","5111","Stocks","02122","Sheep","2021","2021","An","1560609","A","Official figure",""
"QCL","Crops and livestock products","516","Namibia","5111","Stocks","02122","Sheep","2022","2022","An","2204508","A","Official figure",""
"QCL","Crops and livestock products","516","Namibia","5111","Stocks","02122","Sheep","2023","2023","An","1999839","A","Official figure",""
"QCL","Crops and livestock products","516","Namibia","5111","Stocks","02122","Sheep","2024","2024","An","1921652","E","Estimated value",""
"QCL","Crops and livestock products","562","Niger","5111","Stocks","02111","Cattle","2005","2005","An","7336088","A","Official figure",""
"QCL","Crops and livestock products","562","Niger","5111","Stocks","02111","Cattle","2006","2006","An","7776953","A","Official figure",""
"QCL","Crops and livestock products","562","Niger","5111","Stocks","02111","Cattle","2007","2007","An","8242828","A","Official figure",""
"QCL","Crops and livestock products","562","Niger","5111","Stocks","02111","Cattle","2008","2008","An","8737398","A","Official figure",""
"QCL","Crops and livestock products","562","Niger","5111","Stocks","02111","Cattle","2009","2009","An","9261642","A","Official figure",""
"QCL","Crops and livestock products","562","Niger","5111","Stocks","02111","Cattle","2010","2010","An","9011897","A","Official figure",""
"QCL","Crops and livestock products","562","Niger","5111","Stocks","02111","Cattle","2011","2011","An","9552611","A","Official figure",""
"QCL","Crops and livestock products","562","Niger","5111","Stocks","02111","Cattle","2012","2012","An","10125767","A","Official figure",""
"QCL","Crops and livestock products","562","Niger","5111","Stocks","02111","Cattle","2013","2013","An","10733314","A","Official figure",""
"QCL","Crops and livestock products","562","Niger","5111","Stocks","02111","Cattle","2014","2014","An","11377312","A","Official figure",""
"QCL","Crops and livestock products","562","Niger","5111","Stocks","02111","Cattle","2015","2015","An","12059951","A","Official figure",""
"QCL","Crops and livestock products","562","Niger","5111","Stocks","02111","Cattle","2016","2016","An","12783548","A","Official figure",""
"QCL","Crops and livestock products","562","Niger","5111","Stocks","02111","Cattle","2017","2017","An","13550559","A","Official figure",""
"QCL","Crops and livestock products","562","Niger","5111","Stocks","02111","Cattle","2018","2018","An","14363592","A","Official figure",""
"QCL","Crops and livestock products","562","Niger","5111","Stocks","02111","Cattle","2019","2019","An","15225410","A","Official figure",""
"QCL","Crops and livestock products","562","Niger","5111","Stocks","02111","Cattle","2020","2020","An","16138935","A","Official figure",""
"QCL","Crops and livestock products","562","Niger","5111","Stocks","02111","Cattle","2021","2021","An","17107271","A","Official figure",""
"QCL","Crops and livestock products","562","Niger","5111","Stocks","02111","Cattle","2022","2022","An","18133707","A","Official figure",""
"QCL","Crops and livestock products","562","Niger","5111","Stocks","02111","Cattle","2023","2023","An","19221727","A","Official figure",""
"QCL","Crops and livestock products","562","Niger","5111","Stocks","02111","Cattle","2024","2024","An","20375030","A","Official figure",""
"QCL","Crops and livestock products","562","Niger","5112","Stocks","02151","Chickens","2005","2005","1000 An","12196","A","Official figure",""
"QCL","Crops and livestock products","562","Niger","5112","Stocks","02151","Chickens","2006","2006","1000 An","10977","A","Official figure",""
"QCL","Crops and livestock products","562","Niger","5112","Stocks","02151","Chickens","2007","2007","1000 An","11120","A","Official figure",""
"QCL","Crops and livestock products","562","Niger","5112","Stocks","02151","Chickens","2008","2008","1000 An","11200","E","Estimated value",""
"QCL","Crops and livestock products","562","Niger","5112","Stocks","02151","Chickens","2009","2009","1000 An","16882","A","Official figure",""
"QCL","Crops and livestock products","562","Niger","5112","Stocks","02151","Chickens","2010","2010","1000 An","17101","A","Official figure",""
"QCL","Crops and livestock products","562","Niger","5112","Stocks","02151","Chickens","2011","2011","1000 An","17323","A","Official figure",""
"QCL","Crops and livestock products","562","Niger","5112","Stocks","02151","Chickens","2012","2012","1000 An","17600","E","Estimated value",""
"QCL","Crops and livestock products","562","Niger","5112","Stocks","02151","Chickens","2013","2013","1000 An","17700","E","Estimated value",""
"QCL","Crops and livestock products","562","Niger","5112","Stocks","02151","Chickens","2014","2014","1000 An","18000","E","Estimated value",""
"QCL","Crops and livestock products","562","Niger","5112","Stocks","02151","Chickens","2015","2015","1000 An","18220","I","Value imputed by a receiving agency",""
"QCL","Crops and livestock products","562","Niger","5112","Stocks","02151","Chickens","2016","2016","1000 An","18458","I","Value imputed by a receiving agency",""
"QCL","Crops and livestock products","562","Niger","5112","Stocks","02151","Chickens","2017","2017","1000 An","19071","I","Value imputed by a receiving agency",""
"QCL","Crops and livestock products","562","Niger","5112","Stocks","02151","Chickens","2018","2018","1000 An","19893","A","Official figure",""
"QCL","Crops and livestock products","562","Niger","5112","Stocks","02151","Chickens","2019","2019","1000 An","20291","A","Official figure",""
"QCL","Crops and livestock products","562","Niger","5112","Stocks","02151","Chickens","2020","2020","1000 An","20696","A","Official figure",""
"QCL","Crops and livestock products","562","Niger","5112","Stocks","02151","Chickens","2021","2021","1000 An","20764","I","Value imputed by a receiving agency",""
"QCL","Crops and livestock products","562","Niger","5112","Stocks","02151","Chickens","2022","2022","1000 An","20737","I","Value imputed by a receiving agency",""
"QCL","Crops and livestock products","562","Niger","5112","Stocks","02151","Chickens","2023","2023","1000 An","20854","I","Value imputed by a receiving agency",""
"QCL","Crops and livestock products","562","Niger","5112","Stocks","02151","Chickens","2024","2024","1000 An","21024","I","Value imputed by a receiving agency",""
"QCL","Crops and livestock products","562","Niger","5111","Stocks","02123","Goats","2005","2005","An","11238269","A","Official figure",""
"QCL","Crops and livestock products","562","Niger","5111","Stocks","02123","Goats","2006","2006","An","11687800","A","Official figure",""
"QCL","Crops and livestock products","562","Niger","5111","Stocks","02123","Goats","2007","2007","An","12155312","A","Official figure",""
"QCL","Crops and livestock products","562","Niger","5111","Stocks","02123","Goats","2008","2008","An","12641524","A","Official figure",""
"QCL","Crops and livestock products","562","Niger","5111","Stocks","02123","Goats","2009","2009","An","13147185","A","Official figure",""
"QCL","Crops and livestock products","562","Niger","5111","Stocks","02123","Goats","2010","2010","An","12722529","A","Official figure",""
"QCL","Crops and livestock products","562","Niger","5111","Stocks","02123","Goats","2011","2011","An","13231430","A","Official figure",""
"QCL","Crops and livestock products","562","Niger","5111","Stocks","02123","Goats","2012","2012","An","13760687","A","Official figure",""
"QCL","Crops and livestock products","562","Niger","5111","Stocks","02123","Goats","2013","2013","An","14311115","A","Official figure",""
"QCL","Crops and livestock products","562","Niger","5111","Stocks","02123","Goats","2014","2014","An","14883559","A","Official figure",""
"QCL","Crops and livestock products","562","Niger","5111","Stocks","02123","Goats","2015","2015","An","15478902","A","Official figure",""
"QCL","Crops and livestock products","562","Niger","5111","Stocks","02123","Goats","2016","2016","An","16098058","A","Official figure",""
"QCL","Crops and livestock products","562","Niger","5111","Stocks","02123","Goats","2017","2017","An","16741979","A","Official figure",""
"QCL","Crops and livestock products","562","Niger","5111","Stocks","02123","Goats","2018","2018","An","17411658","A","Official figure",""
"QCL","Crops and livestock products","562","Niger","5111","Stocks","02123","Goats","2019","2019","An","18108126","A","Official figure",""
"QCL","Crops and livestock products","562","Niger","5111","Stocks","02123","Goats","2020","2020","An","18832451","A","Official figure",""
"QCL","Crops and livestock products","562","Niger","5111","Stocks","02123","Goats","2021","2021","An","19585749","A","Official figure",""
"QCL","Crops and livestock products","562","Niger","5111","Stocks","02123","Goats","2022","2022","An","20369178","A","Official figure",""
"QCL","Crops and livestock products","562","Niger","5111","Stocks","02123","Goats","2023","2023","An","21183944","A","Official figure",""
"QCL","Crops and livestock products","562","Niger","5111","Stocks","02123","Goats","2024","2024","An","22031302","A","Official figure",""
"QCL","Crops and livestock products","562","Niger","5111","Stocks","02122","Sheep","2005","2005","An","9192016","A","Official figure",""
"QCL","Crops and livestock products","562","Niger","5111","Stocks","02122","Sheep","2006","2006","An","9513737","A","Official figure",""
"QCL","Crops and livestock products","562","Niger","5111","Stocks","02122","Sheep","2007","2007","An","9846717","A","Official figure",""
"QCL","Crops and livestock products","562","Niger","5111","Stocks","02122","Sheep","2008","2008","An","10191352","A","Official figure",""
"QCL","Crops and livestock products","562","Niger","5111","Stocks","02122","Sheep","2009","2009","An","10548049","A","Official figure",""
"QCL","Crops and livestock products","562","Niger","5111","Stocks","02122","Sheep","2010","2010","An","9680058","A","Official figure",""
"QCL","Crops and livestock products","562","Niger","5111","Stocks","02122","Sheep","2011","2011","An","10018860","A","Official figure",""
"QCL","Crops and livestock products","562","Niger","5111","Stocks","02122","Sheep","2012","2012","An","10369520","A","Official figure",""
"QCL","Crops and livestock products","562","Niger","5111","Stocks","02122","Sheep","2013","2013","An","10732453","A","Official figure",""
"QCL","Crops and livestock products","562","Niger","5111","Stocks","02122","Sheep","2014","2014","An","11108089","A","Official figure",""
"QCL","Crops and livestock products","562","Niger","5111","Stocks","02122","Sheep","2015","2015","An","11496872","A","Official figure",""
"QCL","Crops and livestock products","562","Niger","5111","Stocks","02122","Sheep","2016","2016","An","11899263","A","Official figure",""
"QCL","Crops and livestock products","562","Niger","5111","Stocks","02122","Sheep","2017","2017","An","12315737","A","Official figure",""
"QCL","Crops and livestock products","562","Niger","5111","Stocks","02122","Sheep","2018","2018","An","12746787","A","Official figure",""
"QCL","Crops and livestock products","562","Niger","5111","Stocks","02122","Sheep","2019","2019","An","13192925","A","Official figure",""
"QCL","Crops and livestock products","562","Niger","5111","Stocks","02122","Sheep","2020","2020","An","13654678","A","Official figure",""
"QCL","Crops and livestock products","562","Niger","5111","Stocks","02122","Sheep","2021","2021","An","14132592","A","Official figure",""
"QCL","Crops and livestock products","562","Niger","5111","Stocks","02122","Sheep","2022","2022","An","14627232","A","Official figure",""
"QCL","Crops and livestock products","562","Niger","5111","Stocks","02122","Sheep","2023","2023","An","15139185","A","Official figure",""
"QCL","Crops and livestock products","562","Niger","5111","Stocks","02122","Sheep","2024","2024","An","15669056","A","Official figure",""
"QCL","Crops and livestock products","566","Nigeria","5111","Stocks","02111","Cattle","2005","2005","An","15875266","A","Official figure",""
"QCL","Crops and livestock products","566","Nigeria","5111","Stocks","02111","Cattle","2006","2006","An","16013382","A","Official figure",""
"QCL","Crops and livestock products","566","Nigeria","5111","Stocks","02111","Cattle","2007","2007","An","16152700","A","Official figure",""
"QCL","Crops and livestock products","566","Nigeria","5111","Stocks","02111","Cattle","2008","2008","An","16293200","A","Official figure",""
"QCL","Crops and livestock products","566","Nigeria","5111","Stocks","02111","Cattle","2009","2009","An","16434978","A","Official figure",""
"QCL","Crops and livestock products","566","Nigeria","5111","Stocks","02111","Cattle","2010","2010","An","16577962","A","Official figure",""
"QCL","Crops and livestock products","566","Nigeria","5111","Stocks","02111","Cattle","2011","2011","An","19041270","A","Official figure",""
"QCL","Crops and livestock products","566","Nigeria","5111","Stocks","02111","Cattle","2012","2012","An","19206928","A","Official figure",""
"QCL","Crops and livestock products","566","Nigeria","5111","Stocks","02111","Cattle","2013","2013","An","19374029","A","Official figure",""
"QCL","Crops and livestock products","566","Nigeria","5111","Stocks","02111","Cattle","2014","2014","An","19753249","A","Official figure",""
"QCL","Crops and livestock products","566","Nigeria","5111","Stocks","02111","Cattle","2015","2015","An","20184763","A","Official figure",""
"QCL","Crops and livestock products","566","Nigeria","5111","Stocks","02111","Cattle","2016","2016","An","19884104","A","Official figure",""
"QCL","Crops and livestock products","566","Nigeria","5111","Stocks","02111","Cattle","2017","2017","An","20057095","A","Official figure",""
"QCL","Crops and livestock products","566","Nigeria","5111","Stocks","02111","Cattle","2018","2018","An","20240605","I","Value imputed by a receiving agency",""
"QCL","Crops and livestock products","566","Nigeria","5111","Stocks","02111","Cattle","2019","2019","An","20402276","I","Value imputed by a receiving agency",""
"QCL","Crops and livestock products","566","Nigeria","5111","Stocks","02111","Cattle","2020","2020","An","20585153","A","Official figure",""
"QCL","Crops and livestock products","566","Nigeria","5111","Stocks","02111","Cattle","2021","2021","An","20764244","A","Official figure",""
"QCL","Crops and livestock products","566","Nigeria","5111","Stocks","02111","Cattle","2022","2022","An","20862418","I","Value imputed by a receiving agency",""
"QCL","Crops and livestock products","566","Nigeria","5111","Stocks","02111","Cattle","2023","2023","An","20896548","I","Value imputed by a receiving agency",""
"QCL","Crops and livestock products","566","Nigeria","5111","Stocks","02111","Cattle","2024","2024","An","20943448","I","Value imputed by a receiving agency",""
"QCL","Crops and livestock products","566","Nigeria","5112","Stocks","02151","Chickens","2005","2005","1000 An","150700","A","Official figure",""
"QCL","Crops and livestock products","566","Nigeria","5112","Stocks","02151","Chickens","2006","2006","1000 An","158400","E","Estimated value",""
"QCL","Crops and livestock products","566","Nigeria","5112","Stocks","02151","Chickens","2007","2007","1000 An","166127","A","Official figure",""
"QCL","Crops and livestock products","566","Nigeria","5112","Stocks","02151","Chickens","2008","2008","1000 An","174434","A","Official figure",""
"QCL","Crops and livestock products","566","Nigeria","5112","Stocks","02151","Chickens","2009","2009","1000 An","183156","A","Official figure",""
"QCL","Crops and livestock products","566","Nigeria","5112","Stocks","02151","Chickens","2010","2010","1000 An","192313","A","Official figure",""
"QCL","Crops and livestock products","566","Nigeria","5112","Stocks","02151","Chickens","2011","2011","1000 An","148893","A","Official figure",""
"QCL","Crops and livestock products","566","Nigeria","5112","Stocks","02151","Chickens","2012","2012","1000 An","159254","A","Official figure",""
"QCL","Crops and livestock products","566","Nigeria","5112","Stocks","02151","Chickens","2013","2013","1000 An","134839","A","Official figure",""
"QCL","Crops and livestock products","566","Nigeria","5112","Stocks","02151","Chickens","2014","2014","1000 An","137240","A","Official figure",""
"QCL","Crops and livestock products","566","Nigeria","5112","Stocks","02151","Chickens","2015","2015","1000 An","142895","A","Official figure",""
"QCL","Crops and livestock products","566","Nigeria","5112","Stocks","02151","Chickens","2016","2016","1000 An","167510","A","Official figure",""
"QCL","Crops and livestock products","566","Nigeria","5112","Stocks","02151","Chickens","2017","2017","1000 An","180073","A","Official figure",""
"QCL","Crops and livestock products","566","Nigeria","5112","Stocks","02151","Chickens","2018","2018","1000 An","192525","I","Value imputed by a receiving agency",""
"QCL","Crops and livestock products","566","Nigeria","5112","Stocks","02151","Chickens","2019","2019","1000 An","205697","I","Value imputed by a receiving agency",""
"QCL","Crops and livestock products","566","Nigeria","5112","Stocks","02151","Chickens","2020","2020","1000 An","223704","A","Official figure",""
"QCL","Crops and livestock products","566","Nigeria","5112","Stocks","02151","Chickens","2021","2021","1000 An","240481","A","Official figure",""
"QCL","Crops and livestock products","566","Nigeria","5112","Stocks","02151","Chickens","2022","2022","1000 An","250620","I","Value imputed by a receiving agency",""
"QCL","Crops and livestock products","566","Nigeria","5112","Stocks","02151","Chickens","2023","2023","1000 An","234795","I","Value imputed by a receiving agency",""
"QCL","Crops and livestock products","566","Nigeria","5112","Stocks","02151","Chickens","2024","2024","1000 An","241700","I","Value imputed by a receiving agency",""
"QCL","Crops and livestock products","566","Nigeria","5111","Stocks","02123","Goats","2005","2005","An","49959000","A","Official figure",""
"QCL","Crops and livestock products","566","Nigeria","5111","Stocks","02123","Goats","2006","2006","An","51208220","A","Official figure",""
"QCL","Crops and livestock products","566","Nigeria","5111","Stocks","02123","Goats","2007","2007","An","52488200","A","Official figure",""
"QCL","Crops and livestock products","566","Nigeria","5111","Stocks","02123","Goats","2008","2008","An","53800400","A","Official figure",""
"QCL","Crops and livestock products","566","Nigeria","5111","Stocks","02123","Goats","2009","2009","An","55145440","A","Official figure",""
"QCL","Crops and livestock products","566","Nigeria","5111","Stocks","02123","Goats","2010","2010","An","56524076","A","Official figure",""
"QCL","Crops and livestock products","566","Nigeria","5111","Stocks","02123","Goats","2011","2011","An","67292536","A","Official figure",""
"QCL","Crops and livestock products","566","Nigeria","5111","Stocks","02123","Goats","2012","2012","An","68974848","A","Official figure",""
"QCL","Crops and livestock products","566","Nigeria","5111","Stocks","02123","Goats","2013","2013","An","70699218","A","Official figure",""
"QCL","Crops and livestock products","566","Nigeria","5111","Stocks","02123","Goats","2014","2014","An","71958213","A","Official figure",""
"QCL","Crops and livestock products","566","Nigeria","5111","Stocks","02123","Goats","2015","2015","An","72527691","A","Official figure",""
"QCL","Crops and livestock products","566","Nigeria","5111","Stocks","02123","Goats","2016","2016","An","76135326","A","Official figure",""
"QCL","Crops and livestock products","566","Nigeria","5111","Stocks","02123","Goats","2017","2017","An","78038709","A","Official figure",""
"QCL","Crops and livestock products","566","Nigeria","5111","Stocks","02123","Goats","2018","2018","An","79893060","I","Value imputed by a receiving agency",""
"QCL","Crops and livestock products","566","Nigeria","5111","Stocks","02123","Goats","2019","2019","An","81875539","I","Value imputed by a receiving agency",""
"QCL","Crops and livestock products","566","Nigeria","5111","Stocks","02123","Goats","2020","2020","An","84039154","A","Official figure",""
"QCL","Crops and livestock products","566","Nigeria","5111","Stocks","02123","Goats","2021","2021","An","86140133","A","Official figure",""
"QCL","Crops and livestock products","566","Nigeria","5111","Stocks","02123","Goats","2022","2022","An","88043009","I","Value imputed by a receiving agency",""
"QCL","Crops and livestock products","566","Nigeria","5111","Stocks","02123","Goats","2023","2023","An","89536070","I","Value imputed by a receiving agency",""
"QCL","Crops and livestock products","566","Nigeria","5111","Stocks","02123","Goats","2024","2024","An","90970883","I","Value imputed by a receiving agency",""
"QCL","Crops and livestock products","566","Nigeria","5111","Stocks","02122","Sheep","2005","2005","An","31547900","A","Official figure",""
"QCL","Crops and livestock products","566","Nigeria","5111","Stocks","02122","Sheep","2006","2006","An","32305000","A","Official figure",""
"QCL","Crops and livestock products","566","Nigeria","5111","Stocks","02122","Sheep","2007","2007","An","33080400","A","Official figure",""
"QCL","Crops and livestock products","566","Nigeria","5111","Stocks","02122","Sheep","2008","2008","An","33874300","A","Official figure",""
"QCL","Crops and livestock products","566","Nigeria","5111","Stocks","02122","Sheep","2009","2009","An","34687264","A","Official figure",""
"QCL","Crops and livestock products","566","Nigeria","5111","Stocks","02122","Sheep","2010","2010","An","35519760","A","Official figure",""
"QCL","Crops and livestock products","566","Nigeria","5111","Stocks","02122","Sheep","2011","2011","An","38376024","A","Official figure",""
"QCL","Crops and livestock products","566","Nigeria","5111","Stocks","02122","Sheep","2012","2012","An","39335424","A","Official figure",""
"QCL","Crops and livestock products","566","Nigeria","5111","Stocks","02122","Sheep","2013","2013","An","40318809","A","Official figure",""
"QCL","Crops and livestock products","566","Nigeria","5111","Stocks","02122","Sheep","2014","2014","An","41284022","A","Official figure",""
"QCL","Crops and livestock products","566","Nigeria","5111","Stocks","02122","Sheep","2015","2015","An","41632158","A","Official figure",""
"QCL","Crops and livestock products","566","Nigeria","5111","Stocks","02122","Sheep","2016","2016","An","43418947","A","Official figure",""
"QCL","Crops and livestock products","566","Nigeria","5111","Stocks","02122","Sheep","2017","2017","An","44504420","A","Official figure",""
"QCL","Crops and livestock products","566","Nigeria","5111","Stocks","02122","Sheep","2018","2018","An","45609634","I","Value imputed by a receiving agency",""
"QCL","Crops and livestock products","566","Nigeria","5111","Stocks","02122","Sheep","2019","2019","An","46767182","I","Value imputed by a receiving agency",""
"QCL","Crops and livestock products","566","Nigeria","5111","Stocks","02122","Sheep","2020","2020","An","47926393","A","Official figure",""
"QCL","Crops and livestock products","566","Nigeria","5111","Stocks","02122","Sheep","2021","2021","An","49124553","A","Official figure",""
"QCL","Crops and livestock products","566","Nigeria","5111","Stocks","02122","Sheep","2022","2022","An","50305129","I","Value imputed by a receiving agency",""
"QCL","Crops and livestock products","566","Nigeria","5111","Stocks","02122","Sheep","2023","2023","An","51214020","I","Value imputed by a receiving agency",""
"QCL","Crops and livestock products","566","Nigeria","5111","Stocks","02122","Sheep","2024","2024","An","52136324","I","Value imputed by a receiving agency",""
"QCL","Crops and livestock products","638","Réunion","5111","Stocks","02111","Cattle","2005","2005","An","36210","A","Official figure",""
"QCL","Crops and livestock products","638","Réunion","5111","Stocks","02111","Cattle","2006","2006","An","36372","A","Official figure",""
"QCL","Crops and livestock products","638","Réunion","5112","Stocks","02151","Chickens","2005","2005","1000 An","13500","E","Estimated value",""
"QCL","Crops and livestock products","638","Réunion","5112","Stocks","02151","Chickens","2006","2006","1000 An","14000","E","Estimated value",""
"QCL","Crops and livestock products","638","Réunion","5111","Stocks","02123","Goats","2005","2005","An","36141","A","Official figure",""
"QCL","Crops and livestock products","638","Réunion","5111","Stocks","02123","Goats","2006","2006","An","36080","A","Official figure",""
"QCL","Crops and livestock products","638","Réunion","5111","Stocks","02122","Sheep","2005","2005","An","996","A","Official figure",""
"QCL","Crops and livestock products","638","Réunion","5111","Stocks","02122","Sheep","2006","2006","An","1024","A","Official figure",""
"QCL","Crops and livestock products","646","Rwanda","5111","Stocks","02111","Cattle","2005","2005","An","1006572","A","Official figure",""
"QCL","Crops and livestock products","646","Rwanda","5111","Stocks","02111","Cattle","2006","2006","An","1122179","A","Official figure",""
"QCL","Crops and livestock products","646","Rwanda","5111","Stocks","02111","Cattle","2007","2007","An","1147152","A","Official figure",""
"QCL","Crops and livestock products","646","Rwanda","5111","Stocks","02111","Cattle","2008","2008","An","1194895","A","Official figure",""
"QCL","Crops and livestock products","646","Rwanda","5111","Stocks","02111","Cattle","2009","2009","An","1218518","A","Official figure",""
"QCL","Crops and livestock products","646","Rwanda","5111","Stocks","02111","Cattle","2010","2010","An","1334820","A","Official figure",""
"QCL","Crops and livestock products","646","Rwanda","5111","Stocks","02111","Cattle","2011","2011","An","1143231","A","Official figure",""
"QCL","Crops and livestock products","646","Rwanda","5111","Stocks","02111","Cattle","2012","2012","An","1135141","A","Official figure",""
"QCL","Crops and livestock products","646","Rwanda","5111","Stocks","02111","Cattle","2013","2013","An","1132231","A","Official figure",""
"QCL","Crops and livestock products","646","Rwanda","5111","Stocks","02111","Cattle","2014","2014","An","1165385","A","Official figure",""
"QCL","Crops and livestock products","646","Rwanda","5111","Stocks","02111","Cattle","2015","2015","An","1349792","A","Official figure",""
"QCL","Crops and livestock products","646","Rwanda","5111","Stocks","02111","Cattle","2016","2016","An","1214244","A","Official figure",""
"QCL","Crops and livestock products","646","Rwanda","5111","Stocks","02111","Cattle","2017","2017","An","1166187","A","Official figure",""
"QCL","Crops and livestock products","646","Rwanda","5111","Stocks","02111","Cattle","2018","2018","An","1293768","A","Official figure",""
"QCL","Crops and livestock products","646","Rwanda","5111","Stocks","02111","Cattle","2019","2019","An","1405793","I","Value imputed by a receiving agency",""
"QCL","Crops and livestock products","646","Rwanda","5111","Stocks","02111","Cattle","2020","2020","An","1608499","A","Official figure",""
"QCL","Crops and livestock products","646","Rwanda","5111","Stocks","02111","Cattle","2021","2021","An","1498466","I","Value imputed by a receiving agency",""
"QCL","Crops and livestock products","646","Rwanda","5111","Stocks","02111","Cattle","2022","2022","An","1424180","A","Official figure",""
"QCL","Crops and livestock products","646","Rwanda","5111","Stocks","02111","Cattle","2023","2023","An","1453264","I","Value imputed by a receiving agency",""
"QCL","Crops and livestock products","646","Rwanda","5111","Stocks","02111","Cattle","2024","2024","An","1545688","I","Value imputed by a receiving agency",""
"QCL","Crops and livestock products","646","Rwanda","5112","Stocks","02151","Chickens","2005","2005","1000 An","2841","A","Official figure",""
"QCL","Crops and livestock products","646","Rwanda","5112","Stocks","02151","Chickens","2006","2006","1000 An","1776","A","Official figure",""
"QCL","Crops and livestock products","646","Rwanda","5112","Stocks","02151","Chickens","2007","2007","1000 An","1868","A","Official figure",""
"QCL","Crops and livestock products","646","Rwanda","5112","Stocks","02151","Chickens","2008","2008","1000 An","2218","A","Official figure",""
"QCL","Crops and livestock products","646","Rwanda","5112","Stocks","02151","Chickens","2009","2009","1000 An","3273","A","Official figure",""
"QCL","Crops and livestock products","646","Rwanda","5112","Stocks","02151","Chickens","2010","2010","1000 An","3538","A","Official figure",""
"QCL","Crops and livestock products","646","Rwanda","5112","Stocks","02151","Chickens","2011","2011","1000 An","4421","A","Official figure",""
"QCL","Crops and livestock products","646","Rwanda","5112","Stocks","02151","Chickens","2012","2012","1000 An","4688","A","Official figure",""
"QCL","Crops and livestock products","646","Rwanda","5112","Stocks","02151","Chickens","2013","2013","1000 An","4803","A","Official figure",""
"QCL","Crops and livestock products","646","Rwanda","5112","Stocks","02151","Chickens","2014","2014","1000 An","4917","A","Official figure",""
"QCL","Crops and livestock products","646","Rwanda","5112","Stocks","02151","Chickens","2015","2015","1000 An","4837","A","Official figure",""
"QCL","Crops and livestock products","646","Rwanda","5112","Stocks","02151","Chickens","2016","2016","1000 An","5238","A","Official figure",""
"QCL","Crops and livestock products","646","Rwanda","5112","Stocks","02151","Chickens","2017","2017","1000 An","5273","A","Official figure",""
"QCL","Crops and livestock products","646","Rwanda","5112","Stocks","02151","Chickens","2018","2018","1000 An","5442","A","Official figure",""
"QCL","Crops and livestock products","646","Rwanda","5112","Stocks","02151","Chickens","2019","2019","1000 An","4966","I","Value imputed by a receiving agency",""
"QCL","Crops and livestock products","646","Rwanda","5112","Stocks","02151","Chickens","2020","2020","1000 An","4291","I","Value imputed by a receiving agency",""
"QCL","Crops and livestock products","646","Rwanda","5112","Stocks","02151","Chickens","2021","2021","1000 An","3591","I","Value imputed by a receiving agency",""
"QCL","Crops and livestock products","646","Rwanda","5112","Stocks","02151","Chickens","2022","2022","1000 An","2583","A","Official figure",""
"QCL","Crops and livestock products","646","Rwanda","5112","Stocks","02151","Chickens","2023","2023","1000 An","2210","I","Value imputed by a receiving agency",""
"QCL","Crops and livestock products","646","Rwanda","5112","Stocks","02151","Chickens","2024","2024","1000 An","3697","I","Value imputed by a receiving agency",""
"QCL","Crops and livestock products","646","Rwanda","5111","Stocks","02123","Goats","2005","2005","An","1464000","A","Official figure",""
"QCL","Crops and livestock products","646","Rwanda","5111","Stocks","02123","Goats","2006","2006","An","1688279","A","Official figure",""
"QCL","Crops and livestock products","646","Rwanda","5111","Stocks","02123","Goats","2007","2007","An","2137731","A","Official figure",""
"QCL","Crops and livestock products","646","Rwanda","5111","Stocks","02123","Goats","2008","2008","An","2519803","A","Official figure",""
"QCL","Crops and livestock products","646","Rwanda","5111","Stocks","02123","Goats","2009","2009","An","2620595","A","Official figure",""
"QCL","Crops and livestock products","646","Rwanda","5111","Stocks","02123","Goats","2010","2010","An","2688273","A","Official figure",""
"QCL","Crops and livestock products","646","Rwanda","5111","Stocks","02123","Goats","2011","2011","An","2970780","A","Official figure",""
"QCL","Crops and livestock products","646","Rwanda","5111","Stocks","02123","Goats","2012","2012","An","2672751","A","Official figure",""
"QCL","Crops and livestock products","646","Rwanda","5111","Stocks","02123","Goats","2013","2013","An","2702750","A","Official figure",""
"QCL","Crops and livestock products","646","Rwanda","5111","Stocks","02123","Goats","2014","2014","An","2532000","A","Official figure",""
"QCL","Crops and livestock products","646","Rwanda","5111","Stocks","02123","Goats","2015","2015","An","2706382","A","Official figure",""
"QCL","Crops and livestock products","646","Rwanda","5111","Stocks","02123","Goats","2016","2016","An","2605780","A","Official figure",""
"QCL","Crops and livestock products","646","Rwanda","5111","Stocks","02123","Goats","2017","2017","An","2923706","A","Official figure",""
"QCL","Crops and livestock products","646","Rwanda","5111","Stocks","02123","Goats","2018","2018","An","2731795","A","Official figure",""
"QCL","Crops and livestock products","646","Rwanda","5111","Stocks","02123","Goats","2019","2019","An","2280617","I","Value imputed by a receiving agency",""
"QCL","Crops and livestock products","646","Rwanda","5111","Stocks","02123","Goats","2020","2020","An","1745806","A","Official figure",""
"QCL","Crops and livestock products","646","Rwanda","5111","Stocks","02123","Goats","2021","2021","An","1686462","I","Value imputed by a receiving agency",""
"QCL","Crops and livestock products","646","Rwanda","5111","Stocks","02123","Goats","2022","2022","An","1513140","A","Official figure",""
"QCL","Crops and livestock products","646","Rwanda","5111","Stocks","02123","Goats","2023","2023","An","1545121","I","Value imputed by a receiving agency",""
"QCL","Crops and livestock products","646","Rwanda","5111","Stocks","02123","Goats","2024","2024","An","1624105","I","Value imputed by a receiving agency",""
"QCL","Crops and livestock products","646","Rwanda","5111","Stocks","02122","Sheep","2005","2005","An","686837","A","Official figure",""
"QCL","Crops and livestock products","646","Rwanda","5111","Stocks","02122","Sheep","2006","2006","An","695367","A","Official figure",""
"QCL","Crops and livestock products","646","Rwanda","5111","Stocks","02122","Sheep","2007","2007","An","703989","A","Official figure",""
"QCL","Crops and livestock products","646","Rwanda","5111","Stocks","02122","Sheep","2008","2008","An","718178","A","Official figure",""
"QCL","Crops and livestock products","646","Rwanda","5111","Stocks","02122","Sheep","2009","2009","An","754086","A","Official figure",""
"QCL","Crops and livestock products","646","Rwanda","5111","Stocks","02122","Sheep","2010","2010","An","743201","A","Official figure",""
"QCL","Crops and livestock products","646","Rwanda","5111","Stocks","02122","Sheep","2011","2011","An","828836","A","Official figure",""
"QCL","Crops and livestock products","646","Rwanda","5111","Stocks","02122","Sheep","2012","2012","An","807392","A","Official figure",""
"QCL","Crops and livestock products","646","Rwanda","5111","Stocks","02122","Sheep","2013","2013","An","798638","A","Official figure",""
"QCL","Crops and livestock products","646","Rwanda","5111","Stocks","02122","Sheep","2014","2014","An","631000","A","Official figure",""
"QCL","Crops and livestock products","646","Rwanda","5111","Stocks","02122","Sheep","2015","2015","An","716309","A","Official figure",""
"QCL","Crops and livestock products","646","Rwanda","5111","Stocks","02122","Sheep","2016","2016","An","637068","A","Official figure",""
"QCL","Crops and livestock products","646","Rwanda","5111","Stocks","02122","Sheep","2017","2017","An","664703","A","Official figure",""
"QCL","Crops and livestock products","646","Rwanda","5111","Stocks","02122","Sheep","2018","2018","An","601836","A","Official figure",""
"QCL","Crops and livestock products","646","Rwanda","5111","Stocks","02122","Sheep","2019","2019","An","520185","I","Value imputed by a receiving agency",""
"QCL","Crops and livestock products","646","Rwanda","5111","Stocks","02122","Sheep","2020","2020","An","420365","A","Official figure",""
"QCL","Crops and livestock products","646","Rwanda","5111","Stocks","02122","Sheep","2021","2021","An","390767","I","Value imputed by a receiving agency",""
"QCL","Crops and livestock products","646","Rwanda","5111","Stocks","02122","Sheep","2022","2022","An","331748","A","Official figure",""
"QCL","Crops and livestock products","646","Rwanda","5111","Stocks","02122","Sheep","2023","2023","An","301343","I","Value imputed by a receiving agency",""
"QCL","Crops and livestock products","646","Rwanda","5111","Stocks","02122","Sheep","2024","2024","An","288916","I","Value imputed by a receiving agency",""
"QCL","Crops and livestock products","678","Sao Tome and Principe","5111","Stocks","02111","Cattle","2005","2005","An","3000","E","Estimated value",""
"QCL","Crops and livestock products","678","Sao Tome and Principe","5111","Stocks","02111","Cattle","2006","2006","An","2500","E","Estimated value",""
"QCL","Crops and livestock products","678","Sao Tome and Principe","5111","Stocks","02111","Cattle","2007","2007","An","2200","E","Estimated value",""
"QCL","Crops and livestock products","678","Sao Tome and Principe","5111","Stocks","02111","Cattle","2008","2008","An","1800","E","Estimated value",""
"QCL","Crops and livestock products","678","Sao Tome and Principe","5111","Stocks","02111","Cattle","2009","2009","An","1650","E","Estimated value",""
"QCL","Crops and livestock products","678","Sao Tome and Principe","5111","Stocks","02111","Cattle","2010","2010","An","1300","E","Estimated value",""
"QCL","Crops and livestock products","678","Sao Tome and Principe","5111","Stocks","02111","Cattle","2011","2011","An","1000","A","Official figure",""
"QCL","Crops and livestock products","678","Sao Tome and Principe","5111","Stocks","02111","Cattle","2012","2012","An","1048","A","Official figure",""
"QCL","Crops and livestock products","678","Sao Tome and Principe","5111","Stocks","02111","Cattle","2013","2013","An","1141","A","Official figure",""
"QCL","Crops and livestock products","678","Sao Tome and Principe","5111","Stocks","02111","Cattle","2014","2014","An","1200","E","Estimated value",""
"QCL","Crops and livestock products","678","Sao Tome and Principe","5111","Stocks","02111","Cattle","2015","2015","An","1100","E","Estimated value",""
"QCL","Crops and livestock products","678","Sao Tome and Principe","5111","Stocks","02111","Cattle","2016","2016","An","1362","A","Official figure",""
"QCL","Crops and livestock products","678","Sao Tome and Principe","5111","Stocks","02111","Cattle","2017","2017","An","1375","A","Official figure",""
"QCL","Crops and livestock products","678","Sao Tome and Principe","5111","Stocks","02111","Cattle","2018","2018","An","1407","A","Official figure",""
"QCL","Crops and livestock products","678","Sao Tome and Principe","5111","Stocks","02111","Cattle","2019","2019","An","1447","I","Value imputed by a receiving agency",""
"QCL","Crops and livestock products","678","Sao Tome and Principe","5111","Stocks","02111","Cattle","2020","2020","An","1415","E","Estimated value",""
"QCL","Crops and livestock products","678","Sao Tome and Principe","5111","Stocks","02111","Cattle","2021","2021","An","1452","E","Estimated value",""
"QCL","Crops and livestock products","678","Sao Tome and Principe","5111","Stocks","02111","Cattle","2022","2022","An","1496","E","Estimated value",""
"QCL","Crops and livestock products","678","Sao Tome and Principe","5111","Stocks","02111","Cattle","2023","2023","An","1542","E","Estimated value",""
"QCL","Crops and livestock products","678","Sao Tome and Principe","5111","Stocks","02111","Cattle","2024","2024","An","1588","E","Estimated value",""
"QCL","Crops and livestock products","678","Sao Tome and Principe","5112","Stocks","02151","Chickens","2005","2005","1000 An","410","E","Estimated value",""
"QCL","Crops and livestock products","678","Sao Tome and Principe","5112","Stocks","02151","Chickens","2006","2006","1000 An","410","E","Estimated value",""
"QCL","Crops and livestock products","678","Sao Tome and Principe","5112","Stocks","02151","Chickens","2007","2007","1000 An","420","E","Estimated value",""
"QCL","Crops and livestock products","678","Sao Tome and Principe","5112","Stocks","02151","Chickens","2008","2008","1000 An","380","E","Estimated value",""
"QCL","Crops and livestock products","678","Sao Tome and Principe","5112","Stocks","02151","Chickens","2009","2009","1000 An","300","E","Estimated value",""
"QCL","Crops and livestock products","678","Sao Tome and Principe","5112","Stocks","02151","Chickens","2010","2010","1000 An","230","E","Estimated value",""
"QCL","Crops and livestock products","678","Sao Tome and Principe","5112","Stocks","02151","Chickens","2011","2011","1000 An","195","X","Figure from external organization","Unofficial figure"
"QCL","Crops and livestock products","678","Sao Tome and Principe","5112","Stocks","02151","Chickens","2012","2012","1000 An","200","X","Figure from external organization","Unofficial figure"
"QCL","Crops and livestock products","678","Sao Tome and Principe","5112","Stocks","02151","Chickens","2013","2013","1000 An","265","X","Figure from external organization","Unofficial figure"
"QCL","Crops and livestock products","678","Sao Tome and Principe","5112","Stocks","02151","Chickens","2014","2014","1000 An","265","E","Estimated value",""
"QCL","Crops and livestock products","678","Sao Tome and Principe","5112","Stocks","02151","Chickens","2015","2015","1000 An","273","I","Value imputed by a receiving agency",""
"QCL","Crops and livestock products","678","Sao Tome and Principe","5112","Stocks","02151","Chickens","2016","2016","1000 An","283","A","Official figure",""
"QCL","Crops and livestock products","678","Sao Tome and Principe","5112","Stocks","02151","Chickens","2017","2017","1000 An","284","A","Official figure",""
"QCL","Crops and livestock products","678","Sao Tome and Principe","5112","Stocks","02151","Chickens","2018","2018","1000 An","319","A","Official figure",""
"QCL","Crops and livestock products","678","Sao Tome and Principe","5112","Stocks","02151","Chickens","2019","2019","1000 An","301","E","Estimated value",""
"QCL","Crops and livestock products","678","Sao Tome and Principe","5112","Stocks","02151","Chickens","2020","2020","1000 An","293","E","Estimated value",""
"QCL","Crops and livestock products","678","Sao Tome and Principe","5112","Stocks","02151","Chickens","2021","2021","1000 An","279","E","Estimated value",""
"QCL","Crops and livestock products","678","Sao Tome and Principe","5112","Stocks","02151","Chickens","2022","2022","1000 An","254","E","Estimated value",""
"QCL","Crops and livestock products","678","Sao Tome and Principe","5112","Stocks","02151","Chickens","2023","2023","1000 An","213","E","Estimated value",""
"QCL","Crops and livestock products","678","Sao Tome and Principe","5112","Stocks","02151","Chickens","2024","2024","1000 An","168","E","Estimated value",""
"QCL","Crops and livestock products","678","Sao Tome and Principe","5111","Stocks","02123","Goats","2005","2005","An","5200","E","Estimated value",""
"QCL","Crops and livestock products","678","Sao Tome and Principe","5111","Stocks","02123","Goats","2006","2006","An","5200","E","Estimated value",""
"QCL","Crops and livestock products","678","Sao Tome and Principe","5111","Stocks","02123","Goats","2007","2007","An","5200","E","Estimated value",""
"QCL","Crops and livestock products","678","Sao Tome and Principe","5111","Stocks","02123","Goats","2008","2008","An","5200","E","Estimated value",""
"QCL","Crops and livestock products","678","Sao Tome and Principe","5111","Stocks","02123","Goats","2009","2009","An","5400","E","Estimated value",""
"QCL","Crops and livestock products","678","Sao Tome and Principe","5111","Stocks","02123","Goats","2010","2010","An","5500","E","Estimated value",""
"QCL","Crops and livestock products","678","Sao Tome and Principe","5111","Stocks","02123","Goats","2011","2011","An","5600","E","Estimated value",""
"QCL","Crops and livestock products","678","Sao Tome and Principe","5111","Stocks","02123","Goats","2012","2012","An","5650","E","Estimated value",""
"QCL","Crops and livestock products","678","Sao Tome and Principe","5111","Stocks","02123","Goats","2013","2013","An","5700","E","Estimated value",""
"QCL","Crops and livestock products","678","Sao Tome and Principe","5111","Stocks","02123","Goats","2014","2014","An","5700","E","Estimated value",""
"QCL","Crops and livestock products","678","Sao Tome and Principe","5111","Stocks","02123","Goats","2015","2015","An","5722","I","Value imputed by a receiving agency",""
"QCL","Crops and livestock products","678","Sao Tome and Principe","5111","Stocks","02123","Goats","2016","2016","An","5770","I","Value imputed by a receiving agency",""
"QCL","Crops and livestock products","678","Sao Tome and Principe","5111","Stocks","02123","Goats","2017","2017","An","5841","I","Value imputed by a receiving agency",""
"QCL","Crops and livestock products","678","Sao Tome and Principe","5111","Stocks","02123","Goats","2018","2018","An","5916","I","Value imputed by a receiving agency",""
"QCL","Crops and livestock products","678","Sao Tome and Principe","5111","Stocks","02123","Goats","2019","2019","An","5984","I","Value imputed by a receiving agency",""
"QCL","Crops and livestock products","678","Sao Tome and Principe","5111","Stocks","02123","Goats","2020","2020","An","6045","I","Value imputed by a receiving agency",""
"QCL","Crops and livestock products","678","Sao Tome and Principe","5111","Stocks","02123","Goats","2021","2021","An","6083","I","Value imputed by a receiving agency",""
"QCL","Crops and livestock products","678","Sao Tome and Principe","5111","Stocks","02123","Goats","2022","2022","An","6106","I","Value imputed by a receiving agency",""
"QCL","Crops and livestock products","678","Sao Tome and Principe","5111","Stocks","02123","Goats","2023","2023","An","6153","I","Value imputed by a receiving agency",""
"QCL","Crops and livestock products","678","Sao Tome and Principe","5111","Stocks","02123","Goats","2024","2024","An","6201","I","Value imputed by a receiving agency",""
"QCL","Crops and livestock products","678","Sao Tome and Principe","5111","Stocks","02122","Sheep","2005","2005","An","3000","E","Estimated value",""
"QCL","Crops and livestock products","678","Sao Tome and Principe","5111","Stocks","02122","Sheep","2006","2006","An","3000","E","Estimated value",""
"QCL","Crops and livestock products","678","Sao Tome and Principe","5111","Stocks","02122","Sheep","2007","2007","An","3000","E","Estimated value",""
"QCL","Crops and livestock products","678","Sao Tome and Principe","5111","Stocks","02122","Sheep","2008","2008","An","3200","E","Estimated value",""
"QCL","Crops and livestock products","678","Sao Tome and Principe","5111","Stocks","02122","Sheep","2009","2009","An","3200","E","Estimated value",""
"QCL","Crops and livestock products","678","Sao Tome and Principe","5111","Stocks","02122","Sheep","2010","2010","An","3200","E","Estimated value",""
"QCL","Crops and livestock products","678","Sao Tome and Principe","5111","Stocks","02122","Sheep","2011","2011","An","3200","E","Estimated value",""
"QCL","Crops and livestock products","678","Sao Tome and Principe","5111","Stocks","02122","Sheep","2012","2012","An","3200","E","Estimated value",""
"QCL","Crops and livestock products","678","Sao Tome and Principe","5111","Stocks","02122","Sheep","2013","2013","An","3200","E","Estimated value",""
"QCL","Crops and livestock products","678","Sao Tome and Principe","5111","Stocks","02122","Sheep","2014","2014","An","3200","E","Estimated value",""
"QCL","Crops and livestock products","678","Sao Tome and Principe","5111","Stocks","02122","Sheep","2015","2015","An","3240","I","Value imputed by a receiving agency",""
"QCL","Crops and livestock products","678","Sao Tome and Principe","5111","Stocks","02122","Sheep","2016","2016","An","3273","I","Value imputed by a receiving agency",""
"QCL","Crops and livestock products","678","Sao Tome and Principe","5111","Stocks","02122","Sheep","2017","2017","An","3285","I","Value imputed by a receiving agency",""
"QCL","Crops and livestock products","678","Sao Tome and Principe","5111","Stocks","02122","Sheep","2018","2018","An","3301","I","Value imputed by a receiving agency",""
"QCL","Crops and livestock products","678","Sao Tome and Principe","5111","Stocks","02122","Sheep","2019","2019","An","3322","I","Value imputed by a receiving agency",""
"QCL","Crops and livestock products","678","Sao Tome and Principe","5111","Stocks","02122","Sheep","2020","2020","An","3336","I","Value imputed by a receiving agency",""
"QCL","Crops and livestock products","678","Sao Tome and Principe","5111","Stocks","02122","Sheep","2021","2021","An","3346","I","Value imputed by a receiving agency",""
"QCL","Crops and livestock products","678","Sao Tome and Principe","5111","Stocks","02122","Sheep","2022","2022","An","3357","I","Value imputed by a receiving agency",""
"QCL","Crops and livestock products","678","Sao Tome and Principe","5111","Stocks","02122","Sheep","2023","2023","An","3372","I","Value imputed by a receiving agency",""
"QCL","Crops and livestock products","678","Sao Tome and Principe","5111","Stocks","02122","Sheep","2024","2024","An","3386","I","Value imputed by a receiving agency",""
"QCL","Crops and livestock products","686","Senegal","5111","Stocks","02111","Cattle","2005","2005","An","3090720","A","Official figure",""
"QCL","Crops and livestock products","686","Senegal","5111","Stocks","02111","Cattle","2006","2006","An","3136959","A","Official figure",""
"QCL","Crops and livestock products","686","Senegal","5111","Stocks","02111","Cattle","2007","2007","An","3163410","A","Official figure",""
"QCL","Crops and livestock products","686","Senegal","5111","Stocks","02111","Cattle","2008","2008","An","3210210","A","Official figure",""
"QCL","Crops and livestock products","686","Senegal","5111","Stocks","02111","Cattle","2009","2009","An","3260880","A","Official figure",""
"QCL","Crops and livestock products","686","Senegal","5111","Stocks","02111","Cattle","2010","2010","An","3313055","A","Official figure",""
"QCL","Crops and livestock products","686","Senegal","5111","Stocks","02111","Cattle","2011","2011","An","3345540","A","Official figure",""
"QCL","Crops and livestock products","686","Senegal","5111","Stocks","02111","Cattle","2012","2012","An","3378995","A","Official figure",""
"QCL","Crops and livestock products","686","Senegal","5111","Stocks","02111","Cattle","2013","2013","An","3429680","A","Official figure",""
"QCL","Crops and livestock products","686","Senegal","5111","Stocks","02111","Cattle","2014","2014","An","3481126","A","Official figure",""
"QCL","Crops and livestock products","686","Senegal","5111","Stocks","02111","Cattle","2015","2015","An","3515471","I","Value imputed by a receiving agency",""
"QCL","Crops and livestock products","686","Senegal","5111","Stocks","02111","Cattle","2016","2016","An","3549369","I","Value imputed by a receiving agency",""
"QCL","Crops and livestock products","686","Senegal","5111","Stocks","02111","Cattle","2017","2017","An","3587000","A","Official figure",""
"QCL","Crops and livestock products","686","Senegal","5111","Stocks","02111","Cattle","2018","2018","An","3627858","A","Official figure",""
"QCL","Crops and livestock products","686","Senegal","5111","Stocks","02111","Cattle","2019","2019","An","3605558","A","Official figure",""
"QCL","Crops and livestock products","686","Senegal","5111","Stocks","02111","Cattle","2020","2020","An","3658199","A","Official figure",""
"QCL","Crops and livestock products","686","Senegal","5111","Stocks","02111","Cattle","2021","2021","An","3678029","A","Official figure",""
"QCL","Crops and livestock products","686","Senegal","5111","Stocks","02111","Cattle","2022","2022","An","3765797","A","Official figure",""
"QCL","Crops and livestock products","686","Senegal","5111","Stocks","02111","Cattle","2023","2023","An","3831583","I","Value imputed by a receiving agency",""
"QCL","Crops and livestock products","686","Senegal","5111","Stocks","02111","Cattle","2024","2024","An","3714834","E","Estimated value",""
"QCL","Crops and livestock products","686","Senegal","5112","Stocks","02151","Chickens","2005","2005","1000 An","27662","A","Official figure",""
"QCL","Crops and livestock products","686","Senegal","5112","Stocks","02151","Chickens","2006","2006","1000 An","29612","A","Official figure",""
"QCL","Crops and livestock products","686","Senegal","5112","Stocks","02151","Chickens","2007","2007","1000 An","34928","A","Official figure",""
"QCL","Crops and livestock products","686","Senegal","5112","Stocks","02151","Chickens","2008","2008","1000 An","35522","A","Official figure",""
"QCL","Crops and livestock products","686","Senegal","5112","Stocks","02151","Chickens","2009","2009","1000 An","35472","A","Official figure",""
"QCL","Crops and livestock products","686","Senegal","5112","Stocks","02151","Chickens","2010","2010","1000 An","40449","A","Official figure",""
"QCL","Crops and livestock products","686","Senegal","5112","Stocks","02151","Chickens","2011","2011","1000 An","44171","A","Official figure",""
"QCL","Crops and livestock products","686","Senegal","5112","Stocks","02151","Chickens","2012","2012","1000 An","43393","A","Official figure",""
"QCL","Crops and livestock products","686","Senegal","5112","Stocks","02151","Chickens","2013","2013","1000 An","48796","A","Official figure",""
"QCL","Crops and livestock products","686","Senegal","5112","Stocks","02151","Chickens","2014","2014","1000 An","54513","A","Official figure",""
"QCL","Crops and livestock products","686","Senegal","5112","Stocks","02151","Chickens","2015","2015","1000 An","59143","I","Value imputed by a receiving agency",""
"QCL","Crops and livestock products","686","Senegal","5112","Stocks","02151","Chickens","2016","2016","1000 An","63088","I","Value imputed by a receiving agency",""
"QCL","Crops and livestock products","686","Senegal","5112","Stocks","02151","Chickens","2017","2017","1000 An","67839","I","Value imputed by a receiving agency",""
"QCL","Crops and livestock products","686","Senegal","5112","Stocks","02151","Chickens","2018","2018","1000 An","72523","A","Official figure",""
"QCL","Crops and livestock products","686","Senegal","5112","Stocks","02151","Chickens","2019","2019","1000 An","79364","A","Official figure",""
"QCL","Crops and livestock products","686","Senegal","5112","Stocks","02151","Chickens","2020","2020","1000 An","85193","A","Official figure",""
"QCL","Crops and livestock products","686","Senegal","5112","Stocks","02151","Chickens","2021","2021","1000 An","92805","A","Official figure",""
"QCL","Crops and livestock products","686","Senegal","5112","Stocks","02151","Chickens","2022","2022","1000 An","92891","A","Official figure",""
"QCL","Crops and livestock products","686","Senegal","5112","Stocks","02151","Chickens","2023","2023","1000 An","94322","I","Value imputed by a receiving agency",""
"QCL","Crops and livestock products","686","Senegal","5112","Stocks","02151","Chickens","2024","2024","1000 An","105490","I","Value imputed by a receiving agency",""
"QCL","Crops and livestock products","686","Senegal","5111","Stocks","02123","Goats","2005","2005","An","4144100","A","Official figure",""
"QCL","Crops and livestock products","686","Senegal","5111","Stocks","02123","Goats","2006","2006","An","4263350","A","Official figure",""
"QCL","Crops and livestock products","686","Senegal","5111","Stocks","02123","Goats","2007","2007","An","4353030","A","Official figure",""
"QCL","Crops and livestock products","686","Senegal","5111","Stocks","02123","Goats","2008","2008","An","4476960","A","Official figure",""
"QCL","Crops and livestock products","686","Senegal","5111","Stocks","02123","Goats","2009","2009","An","4598495","A","Official figure",""
"QCL","Crops and livestock products","686","Senegal","5111","Stocks","02123","Goats","2010","2010","An","4754845","A","Official figure",""
"QCL","Crops and livestock products","686","Senegal","5111","Stocks","02123","Goats","2011","2011","An","4886630","A","Official figure",""
"QCL","Crops and livestock products","686","Senegal","5111","Stocks","02123","Goats","2012","2012","An","5038115","A","Official figure",""
"QCL","Crops and livestock products","686","Senegal","5111","Stocks","02123","Goats","2013","2013","An","5199335","A","Official figure",""
"QCL","Crops and livestock products","686","Senegal","5111","Stocks","02123","Goats","2014","2014","An","5381312","A","Official figure",""
"QCL","Crops and livestock products","686","Senegal","5111","Stocks","02123","Goats","2015","2015","An","5547902","I","Value imputed by a receiving agency",""
"QCL","Crops and livestock products","686","Senegal","5111","Stocks","02123","Goats","2016","2016","An","5715976","I","Value imputed by a receiving agency",""
"QCL","Crops and livestock products","686","Senegal","5111","Stocks","02123","Goats","2017","2017","An","5886000","A","Official figure",""
"QCL","Crops and livestock products","686","Senegal","5111","Stocks","02123","Goats","2018","2018","An","6050862","A","Official figure",""
"QCL","Crops and livestock products","686","Senegal","5111","Stocks","02123","Goats","2019","2019","An","6013272","A","Official figure",""
"QCL","Crops and livestock products","686","Senegal","5111","Stocks","02123","Goats","2020","2020","An","6489523","A","Official figure",""
"QCL","Crops and livestock products","686","Senegal","5111","Stocks","02123","Goats","2021","2021","An","6385674","A","Official figure",""
"QCL","Crops and livestock products","686","Senegal","5111","Stocks","02123","Goats","2022","2022","An","7558169","A","Official figure",""
"QCL","Crops and livestock products","686","Senegal","5111","Stocks","02123","Goats","2023","2023","An","6811122","E","Estimated value",""
"QCL","Crops and livestock products","686","Senegal","5111","Stocks","02123","Goats","2024","2024","An","6918321","E","Estimated value",""
"QCL","Crops and livestock products","686","Senegal","5111","Stocks","02122","Sheep","2005","2005","An","4863190","A","Official figure",""
"QCL","Crops and livestock products","686","Senegal","5111","Stocks","02122","Sheep","2006","2006","An","4996406","A","Official figure",""
"QCL","Crops and livestock products","686","Senegal","5111","Stocks","02122","Sheep","2007","2007","An","5108530","A","Official figure",""
"QCL","Crops and livestock products","686","Senegal","5111","Stocks","02122","Sheep","2008","2008","An","5251220","A","Official figure",""
"QCL","Crops and livestock products","686","Senegal","5111","Stocks","02122","Sheep","2009","2009","An","5382930","A","Official figure",""
"QCL","Crops and livestock products","686","Senegal","5111","Stocks","02122","Sheep","2010","2010","An","5571335","A","Official figure",""
"QCL","Crops and livestock products","686","Senegal","5111","Stocks","02122","Sheep","2011","2011","An","5515600","A","Official figure",""
"QCL","Crops and livestock products","686","Senegal","5111","Stocks","02122","Sheep","2012","2012","An","5887068","A","Official figure",""
"QCL","Crops and livestock products","686","Senegal","5111","Stocks","02122","Sheep","2013","2013","An","6081341","A","Official figure",""
"QCL","Crops and livestock products","686","Senegal","5111","Stocks","02122","Sheep","2014","2014","An","5381312","A","Official figure",""
"QCL","Crops and livestock products","686","Senegal","5111","Stocks","02122","Sheep","2015","2015","An","6017432","I","Value imputed by a receiving agency",""
"QCL","Crops and livestock products","686","Senegal","5111","Stocks","02122","Sheep","2016","2016","An","6462100","I","Value imputed by a receiving agency",""
"QCL","Crops and livestock products","686","Senegal","5111","Stocks","02122","Sheep","2017","2017","An","6911000","A","Official figure",""
"QCL","Crops and livestock products","686","Senegal","5111","Stocks","02122","Sheep","2018","2018","An","7132356","A","Official figure",""
"QCL","Crops and livestock products","686","Senegal","5111","Stocks","02122","Sheep","2019","2019","An","7275100","A","Official figure",""
"QCL","Crops and livestock products","686","Senegal","5111","Stocks","02122","Sheep","2020","2020","An","7699966","A","Official figure",""
"QCL","Crops and livestock products","686","Senegal","5111","Stocks","02122","Sheep","2021","2021","An","7725647","A","Official figure",""
"QCL","Crops and livestock products","686","Senegal","5111","Stocks","02122","Sheep","2022","2022","An","8625583","A","Official figure",""
"QCL","Crops and livestock products","686","Senegal","5111","Stocks","02122","Sheep","2023","2023","An","8821565","I","Value imputed by a receiving agency",""
"QCL","Crops and livestock products","686","Senegal","5111","Stocks","02122","Sheep","2024","2024","An","8726635","I","Value imputed by a receiving agency",""
"QCL","Crops and livestock products","690","Seychelles","5111","Stocks","02111","Cattle","2005","2005","An","850","E","Estimated value",""
"QCL","Crops and livestock products","690","Seychelles","5111","Stocks","02111","Cattle","2006","2006","An","570","E","Estimated value",""
"QCL","Crops and livestock products","690","Seychelles","5111","Stocks","02111","Cattle","2007","2007","An","740","E","Estimated value",""
"QCL","Crops and livestock products","690","Seychelles","5111","Stocks","02111","Cattle","2008","2008","An","530","E","Estimated value",""
"QCL","Crops and livestock products","690","Seychelles","5111","Stocks","02111","Cattle","2009","2009","An","350","E","Estimated value",""
"QCL","Crops and livestock products","690","Seychelles","5111","Stocks","02111","Cattle","2010","2010","An","340","E","Estimated value",""
"QCL","Crops and livestock products","690","Seychelles","5111","Stocks","02111","Cattle","2011","2011","An","150","E","Estimated value",""
"QCL","Crops and livestock products","690","Seychelles","5111","Stocks","02111","Cattle","2012","2012","An","200","E","Estimated value",""
"QCL","Crops and livestock products","690","Seychelles","5111","Stocks","02111","Cattle","2013","2013","An","300","E","Estimated value",""
"QCL","Crops and livestock products","690","Seychelles","5111","Stocks","02111","Cattle","2014","2014","An","300","E","Estimated value",""
"QCL","Crops and livestock products","690","Seychelles","5111","Stocks","02111","Cattle","2015","2015","An","270","I","Value imputed by a receiving agency",""
"QCL","Crops and livestock products","690","Seychelles","5111","Stocks","02111","Cattle","2016","2016","An","270","E","Estimated value",""
"QCL","Crops and livestock products","690","Seychelles","5111","Stocks","02111","Cattle","2017","2017","An","290","E","Estimated value",""
"QCL","Crops and livestock products","690","Seychelles","5111","Stocks","02111","Cattle","2018","2018","An","362","I","Value imputed by a receiving agency",""
"QCL","Crops and livestock products","690","Seychelles","5111","Stocks","02111","Cattle","2019","2019","An","426","I","Value imputed by a receiving agency",""
"QCL","Crops and livestock products","690","Seychelles","5111","Stocks","02111","Cattle","2020","2020","An","500","E","Estimated value",""
"QCL","Crops and livestock products","690","Seychelles","5111","Stocks","02111","Cattle","2021","2021","An","600","E","Estimated value",""
"QCL","Crops and livestock products","690","Seychelles","5111","Stocks","02111","Cattle","2022","2022","An","631","I","Value imputed by a receiving agency",""
"QCL","Crops and livestock products","690","Seychelles","5111","Stocks","02111","Cattle","2023","2023","An","517","I","Value imputed by a receiving agency",""
"QCL","Crops and livestock products","690","Seychelles","5111","Stocks","02111","Cattle","2024","2024","An","557","I","Value imputed by a receiving agency",""
"QCL","Crops and livestock products","690","Seychelles","5112","Stocks","02151","Chickens","2005","2005","1000 An","420","E","Estimated value",""
"QCL","Crops and livestock products","690","Seychelles","5112","Stocks","02151","Chickens","2006","2006","1000 An","460","E","Estimated value",""
"QCL","Crops and livestock products","690","Seychelles","5112","Stocks","02151","Chickens","2007","2007","1000 An","465","E","Estimated value",""
"QCL","Crops and livestock products","690","Seychelles","5112","Stocks","02151","Chickens","2008","2008","1000 An","430","E","Estimated value",""
"QCL","Crops and livestock products","690","Seychelles","5112","Stocks","02151","Chickens","2009","2009","1000 An","340","E","Estimated value",""
"QCL","Crops and livestock products","690","Seychelles","5112","Stocks","02151","Chickens","2010","2010","1000 An","310","E","Estimated value",""
"QCL","Crops and livestock products","690","Seychelles","5112","Stocks","02151","Chickens","2011","2011","1000 An","350","E","Estimated value",""
"QCL","Crops and livestock products","690","Seychelles","5112","Stocks","02151","Chickens","2012","2012","1000 An","142","E","Estimated value",""
"QCL","Crops and livestock products","690","Seychelles","5112","Stocks","02151","Chickens","2013","2013","1000 An","88","E","Estimated value",""
"QCL","Crops and livestock products","690","Seychelles","5112","Stocks","02151","Chickens","2014","2014","1000 An","125","E","Estimated value",""
"QCL","Crops and livestock products","690","Seychelles","5112","Stocks","02151","Chickens","2015","2015","1000 An","132","I","Value imputed by a receiving agency",""
"QCL","Crops and livestock products","690","Seychelles","5112","Stocks","02151","Chickens","2016","2016","1000 An","134","I","Value imputed by a receiving agency",""
"QCL","Crops and livestock products","690","Seychelles","5112","Stocks","02151","Chickens","2017","2017","1000 An","130","I","Value imputed by a receiving agency",""
"QCL","Crops and livestock products","690","Seychelles","5112","Stocks","02151","Chickens","2018","2018","1000 An","134","I","Value imputed by a receiving agency",""
"QCL","Crops and livestock products","690","Seychelles","5112","Stocks","02151","Chickens","2019","2019","1000 An","130","E","Estimated value",""
"QCL","Crops and livestock products","690","Seychelles","5112","Stocks","02151","Chickens","2020","2020","1000 An","160","E","Estimated value",""
"QCL","Crops and livestock products","690","Seychelles","5112","Stocks","02151","Chickens","2021","2021","1000 An","230","E","Estimated value",""
"QCL","Crops and livestock products","690","Seychelles","5112","Stocks","02151","Chickens","2022","2022","1000 An","250","E","Estimated value",""
"QCL","Crops and livestock products","690","Seychelles","5112","Stocks","02151","Chickens","2023","2023","1000 An","265","I","Value imputed by a receiving agency",""
"QCL","Crops and livestock products","690","Seychelles","5112","Stocks","02151","Chickens","2024","2024","1000 An","262","I","Value imputed by a receiving agency",""
"QCL","Crops and livestock products","690","Seychelles","5111","Stocks","02123","Goats","2005","2005","An","5100","E","Estimated value",""
"QCL","Crops and livestock products","690","Seychelles","5111","Stocks","02123","Goats","2006","2006","An","5150","E","Estimated value",""
"QCL","Crops and livestock products","690","Seychelles","5111","Stocks","02123","Goats","2007","2007","An","5200","E","Estimated value",""
"QCL","Crops and livestock products","690","Seychelles","5111","Stocks","02123","Goats","2008","2008","An","5200","E","Estimated value",""
"QCL","Crops and livestock products","690","Seychelles","5111","Stocks","02123","Goats","2009","2009","An","5300","E","Estimated value",""
"QCL","Crops and livestock products","690","Seychelles","5111","Stocks","02123","Goats","2010","2010","An","5300","E","Estimated value",""
"QCL","Crops and livestock products","690","Seychelles","5111","Stocks","02123","Goats","2011","2011","An","5400","E","Estimated value",""
"QCL","Crops and livestock products","690","Seychelles","5111","Stocks","02123","Goats","2012","2012","An","5400","E","Estimated value",""
"QCL","Crops and livestock products","690","Seychelles","5111","Stocks","02123","Goats","2013","2013","An","5500","E","Estimated value",""
"QCL","Crops and livestock products","690","Seychelles","5111","Stocks","02123","Goats","2014","2014","An","5500","E","Estimated value",""
"QCL","Crops and livestock products","690","Seychelles","5111","Stocks","02123","Goats","2015","2015","An","5522","I","Value imputed by a receiving agency",""
"QCL","Crops and livestock products","690","Seychelles","5111","Stocks","02123","Goats","2016","2016","An","5561","I","Value imputed by a receiving agency",""
"QCL","Crops and livestock products","690","Seychelles","5111","Stocks","02123","Goats","2017","2017","An","5599","I","Value imputed by a receiving agency",""
"QCL","Crops and livestock products","690","Seychelles","5111","Stocks","02123","Goats","2018","2018","An","5639","I","Value imputed by a receiving agency",""
"QCL","Crops and livestock products","690","Seychelles","5111","Stocks","02123","Goats","2019","2019","An","5683","I","Value imputed by a receiving agency",""
"QCL","Crops and livestock products","690","Seychelles","5111","Stocks","02123","Goats","2020","2020","An","5721","I","Value imputed by a receiving agency",""
"QCL","Crops and livestock products","690","Seychelles","5111","Stocks","02123","Goats","2021","2021","An","5748","I","Value imputed by a receiving agency",""
"QCL","Crops and livestock products","690","Seychelles","5111","Stocks","02123","Goats","2022","2022","An","5781","I","Value imputed by a receiving agency",""
"QCL","Crops and livestock products","690","Seychelles","5111","Stocks","02123","Goats","2023","2023","An","5814","I","Value imputed by a receiving agency",""
"QCL","Crops and livestock products","690","Seychelles","5111","Stocks","02123","Goats","2024","2024","An","5847","I","Value imputed by a receiving agency",""
"QCL","Crops and livestock products","694","Sierra Leone","5111","Stocks","02111","Cattle","2005","2005","An","250000","A","Official figure",""
"QCL","Crops and livestock products","694","Sierra Leone","5111","Stocks","02111","Cattle","2006","2006","An","350000","A","Official figure",""
"QCL","Crops and livestock products","694","Sierra Leone","5111","Stocks","02111","Cattle","2007","2007","An","325532","A","Official figure",""
"QCL","Crops and livestock products","694","Sierra Leone","5111","Stocks","02111","Cattle","2008","2008","An","390638","A","Official figure",""
"QCL","Crops and livestock products","694","Sierra Leone","5111","Stocks","02111","Cattle","2009","2009","An","470000","A","Official figure",""
"QCL","Crops and livestock products","694","Sierra Leone","5111","Stocks","02111","Cattle","2010","2010","An","517000","A","Official figure",""
"QCL","Crops and livestock products","694","Sierra Leone","5111","Stocks","02111","Cattle","2011","2011","An","568700","A","Official figure",""
"QCL","Crops and livestock products","694","Sierra Leone","5111","Stocks","02111","Cattle","2012","2012","An","625570","A","Official figure",""
"QCL","Crops and livestock products","694","Sierra Leone","5111","Stocks","02111","Cattle","2013","2013","An","688127","A","Official figure",""
"QCL","Crops and livestock products","694","Sierra Leone","5111","Stocks","02111","Cattle","2014","2014","An","700155","I","Value imputed by a receiving agency",""
"QCL","Crops and livestock products","694","Sierra Leone","5111","Stocks","02111","Cattle","2015","2015","An","625000","I","Value imputed by a receiving agency",""
"QCL","Crops and livestock products","694","Sierra Leone","5111","Stocks","02111","Cattle","2016","2016","An","579793","I","Value imputed by a receiving agency",""
"QCL","Crops and livestock products","694","Sierra Leone","5111","Stocks","02111","Cattle","2017","2017","An","546881","A","Official figure",""
"QCL","Crops and livestock products","694","Sierra Leone","5111","Stocks","02111","Cattle","2018","2018","An","564928","A","Official figure",""
"QCL","Crops and livestock products","694","Sierra Leone","5111","Stocks","02111","Cattle","2019","2019","An","583571","A","Official figure",""
"QCL","Crops and livestock products","694","Sierra Leone","5111","Stocks","02111","Cattle","2020","2020","An","622091","A","Official figure",""
"QCL","Crops and livestock products","694","Sierra Leone","5111","Stocks","02111","Cattle","2021","2021","An","733029","A","Official figure",""
"QCL","Crops and livestock products","694","Sierra Leone","5111","Stocks","02111","Cattle","2022","2022","An","646230","E","Estimated value",""
"QCL","Crops and livestock products","694","Sierra Leone","5111","Stocks","02111","Cattle","2023","2023","An","667117","E","Estimated value",""
"QCL","Crops and livestock products","694","Sierra Leone","5111","Stocks","02111","Cattle","2024","2024","An","682125","E","Estimated value",""
"QCL","Crops and livestock products","694","Sierra Leone","5112","Stocks","02151","Chickens","2005","2005","1000 An","3329","A","Official figure",""
"QCL","Crops and livestock products","694","Sierra Leone","5112","Stocks","02151","Chickens","2006","2006","1000 An","4162","A","Official figure",""
"QCL","Crops and livestock products","694","Sierra Leone","5112","Stocks","02151","Chickens","2007","2007","1000 An","5202","A","Official figure",""
"QCL","Crops and livestock products","694","Sierra Leone","5112","Stocks","02151","Chickens","2008","2008","1000 An","6503","A","Official figure",""
"QCL","Crops and livestock products","694","Sierra Leone","5112","Stocks","02151","Chickens","2009","2009","1000 An","8600","A","Official figure",""
"QCL","Crops and livestock products","694","Sierra Leone","5112","Stocks","02151","Chickens","2010","2010","1000 An","9460","A","Official figure",""
"QCL","Crops and livestock products","694","Sierra Leone","5112","Stocks","02151","Chickens","2011","2011","1000 An","10406","A","Official figure",""
"QCL","Crops and livestock products","694","Sierra Leone","5112","Stocks","02151","Chickens","2012","2012","1000 An","11446","A","Official figure",""
"QCL","Crops and livestock products","694","Sierra Leone","5112","Stocks","02151","Chickens","2013","2013","1000 An","12591","A","Official figure",""
"QCL","Crops and livestock products","694","Sierra Leone","5112","Stocks","02151","Chickens","2014","2014","1000 An","13500","E","Estimated value",""
"QCL","Crops and livestock products","694","Sierra Leone","5112","Stocks","02151","Chickens","2015","2015","1000 An","12500","E","Estimated value",""
"QCL","Crops and livestock products","694","Sierra Leone","5112","Stocks","02151","Chickens","2016","2016","1000 An","12500","E","Estimated value",""
"QCL","Crops and livestock products","694","Sierra Leone","5112","Stocks","02151","Chickens","2017","2017","1000 An","21523","A","Official figure",""
"QCL","Crops and livestock products","694","Sierra Leone","5112","Stocks","02151","Chickens","2018","2018","1000 An","22599","A","Official figure",""
"QCL","Crops and livestock products","694","Sierra Leone","5112","Stocks","02151","Chickens","2019","2019","1000 An","23729","A","Official figure",""
"QCL","Crops and livestock products","694","Sierra Leone","5112","Stocks","02151","Chickens","2020","2020","1000 An","21065","E","Estimated value",""
"QCL","Crops and livestock products","694","Sierra Leone","5112","Stocks","02151","Chickens","2021","2021","1000 An","23499","E","Estimated value",""
"QCL","Crops and livestock products","694","Sierra Leone","5112","Stocks","02151","Chickens","2022","2022","1000 An","24541","E","Estimated value",""
"QCL","Crops and livestock products","694","Sierra Leone","5112","Stocks","02151","Chickens","2023","2023","1000 An","25691","E","Estimated value",""
"QCL","Crops and livestock products","694","Sierra Leone","5112","Stocks","02151","Chickens","2024","2024","1000 An","26940","E","Estimated value",""
"QCL","Crops and livestock products","694","Sierra Leone","5111","Stocks","02123","Goats","2005","2005","An","318381","A","Official figure",""
"QCL","Crops and livestock products","694","Sierra Leone","5111","Stocks","02123","Goats","2006","2006","An","382057","A","Official figure",""
"QCL","Crops and livestock products","694","Sierra Leone","5111","Stocks","02123","Goats","2007","2007","An","458468","A","Official figure",""
"QCL","Crops and livestock products","694","Sierra Leone","5111","Stocks","02123","Goats","2008","2008","An","550162","A","Official figure",""
"QCL","Crops and livestock products","694","Sierra Leone","5111","Stocks","02123","Goats","2009","2009","An","730000","A","Official figure",""
"QCL","Crops and livestock products","694","Sierra Leone","5111","Stocks","02123","Goats","2010","2010","An","803000","A","Official figure",""
"QCL","Crops and livestock products","694","Sierra Leone","5111","Stocks","02123","Goats","2011","2011","An","883300","A","Official figure",""
"QCL","Crops and livestock products","694","Sierra Leone","5111","Stocks","02123","Goats","2012","2012","An","895000","E","Estimated value",""
"QCL","Crops and livestock products","694","Sierra Leone","5111","Stocks","02123","Goats","2013","2013","An","896000","E","Estimated value",""
"QCL","Crops and livestock products","694","Sierra Leone","5111","Stocks","02123","Goats","2014","2014","An","900000","E","Estimated value",""
"QCL","Crops and livestock products","694","Sierra Leone","5111","Stocks","02123","Goats","2015","2015","An","905354","I","Value imputed by a receiving agency",""
"QCL","Crops and livestock products","694","Sierra Leone","5111","Stocks","02123","Goats","2016","2016","An","900000","E","Estimated value",""
"QCL","Crops and livestock products","694","Sierra Leone","5111","Stocks","02123","Goats","2017","2017","An","812906","A","Official figure",""
"QCL","Crops and livestock products","694","Sierra Leone","5111","Stocks","02123","Goats","2018","2018","An","855593","E","Estimated value",""
"QCL","Crops and livestock products","694","Sierra Leone","5111","Stocks","02123","Goats","2019","2019","An","877604","I","Value imputed by a receiving agency",""
"QCL","Crops and livestock products","694","Sierra Leone","5111","Stocks","02123","Goats","2020","2020","An","890441","I","Value imputed by a receiving agency",""
"QCL","Crops and livestock products","694","Sierra Leone","5111","Stocks","02123","Goats","2021","2021","An","835522","I","Value imputed by a receiving agency",""
"QCL","Crops and livestock products","694","Sierra Leone","5111","Stocks","02123","Goats","2022","2022","An","825639","I","Value imputed by a receiving agency",""
"QCL","Crops and livestock products","694","Sierra Leone","5111","Stocks","02123","Goats","2023","2023","An","816608","I","Value imputed by a receiving agency",""
"QCL","Crops and livestock products","694","Sierra Leone","5111","Stocks","02123","Goats","2024","2024","An","807401","I","Value imputed by a receiving agency",""
"QCL","Crops and livestock products","694","Sierra Leone","5111","Stocks","02122","Sheep","2005","2005","An","272222","A","Official figure",""
"QCL","Crops and livestock products","694","Sierra Leone","5111","Stocks","02122","Sheep","2006","2006","An","326667","A","Official figure",""
"QCL","Crops and livestock products","694","Sierra Leone","5111","Stocks","02122","Sheep","2007","2007","An","392000","A","Official figure",""
"QCL","Crops and livestock products","694","Sierra Leone","5111","Stocks","02122","Sheep","2008","2008","An","470400","A","Official figure",""
"QCL","Crops and livestock products","694","Sierra Leone","5111","Stocks","02122","Sheep","2009","2009","An","620000","A","Official figure",""
"QCL","Crops and livestock products","694","Sierra Leone","5111","Stocks","02122","Sheep","2010","2010","An","682000","A","Official figure",""
"QCL","Crops and livestock products","694","Sierra Leone","5111","Stocks","02122","Sheep","2011","2011","An","750200","A","Official figure",""
"QCL","Crops and livestock products","694","Sierra Leone","5111","Stocks","02122","Sheep","2012","2012","An","825220","A","Official figure",""
"QCL","Crops and livestock products","694","Sierra Leone","5111","Stocks","02122","Sheep","2013","2013","An","851101","A","Official figure",""
"QCL","Crops and livestock products","694","Sierra Leone","5111","Stocks","02122","Sheep","2014","2014","An","865000","E","Estimated value",""
"QCL","Crops and livestock products","694","Sierra Leone","5111","Stocks","02122","Sheep","2015","2015","An","869063","I","Value imputed by a receiving agency",""
"QCL","Crops and livestock products","694","Sierra Leone","5111","Stocks","02122","Sheep","2016","2016","An","870000","E","Estimated value",""
"QCL","Crops and livestock products","694","Sierra Leone","5111","Stocks","02122","Sheep","2017","2017","An","870000","E","Estimated value",""
"QCL","Crops and livestock products","694","Sierra Leone","5111","Stocks","02122","Sheep","2018","2018","An","927610","A","Official figure",""
"QCL","Crops and livestock products","694","Sierra Leone","5111","Stocks","02122","Sheep","2019","2019","An","903135","E","Estimated value",""
"QCL","Crops and livestock products","694","Sierra Leone","5111","Stocks","02122","Sheep","2020","2020","An","894773","I","Value imputed by a receiving agency",""
"QCL","Crops and livestock products","694","Sierra Leone","5111","Stocks","02122","Sheep","2021","2021","An","929830","I","Value imputed by a receiving agency",""
"QCL","Crops and livestock products","694","Sierra Leone","5111","Stocks","02122","Sheep","2022","2022","An","939621","I","Value imputed by a receiving agency",""
"QCL","Crops and livestock products","694","Sierra Leone","5111","Stocks","02122","Sheep","2023","2023","An","923425","E","Estimated value",""
"QCL","Crops and livestock products","694","Sierra Leone","5111","Stocks","02122","Sheep","2024","2024","An","934780","E","Estimated value",""
"QCL","Crops and livestock products","706","Somalia","5111","Stocks","02111","Cattle","2005","2005","An","5500000","E","Estimated value",""
"QCL","Crops and livestock products","706","Somalia","5111","Stocks","02111","Cattle","2006","2006","An","5350000","E","Estimated value",""
"QCL","Crops and livestock products","706","Somalia","5111","Stocks","02111","Cattle","2007","2007","An","4815000","E","Estimated value",""
"QCL","Crops and livestock products","706","Somalia","5111","Stocks","02111","Cattle","2008","2008","An","4800000","E","Estimated value",""
"QCL","Crops and livestock products","706","Somalia","5111","Stocks","02111","Cattle","2009","2009","An","4780000","E","Estimated value",""
"QCL","Crops and livestock products","706","Somalia","5111","Stocks","02111","Cattle","2010","2010","An","4800000","E","Estimated value",""
"QCL","Crops and livestock products","706","Somalia","5111","Stocks","02111","Cattle","2011","2011","An","4850000","E","Estimated value",""
"QCL","Crops and livestock products","706","Somalia","5111","Stocks","02111","Cattle","2012","2012","An","4870000","E","Estimated value",""
"QCL","Crops and livestock products","706","Somalia","5111","Stocks","02111","Cattle","2013","2013","An","4870000","E","Estimated value",""
"QCL","Crops and livestock products","706","Somalia","5111","Stocks","02111","Cattle","2014","2014","An","4900000","E","Estimated value",""
"QCL","Crops and livestock products","706","Somalia","5111","Stocks","02111","Cattle","2015","2015","An","4889370","I","Value imputed by a receiving agency",""
"QCL","Crops and livestock products","706","Somalia","5111","Stocks","02111","Cattle","2016","2016","An","4850000","E","Estimated value",""
"QCL","Crops and livestock products","706","Somalia","5111","Stocks","02111","Cattle","2017","2017","An","4800000","E","Estimated value",""
"QCL","Crops and livestock products","706","Somalia","5111","Stocks","02111","Cattle","2018","2018","An","4789337","I","Value imputed by a receiving agency",""
"QCL","Crops and livestock products","706","Somalia","5111","Stocks","02111","Cattle","2019","2019","An","4800000","E","Estimated value",""
"QCL","Crops and livestock products","706","Somalia","5111","Stocks","02111","Cattle","2020","2020","An","4778805","I","Value imputed by a receiving agency",""
"QCL","Crops and livestock products","706","Somalia","5111","Stocks","02111","Cattle","2021","2021","An","4789380","E","Estimated value",""
"QCL","Crops and livestock products","706","Somalia","5111","Stocks","02111","Cattle","2022","2022","An","4789395","E","Estimated value",""
"QCL","Crops and livestock products","706","Somalia","5111","Stocks","02111","Cattle","2023","2023","An","4785860","E","Estimated value",""
"QCL","Crops and livestock products","706","Somalia","5111","Stocks","02111","Cattle","2024","2024","An","4788212","E","Estimated value",""
"QCL","Crops and livestock products","706","Somalia","5112","Stocks","02151","Chickens","2005","2005","1000 An","3470","E","Estimated value",""
"QCL","Crops and livestock products","706","Somalia","5112","Stocks","02151","Chickens","2006","2006","1000 An","3400","E","Estimated value",""
"QCL","Crops and livestock products","706","Somalia","5112","Stocks","02151","Chickens","2007","2007","1000 An","3400","E","Estimated value",""
"QCL","Crops and livestock products","706","Somalia","5112","Stocks","02151","Chickens","2008","2008","1000 An","3400","E","Estimated value",""
"QCL","Crops and livestock products","706","Somalia","5112","Stocks","02151","Chickens","2009","2009","1000 An","3400","E","Estimated value",""
"QCL","Crops and livestock products","706","Somalia","5112","Stocks","02151","Chickens","2010","2010","1000 An","3400","E","Estimated value",""
"QCL","Crops and livestock products","706","Somalia","5112","Stocks","02151","Chickens","2011","2011","1000 An","3400","E","Estimated value",""
"QCL","Crops and livestock products","706","Somalia","5112","Stocks","02151","Chickens","2012","2012","1000 An","3400","E","Estimated value",""
"QCL","Crops and livestock products","706","Somalia","5112","Stocks","02151","Chickens","2013","2013","1000 An","3500","E","Estimated value",""
"QCL","Crops and livestock products","706","Somalia","5112","Stocks","02151","Chickens","2014","2014","1000 An","3600","E","Estimated value",""
"QCL","Crops and livestock products","706","Somalia","5112","Stocks","02151","Chickens","2015","2015","1000 An","3675","I","Value imputed by a receiving agency",""
"QCL","Crops and livestock products","706","Somalia","5112","Stocks","02151","Chickens","2016","2016","1000 An","3725","I","Value imputed by a receiving agency",""
"QCL","Crops and livestock products","706","Somalia","5112","Stocks","02151","Chickens","2017","2017","1000 An","3752","I","Value imputed by a receiving agency",""
"QCL","Crops and livestock products","706","Somalia","5112","Stocks","02151","Chickens","2018","2018","1000 An","3779","I","Value imputed by a receiving agency",""
"QCL","Crops and livestock products","706","Somalia","5112","Stocks","02151","Chickens","2019","2019","1000 An","3811","I","Value imputed by a receiving agency",""
"QCL","Crops and livestock products","706","Somalia","5112","Stocks","02151","Chickens","2020","2020","1000 An","3846","I","Value imputed by a receiving agency",""
"QCL","Crops and livestock products","706","Somalia","5112","Stocks","02151","Chickens","2021","2021","1000 An","3928","I","Value imputed by a receiving agency",""
"QCL","Crops and livestock products","706","Somalia","5112","Stocks","02151","Chickens","2022","2022","1000 An","3919","I","Value imputed by a receiving agency",""
"QCL","Crops and livestock products","706","Somalia","5112","Stocks","02151","Chickens","2023","2023","1000 An","3952","I","Value imputed by a receiving agency",""
"QCL","Crops and livestock products","706","Somalia","5112","Stocks","02151","Chickens","2024","2024","1000 An","3926","E","Estimated value",""
"QCL","Crops and livestock products","706","Somalia","5111","Stocks","02123","Goats","2005","2005","An","14600000","E","Estimated value",""
"QCL","Crops and livestock products","706","Somalia","5111","Stocks","02123","Goats","2006","2006","An","12700000","E","Estimated value",""
"QCL","Crops and livestock products","706","Somalia","5111","Stocks","02123","Goats","2007","2007","An","11430000","E","Estimated value",""
"QCL","Crops and livestock products","706","Somalia","5111","Stocks","02123","Goats","2008","2008","An","11420000","E","Estimated value",""
"QCL","Crops and livestock products","706","Somalia","5111","Stocks","02123","Goats","2009","2009","An","11400000","E","Estimated value",""
"QCL","Crops and livestock products","706","Somalia","5111","Stocks","02123","Goats","2010","2010","An","11500000","E","Estimated value",""
"QCL","Crops and livestock products","706","Somalia","5111","Stocks","02123","Goats","2011","2011","An","11500000","E","Estimated value",""
"QCL","Crops and livestock products","706","Somalia","5111","Stocks","02123","Goats","2012","2012","An","11500000","E","Estimated value",""
"QCL","Crops and livestock products","706","Somalia","5111","Stocks","02123","Goats","2013","2013","An","11550000","E","Estimated value",""
"QCL","Crops and livestock products","706","Somalia","5111","Stocks","02123","Goats","2014","2014","An","11600000","E","Estimated value",""
"QCL","Crops and livestock products","706","Somalia","5111","Stocks","02123","Goats","2015","2015","An","11646431","I","Value imputed by a receiving agency",""
"QCL","Crops and livestock products","706","Somalia","5111","Stocks","02123","Goats","2016","2016","An","11691563","I","Value imputed by a receiving agency",""
"QCL","Crops and livestock products","706","Somalia","5111","Stocks","02123","Goats","2017","2017","An","11732441","I","Value imputed by a receiving agency",""
"QCL","Crops and livestock products","706","Somalia","5111","Stocks","02123","Goats","2018","2018","An","11726154","I","Value imputed by a receiving agency",""
"QCL","Crops and livestock products","706","Somalia","5111","Stocks","02123","Goats","2019","2019","An","11701276","I","Value imputed by a receiving agency",""
"QCL","Crops and livestock products","706","Somalia","5111","Stocks","02123","Goats","2020","2020","An","11670251","I","Value imputed by a receiving agency",""
"QCL","Crops and livestock products","706","Somalia","5111","Stocks","02123","Goats","2021","2021","An","11437018","I","Value imputed by a receiving agency",""
"QCL","Crops and livestock products","706","Somalia","5111","Stocks","02123","Goats","2022","2022","An","11374244","I","Value imputed by a receiving agency",""
"QCL","Crops and livestock products","706","Somalia","5111","Stocks","02123","Goats","2023","2023","An","11337673","I","Value imputed by a receiving agency",""
"QCL","Crops and livestock products","706","Somalia","5111","Stocks","02123","Goats","2024","2024","An","11301103","I","Value imputed by a receiving agency",""
"QCL","Crops and livestock products","706","Somalia","5111","Stocks","02122","Sheep","2005","2005","An","14700000","E","Estimated value",""
"QCL","Crops and livestock products","706","Somalia","5111","Stocks","02122","Sheep","2006","2006","An","13100000","E","Estimated value",""
"QCL","Crops and livestock products","706","Somalia","5111","Stocks","02122","Sheep","2007","2007","An","11790000","E","Estimated value",""
"QCL","Crops and livestock products","706","Somalia","5111","Stocks","02122","Sheep","2008","2008","An","11780000","E","Estimated value",""
"QCL","Crops and livestock products","706","Somalia","5111","Stocks","02122","Sheep","2009","2009","An","11760000","E","Estimated value",""
"QCL","Crops and livestock products","706","Somalia","5111","Stocks","02122","Sheep","2010","2010","An","12000000","E","Estimated value",""
"QCL","Crops and livestock products","706","Somalia","5111","Stocks","02122","Sheep","2011","2011","An","12250000","E","Estimated value",""
"QCL","Crops and livestock products","706","Somalia","5111","Stocks","02122","Sheep","2012","2012","An","12300000","E","Estimated value",""
"QCL","Crops and livestock products","706","Somalia","5111","Stocks","02122","Sheep","2013","2013","An","12300000","E","Estimated value",""
"QCL","Crops and livestock products","706","Somalia","5111","Stocks","02122","Sheep","2014","2014","An","12325000","E","Estimated value",""
"QCL","Crops and livestock products","706","Somalia","5111","Stocks","02122","Sheep","2015","2015","An","12039813","I","Value imputed by a receiving agency",""
"QCL","Crops and livestock products","706","Somalia","5111","Stocks","02122","Sheep","2016","2016","An","11591374","I","Value imputed by a receiving agency",""
"QCL","Crops and livestock products","706","Somalia","5111","Stocks","02122","Sheep","2017","2017","An","11000000","E","Estimated value",""
"QCL","Crops and livestock products","706","Somalia","5111","Stocks","02122","Sheep","2018","2018","An","10884436","I","Value imputed by a receiving agency",""
"QCL","Crops and livestock products","706","Somalia","5111","Stocks","02122","Sheep","2019","2019","An","11000000","E","Estimated value",""
"QCL","Crops and livestock products","706","Somalia","5111","Stocks","02122","Sheep","2020","2020","An","11124391","I","Value imputed by a receiving agency",""
"QCL","Crops and livestock products","706","Somalia","5111","Stocks","02122","Sheep","2021","2021","An","10565692","E","Estimated value",""
"QCL","Crops and livestock products","706","Somalia","5111","Stocks","02122","Sheep","2022","2022","An","9828805","E","Estimated value",""
"QCL","Crops and livestock products","706","Somalia","5111","Stocks","02122","Sheep","2023","2023","An","8962290","E","Estimated value",""
"QCL","Crops and livestock products","706","Somalia","5111","Stocks","02122","Sheep","2024","2024","An","7987932","E","Estimated value",""
"QCL","Crops and livestock products","710","South Africa","5111","Stocks","02111","Cattle","2005","2005","An","13790000","A","Official figure",""
"QCL","Crops and livestock products","710","South Africa","5111","Stocks","02111","Cattle","2006","2006","An","13532000","A","Official figure",""
"QCL","Crops and livestock products","710","South Africa","5111","Stocks","02111","Cattle","2007","2007","An","13911358","A","Official figure",""
"QCL","Crops and livestock products","710","South Africa","5111","Stocks","02111","Cattle","2008","2008","An","13865431","A","Official figure",""
"QCL","Crops and livestock products","710","South Africa","5111","Stocks","02111","Cattle","2009","2009","An","13761161","A","Official figure",""
"QCL","Crops and livestock products","710","South Africa","5111","Stocks","02111","Cattle","2010","2010","An","13731044","A","Official figure",""
"QCL","Crops and livestock products","710","South Africa","5111","Stocks","02111","Cattle","2011","2011","An","13688328","A","Official figure",""
"QCL","Crops and livestock products","710","South Africa","5111","Stocks","02111","Cattle","2012","2012","An","13887898","A","Official figure",""
"QCL","Crops and livestock products","710","South Africa","5111","Stocks","02111","Cattle","2013","2013","An","13861194","A","Official figure",""
"QCL","Crops and livestock products","710","South Africa","5111","Stocks","02111","Cattle","2014","2014","An","13915301","A","Official figure",""
"QCL","Crops and livestock products","710","South Africa","5111","Stocks","02111","Cattle","2015","2015","An","13694582","A","Official figure",""
"QCL","Crops and livestock products","710","South Africa","5111","Stocks","02111","Cattle","2016","2016","An","13400272","A","Official figure",""
"QCL","Crops and livestock products","710","South Africa","5111","Stocks","02111","Cattle","2017","2017","An","12953388","A","Official figure",""
"QCL","Crops and livestock products","710","South Africa","5111","Stocks","02111","Cattle","2018","2018","An","12789515","A","Official figure",""
"QCL","Crops and livestock products","710","South Africa","5111","Stocks","02111","Cattle","2019","2019","An","12588635","A","Official figure",""
"QCL","Crops and livestock products","710","South Africa","5111","Stocks","02111","Cattle","2020","2020","An","12297621","A","Official figure",""
"QCL","Crops and livestock products","710","South Africa","5111","Stocks","02111","Cattle","2021","2021","An","12232115","A","Official figure",""
"QCL","Crops and livestock products","710","South Africa","5111","Stocks","02111","Cattle","2022","2022","An","12196802","A","Official figure",""
"QCL","Crops and livestock products","710","South Africa","5111","Stocks","02111","Cattle","2023","2023","An","12198082","A","Official figure",""
"QCL","Crops and livestock products","710","South Africa","5111","Stocks","02111","Cattle","2024","2024","An","12122027","A","Official figure",""
"QCL","Crops and livestock products","710","South Africa","5112","Stocks","02151","Chickens","2005","2005","1000 An","121000","A","Official figure",""
"QCL","Crops and livestock products","710","South Africa","5112","Stocks","02151","Chickens","2006","2006","1000 An","125840","A","Official figure",""
"QCL","Crops and livestock products","710","South Africa","5112","Stocks","02151","Chickens","2007","2007","1000 An","141000","E","Estimated value",""
"QCL","Crops and livestock products","710","South Africa","5112","Stocks","02151","Chickens","2008","2008","1000 An","170000","E","Estimated value",""
"QCL","Crops and livestock products","710","South Africa","5112","Stocks","02151","Chickens","2009","2009","1000 An","185000","E","Estimated value",""
"QCL","Crops and livestock products","710","South Africa","5112","Stocks","02151","Chickens","2010","2010","1000 An","197000","E","Estimated value",""
"QCL","Crops and livestock products","710","South Africa","5112","Stocks","02151","Chickens","2011","2011","1000 An","200000","E","Estimated value",""
"QCL","Crops and livestock products","710","South Africa","5112","Stocks","02151","Chickens","2012","2012","1000 An","200000","E","Estimated value",""
"QCL","Crops and livestock products","710","South Africa","5112","Stocks","02151","Chickens","2013","2013","1000 An","161600","A","Official figure",""
"QCL","Crops and livestock products","710","South Africa","5112","Stocks","02151","Chickens","2014","2014","1000 An","160700","A","Official figure",""
"QCL","Crops and livestock products","710","South Africa","5112","Stocks","02151","Chickens","2015","2015","1000 An","162000","A","Official figure",""
"QCL","Crops and livestock products","710","South Africa","5112","Stocks","02151","Chickens","2016","2016","1000 An","163870","I","Value imputed by a receiving agency",""
"QCL","Crops and livestock products","710","South Africa","5112","Stocks","02151","Chickens","2017","2017","1000 An","167033","I","Value imputed by a receiving agency",""
"QCL","Crops and livestock products","710","South Africa","5112","Stocks","02151","Chickens","2018","2018","1000 An","171063","I","Value imputed by a receiving agency",""
"QCL","Crops and livestock products","710","South Africa","5112","Stocks","02151","Chickens","2019","2019","1000 An","174303","I","Value imputed by a receiving agency",""
"QCL","Crops and livestock products","710","South Africa","5112","Stocks","02151","Chickens","2020","2020","1000 An","177524","I","Value imputed by a receiving agency",""
"QCL","Crops and livestock products","710","South Africa","5112","Stocks","02151","Chickens","2021","2021","1000 An","177561","I","Value imputed by a receiving agency",""
"QCL","Crops and livestock products","710","South Africa","5112","Stocks","02151","Chickens","2022","2022","1000 An","175203","I","Value imputed by a receiving agency",""
"QCL","Crops and livestock products","710","South Africa","5112","Stocks","02151","Chickens","2023","2023","1000 An","175215","I","Value imputed by a receiving agency",""
"QCL","Crops and livestock products","710","South Africa","5112","Stocks","02151","Chickens","2024","2024","1000 An","175199","I","Value imputed by a receiving agency",""
"QCL","Crops and livestock products","710","South Africa","5111","Stocks","02123","Goats","2005","2005","An","6356000","A","Official figure",""
"QCL","Crops and livestock products","710","South Africa","5111","Stocks","02123","Goats","2006","2006","An","6399859","A","Official figure",""
"QCL","Crops and livestock products","710","South Africa","5111","Stocks","02123","Goats","2007","2007","An","6265380","A","Official figure",""
"QCL","Crops and livestock products","710","South Africa","5111","Stocks","02123","Goats","2008","2008","An","6529328","A","Official figure",""
"QCL","Crops and livestock products","710","South Africa","5111","Stocks","02123","Goats","2009","2009","An","6357838","A","Official figure",""
"QCL","Crops and livestock products","710","South Africa","5111","Stocks","02123","Goats","2010","2010","An","6274846","A","Official figure",""
"QCL","Crops and livestock products","710","South Africa","5111","Stocks","02123","Goats","2011","2011","An","6165051","A","Official figure",""
"QCL","Crops and livestock products","710","South Africa","5111","Stocks","02123","Goats","2012","2012","An","6141817","A","Official figure",""
"QCL","Crops and livestock products","710","South Africa","5111","Stocks","02123","Goats","2013","2013","An","6027966","A","Official figure",""
"QCL","Crops and livestock products","710","South Africa","5111","Stocks","02123","Goats","2014","2014","An","5971202","A","Official figure",""
"QCL","Crops and livestock products","710","South Africa","5111","Stocks","02123","Goats","2015","2015","An","5872332","A","Official figure",""
"QCL","Crops and livestock products","710","South Africa","5111","Stocks","02123","Goats","2016","2016","An","5618473","A","Official figure",""
"QCL","Crops and livestock products","710","South Africa","5111","Stocks","02123","Goats","2017","2017","An","5474800","A","Official figure",""
"QCL","Crops and livestock products","710","South Africa","5111","Stocks","02123","Goats","2018","2018","An","5404600","A","Official figure",""
"QCL","Crops and livestock products","710","South Africa","5111","Stocks","02123","Goats","2019","2019","An","5251039","A","Official figure",""
"QCL","Crops and livestock products","710","South Africa","5111","Stocks","02123","Goats","2020","2020","An","5170127","A","Official figure",""
"QCL","Crops and livestock products","710","South Africa","5111","Stocks","02123","Goats","2021","2021","An","5150163","A","Official figure",""
"QCL","Crops and livestock products","710","South Africa","5111","Stocks","02123","Goats","2022","2022","An","5138635","A","Official figure",""
"QCL","Crops and livestock products","710","South Africa","5111","Stocks","02123","Goats","2023","2023","An","5125311","A","Official figure",""
"QCL","Crops and livestock products","710","South Africa","5111","Stocks","02123","Goats","2024","2024","An","5100449","A","Official figure",""
"QCL","Crops and livestock products","710","South Africa","5111","Stocks","02122","Sheep","2005","2005","An","25334000","A","Official figure",""
"QCL","Crops and livestock products","710","South Africa","5111","Stocks","02122","Sheep","2006","2006","An","24982996","A","Official figure",""
"QCL","Crops and livestock products","710","South Africa","5111","Stocks","02122","Sheep","2007","2007","An","25082100","A","Official figure",""
"QCL","Crops and livestock products","710","South Africa","5111","Stocks","02122","Sheep","2008","2008","An","25093896","A","Official figure",""
"QCL","Crops and livestock products","710","South Africa","5111","Stocks","02122","Sheep","2009","2009","An","24989032","A","Official figure",""
"QCL","Crops and livestock products","710","South Africa","5111","Stocks","02122","Sheep","2010","2010","An","24501044","A","Official figure",""
"QCL","Crops and livestock products","710","South Africa","5111","Stocks","02122","Sheep","2011","2011","An","24302776","A","Official figure",""
"QCL","Crops and livestock products","710","South Africa","5111","Stocks","02122","Sheep","2012","2012","An","24391112","A","Official figure",""
"QCL","Crops and livestock products","710","South Africa","5111","Stocks","02122","Sheep","2013","2013","An","24527671","A","Official figure",""
"QCL","Crops and livestock products","710","South Africa","5111","Stocks","02122","Sheep","2014","2014","An","24122558","A","Official figure",""
"QCL","Crops and livestock products","710","South Africa","5111","Stocks","02122","Sheep","2015","2015","An","23937984","A","Official figure",""
"QCL","Crops and livestock products","710","South Africa","5111","Stocks","02122","Sheep","2016","2016","An","23287247","A","Official figure",""
"QCL","Crops and livestock products","710","South Africa","5111","Stocks","02122","Sheep","2017","2017","An","22688930","A","Official figure",""
"QCL","Crops and livestock products","710","South Africa","5111","Stocks","02122","Sheep","2018","2018","An","22500072","A","Official figure",""
"QCL","Crops and livestock products","710","South Africa","5111","Stocks","02122","Sheep","2019","2019","An","22085207","A","Official figure",""
"QCL","Crops and livestock products","710","South Africa","5111","Stocks","02122","Sheep","2020","2020","An","21604708","A","Official figure",""
"QCL","Crops and livestock products","710","South Africa","5111","Stocks","02122","Sheep","2021","2021","An","21464621","A","Official figure",""
"QCL","Crops and livestock products","710","South Africa","5111","Stocks","02122","Sheep","2022","2022","An","21432364","A","Official figure",""
"QCL","Crops and livestock products","710","South Africa","5111","Stocks","02122","Sheep","2023","2023","An","21425621","A","Official figure",""
"QCL","Crops and livestock products","710","South Africa","5111","Stocks","02122","Sheep","2024","2024","An","21240448","A","Official figure",""
"QCL","Crops and livestock products","728","South Sudan","5111","Stocks","02111","Cattle","2012","2012","An","11757000","A","Official figure",""
"QCL","Crops and livestock products","728","South Sudan","5111","Stocks","02111","Cattle","2013","2013","An","11765000","A","Official figure",""
"QCL","Crops and livestock products","728","South Sudan","5111","Stocks","02111","Cattle","2014","2014","An","11817000","A","Official figure",""
"QCL","Crops and livestock products","728","South Sudan","5111","Stocks","02111","Cattle","2015","2015","An","11823700","A","Official figure",""
"QCL","Crops and livestock products","728","South Sudan","5111","Stocks","02111","Cattle","2016","2016","An","11830800","A","Official figure",""
"QCL","Crops and livestock products","728","South Sudan","5111","Stocks","02111","Cattle","2017","2017","An","11837500","A","Official figure",""
"QCL","Crops and livestock products","728","South Sudan","5111","Stocks","02111","Cattle","2018","2018","An","13314145","A","Official figure",""
"QCL","Crops and livestock products","728","South Sudan","5111","Stocks","02111","Cattle","2019","2019","An","13580389","A","Official figure",""
"QCL","Crops and livestock products","728","South Sudan","5111","Stocks","02111","Cattle","2020","2020","An","13784065","A","Official figure",""
"QCL","Crops and livestock products","728","South Sudan","5111","Stocks","02111","Cattle","2021","2021","An","13612784","A","Official figure",""
"QCL","Crops and livestock products","728","South Sudan","5111","Stocks","02111","Cattle","2022","2022","An","13645892","I","Value imputed by a receiving agency",""
"QCL","Crops and livestock products","728","South Sudan","5111","Stocks","02111","Cattle","2023","2023","An","14134585","I","Value imputed by a receiving agency",""
"QCL","Crops and livestock products","728","South Sudan","5111","Stocks","02111","Cattle","2024","2024","An","14282839","I","Value imputed by a receiving agency",""
"QCL","Crops and livestock products","728","South Sudan","5112","Stocks","02151","Chickens","2012","2012","1000 An","15000","E","Estimated value",""
"QCL","Crops and livestock products","728","South Sudan","5112","Stocks","02151","Chickens","2013","2013","1000 An","15000","E","Estimated value",""
"QCL","Crops and livestock products","728","South Sudan","5112","Stocks","02151","Chickens","2014","2014","1000 An","15000","E","Estimated value",""
"QCL","Crops and livestock products","728","South Sudan","5112","Stocks","02151","Chickens","2015","2015","1000 An","15000","I","Value imputed by a receiving agency",""
"QCL","Crops and livestock products","728","South Sudan","5112","Stocks","02151","Chickens","2016","2016","1000 An","25579","I","Value imputed by a receiving agency",""
"QCL","Crops and livestock products","728","South Sudan","5112","Stocks","02151","Chickens","2017","2017","1000 An","30237","I","Value imputed by a receiving agency",""
"QCL","Crops and livestock products","728","South Sudan","5112","Stocks","02151","Chickens","2018","2018","1000 An","34226","I","Value imputed by a receiving agency",""
"QCL","Crops and livestock products","728","South Sudan","5112","Stocks","02151","Chickens","2019","2019","1000 An","40000","E","Estimated value",""
"QCL","Crops and livestock products","728","South Sudan","5112","Stocks","02151","Chickens","2020","2020","1000 An","35000","E","Estimated value",""
"QCL","Crops and livestock products","728","South Sudan","5112","Stocks","02151","Chickens","2021","2021","1000 An","35000","E","Estimated value",""
"QCL","Crops and livestock products","728","South Sudan","5112","Stocks","02151","Chickens","2022","2022","1000 An","35362","I","Value imputed by a receiving agency",""
"QCL","Crops and livestock products","728","South Sudan","5112","Stocks","02151","Chickens","2023","2023","1000 An","42916","I","Value imputed by a receiving agency",""
"QCL","Crops and livestock products","728","South Sudan","5112","Stocks","02151","Chickens","2024","2024","1000 An","43167","I","Value imputed by a receiving agency",""
"QCL","Crops and livestock products","728","South Sudan","5111","Stocks","02123","Goats","2012","2012","An","13500000","E","Estimated value",""
"QCL","Crops and livestock products","728","South Sudan","5111","Stocks","02123","Goats","2013","2013","An","13550000","E","Estimated value",""
"QCL","Crops and livestock products","728","South Sudan","5111","Stocks","02123","Goats","2014","2014","An","13550000","E","Estimated value",""
"QCL","Crops and livestock products","728","South Sudan","5111","Stocks","02123","Goats","2015","2015","An","14178323","I","Value imputed by a receiving agency",""
"QCL","Crops and livestock products","728","South Sudan","5111","Stocks","02123","Goats","2016","2016","An","13759441","E","Estimated value",""
"QCL","Crops and livestock products","728","South Sudan","5111","Stocks","02123","Goats","2017","2017","An","15291500","I","Value imputed by a receiving agency",""
"QCL","Crops and livestock products","728","South Sudan","5111","Stocks","02123","Goats","2018","2018","An","16990626","A","Official figure",""
"QCL","Crops and livestock products","728","South Sudan","5111","Stocks","02123","Goats","2019","2019","An","17330400","A","Official figure",""
"QCL","Crops and livestock products","728","South Sudan","5111","Stocks","02123","Goats","2020","2020","An","17590326","A","Official figure",""
"QCL","Crops and livestock products","728","South Sudan","5111","Stocks","02123","Goats","2021","2021","An","14412722","A","Official figure",""
"QCL","Crops and livestock products","728","South Sudan","5111","Stocks","02123","Goats","2022","2022","An","16444483","E","Estimated value",""
"QCL","Crops and livestock products","728","South Sudan","5111","Stocks","02123","Goats","2023","2023","An","16149177","E","Estimated value",""
"QCL","Crops and livestock products","728","South Sudan","5111","Stocks","02123","Goats","2024","2024","An","15668794","E","Estimated value",""
"QCL","Crops and livestock products","728","South Sudan","5111","Stocks","02122","Sheep","2012","2012","An","15700000","E","Estimated value",""
"QCL","Crops and livestock products","728","South Sudan","5111","Stocks","02122","Sheep","2013","2013","An","16000000","E","Estimated value",""
"QCL","Crops and livestock products","728","South Sudan","5111","Stocks","02122","Sheep","2014","2014","An","16750000","E","Estimated value",""
"QCL","Crops and livestock products","728","South Sudan","5111","Stocks","02122","Sheep","2015","2015","An","16224775","I","Value imputed by a receiving agency",""
"QCL","Crops and livestock products","728","South Sudan","5111","Stocks","02122","Sheep","2016","2016","An","16324925","E","Estimated value",""
"QCL","Crops and livestock products","728","South Sudan","5111","Stocks","02122","Sheep","2017","2017","An","15430421","I","Value imputed by a receiving agency",""
"QCL","Crops and livestock products","728","South Sudan","5111","Stocks","02122","Sheep","2018","2018","An","14449249","A","Official figure",""
"QCL","Crops and livestock products","728","South Sudan","5111","Stocks","02122","Sheep","2019","2019","An","14738195","A","Official figure",""
"QCL","Crops and livestock products","728","South Sudan","5111","Stocks","02122","Sheep","2020","2020","An","14959238","A","Official figure",""
"QCL","Crops and livestock products","728","South Sudan","5111","Stocks","02122","Sheep","2021","2021","An","13992944","A","Official figure",""
"QCL","Crops and livestock products","728","South Sudan","5111","Stocks","02122","Sheep","2022","2022","An","14563459","E","Estimated value",""
"QCL","Crops and livestock products","728","South Sudan","5111","Stocks","02122","Sheep","2023","2023","An","14505214","E","Estimated value",""
"QCL","Crops and livestock products","728","South Sudan","5111","Stocks","02122","Sheep","2024","2024","An","14353872","E","Estimated value",""
"QCL","Crops and livestock products","729","Sudan","5111","Stocks","02111","Cattle","2012","2012","An","29840000","A","Official figure",""
"QCL","Crops and livestock products","729","Sudan","5111","Stocks","02111","Cattle","2013","2013","An","30010000","A","Official figure",""
"QCL","Crops and livestock products","729","Sudan","5111","Stocks","02111","Cattle","2014","2014","An","30191000","A","Official figure",""
"QCL","Crops and livestock products","729","Sudan","5111","Stocks","02111","Cattle","2015","2015","An","30376000","A","Official figure",""
"QCL","Crops and livestock products","729","Sudan","5111","Stocks","02111","Cattle","2016","2016","An","30632000","A","Official figure",""
"QCL","Crops and livestock products","729","Sudan","5111","Stocks","02111","Cattle","2017","2017","An","30926000","A","Official figure",""
"QCL","Crops and livestock products","729","Sudan","5111","Stocks","02111","Cattle","2018","2018","An","31223000","A","Official figure",""
"QCL","Crops and livestock products","729","Sudan","5111","Stocks","02111","Cattle","2019","2019","An","31489000","A","Official figure",""
"QCL","Crops and livestock products","729","Sudan","5111","Stocks","02111","Cattle","2020","2020","An","31757266","A","Official figure",""
"QCL","Crops and livestock products","729","Sudan","5111","Stocks","02111","Cattle","2021","2021","An","31026579","I","Value imputed by a receiving agency",""
"QCL","Crops and livestock products","729","Sudan","5111","Stocks","02111","Cattle","2022","2022","An","30100000","X","Figure from external organization","Unofficial figure"
"QCL","Crops and livestock products","729","Sudan","5111","Stocks","02111","Cattle","2023","2023","An","30703980","I","Value imputed by a receiving agency",""
"QCL","Crops and livestock products","729","Sudan","5111","Stocks","02111","Cattle","2024","2024","An","31256148","I","Value imputed by a receiving agency",""
"QCL","Crops and livestock products","729","Sudan","5112","Stocks","02151","Chickens","2012","2012","1000 An","45550","A","Official figure",""
"QCL","Crops and livestock products","729","Sudan","5112","Stocks","02151","Chickens","2013","2013","1000 An","46117","A","Official figure",""
"QCL","Crops and livestock products","729","Sudan","5112","Stocks","02151","Chickens","2014","2014","1000 An","46652","A","Official figure",""
"QCL","Crops and livestock products","729","Sudan","5112","Stocks","02151","Chickens","2015","2015","1000 An","47194","A","Official figure",""
"QCL","Crops and livestock products","729","Sudan","5112","Stocks","02151","Chickens","2016","2016","1000 An","47884","A","Official figure",""
"QCL","Crops and livestock products","729","Sudan","5112","Stocks","02151","Chickens","2017","2017","1000 An","48584","A","Official figure",""
"QCL","Crops and livestock products","729","Sudan","5112","Stocks","02151","Chickens","2018","2018","1000 An","49294","A","Official figure",""
"QCL","Crops and livestock products","729","Sudan","5112","Stocks","02151","Chickens","2019","2019","1000 An","50015","A","Official figure",""
"QCL","Crops and livestock products","729","Sudan","5112","Stocks","02151","Chickens","2020","2020","1000 An","50747","A","Official figure",""
"QCL","Crops and livestock products","729","Sudan","5112","Stocks","02151","Chickens","2021","2021","1000 An","51477","I","Value imputed by a receiving agency",""
"QCL","Crops and livestock products","729","Sudan","5112","Stocks","02151","Chickens","2022","2022","1000 An","50260","E","Estimated value",""
"QCL","Crops and livestock products","729","Sudan","5112","Stocks","02151","Chickens","2023","2023","1000 An","52852","I","Value imputed by a receiving agency",""
"QCL","Crops and livestock products","729","Sudan","5112","Stocks","02151","Chickens","2024","2024","1000 An","50207","E","Estimated value",""
"QCL","Crops and livestock products","729","Sudan","5111","Stocks","02123","Goats","2012","2012","An","30837000","A","Official figure",""
"QCL","Crops and livestock products","729","Sudan","5111","Stocks","02123","Goats","2013","2013","An","30984000","A","Official figure",""
"QCL","Crops and livestock products","729","Sudan","5111","Stocks","02123","Goats","2014","2014","An","31029000","A","Official figure",""
"QCL","Crops and livestock products","729","Sudan","5111","Stocks","02123","Goats","2015","2015","An","31227000","A","Official figure",""
"QCL","Crops and livestock products","729","Sudan","5111","Stocks","02123","Goats","2016","2016","An","31481000","A","Official figure",""
"QCL","Crops and livestock products","729","Sudan","5111","Stocks","02123","Goats","2017","2017","An","31659000","A","Official figure",""
"QCL","Crops and livestock products","729","Sudan","5111","Stocks","02123","Goats","2018","2018","An","31837000","A","Official figure",""
"QCL","Crops and livestock products","729","Sudan","5111","Stocks","02123","Goats","2019","2019","An","32032000","A","Official figure",""
"QCL","Crops and livestock products","729","Sudan","5111","Stocks","02123","Goats","2020","2020","An","32228194","A","Official figure",""
"QCL","Crops and livestock products","729","Sudan","5111","Stocks","02123","Goats","2021","2021","An","31696449","I","Value imputed by a receiving agency",""
"QCL","Crops and livestock products","729","Sudan","5111","Stocks","02123","Goats","2022","2022","An","31000000","X","Figure from external organization","Unofficial figure"
"QCL","Crops and livestock products","729","Sudan","5111","Stocks","02123","Goats","2023","2023","An","31422050","I","Value imputed by a receiving agency",""
"QCL","Crops and livestock products","729","Sudan","5111","Stocks","02123","Goats","2024","2024","An","31879279","I","Value imputed by a receiving agency",""
"QCL","Crops and livestock products","729","Sudan","5111","Stocks","02122","Sheep","2012","2012","An","39483000","A","Official figure",""
"QCL","Crops and livestock products","729","Sudan","5111","Stocks","02122","Sheep","2013","2013","An","39568000","A","Official figure",""
"QCL","Crops and livestock products","729","Sudan","5111","Stocks","02122","Sheep","2014","2014","An","39846000","A","Official figure",""
"QCL","Crops and livestock products","729","Sudan","5111","Stocks","02122","Sheep","2015","2015","An","40210000","A","Official figure",""
"QCL","Crops and livestock products","729","Sudan","5111","Stocks","02122","Sheep","2016","2016","An","40612000","A","Official figure",""
"QCL","Crops and livestock products","729","Sudan","5111","Stocks","02122","Sheep","2017","2017","An","40752000","A","Official figure",""
"QCL","Crops and livestock products","729","Sudan","5111","Stocks","02122","Sheep","2018","2018","An","40846000","A","Official figure",""
"QCL","Crops and livestock products","729","Sudan","5111","Stocks","02122","Sheep","2019","2019","An","40896000","A","Official figure",""
"QCL","Crops and livestock products","729","Sudan","5111","Stocks","02122","Sheep","2020","2020","An","40946061","A","Official figure",""
"QCL","Crops and livestock products","729","Sudan","5111","Stocks","02122","Sheep","2021","2021","An","40501633","I","Value imputed by a receiving agency",""
"QCL","Crops and livestock products","729","Sudan","5111","Stocks","02122","Sheep","2022","2022","An","39800000","X","Figure from external organization","Unofficial figure"
"QCL","Crops and livestock products","729","Sudan","5111","Stocks","02122","Sheep","2023","2023","An","39983729","I","Value imputed by a receiving agency",""
"QCL","Crops and livestock products","729","Sudan","5111","Stocks","02122","Sheep","2024","2024","An","40705303","I","Value imputed by a receiving agency",""
"QCL","Crops and livestock products","736","Sudan (former)","5111","Stocks","02111","Cattle","2005","2005","An","40468000","A","Official figure",""
"QCL","Crops and livestock products","736","Sudan (former)","5111","Stocks","02111","Cattle","2006","2006","An","40994000","A","Official figure",""
"QCL","Crops and livestock products","736","Sudan (former)","5111","Stocks","02111","Cattle","2007","2007","An","41138000","A","Official figure",""
"QCL","Crops and livestock products","736","Sudan (former)","5111","Stocks","02111","Cattle","2008","2008","An","41426000","A","Official figure",""
"QCL","Crops and livestock products","736","Sudan (former)","5111","Stocks","02111","Cattle","2009","2009","An","41563000","A","Official figure",""
"QCL","Crops and livestock products","736","Sudan (former)","5111","Stocks","02111","Cattle","2010","2010","An","41761000","A","Official figure",""
"QCL","Crops and livestock products","736","Sudan (former)","5111","Stocks","02111","Cattle","2011","2011","An","41366000","A","Official figure",""
"QCL","Crops and livestock products","736","Sudan (former)","5112","Stocks","02151","Chickens","2005","2005","1000 An","37000","E","Estimated value",""
"QCL","Crops and livestock products","736","Sudan (former)","5112","Stocks","02151","Chickens","2006","2006","1000 An","37000","E","Estimated value",""
"QCL","Crops and livestock products","736","Sudan (former)","5112","Stocks","02151","Chickens","2007","2007","1000 An","40624","A","Official figure",""
"QCL","Crops and livestock products","736","Sudan (former)","5112","Stocks","02151","Chickens","2008","2008","1000 An","41502","A","Official figure",""
"QCL","Crops and livestock products","736","Sudan (former)","5112","Stocks","02151","Chickens","2009","2009","1000 An","42399","A","Official figure",""
"QCL","Crops and livestock products","736","Sudan (former)","5112","Stocks","02151","Chickens","2010","2010","1000 An","43316","A","Official figure",""
"QCL","Crops and livestock products","736","Sudan (former)","5112","Stocks","02151","Chickens","2011","2011","1000 An","45000","A","Official figure",""
"QCL","Crops and livestock products","736","Sudan (former)","5111","Stocks","02123","Goats","2005","2005","An","42526000","A","Official figure",""
"QCL","Crops and livestock products","736","Sudan (former)","5111","Stocks","02123","Goats","2006","2006","An","42756000","A","Official figure",""
"QCL","Crops and livestock products","736","Sudan (former)","5111","Stocks","02123","Goats","2007","2007","An","42987000","A","Official figure",""
"QCL","Crops and livestock products","736","Sudan (former)","5111","Stocks","02123","Goats","2008","2008","An","43100000","A","Official figure",""
"QCL","Crops and livestock products","736","Sudan (former)","5111","Stocks","02123","Goats","2009","2009","An","43270000","A","Official figure",""
"QCL","Crops and livestock products","736","Sudan (former)","5111","Stocks","02123","Goats","2010","2010","An","43441000","A","Official figure",""
"QCL","Crops and livestock products","736","Sudan (former)","5111","Stocks","02123","Goats","2011","2011","An","30649000","A","Official figure",""
"QCL","Crops and livestock products","736","Sudan (former)","5111","Stocks","02122","Sheep","2005","2005","An","49797000","A","Official figure",""
"QCL","Crops and livestock products","736","Sudan (former)","5111","Stocks","02122","Sheep","2006","2006","An","50390000","A","Official figure",""
"QCL","Crops and livestock products","736","Sudan (former)","5111","Stocks","02122","Sheep","2007","2007","An","50944000","A","Official figure",""
"QCL","Crops and livestock products","736","Sudan (former)","5111","Stocks","02122","Sheep","2008","2008","An","51067000","A","Official figure",""
"QCL","Crops and livestock products","736","Sudan (former)","5111","Stocks","02122","Sheep","2009","2009","An","51555000","A","Official figure",""
"QCL","Crops and livestock products","736","Sudan (former)","5111","Stocks","02122","Sheep","2010","2010","An","52079000","A","Official figure",""
"QCL","Crops and livestock products","736","Sudan (former)","5111","Stocks","02122","Sheep","2011","2011","An","52644000","X","Figure from external organization","Unofficial figure"
"QCL","Crops and livestock products","768","Togo","5111","Stocks","02111","Cattle","2005","2005","An","300000","A","Official figure",""
"QCL","Crops and livestock products","768","Togo","5111","Stocks","02111","Cattle","2006","2006","An","302400","A","Official figure",""
"QCL","Crops and livestock products","768","Togo","5111","Stocks","02111","Cattle","2007","2007","An","302800","A","Official figure",""
"QCL","Crops and livestock products","768","Togo","5111","Stocks","02111","Cattle","2008","2008","An","302500","A","Official figure",""
"QCL","Crops and livestock products","768","Togo","5111","Stocks","02111","Cattle","2009","2009","An","307500","A","Official figure",""
"QCL","Crops and livestock products","768","Togo","5111","Stocks","02111","Cattle","2010","2010","An","309411","A","Official figure",""
"QCL","Crops and livestock products","768","Togo","5111","Stocks","02111","Cattle","2011","2011","An","311334","A","Official figure",""
"QCL","Crops and livestock products","768","Togo","5111","Stocks","02111","Cattle","2012","2012","An","428772","A","Official figure",""
"QCL","Crops and livestock products","768","Togo","5111","Stocks","02111","Cattle","2013","2013","An","443060","A","Official figure",""
"QCL","Crops and livestock products","768","Togo","5111","Stocks","02111","Cattle","2014","2014","An","437390","A","Official figure",""
"QCL","Crops and livestock products","768","Togo","5111","Stocks","02111","Cattle","2015","2015","An","441764","A","Official figure",""
"QCL","Crops and livestock products","768","Togo","5111","Stocks","02111","Cattle","2016","2016","An","446183","A","Official figure",""
"QCL","Crops and livestock products","768","Togo","5111","Stocks","02111","Cattle","2017","2017","An","450643","A","Official figure",""
"QCL","Crops and livestock products","768","Togo","5111","Stocks","02111","Cattle","2018","2018","An","453088","A","Official figure",""
"QCL","Crops and livestock products","768","Togo","5111","Stocks","02111","Cattle","2019","2019","An","459702","A","Official figure",""
"QCL","Crops and livestock products","768","Togo","5111","Stocks","02111","Cattle","2020","2020","An","464299","A","Official figure",""
"QCL","Crops and livestock products","768","Togo","5111","Stocks","02111","Cattle","2021","2021","An","468942","A","Official figure",""
"QCL","Crops and livestock products","768","Togo","5111","Stocks","02111","Cattle","2022","2022","An","473632","A","Official figure",""
"QCL","Crops and livestock products","768","Togo","5111","Stocks","02111","Cattle","2023","2023","An","477885","I","Value imputed by a receiving agency",""
"QCL","Crops and livestock products","768","Togo","5111","Stocks","02111","Cattle","2024","2024","An","477388","I","Value imputed by a receiving agency",""
"QCL","Crops and livestock products","768","Togo","5112","Stocks","02151","Chickens","2005","2005","1000 An","13414","A","Official figure",""
"QCL","Crops and livestock products","768","Togo","5112","Stocks","02151","Chickens","2006","2006","1000 An","14487","A","Official figure",""
"QCL","Crops and livestock products","768","Togo","5112","Stocks","02151","Chickens","2007","2007","1000 An","15646","A","Official figure",""
"QCL","Crops and livestock products","768","Togo","5112","Stocks","02151","Chickens","2008","2008","1000 An","15300","X","Figure from external organization","Unofficial figure"
"QCL","Crops and livestock products","768","Togo","5112","Stocks","02151","Chickens","2009","2009","1000 An","19800","X","Figure from external organization","Unofficial figure"
"QCL","Crops and livestock products","768","Togo","5112","Stocks","02151","Chickens","2010","2010","1000 An","21650","X","Figure from external organization","Unofficial figure"
"QCL","Crops and livestock products","768","Togo","5112","Stocks","02151","Chickens","2011","2011","1000 An","23000","E","Estimated value",""
"QCL","Crops and livestock products","768","Togo","5112","Stocks","02151","Chickens","2012","2012","1000 An","23500","E","Estimated value",""
"QCL","Crops and livestock products","768","Togo","5112","Stocks","02151","Chickens","2013","2013","1000 An","25000","E","Estimated value",""
"QCL","Crops and livestock products","768","Togo","5112","Stocks","02151","Chickens","2014","2014","1000 An","17897","A","Official figure",""
"QCL","Crops and livestock products","768","Togo","5112","Stocks","02151","Chickens","2015","2015","1000 An","19329","A","Official figure",""
"QCL","Crops and livestock products","768","Togo","5112","Stocks","02151","Chickens","2016","2016","1000 An","20875","A","Official figure",""
"QCL","Crops and livestock products","768","Togo","5112","Stocks","02151","Chickens","2017","2017","1000 An","22545","A","Official figure",""
"QCL","Crops and livestock products","768","Togo","5112","Stocks","02151","Chickens","2018","2018","1000 An","29934","A","Official figure",""
"QCL","Crops and livestock products","768","Togo","5112","Stocks","02151","Chickens","2019","2019","1000 An","26297","A","Official figure",""
"QCL","Crops and livestock products","768","Togo","5112","Stocks","02151","Chickens","2020","2020","1000 An","28401","A","Official figure",""
"QCL","Crops and livestock products","768","Togo","5112","Stocks","02151","Chickens","2021","2021","1000 An","32001","A","Official figure",""
"QCL","Crops and livestock products","768","Togo","5112","Stocks","02151","Chickens","2022","2022","1000 An","34592","A","Official figure",""
"QCL","Crops and livestock products","768","Togo","5112","Stocks","02151","Chickens","2023","2023","1000 An","35588","I","Value imputed by a receiving agency",""
"QCL","Crops and livestock products","768","Togo","5112","Stocks","02151","Chickens","2024","2024","1000 An","35471","I","Value imputed by a receiving agency",""
"QCL","Crops and livestock products","768","Togo","5111","Stocks","02123","Goats","2005","2005","An","1700000","A","Official figure",""
"QCL","Crops and livestock products","768","Togo","5111","Stocks","02123","Goats","2006","2006","An","1770000","A","Official figure",""
"QCL","Crops and livestock products","768","Togo","5111","Stocks","02123","Goats","2007","2007","An","1780000","A","Official figure",""
"QCL","Crops and livestock products","768","Togo","5111","Stocks","02123","Goats","2008","2008","An","1781000","A","Official figure",""
"QCL","Crops and livestock products","768","Togo","5111","Stocks","02123","Goats","2009","2009","An","1870000","A","Official figure",""
"QCL","Crops and livestock products","768","Togo","5111","Stocks","02123","Goats","2010","2010","An","1915516","A","Official figure",""
"QCL","Crops and livestock products","768","Togo","5111","Stocks","02123","Goats","2011","2011","An","1962139","A","Official figure",""
"QCL","Crops and livestock products","768","Togo","5111","Stocks","02123","Goats","2012","2012","An","2526059","A","Official figure",""
"QCL","Crops and livestock products","768","Togo","5111","Stocks","02123","Goats","2013","2013","An","2728144","A","Official figure",""
"QCL","Crops and livestock products","768","Togo","5111","Stocks","02123","Goats","2014","2014","An","2946395","A","Official figure",""
"QCL","Crops and livestock products","768","Togo","5111","Stocks","02123","Goats","2015","2015","An","3182107","A","Official figure",""
"QCL","Crops and livestock products","768","Togo","5111","Stocks","02123","Goats","2016","2016","An","3436677","A","Official figure",""
"QCL","Crops and livestock products","768","Togo","5111","Stocks","02123","Goats","2017","2017","An","3711611","A","Official figure",""
"QCL","Crops and livestock products","768","Togo","5111","Stocks","02123","Goats","2018","2018","An","3944963","A","Official figure",""
"QCL","Crops and livestock products","768","Togo","5111","Stocks","02123","Goats","2019","2019","An","4329221","A","Official figure",""
"QCL","Crops and livestock products","768","Togo","5111","Stocks","02123","Goats","2020","2020","An","4675559","A","Official figure",""
"QCL","Crops and livestock products","768","Togo","5111","Stocks","02123","Goats","2021","2021","An","5049604","A","Official figure",""
"QCL","Crops and livestock products","768","Togo","5111","Stocks","02123","Goats","2022","2022","An","5453572","A","Official figure",""
"QCL","Crops and livestock products","768","Togo","5111","Stocks","02123","Goats","2023","2023","An","5849954","I","Value imputed by a receiving agency",""
"QCL","Crops and livestock products","768","Togo","5111","Stocks","02123","Goats","2024","2024","An","5960087","I","Value imputed by a receiving agency",""
"QCL","Crops and livestock products","768","Togo","5111","Stocks","02122","Sheep","2005","2005","An","1850000","E","Estimated value",""
"QCL","Crops and livestock products","768","Togo","5111","Stocks","02122","Sheep","2006","2006","An","1900000","E","Estimated value",""
"QCL","Crops and livestock products","768","Togo","5111","Stocks","02122","Sheep","2007","2007","An","1950100","E","Estimated value",""
"QCL","Crops and livestock products","768","Togo","5111","Stocks","02122","Sheep","2008","2008","An","2001500","E","Estimated value",""
"QCL","Crops and livestock products","768","Togo","5111","Stocks","02122","Sheep","2009","2009","An","2054250","E","Estimated value",""
"QCL","Crops and livestock products","768","Togo","5111","Stocks","02122","Sheep","2010","2010","An","2108400","E","Estimated value",""
"QCL","Crops and livestock products","768","Togo","5111","Stocks","02122","Sheep","2011","2011","An","2109000","E","Estimated value",""
"QCL","Crops and livestock products","768","Togo","5111","Stocks","02122","Sheep","2012","2012","An","2150000","E","Estimated value",""
"QCL","Crops and livestock products","768","Togo","5111","Stocks","02122","Sheep","2013","2013","An","2200000","E","Estimated value",""
"QCL","Crops and livestock products","768","Togo","5111","Stocks","02122","Sheep","2014","2014","An","1249426","A","Official figure",""
"QCL","Crops and livestock products","768","Togo","5111","Stocks","02122","Sheep","2015","2015","An","1324388","A","Official figure",""
"QCL","Crops and livestock products","768","Togo","5111","Stocks","02122","Sheep","2016","2016","An","1403852","A","Official figure",""
"QCL","Crops and livestock products","768","Togo","5111","Stocks","02122","Sheep","2017","2017","An","1488083","A","Official figure",""
"QCL","Crops and livestock products","768","Togo","5111","Stocks","02122","Sheep","2018","2018","An","1552087","A","Official figure",""
"QCL","Crops and livestock products","768","Togo","5111","Stocks","02122","Sheep","2019","2019","An","1672011","A","Official figure",""
"QCL","Crops and livestock products","768","Togo","5111","Stocks","02122","Sheep","2020","2020","An","1772332","A","Official figure",""
"QCL","Crops and livestock products","768","Togo","5111","Stocks","02122","Sheep","2021","2021","An","1878672","A","Official figure",""
"QCL","Crops and livestock products","768","Togo","5111","Stocks","02122","Sheep","2022","2022","An","1991392","A","Official figure",""
"QCL","Crops and livestock products","768","Togo","5111","Stocks","02122","Sheep","2023","2023","An","2039685","I","Value imputed by a receiving agency",""
"QCL","Crops and livestock products","768","Togo","5111","Stocks","02122","Sheep","2024","2024","An","2029331","I","Value imputed by a receiving agency",""
"QCL","Crops and livestock products","788","Tunisia","5111","Stocks","02111","Cattle","2005","2005","An","686320","A","Official figure",""
"QCL","Crops and livestock products","788","Tunisia","5111","Stocks","02111","Cattle","2006","2006","An","703150","A","Official figure",""
"QCL","Crops and livestock products","788","Tunisia","5111","Stocks","02111","Cattle","2007","2007","An","710130","A","Official figure",""
"QCL","Crops and livestock products","788","Tunisia","5111","Stocks","02111","Cattle","2008","2008","An","694660","A","Official figure",""
"QCL","Crops and livestock products","788","Tunisia","5111","Stocks","02111","Cattle","2009","2009","An","679080","A","Official figure",""
"QCL","Crops and livestock products","788","Tunisia","5111","Stocks","02111","Cattle","2010","2010","An","670900","A","Official figure",""
"QCL","Crops and livestock products","788","Tunisia","5111","Stocks","02111","Cattle","2011","2011","An","655730","A","Official figure",""
"QCL","Crops and livestock products","788","Tunisia","5111","Stocks","02111","Cattle","2012","2012","An","654260","A","Official figure",""
"QCL","Crops and livestock products","788","Tunisia","5111","Stocks","02111","Cattle","2013","2013","An","646157","A","Official figure",""
"QCL","Crops and livestock products","788","Tunisia","5111","Stocks","02111","Cattle","2014","2014","An","671200","A","Official figure",""
"QCL","Crops and livestock products","788","Tunisia","5111","Stocks","02111","Cattle","2015","2015","An","685800","A","Official figure",""
"QCL","Crops and livestock products","788","Tunisia","5111","Stocks","02111","Cattle","2016","2016","An","646100","A","Official figure",""
"QCL","Crops and livestock products","788","Tunisia","5111","Stocks","02111","Cattle","2017","2017","An","646000","A","Official figure",""
"QCL","Crops and livestock products","788","Tunisia","5111","Stocks","02111","Cattle","2018","2018","An","594500","A","Official figure",""
"QCL","Crops and livestock products","788","Tunisia","5111","Stocks","02111","Cattle","2019","2019","An","564306","I","Value imputed by a receiving agency",""
"QCL","Crops and livestock products","788","Tunisia","5111","Stocks","02111","Cattle","2020","2020","An","535032","I","Value imputed by a receiving agency",""
"QCL","Crops and livestock products","788","Tunisia","5111","Stocks","02111","Cattle","2021","2021","An","536067","I","Value imputed by a receiving agency",""
"QCL","Crops and livestock products","788","Tunisia","5111","Stocks","02111","Cattle","2022","2022","An","495566","I","Value imputed by a receiving agency",""
"QCL","Crops and livestock products","788","Tunisia","5111","Stocks","02111","Cattle","2023","2023","An","519700","E","Estimated value",""
"QCL","Crops and livestock products","788","Tunisia","5111","Stocks","02111","Cattle","2024","2024","An","495935","E","Estimated value",""
"QCL","Crops and livestock products","788","Tunisia","5112","Stocks","02151","Chickens","2005","2005","1000 An","66000","E","Estimated value",""
"QCL","Crops and livestock products","788","Tunisia","5112","Stocks","02151","Chickens","2006","2006","1000 An","62000","E","Estimated value",""
"QCL","Crops and livestock products","788","Tunisia","5112","Stocks","02151","Chickens","2007","2007","1000 An","68000","E","Estimated value",""
"QCL","Crops and livestock products","788","Tunisia","5112","Stocks","02151","Chickens","2008","2008","1000 An","70000","E","Estimated value",""
"QCL","Crops and livestock products","788","Tunisia","5112","Stocks","02151","Chickens","2009","2009","1000 An","70000","E","Estimated value",""
"QCL","Crops and livestock products","788","Tunisia","5112","Stocks","02151","Chickens","2010","2010","1000 An","80000","E","Estimated value",""
"QCL","Crops and livestock products","788","Tunisia","5112","Stocks","02151","Chickens","2011","2011","1000 An","77000","E","Estimated value",""
"QCL","Crops and livestock products","788","Tunisia","5112","Stocks","02151","Chickens","2012","2012","1000 An","81000","E","Estimated value",""
"QCL","Crops and livestock products","788","Tunisia","5112","Stocks","02151","Chickens","2013","2013","1000 An","88000","E","Estimated value",""
"QCL","Crops and livestock products","788","Tunisia","5112","Stocks","02151","Chickens","2014","2014","1000 An","88000","E","Estimated value",""
"QCL","Crops and livestock products","788","Tunisia","5112","Stocks","02151","Chickens","2015","2015","1000 An","89556","I","Value imputed by a receiving agency",""
"QCL","Crops and livestock products","788","Tunisia","5112","Stocks","02151","Chickens","2016","2016","1000 An","91222","I","Value imputed by a receiving agency",""
"QCL","Crops and livestock products","788","Tunisia","5112","Stocks","02151","Chickens","2017","2017","1000 An","93032","I","Value imputed by a receiving agency",""
"QCL","Crops and livestock products","788","Tunisia","5112","Stocks","02151","Chickens","2018","2018","1000 An","94983","I","Value imputed by a receiving agency",""
"QCL","Crops and livestock products","788","Tunisia","5112","Stocks","02151","Chickens","2019","2019","1000 An","97024","I","Value imputed by a receiving agency",""
"QCL","Crops and livestock products","788","Tunisia","5112","Stocks","02151","Chickens","2020","2020","1000 An","99204","I","Value imputed by a receiving agency",""
"QCL","Crops and livestock products","788","Tunisia","5112","Stocks","02151","Chickens","2021","2021","1000 An","101669","I","Value imputed by a receiving agency",""
"QCL","Crops and livestock products","788","Tunisia","5112","Stocks","02151","Chickens","2022","2022","1000 An","101753","I","Value imputed by a receiving agency",""
"QCL","Crops and livestock products","788","Tunisia","5112","Stocks","02151","Chickens","2023","2023","1000 An","100559","E","Estimated value",""
"QCL","Crops and livestock products","788","Tunisia","5112","Stocks","02151","Chickens","2024","2024","1000 An","102062","E","Estimated value",""
"QCL","Crops and livestock products","788","Tunisia","5111","Stocks","02123","Goats","2005","2005","An","1426640","A","Official figure",""
"QCL","Crops and livestock products","788","Tunisia","5111","Stocks","02123","Goats","2006","2006","An","1497410","A","Official figure",""
"QCL","Crops and livestock products","788","Tunisia","5111","Stocks","02123","Goats","2007","2007","An","1550650","A","Official figure",""
"QCL","Crops and livestock products","788","Tunisia","5111","Stocks","02123","Goats","2008","2008","An","1496290","A","Official figure",""
"QCL","Crops and livestock products","788","Tunisia","5111","Stocks","02123","Goats","2009","2009","An","1454640","A","Official figure",""
"QCL","Crops and livestock products","788","Tunisia","5111","Stocks","02123","Goats","2010","2010","An","1295940","A","Official figure",""
"QCL","Crops and livestock products","788","Tunisia","5111","Stocks","02123","Goats","2011","2011","An","1282080","A","Official figure",""
"QCL","Crops and livestock products","788","Tunisia","5111","Stocks","02123","Goats","2012","2012","An","1272460","A","Official figure",""
"QCL","Crops and livestock products","788","Tunisia","5111","Stocks","02123","Goats","2013","2013","An","1248180","A","Official figure",""
"QCL","Crops and livestock products","788","Tunisia","5111","Stocks","02123","Goats","2014","2014","An","1248200","A","Official figure",""
"QCL","Crops and livestock products","788","Tunisia","5111","Stocks","02123","Goats","2015","2015","An","1199500","A","Official figure",""
"QCL","Crops and livestock products","788","Tunisia","5111","Stocks","02123","Goats","2016","2016","An","1184600","A","Official figure",""
"QCL","Crops and livestock products","788","Tunisia","5111","Stocks","02123","Goats","2017","2017","An","1184600","A","Official figure",""
"QCL","Crops and livestock products","788","Tunisia","5111","Stocks","02123","Goats","2018","2018","An","1197000","A","Official figure",""
"QCL","Crops and livestock products","788","Tunisia","5111","Stocks","02123","Goats","2019","2019","An","1215434","I","Value imputed by a receiving agency",""
"QCL","Crops and livestock products","788","Tunisia","5111","Stocks","02123","Goats","2020","2020","An","1199120","I","Value imputed by a receiving agency",""
"QCL","Crops and livestock products","788","Tunisia","5111","Stocks","02123","Goats","2021","2021","An","1153201","I","Value imputed by a receiving agency",""
"QCL","Crops and livestock products","788","Tunisia","5111","Stocks","02123","Goats","2022","2022","An","1118828","I","Value imputed by a receiving agency",""
"QCL","Crops and livestock products","788","Tunisia","5111","Stocks","02123","Goats","2023","2023","An","1157002","E","Estimated value",""
"QCL","Crops and livestock products","788","Tunisia","5111","Stocks","02123","Goats","2024","2024","An","1129662","E","Estimated value",""
"QCL","Crops and livestock products","788","Tunisia","5111","Stocks","02122","Sheep","2005","2005","An","7213390","A","Official figure",""
"QCL","Crops and livestock products","788","Tunisia","5111","Stocks","02122","Sheep","2006","2006","An","7483790","A","Official figure",""
"QCL","Crops and livestock products","788","Tunisia","5111","Stocks","02122","Sheep","2007","2007","An","7618350","A","Official figure",""
"QCL","Crops and livestock products","788","Tunisia","5111","Stocks","02122","Sheep","2008","2008","An","7300940","A","Official figure",""
"QCL","Crops and livestock products","788","Tunisia","5111","Stocks","02122","Sheep","2009","2009","An","7361620","A","Official figure",""
"QCL","Crops and livestock products","788","Tunisia","5111","Stocks","02122","Sheep","2010","2010","An","7234070","A","Official figure",""
"QCL","Crops and livestock products","788","Tunisia","5111","Stocks","02122","Sheep","2011","2011","An","6998630","A","Official figure",""
"QCL","Crops and livestock products","788","Tunisia","5111","Stocks","02122","Sheep","2012","2012","An","6802420","A","Official figure",""
"QCL","Crops and livestock products","788","Tunisia","5111","Stocks","02122","Sheep","2013","2013","An","6855520","A","Official figure",""
"QCL","Crops and livestock products","788","Tunisia","5111","Stocks","02122","Sheep","2014","2014","An","6805700","A","Official figure",""
"QCL","Crops and livestock products","788","Tunisia","5111","Stocks","02122","Sheep","2015","2015","An","6485600","A","Official figure",""
"QCL","Crops and livestock products","788","Tunisia","5111","Stocks","02122","Sheep","2016","2016","An","6406100","A","Official figure",""
"QCL","Crops and livestock products","788","Tunisia","5111","Stocks","02122","Sheep","2017","2017","An","6406100","A","Official figure",""
"QCL","Crops and livestock products","788","Tunisia","5111","Stocks","02122","Sheep","2018","2018","An","6470000","A","Official figure",""
"QCL","Crops and livestock products","788","Tunisia","5111","Stocks","02122","Sheep","2019","2019","An","6490321","I","Value imputed by a receiving agency",""
"QCL","Crops and livestock products","788","Tunisia","5111","Stocks","02122","Sheep","2020","2020","An","6506843","I","Value imputed by a receiving agency",""
"QCL","Crops and livestock products","788","Tunisia","5111","Stocks","02122","Sheep","2021","2021","An","6375072","I","Value imputed by a receiving agency",""
"QCL","Crops and livestock products","788","Tunisia","5111","Stocks","02122","Sheep","2022","2022","An","6236361","I","Value imputed by a receiving agency",""
"QCL","Crops and livestock products","788","Tunisia","5111","Stocks","02122","Sheep","2023","2023","An","6165352","I","Value imputed by a receiving agency",""
"QCL","Crops and livestock products","788","Tunisia","5111","Stocks","02122","Sheep","2024","2024","An","6094960","I","Value imputed by a receiving agency",""
"QCL","Crops and livestock products","800","Uganda","5111","Stocks","02111","Cattle","2005","2005","An","6770000","A","Official figure",""
"QCL","Crops and livestock products","800","Uganda","5111","Stocks","02111","Cattle","2006","2006","An","6973100","A","Official figure",""
"QCL","Crops and livestock products","800","Uganda","5111","Stocks","02111","Cattle","2007","2007","An","7182293","A","Official figure",""
"QCL","Crops and livestock products","800","Uganda","5111","Stocks","02111","Cattle","2008","2008","An","11408740","A","Official figure",""
"QCL","Crops and livestock products","800","Uganda","5111","Stocks","02111","Cattle","2009","2009","An","11751002","A","Official figure",""
"QCL","Crops and livestock products","800","Uganda","5111","Stocks","02111","Cattle","2010","2010","An","12103532","A","Official figure",""
"QCL","Crops and livestock products","800","Uganda","5111","Stocks","02111","Cattle","2011","2011","An","12466638","A","Official figure",""
"QCL","Crops and livestock products","800","Uganda","5111","Stocks","02111","Cattle","2012","2012","An","12805900","A","Official figure",""
"QCL","Crops and livestock products","800","Uganda","5111","Stocks","02111","Cattle","2013","2013","An","12985900","A","Official figure",""
"QCL","Crops and livestock products","800","Uganda","5111","Stocks","02111","Cattle","2014","2014","An","13623000","A","Official figure",""
"QCL","Crops and livestock products","800","Uganda","5111","Stocks","02111","Cattle","2015","2015","An","14031000","A","Official figure",""
"QCL","Crops and livestock products","800","Uganda","5111","Stocks","02111","Cattle","2016","2016","An","14368000","A","Official figure",""
"QCL","Crops and livestock products","800","Uganda","5111","Stocks","02111","Cattle","2017","2017","An","14189000","A","Official figure",""
"QCL","Crops and livestock products","800","Uganda","5111","Stocks","02111","Cattle","2018","2018","An","14572000","A","Official figure",""
"QCL","Crops and livestock products","800","Uganda","5111","Stocks","02111","Cattle","2019","2019","An","14785000","A","Official figure",""
"QCL","Crops and livestock products","800","Uganda","5111","Stocks","02111","Cattle","2020","2020","An","14918000","A","Official figure",""
"QCL","Crops and livestock products","800","Uganda","5111","Stocks","02111","Cattle","2021","2021","An","14500000","A","Official figure",""
"QCL","Crops and livestock products","800","Uganda","5111","Stocks","02111","Cattle","2022","2022","An","14530855","A","Official figure",""
"QCL","Crops and livestock products","800","Uganda","5111","Stocks","02111","Cattle","2023","2023","An","14614315","A","Official figure",""
"QCL","Crops and livestock products","800","Uganda","5111","Stocks","02111","Cattle","2024","2024","An","14723179","I","Value imputed by a receiving agency",""
"QCL","Crops and livestock products","800","Uganda","5112","Stocks","02151","Chickens","2005","2005","1000 An","32600","A","Official figure",""
"QCL","Crops and livestock products","800","Uganda","5112","Stocks","02151","Chickens","2006","2006","1000 An","22849","A","Official figure",""
"QCL","Crops and livestock products","800","Uganda","5112","Stocks","02151","Chickens","2007","2007","1000 An","26950","A","Official figure",""
"QCL","Crops and livestock products","800","Uganda","5112","Stocks","02151","Chickens","2008","2008","1000 An","27508","A","Official figure",""
"QCL","Crops and livestock products","800","Uganda","5112","Stocks","02151","Chickens","2009","2009","1000 An","31500","X","Figure from external organization","Unofficial figure"
"QCL","Crops and livestock products","800","Uganda","5112","Stocks","02151","Chickens","2010","2010","1000 An","34680","X","Figure from external organization","Unofficial figure"
"QCL","Crops and livestock products","800","Uganda","5112","Stocks","02151","Chickens","2011","2011","1000 An","34660","X","Figure from external organization","Unofficial figure"
"QCL","Crops and livestock products","800","Uganda","5112","Stocks","02151","Chickens","2012","2012","1000 An","37572","X","Figure from external organization","Unofficial figure"
"QCL","Crops and livestock products","800","Uganda","5112","Stocks","02151","Chickens","2013","2013","1000 An","31680","A","Official figure",""
"QCL","Crops and livestock products","800","Uganda","5112","Stocks","02151","Chickens","2014","2014","1000 An","32485","A","Official figure",""
"QCL","Crops and livestock products","800","Uganda","5112","Stocks","02151","Chickens","2015","2015","1000 An","46039","A","Official figure",""
"QCL","Crops and livestock products","800","Uganda","5112","Stocks","02151","Chickens","2016","2016","1000 An","46291","A","Official figure",""
"QCL","Crops and livestock products","800","Uganda","5112","Stocks","02151","Chickens","2017","2017","1000 An","47578","A","Official figure",""
"QCL","Crops and livestock products","800","Uganda","5112","Stocks","02151","Chickens","2018","2018","1000 An","48901","A","Official figure",""
"QCL","Crops and livestock products","800","Uganda","5112","Stocks","02151","Chickens","2019","2019","1000 An","43121","A","Official figure",""
"QCL","Crops and livestock products","800","Uganda","5112","Stocks","02151","Chickens","2020","2020","1000 An","44199","A","Official figure",""
"QCL","Crops and livestock products","800","Uganda","5112","Stocks","02151","Chickens","2021","2021","1000 An","70840","A","Official figure",""
"QCL","Crops and livestock products","800","Uganda","5112","Stocks","02151","Chickens","2022","2022","1000 An","70907","A","Official figure",""
"QCL","Crops and livestock products","800","Uganda","5112","Stocks","02151","Chickens","2023","2023","1000 An","71001","A","Official figure",""
"QCL","Crops and livestock products","800","Uganda","5112","Stocks","02151","Chickens","2024","2024","1000 An","69540","I","Value imputed by a receiving agency",""
"QCL","Crops and livestock products","800","Uganda","5111","Stocks","02123","Goats","2005","2005","An","7800000","A","Official figure",""
"QCL","Crops and livestock products","800","Uganda","5111","Stocks","02123","Goats","2006","2006","An","8034000","A","Official figure",""
"QCL","Crops and livestock products","800","Uganda","5111","Stocks","02123","Goats","2007","2007","An","8275020","A","Official figure",""
"QCL","Crops and livestock products","800","Uganda","5111","Stocks","02123","Goats","2008","2008","An","12449656","A","Official figure",""
"QCL","Crops and livestock products","800","Uganda","5111","Stocks","02123","Goats","2009","2009","An","12823146","A","Official figure",""
"QCL","Crops and livestock products","800","Uganda","5111","Stocks","02123","Goats","2010","2010","An","13207840","A","Official figure",""
"QCL","Crops and livestock products","800","Uganda","5111","Stocks","02123","Goats","2011","2011","An","13604075","A","Official figure",""
"QCL","Crops and livestock products","800","Uganda","5111","Stocks","02123","Goats","2012","2012","An","14012198","A","Official figure",""
"QCL","Crops and livestock products","800","Uganda","5111","Stocks","02123","Goats","2013","2013","An","14614000","A","Official figure",""
"QCL","Crops and livestock products","800","Uganda","5111","Stocks","02123","Goats","2014","2014","An","14011000","A","Official figure",""
"QCL","Crops and livestock products","800","Uganda","5111","Stocks","02123","Goats","2015","2015","An","15312000","A","Official figure",""
"QCL","Crops and livestock products","800","Uganda","5111","Stocks","02123","Goats","2016","2016","An","15725000","A","Official figure",""
"QCL","Crops and livestock products","800","Uganda","5111","Stocks","02123","Goats","2017","2017","An","16034000","A","Official figure",""
"QCL","Crops and livestock products","800","Uganda","5111","Stocks","02123","Goats","2018","2018","An","16419000","A","Official figure",""
"QCL","Crops and livestock products","800","Uganda","5111","Stocks","02123","Goats","2019","2019","An","16945000","A","Official figure",""
"QCL","Crops and livestock products","800","Uganda","5111","Stocks","02123","Goats","2020","2020","An","17097000","A","Official figure",""
"QCL","Crops and livestock products","800","Uganda","5111","Stocks","02123","Goats","2021","2021","An","17358355","A","Official figure",""
"QCL","Crops and livestock products","800","Uganda","5111","Stocks","02123","Goats","2022","2022","An","17406160","A","Official figure",""
"QCL","Crops and livestock products","800","Uganda","5111","Stocks","02123","Goats","2023","2023","An","17440804","A","Official figure",""
"QCL","Crops and livestock products","800","Uganda","5111","Stocks","02123","Goats","2024","2024","An","17401773","E","Estimated value",""
"QCL","Crops and livestock products","800","Uganda","5111","Stocks","02122","Sheep","2005","2005","An","1600000","A","Official figure",""
"QCL","Crops and livestock products","800","Uganda","5111","Stocks","02122","Sheep","2006","2006","An","1648000","A","Official figure",""
"QCL","Crops and livestock products","800","Uganda","5111","Stocks","02122","Sheep","2007","2007","An","1697440","A","Official figure",""
"QCL","Crops and livestock products","800","Uganda","5111","Stocks","02122","Sheep","2008","2008","An","1748000","A","Official figure",""
"QCL","Crops and livestock products","800","Uganda","5111","Stocks","02122","Sheep","2009","2009","An","1810785","I","Value imputed by a receiving agency",""
"QCL","Crops and livestock products","800","Uganda","5111","Stocks","02122","Sheep","2010","2010","An","1893578","I","Value imputed by a receiving agency",""
"QCL","Crops and livestock products","800","Uganda","5111","Stocks","02122","Sheep","2011","2011","An","1974278","I","Value imputed by a receiving agency",""
"QCL","Crops and livestock products","800","Uganda","5111","Stocks","02122","Sheep","2012","2012","An","2044716","I","Value imputed by a receiving agency",""
"QCL","Crops and livestock products","800","Uganda","5111","Stocks","02122","Sheep","2013","2013","An","2115155","I","Value imputed by a receiving agency",""
"QCL","Crops and livestock products","800","Uganda","5111","Stocks","02122","Sheep","2014","2014","An","3308504","I","Value imputed by a receiving agency",""
"QCL","Crops and livestock products","800","Uganda","5111","Stocks","02122","Sheep","2015","2015","An","3842000","A","Official figure",""
"QCL","Crops and livestock products","800","Uganda","5111","Stocks","02122","Sheep","2016","2016","An","4198000","A","Official figure",""
"QCL","Crops and livestock products","800","Uganda","5111","Stocks","02122","Sheep","2017","2017","An","4445000","A","Official figure",""
"QCL","Crops and livestock products","800","Uganda","5111","Stocks","02122","Sheep","2018","2018","An","4584000","A","Official figure",""
"QCL","Crops and livestock products","800","Uganda","5111","Stocks","02122","Sheep","2019","2019","An","4666000","A","Official figure",""
"QCL","Crops and livestock products","800","Uganda","5111","Stocks","02122","Sheep","2020","2020","An","4717000","A","Official figure",""
"QCL","Crops and livestock products","800","Uganda","5111","Stocks","02122","Sheep","2021","2021","An","4363756","A","Official figure",""
"QCL","Crops and livestock products","800","Uganda","5111","Stocks","02122","Sheep","2022","2022","An","4372122","A","Official figure",""
"QCL","Crops and livestock products","800","Uganda","5111","Stocks","02122","Sheep","2023","2023","An","4374137","A","Official figure",""
"QCL","Crops and livestock products","800","Uganda","5111","Stocks","02122","Sheep","2024","2024","An","4373676","I","Value imputed by a receiving agency",""
"QCL","Crops and livestock products","834","United Republic of Tanzania","5111","Stocks","02111","Cattle","2005","2005","An","17719092","A","Official figure",""
"QCL","Crops and livestock products","834","United Republic of Tanzania","5111","Stocks","02111","Cattle","2006","2006","An","18500000","A","Official figure",""
"QCL","Crops and livestock products","834","United Republic of Tanzania","5111","Stocks","02111","Cattle","2007","2007","An","18500000","A","Official figure",""
"QCL","Crops and livestock products","834","United Republic of Tanzania","5111","Stocks","02111","Cattle","2008","2008","An","18800000","A","Official figure",""
"QCL","Crops and livestock products","834","United Republic of Tanzania","5111","Stocks","02111","Cattle","2009","2009","An","19100000","A","Official figure",""
"QCL","Crops and livestock products","834","United Republic of Tanzania","5111","Stocks","02111","Cattle","2010","2010","An","19245648","A","Official figure",""
"QCL","Crops and livestock products","834","United Republic of Tanzania","5111","Stocks","02111","Cattle","2011","2011","An","21300000","A","Official figure",""
"QCL","Crops and livestock products","834","United Republic of Tanzania","5111","Stocks","02111","Cattle","2012","2012","An","22800000","A","Official figure",""
"QCL","Crops and livestock products","834","United Republic of Tanzania","5111","Stocks","02111","Cattle","2013","2013","An","24531672","A","Official figure",""
"QCL","Crops and livestock products","834","United Republic of Tanzania","5111","Stocks","02111","Cattle","2014","2014","An","25800000","A","Official figure",""
"QCL","Crops and livestock products","834","United Republic of Tanzania","5111","Stocks","02111","Cattle","2015","2015","An","26713644","A","Official figure",""
"QCL","Crops and livestock products","834","United Republic of Tanzania","5111","Stocks","02111","Cattle","2016","2016","An","27715785","I","Value imputed by a receiving agency",""
"QCL","Crops and livestock products","834","United Republic of Tanzania","5111","Stocks","02111","Cattle","2017","2017","An","28730362","I","Value imputed by a receiving agency",""
"QCL","Crops and livestock products","834","United Republic of Tanzania","5111","Stocks","02111","Cattle","2018","2018","An","30503161","I","Value imputed by a receiving agency",""
"QCL","Crops and livestock products","834","United Republic of Tanzania","5111","Stocks","02111","Cattle","2019","2019","An","32106665","I","Value imputed by a receiving agency",""
"QCL","Crops and livestock products","834","United Republic of Tanzania","5111","Stocks","02111","Cattle","2020","2020","An","33615796","I","Value imputed by a receiving agency",""
"QCL","Crops and livestock products","834","United Republic of Tanzania","5111","Stocks","02111","Cattle","2021","2021","An","35256637","A","Official figure",""
"QCL","Crops and livestock products","834","United Republic of Tanzania","5111","Stocks","02111","Cattle","2022","2022","An","36584883","A","Official figure",""
"QCL","Crops and livestock products","834","United Republic of Tanzania","5111","Stocks","02111","Cattle","2023","2023","An","37913129","A","Official figure",""
"QCL","Crops and livestock products","834","United Republic of Tanzania","5111","Stocks","02111","Cattle","2024","2024","An","39053013","I","Value imputed by a receiving agency",""
"QCL","Crops and livestock products","834","United Republic of Tanzania","5112","Stocks","02151","Chickens","2005","2005","1000 An","32000","E","Estimated value",""
"QCL","Crops and livestock products","834","United Republic of Tanzania","5112","Stocks","02151","Chickens","2006","2006","1000 An","32500","E","Estimated value",""
"QCL","Crops and livestock products","834","United Republic of Tanzania","5112","Stocks","02151","Chickens","2007","2007","1000 An","32000","E","Estimated value",""
"QCL","Crops and livestock products","834","United Republic of Tanzania","5112","Stocks","02151","Chickens","2008","2008","1000 An","32500","E","Estimated value",""
"QCL","Crops and livestock products","834","United Republic of Tanzania","5112","Stocks","02151","Chickens","2009","2009","1000 An","33000","E","Estimated value",""
"QCL","Crops and livestock products","834","United Republic of Tanzania","5112","Stocks","02151","Chickens","2010","2010","1000 An","33500","E","Estimated value",""
"QCL","Crops and livestock products","834","United Republic of Tanzania","5112","Stocks","02151","Chickens","2011","2011","1000 An","34000","E","Estimated value",""
"QCL","Crops and livestock products","834","United Republic of Tanzania","5112","Stocks","02151","Chickens","2012","2012","1000 An","35000","E","Estimated value",""
"QCL","Crops and livestock products","834","United Republic of Tanzania","5112","Stocks","02151","Chickens","2013","2013","1000 An","35500","E","Estimated value",""
"QCL","Crops and livestock products","834","United Republic of Tanzania","5112","Stocks","02151","Chickens","2014","2014","1000 An","36000","E","Estimated value",""
"QCL","Crops and livestock products","834","United Republic of Tanzania","5112","Stocks","02151","Chickens","2015","2015","1000 An","36554","I","Value imputed by a receiving agency",""
"QCL","Crops and livestock products","834","United Republic of Tanzania","5112","Stocks","02151","Chickens","2016","2016","1000 An","37068","I","Value imputed by a receiving agency",""
"QCL","Crops and livestock products","834","United Republic of Tanzania","5112","Stocks","02151","Chickens","2017","2017","1000 An","37552","I","Value imputed by a receiving agency",""
"QCL","Crops and livestock products","834","United Republic of Tanzania","5112","Stocks","02151","Chickens","2018","2018","1000 An","38121","I","Value imputed by a receiving agency",""
"QCL","Crops and livestock products","834","United Republic of Tanzania","5112","Stocks","02151","Chickens","2019","2019","1000 An","23000","E","Estimated value",""
"QCL","Crops and livestock products","834","United Republic of Tanzania","5112","Stocks","02151","Chickens","2020","2020","1000 An","28757","I","Value imputed by a receiving agency",""
"QCL","Crops and livestock products","834","United Republic of Tanzania","5112","Stocks","02151","Chickens","2021","2021","1000 An","33647","I","Value imputed by a receiving agency",""
"QCL","Crops and livestock products","834","United Republic of Tanzania","5112","Stocks","02151","Chickens","2022","2022","1000 An","33047","I","Value imputed by a receiving agency",""
"QCL","Crops and livestock products","834","United Republic of Tanzania","5112","Stocks","02151","Chickens","2023","2023","1000 An","33252","I","Value imputed by a receiving agency",""
"QCL","Crops and livestock products","834","United Republic of Tanzania","5112","Stocks","02151","Chickens","2024","2024","1000 An","33458","I","Value imputed by a receiving agency",""
"QCL","Crops and livestock products","834","United Republic of Tanzania","5111","Stocks","02123","Goats","2005","2005","An","12500000","A","Official figure",""
"QCL","Crops and livestock products","834","United Republic of Tanzania","5111","Stocks","02123","Goats","2006","2006","An","13100000","A","Official figure",""
"QCL","Crops and livestock products","834","United Republic of Tanzania","5111","Stocks","02123","Goats","2007","2007","An","13500000","A","Official figure",""
"QCL","Crops and livestock products","834","United Republic of Tanzania","5111","Stocks","02123","Goats","2008","2008","An","13600000","A","Official figure",""
"QCL","Crops and livestock products","834","United Republic of Tanzania","5111","Stocks","02123","Goats","2009","2009","An","13600000","A","Official figure",""
"QCL","Crops and livestock products","834","United Republic of Tanzania","5111","Stocks","02123","Goats","2010","2010","An","13600000","A","Official figure",""
"QCL","Crops and livestock products","834","United Republic of Tanzania","5111","Stocks","02123","Goats","2011","2011","An","15200000","A","Official figure",""
"QCL","Crops and livestock products","834","United Republic of Tanzania","5111","Stocks","02123","Goats","2012","2012","An","15600000","A","Official figure",""
"QCL","Crops and livestock products","834","United Republic of Tanzania","5111","Stocks","02123","Goats","2013","2013","An","16010526","A","Official figure",""
"QCL","Crops and livestock products","834","United Republic of Tanzania","5111","Stocks","02123","Goats","2014","2014","An","16700000","A","Official figure",""
"QCL","Crops and livestock products","834","United Republic of Tanzania","5111","Stocks","02123","Goats","2015","2015","An","18026051","A","Official figure",""
"QCL","Crops and livestock products","834","United Republic of Tanzania","5111","Stocks","02123","Goats","2016","2016","An","19218470","I","Value imputed by a receiving agency",""
"QCL","Crops and livestock products","834","United Republic of Tanzania","5111","Stocks","02123","Goats","2017","2017","An","20671873","I","Value imputed by a receiving agency",""
"QCL","Crops and livestock products","834","United Republic of Tanzania","5111","Stocks","02123","Goats","2018","2018","An","21837174","I","Value imputed by a receiving agency",""
"QCL","Crops and livestock products","834","United Republic of Tanzania","5111","Stocks","02123","Goats","2019","2019","An","23065728","I","Value imputed by a receiving agency",""
"QCL","Crops and livestock products","834","United Republic of Tanzania","5111","Stocks","02123","Goats","2020","2020","An","24311738","I","Value imputed by a receiving agency",""
"QCL","Crops and livestock products","834","United Republic of Tanzania","5111","Stocks","02123","Goats","2021","2021","An","25574446","A","Official figure",""
"QCL","Crops and livestock products","834","United Republic of Tanzania","5111","Stocks","02123","Goats","2022","2022","An","26580497","A","Official figure",""
"QCL","Crops and livestock products","834","United Republic of Tanzania","5111","Stocks","02123","Goats","2023","2023","An","27586547","A","Official figure",""
"QCL","Crops and livestock products","834","United Republic of Tanzania","5111","Stocks","02123","Goats","2024","2024","An","28630227","I","Value imputed by a receiving agency",""
"QCL","Crops and livestock products","834","United Republic of Tanzania","5111","Stocks","02122","Sheep","2005","2005","An","3500000","A","Official figure",""
"QCL","Crops and livestock products","834","United Republic of Tanzania","5111","Stocks","02122","Sheep","2006","2006","An","3500000","A","Official figure",""
"QCL","Crops and livestock products","834","United Republic of Tanzania","5111","Stocks","02122","Sheep","2007","2007","An","3600000","A","Official figure",""
"QCL","Crops and livestock products","834","United Republic of Tanzania","5111","Stocks","02122","Sheep","2008","2008","An","3600000","A","Official figure",""
"QCL","Crops and livestock products","834","United Republic of Tanzania","5111","Stocks","02122","Sheep","2009","2009","An","3600000","A","Official figure",""
"QCL","Crops and livestock products","834","United Republic of Tanzania","5111","Stocks","02122","Sheep","2010","2010","An","3592700","A","Official figure",""
"QCL","Crops and livestock products","834","United Republic of Tanzania","5111","Stocks","02122","Sheep","2011","2011","An","6400000","A","Official figure",""
"QCL","Crops and livestock products","834","United Republic of Tanzania","5111","Stocks","02122","Sheep","2012","2012","An","7000000","A","Official figure",""
"QCL","Crops and livestock products","834","United Republic of Tanzania","5111","Stocks","02122","Sheep","2013","2013","An","7656250","A","Official figure",""
"QCL","Crops and livestock products","834","United Republic of Tanzania","5111","Stocks","02122","Sheep","2014","2014","An","8701000","A","Official figure",""
"QCL","Crops and livestock products","834","United Republic of Tanzania","5111","Stocks","02122","Sheep","2015","2015","An","6168295","A","Official figure",""
"QCL","Crops and livestock products","834","United Republic of Tanzania","5111","Stocks","02122","Sheep","2016","2016","An","6478463","I","Value imputed by a receiving agency",""
"QCL","Crops and livestock products","834","United Republic of Tanzania","5111","Stocks","02122","Sheep","2017","2017","An","6660143","I","Value imputed by a receiving agency",""
"QCL","Crops and livestock products","834","United Republic of Tanzania","5111","Stocks","02122","Sheep","2018","2018","An","6978292","I","Value imputed by a receiving agency",""
"QCL","Crops and livestock products","834","United Republic of Tanzania","5111","Stocks","02122","Sheep","2019","2019","An","7574304","I","Value imputed by a receiving agency",""
"QCL","Crops and livestock products","834","United Republic of Tanzania","5111","Stocks","02122","Sheep","2020","2020","An","8126684","I","Value imputed by a receiving agency",""
"QCL","Crops and livestock products","834","United Republic of Tanzania","5111","Stocks","02122","Sheep","2021","2021","An","8802462","A","Official figure",""
"QCL","Crops and livestock products","834","United Republic of Tanzania","5111","Stocks","02122","Sheep","2022","2022","An","9087935","A","Official figure",""
"QCL","Crops and livestock products","834","United Republic of Tanzania","5111","Stocks","02122","Sheep","2023","2023","An","9373407","A","Official figure",""
"QCL","Crops and livestock products","834","United Republic of Tanzania","5111","Stocks","02122","Sheep","2024","2024","An","9505944","I","Value imputed by a receiving agency",""
"QCL","Crops and livestock products","894","Zambia","5111","Stocks","02111","Cattle","2005","2005","An","2566754","A","Official figure",""
"QCL","Crops and livestock products","894","Zambia","5111","Stocks","02111","Cattle","2006","2006","An","2799965","A","Official figure",""
"QCL","Crops and livestock products","894","Zambia","5111","Stocks","02111","Cattle","2007","2007","An","2457563","A","Official figure",""
"QCL","Crops and livestock products","894","Zambia","5111","Stocks","02111","Cattle","2008","2008","An","2315327","A","Official figure",""
"QCL","Crops and livestock products","894","Zambia","5111","Stocks","02111","Cattle","2009","2009","An","3038000","A","Official figure",""
"QCL","Crops and livestock products","894","Zambia","5111","Stocks","02111","Cattle","2010","2010","An","3100000","E","Estimated value",""
"QCL","Crops and livestock products","894","Zambia","5111","Stocks","02111","Cattle","2011","2011","An","2539797","A","Official figure",""
"QCL","Crops and livestock products","894","Zambia","5111","Stocks","02111","Cattle","2012","2012","An","3922107","A","Official figure",""
"QCL","Crops and livestock products","894","Zambia","5111","Stocks","02111","Cattle","2013","2013","An","4026658","A","Official figure",""
"QCL","Crops and livestock products","894","Zambia","5111","Stocks","02111","Cattle","2014","2014","An","4085000","E","Estimated value",""
"QCL","Crops and livestock products","894","Zambia","5111","Stocks","02111","Cattle","2015","2015","An","3946348","A","Official figure",""
"QCL","Crops and livestock products","894","Zambia","5111","Stocks","02111","Cattle","2016","2016","An","3793263","I","Value imputed by a receiving agency",""
"QCL","Crops and livestock products","894","Zambia","5111","Stocks","02111","Cattle","2017","2017","An","3718729","I","Value imputed by a receiving agency",""
"QCL","Crops and livestock products","894","Zambia","5111","Stocks","02111","Cattle","2018","2018","An","3714667","A","Official figure",""
"QCL","Crops and livestock products","894","Zambia","5111","Stocks","02111","Cattle","2019","2019","An","3927432","A","Official figure",""
"QCL","Crops and livestock products","894","Zambia","5111","Stocks","02111","Cattle","2020","2020","An","3814438","A","Official figure",""
"QCL","Crops and livestock products","894","Zambia","5111","Stocks","02111","Cattle","2021","2021","An","4114604","I","Value imputed by a receiving agency",""
"QCL","Crops and livestock products","894","Zambia","5111","Stocks","02111","Cattle","2022","2022","An","4698972","A","Official figure",""
"QCL","Crops and livestock products","894","Zambia","5111","Stocks","02111","Cattle","2023","2023","An","5115495","A","Official figure",""
"QCL","Crops and livestock products","894","Zambia","5111","Stocks","02111","Cattle","2024","2024","An","4887687","I","Value imputed by a receiving agency",""
"QCL","Crops and livestock products","894","Zambia","5112","Stocks","02151","Chickens","2005","2005","1000 An","32000","E","Estimated value",""
"QCL","Crops and livestock products","894","Zambia","5112","Stocks","02151","Chickens","2006","2006","1000 An","30000","E","Estimated value",""
"QCL","Crops and livestock products","894","Zambia","5112","Stocks","02151","Chickens","2007","2007","1000 An","30000","E","Estimated value",""
"QCL","Crops and livestock products","894","Zambia","5112","Stocks","02151","Chickens","2008","2008","1000 An","31500","E","Estimated value",""
"QCL","Crops and livestock products","894","Zambia","5112","Stocks","02151","Chickens","2009","2009","1000 An","33000","E","Estimated value",""
"QCL","Crops and livestock products","894","Zambia","5112","Stocks","02151","Chickens","2010","2010","1000 An","35000","E","Estimated value",""
"QCL","Crops and livestock products","894","Zambia","5112","Stocks","02151","Chickens","2011","2011","1000 An","36000","E","Estimated value",""
"QCL","Crops and livestock products","894","Zambia","5112","Stocks","02151","Chickens","2012","2012","1000 An","36500","E","Estimated value",""
"QCL","Crops and livestock products","894","Zambia","5112","Stocks","02151","Chickens","2013","2013","1000 An","38000","E","Estimated value",""
"QCL","Crops and livestock products","894","Zambia","5112","Stocks","02151","Chickens","2014","2014","1000 An","38000","E","Estimated value",""
"QCL","Crops and livestock products","894","Zambia","5112","Stocks","02151","Chickens","2015","2015","1000 An","38299","I","Value imputed by a receiving agency",""
"QCL","Crops and livestock products","894","Zambia","5112","Stocks","02151","Chickens","2016","2016","1000 An","38716","I","Value imputed by a receiving agency",""
"QCL","Crops and livestock products","894","Zambia","5112","Stocks","02151","Chickens","2017","2017","1000 An","39147","I","Value imputed by a receiving agency",""
"QCL","Crops and livestock products","894","Zambia","5112","Stocks","02151","Chickens","2018","2018","1000 An","39614","I","Value imputed by a receiving agency",""
"QCL","Crops and livestock products","894","Zambia","5112","Stocks","02151","Chickens","2019","2019","1000 An","40095","I","Value imputed by a receiving agency",""
"QCL","Crops and livestock products","894","Zambia","5112","Stocks","02151","Chickens","2020","2020","1000 An","40579","I","Value imputed by a receiving agency",""
"QCL","Crops and livestock products","894","Zambia","5112","Stocks","02151","Chickens","2021","2021","1000 An","41208","I","Value imputed by a receiving agency",""
"QCL","Crops and livestock products","894","Zambia","5112","Stocks","02151","Chickens","2022","2022","1000 An","41570","I","Value imputed by a receiving agency",""
"QCL","Crops and livestock products","894","Zambia","5112","Stocks","02151","Chickens","2023","2023","1000 An","41089","E","Estimated value",""
"QCL","Crops and livestock products","894","Zambia","5112","Stocks","02151","Chickens","2024","2024","1000 An","41553","E","Estimated value",""
"QCL","Crops and livestock products","894","Zambia","5111","Stocks","02123","Goats","2005","2005","An","1950000","E","Estimated value",""
"QCL","Crops and livestock products","894","Zambia","5111","Stocks","02123","Goats","2006","2006","An","1950000","E","Estimated value",""
"QCL","Crops and livestock products","894","Zambia","5111","Stocks","02123","Goats","2007","2007","An","2000000","E","Estimated value",""
"QCL","Crops and livestock products","894","Zambia","5111","Stocks","02123","Goats","2008","2008","An","2000000","E","Estimated value",""
"QCL","Crops and livestock products","894","Zambia","5111","Stocks","02123","Goats","2009","2009","An","2100000","E","Estimated value",""
"QCL","Crops and livestock products","894","Zambia","5111","Stocks","02123","Goats","2010","2010","An","2200000","E","Estimated value",""
"QCL","Crops and livestock products","894","Zambia","5111","Stocks","02123","Goats","2011","2011","An","2300000","E","Estimated value",""
"QCL","Crops and livestock products","894","Zambia","5111","Stocks","02123","Goats","2012","2012","An","2350000","E","Estimated value",""
"QCL","Crops and livestock products","894","Zambia","5111","Stocks","02123","Goats","2013","2013","An","2500000","E","Estimated value",""
"QCL","Crops and livestock products","894","Zambia","5111","Stocks","02123","Goats","2014","2014","An","2600000","E","Estimated value",""
"QCL","Crops and livestock products","894","Zambia","5111","Stocks","02123","Goats","2015","2015","An","2705325","I","Value imputed by a receiving agency",""
"QCL","Crops and livestock products","894","Zambia","5111","Stocks","02123","Goats","2016","2016","An","2593329","E","Estimated value",""
"QCL","Crops and livestock products","894","Zambia","5111","Stocks","02123","Goats","2017","2017","An","3583696","A","Official figure",""
"QCL","Crops and livestock products","894","Zambia","5111","Stocks","02123","Goats","2018","2018","An","4008197","A","Official figure",""
"QCL","Crops and livestock products","894","Zambia","5111","Stocks","02123","Goats","2019","2019","An","3948861","A","Official figure",""
"QCL","Crops and livestock products","894","Zambia","5111","Stocks","02123","Goats","2020","2020","An","4044404","I","Value imputed by a receiving agency",""
"QCL","Crops and livestock products","894","Zambia","5111","Stocks","02123","Goats","2021","2021","An","4223372","I","Value imputed by a receiving agency",""
"QCL","Crops and livestock products","894","Zambia","5111","Stocks","02123","Goats","2022","2022","An","4455860","A","Official figure",""
"QCL","Crops and livestock products","894","Zambia","5111","Stocks","02123","Goats","2023","2023","An","5568730","A","Official figure",""
"QCL","Crops and livestock products","894","Zambia","5111","Stocks","02123","Goats","2024","2024","An","6011286","I","Value imputed by a receiving agency",""
"QCL","Crops and livestock products","894","Zambia","5111","Stocks","02122","Sheep","2005","2005","An","190000","E","Estimated value",""
"QCL","Crops and livestock products","894","Zambia","5111","Stocks","02122","Sheep","2006","2006","An","195000","E","Estimated value",""
"QCL","Crops and livestock products","894","Zambia","5111","Stocks","02122","Sheep","2007","2007","An","200000","E","Estimated value",""
"QCL","Crops and livestock products","894","Zambia","5111","Stocks","02122","Sheep","2008","2008","An","200000","E","Estimated value",""
"QCL","Crops and livestock products","894","Zambia","5111","Stocks","02122","Sheep","2009","2009","An","210000","E","Estimated value",""
"QCL","Crops and livestock products","894","Zambia","5111","Stocks","02122","Sheep","2010","2010","An","220000","E","Estimated value",""
"QCL","Crops and livestock products","894","Zambia","5111","Stocks","02122","Sheep","2011","2011","An","225000","E","Estimated value",""
"QCL","Crops and livestock products","894","Zambia","5111","Stocks","02122","Sheep","2012","2012","An","230000","E","Estimated value",""
"QCL","Crops and livestock products","894","Zambia","5111","Stocks","02122","Sheep","2013","2013","An","240000","E","Estimated value",""
"QCL","Crops and livestock products","894","Zambia","5111","Stocks","02122","Sheep","2014","2014","An","240000","E","Estimated value",""
"QCL","Crops and livestock products","894","Zambia","5111","Stocks","02122","Sheep","2015","2015","An","241439","I","Value imputed by a receiving agency",""
"QCL","Crops and livestock products","894","Zambia","5111","Stocks","02122","Sheep","2016","2016","An","243175","I","Value imputed by a receiving agency",""
"QCL","Crops and livestock products","894","Zambia","5111","Stocks","02122","Sheep","2017","2017","An","170262","A","Official figure",""
"QCL","Crops and livestock products","894","Zambia","5111","Stocks","02122","Sheep","2018","2018","An","185105","A","Official figure",""
"QCL","Crops and livestock products","894","Zambia","5111","Stocks","02122","Sheep","2019","2019","An","165236","A","Official figure",""
"QCL","Crops and livestock products","894","Zambia","5111","Stocks","02122","Sheep","2020","2020","An","196428","I","Value imputed by a receiving agency",""
"QCL","Crops and livestock products","894","Zambia","5111","Stocks","02122","Sheep","2021","2021","An","224727","I","Value imputed by a receiving agency",""
"QCL","Crops and livestock products","894","Zambia","5111","Stocks","02122","Sheep","2022","2022","An","260560","A","Official figure",""
"QCL","Crops and livestock products","894","Zambia","5111","Stocks","02122","Sheep","2023","2023","An","308354","A","Official figure",""
"QCL","Crops and livestock products","894","Zambia","5111","Stocks","02122","Sheep","2024","2024","An","330243","I","Value imputed by a receiving agency",""
"QCL","Crops and livestock products","716","Zimbabwe","5111","Stocks","02111","Cattle","2005","2005","An","5227000","A","Official figure",""
"QCL","Crops and livestock products","716","Zimbabwe","5111","Stocks","02111","Cattle","2006","2006","An","4987000","A","Official figure",""
"QCL","Crops and livestock products","716","Zimbabwe","5111","Stocks","02111","Cattle","2007","2007","An","5048000","A","Official figure",""
"QCL","Crops and livestock products","716","Zimbabwe","5111","Stocks","02111","Cattle","2008","2008","An","5012000","A","Official figure",""
"QCL","Crops and livestock products","716","Zimbabwe","5111","Stocks","02111","Cattle","2009","2009","An","5331000","A","Official figure",""
"QCL","Crops and livestock products","716","Zimbabwe","5111","Stocks","02111","Cattle","2010","2010","An","5773620","A","Official figure",""
"QCL","Crops and livestock products","716","Zimbabwe","5111","Stocks","02111","Cattle","2011","2011","An","6058388","A","Official figure",""
"QCL","Crops and livestock products","716","Zimbabwe","5111","Stocks","02111","Cattle","2012","2012","An","6100000","E","Estimated value",""
"QCL","Crops and livestock products","716","Zimbabwe","5111","Stocks","02111","Cattle","2013","2013","An","6150000","E","Estimated value",""
"QCL","Crops and livestock products","716","Zimbabwe","5111","Stocks","02111","Cattle","2014","2014","An","4868357","A","Official figure",""
"QCL","Crops and livestock products","716","Zimbabwe","5111","Stocks","02111","Cattle","2015","2015","An","5477338","A","Official figure",""
"QCL","Crops and livestock products","716","Zimbabwe","5111","Stocks","02111","Cattle","2016","2016","An","5528242","A","Official figure",""
"QCL","Crops and livestock products","716","Zimbabwe","5111","Stocks","02111","Cattle","2017","2017","An","5333343","A","Official figure",""
"QCL","Crops and livestock products","716","Zimbabwe","5111","Stocks","02111","Cattle","2018","2018","An","5320047","I","Value imputed by a receiving agency",""
"QCL","Crops and livestock products","716","Zimbabwe","5111","Stocks","02111","Cattle","2019","2019","An","5057563","A","Official figure",""
"QCL","Crops and livestock products","716","Zimbabwe","5111","Stocks","02111","Cattle","2020","2020","An","5195154","A","Official figure",""
"QCL","Crops and livestock products","716","Zimbabwe","5111","Stocks","02111","Cattle","2021","2021","An","5478648","A","Official figure",""
"QCL","Crops and livestock products","716","Zimbabwe","5111","Stocks","02111","Cattle","2022","2022","An","5533727","A","Official figure",""
"QCL","Crops and livestock products","716","Zimbabwe","5111","Stocks","02111","Cattle","2023","2023","An","5754985","A","Official figure",""
"QCL","Crops and livestock products","716","Zimbabwe","5111","Stocks","02111","Cattle","2024","2024","An","5741397","A","Official figure",""
"QCL","Crops and livestock products","716","Zimbabwe","5112","Stocks","02151","Chickens","2005","2005","1000 An","27000","E","Estimated value",""
"QCL","Crops and livestock products","716","Zimbabwe","5112","Stocks","02151","Chickens","2006","2006","1000 An","28000","A","Official figure",""
"QCL","Crops and livestock products","716","Zimbabwe","5112","Stocks","02151","Chickens","2007","2007","1000 An","30000","A","Official figure",""
"QCL","Crops and livestock products","716","Zimbabwe","5112","Stocks","02151","Chickens","2008","2008","1000 An","29298","I","Value imputed by a receiving agency",""
"QCL","Crops and livestock products","716","Zimbabwe","5112","Stocks","02151","Chickens","2009","2009","1000 An","29095","I","Value imputed by a receiving agency",""
"QCL","Crops and livestock products","716","Zimbabwe","5112","Stocks","02151","Chickens","2010","2010","1000 An","23367","I","Value imputed by a receiving agency",""
"QCL","Crops and livestock products","716","Zimbabwe","5112","Stocks","02151","Chickens","2011","2011","1000 An","20951","I","Value imputed by a receiving agency",""
"QCL","Crops and livestock products","716","Zimbabwe","5112","Stocks","02151","Chickens","2012","2012","1000 An","18514","I","Value imputed by a receiving agency",""
"QCL","Crops and livestock products","716","Zimbabwe","5112","Stocks","02151","Chickens","2013","2013","1000 An","16063","I","Value imputed by a receiving agency",""
"QCL","Crops and livestock products","716","Zimbabwe","5112","Stocks","02151","Chickens","2014","2014","1000 An","13311","A","Official figure",""
"QCL","Crops and livestock products","716","Zimbabwe","5112","Stocks","02151","Chickens","2015","2015","1000 An","14278","I","Value imputed by a receiving agency",""
"QCL","Crops and livestock products","716","Zimbabwe","5112","Stocks","02151","Chickens","2016","2016","1000 An","14849","I","Value imputed by a receiving agency",""
"QCL","Crops and livestock products","716","Zimbabwe","5112","Stocks","02151","Chickens","2017","2017","1000 An","15551","I","Value imputed by a receiving agency",""
"QCL","Crops and livestock products","716","Zimbabwe","5112","Stocks","02151","Chickens","2018","2018","1000 An","14893","E","Estimated value",""
"QCL","Crops and livestock products","716","Zimbabwe","5112","Stocks","02151","Chickens","2019","2019","1000 An","17000","E","Estimated value",""
"QCL","Crops and livestock products","716","Zimbabwe","5112","Stocks","02151","Chickens","2020","2020","1000 An","16200","E","Estimated value",""
"QCL","Crops and livestock products","716","Zimbabwe","5112","Stocks","02151","Chickens","2021","2021","1000 An","18029","I","Value imputed by a receiving agency",""
"QCL","Crops and livestock products","716","Zimbabwe","5112","Stocks","02151","Chickens","2022","2022","1000 An","19855","A","Official figure",""
"QCL","Crops and livestock products","716","Zimbabwe","5112","Stocks","02151","Chickens","2023","2023","1000 An","17510","A","Official figure",""
"QCL","Crops and livestock products","716","Zimbabwe","5112","Stocks","02151","Chickens","2024","2024","1000 An","18096","A","Official figure",""
"QCL","Crops and livestock products","716","Zimbabwe","5111","Stocks","02123","Goats","2005","2005","An","3248000","A","Official figure",""
"QCL","Crops and livestock products","716","Zimbabwe","5111","Stocks","02123","Goats","2006","2006","An","3269000","A","Official figure",""
"QCL","Crops and livestock products","716","Zimbabwe","5111","Stocks","02123","Goats","2007","2007","An","3320000","A","Official figure",""
"QCL","Crops and livestock products","716","Zimbabwe","5111","Stocks","02123","Goats","2008","2008","An","3170000","A","Official figure",""
"QCL","Crops and livestock products","716","Zimbabwe","5111","Stocks","02123","Goats","2009","2009","An","4207000","A","Official figure",""
"QCL","Crops and livestock products","716","Zimbabwe","5111","Stocks","02123","Goats","2010","2010","An","4665875","A","Official figure",""
"QCL","Crops and livestock products","716","Zimbabwe","5111","Stocks","02123","Goats","2011","2011","An","4719278","A","Official figure",""
"QCL","Crops and livestock products","716","Zimbabwe","5111","Stocks","02123","Goats","2012","2012","An","4900000","E","Estimated value",""
"QCL","Crops and livestock products","716","Zimbabwe","5111","Stocks","02123","Goats","2013","2013","An","5000000","E","Estimated value",""
"QCL","Crops and livestock products","716","Zimbabwe","5111","Stocks","02123","Goats","2014","2014","An","4243102","A","Official figure",""
"QCL","Crops and livestock products","716","Zimbabwe","5111","Stocks","02123","Goats","2015","2015","An","4049528","A","Official figure",""
"QCL","Crops and livestock products","716","Zimbabwe","5111","Stocks","02123","Goats","2016","2016","An","3393964","A","Official figure",""
"QCL","Crops and livestock products","716","Zimbabwe","5111","Stocks","02123","Goats","2017","2017","An","4692803","A","Official figure",""
"QCL","Crops and livestock products","716","Zimbabwe","5111","Stocks","02123","Goats","2018","2018","An","5054753","I","Value imputed by a receiving agency",""
"QCL","Crops and livestock products","716","Zimbabwe","5111","Stocks","02123","Goats","2019","2019","An","5721322","A","Official figure",""
"QCL","Crops and livestock products","716","Zimbabwe","5111","Stocks","02123","Goats","2020","2020","An","5550904","I","Value imputed by a receiving agency",""
"QCL","Crops and livestock products","716","Zimbabwe","5111","Stocks","02123","Goats","2021","2021","An","5686925","I","Value imputed by a receiving agency",""
"QCL","Crops and livestock products","716","Zimbabwe","5111","Stocks","02123","Goats","2022","2022","An","6171932","A","Official figure",""
"QCL","Crops and livestock products","716","Zimbabwe","5111","Stocks","02123","Goats","2023","2023","An","6464047","A","Official figure",""
"QCL","Crops and livestock products","716","Zimbabwe","5111","Stocks","02123","Goats","2024","2024","An","4883669","A","Official figure",""
"QCL","Crops and livestock products","716","Zimbabwe","5111","Stocks","02122","Sheep","2005","2005","An","420000","A","Official figure",""
"QCL","Crops and livestock products","716","Zimbabwe","5111","Stocks","02122","Sheep","2006","2006","An","410000","A","Official figure",""
"QCL","Crops and livestock products","716","Zimbabwe","5111","Stocks","02122","Sheep","2007","2007","An","390000","A","Official figure",""
"QCL","Crops and livestock products","716","Zimbabwe","5111","Stocks","02122","Sheep","2008","2008","An","405033","A","Official figure",""
"QCL","Crops and livestock products","716","Zimbabwe","5111","Stocks","02122","Sheep","2009","2009","An","315000","A","Official figure",""
"QCL","Crops and livestock products","716","Zimbabwe","5111","Stocks","02122","Sheep","2010","2010","An","309305","A","Official figure",""
"QCL","Crops and livestock products","716","Zimbabwe","5111","Stocks","02122","Sheep","2011","2011","An","309429","A","Official figure",""
"QCL","Crops and livestock products","716","Zimbabwe","5111","Stocks","02122","Sheep","2012","2012","An","312000","E","Estimated value",""
"QCL","Crops and livestock products","716","Zimbabwe","5111","Stocks","02122","Sheep","2013","2013","An","320000","E","Estimated value",""
"QCL","Crops and livestock products","716","Zimbabwe","5111","Stocks","02122","Sheep","2014","2014","An","312733","A","Official figure",""
"QCL","Crops and livestock products","716","Zimbabwe","5111","Stocks","02122","Sheep","2015","2015","An","456627","A","Official figure",""
"QCL","Crops and livestock products","716","Zimbabwe","5111","Stocks","02122","Sheep","2016","2016","An","504305","A","Official figure",""
"QCL","Crops and livestock products","716","Zimbabwe","5111","Stocks","02122","Sheep","2017","2017","An","349828","A","Official figure",""
"QCL","Crops and livestock products","716","Zimbabwe","5111","Stocks","02122","Sheep","2018","2018","An","355906","I","Value imputed by a receiving agency",""
"QCL","Crops and livestock products","716","Zimbabwe","5111","Stocks","02122","Sheep","2019","2019","An","352608","A","Official figure",""
"QCL","Crops and livestock products","716","Zimbabwe","5111","Stocks","02122","Sheep","2020","2020","An","380003","I","Value imputed by a receiving agency",""
"QCL","Crops and livestock products","716","Zimbabwe","5111","Stocks","02122","Sheep","2021","2021","An","405386","I","Value imputed by a receiving agency",""
"QCL","Crops and livestock products","716","Zimbabwe","5111","Stocks","02122","Sheep","2022","2022","An","431957","A","Official figure",""
"QCL","Crops and livestock products","716","Zimbabwe","5111","Stocks","02122","Sheep","2023","2023","An","512758","A","Official figure",""
"QCL","Crops and livestock products","716","Zimbabwe","5111","Stocks","02122","Sheep","2024","2024","An","746277","A","Official figure",""
