Domain Code,Domain,Area Code (M49),Area,Element Code,Element,Item Code,Item,Year Code,Year,Unit,Value,Flag,Flag Description,Note
"RL","Land Use","012","Algeria","5110","Area","6600","Country area","2005","2005","1000 ha","238174","A","Official figure",""
"RL","Land Use","012","Algeria","5110","Area","6600","Country area","2006","2006","1000 ha","238174","A","Official figure",""
"RL","Land Use","012","Algeria","5110","Area","6600","Country area","2007","2007","1000 ha","238174","A","Official figure",""
"RL","Land Use","012","Algeria","5110","Area","6600","Country area","2008","2008","1000 ha","238174","A","Official figure",""
"RL","Land Use","012","Algeria","5110","Area","6600","Country area","2009","2009","1000 ha","238174","A","Official figure",""
"RL","Land Use","012","Algeria","5110","Area","6600","Country area","2010","2010","1000 ha","238174","A","Official figure",""
"RL","Land Use","012","Algeria","5110","Area","6600","Country area","2011","2011","1000 ha","238174","A","Official figure",""
"RL","Land Use","012","Algeria","5110","Area","6600","Country area","2012","2012","1000 ha","238174","A","Official figure",""
"RL","Land Use","012","Algeria","5110","Area","6600","Country area","2013","2013","1000 ha","238174","A","Official figure",""
"RL","Land Use","012","Algeria","5110","Area","6600","Country area","2014","2014","1000 ha","238174","A","Official figure",""
"RL","Land Use","012","Algeria","5110","Area","6600","Country area","2015","2015","1000 ha","238174.1","A","Official figure",""
"RL","Land Use","012","Algeria","5110","Area","6600","Country area","2016","2016","1000 ha","238174.1","A","Official figure",""
"RL","Land Use","012","Algeria","5110","Area","6600","Country area","2017","2017","1000 ha","238174.1","A","Official figure",""
"RL","Land Use","012","Algeria","5110","Area","6600","Country area","2018","2018","1000 ha","238174.1","A","Official figure",""
"RL","Land Use","012","Algeria","5110","Area","6600","Country area","2019","2019","1000 ha","238174","A","Official figure",""
"RL","Land Use","012","Algeria","5110","Area","6600","Country area","2020","2020","1000 ha","238174","A","Official figure",""
"RL","Land Use","012","Algeria","5110","Area","6600","Country area","2021","2021","1000 ha","238174","A","Official figure",""
"RL","Land Use","012","Algeria","5110","Area","6600","Country area","2022","2022","1000 ha","238174","A","Official figure",""
"RL","Land Use","012","Algeria","5110","Area","6600","Country area","2023","2023","1000 ha","238174","I","Value imputed by a receiving agency",""
"RL","Land Use","024","Angola","5110","Area","6600","Country area","2005","2005","1000 ha","124670","A","Official figure",""
"RL","Land Use","024","Angola","5110","Area","6600","Country area","2006","2006","1000 ha","124670","A","Official figure",""
"RL","Land Use","024","Angola","5110","Area","6600","Country area","2007","2007","1000 ha","124670","A","Official figure",""
"RL","Land Use","024","Angola","5110","Area","6600","Country area","2008","2008","1000 ha","124670","A","Official figure",""
"RL","Land Use","024","Angola","5110","Area","6600","Country area","2009","2009","1000 ha","124670","A","Official figure",""
"RL","Land Use","024","Angola","5110","Area","6600","Country area","2010","2010","1000 ha","124670","A","Official figure",""
"RL","Land Use","024","Angola","5110","Area","6600","Country area","2011","2011","1000 ha","124670","A","Official figure",""
"RL","Land Use","024","Angola","5110","Area","6600","Country area","2012","2012","1000 ha","124670","A","Official figure",""
"RL","Land Use","024","Angola","5110","Area","6600","Country area","2013","2013","1000 ha","124670","A","Official figure",""
"RL","Land Use","024","Angola","5110","Area","6600","Country area","2014","2014","1000 ha","124670","A","Official figure",""
"RL","Land Use","024","Angola","5110","Area","6600","Country area","2015","2015","1000 ha","124670","A","Official figure",""
"RL","Land Use","024","Angola","5110","Area","6600","Country area","2016","2016","1000 ha","124670","A","Official figure",""
"RL","Land Use","024","Angola","5110","Area","6600","Country area","2017","2017","1000 ha","124670","A","Official figure",""
"RL","Land Use","024","Angola","5110","Area","6600","Country area","2018","2018","1000 ha","124670","A","Official figure",""
"RL","Land Use","024","Angola","5110","Area","6600","Country area","2019","2019","1000 ha","124670","A","Official figure",""
"RL","Land Use","024","Angola","5110","Area","6600","Country area","2020","2020","1000 ha","124670","A","Official figure",""
"RL","Land Use","024","Angola","5110","Area","6600","Country area","2021","2021","1000 ha","124670","A","Official figure",""
"RL","Land Use","024","Angola","5110","Area","6600","Country area","2022","2022","1000 ha","124670","I","Value imputed by a receiving agency",""
"RL","Land Use","024","Angola","5110","Area","6600","Country area","2023","2023","1000 ha","124670","I","Value imputed by a receiving agency",""
"RL","Land Use","654","Ascension, Saint Helena and Tristan da Cunha","5110","Area","6600","Country area","2005","2005","1000 ha","39","A","Official figure",""
"RL","Land Use","654","Ascension, Saint Helena and Tristan da Cunha","5110","Area","6600","Country area","2006","2006","1000 ha","39","I","Value imputed by a receiving agency",""
"RL","Land Use","654","Ascension, Saint Helena and Tristan da Cunha","5110","Area","6600","Country area","2007","2007","1000 ha","39","I","Value imputed by a receiving agency",""
"RL","Land Use","654","Ascension, Saint Helena and Tristan da Cunha","5110","Area","6600","Country area","2008","2008","1000 ha","39","I","Value imputed by a receiving agency",""
"RL","Land Use","654","Ascension, Saint Helena and Tristan da Cunha","5110","Area","6600","Country area","2009","2009","1000 ha","39","I","Value imputed by a receiving agency",""
"RL","Land Use","654","Ascension, Saint Helena and Tristan da Cunha","5110","Area","6600","Country area","2010","2010","1000 ha","39","I","Value imputed by a receiving agency",""
"RL","Land Use","654","Ascension, Saint Helena and Tristan da Cunha","5110","Area","6600","Country area","2011","2011","1000 ha","39","I","Value imputed by a receiving agency",""
"RL","Land Use","654","Ascension, Saint Helena and Tristan da Cunha","5110","Area","6600","Country area","2012","2012","1000 ha","39","I","Value imputed by a receiving agency",""
"RL","Land Use","654","Ascension, Saint Helena and Tristan da Cunha","5110","Area","6600","Country area","2013","2013","1000 ha","39","I","Value imputed by a receiving agency",""
"RL","Land Use","654","Ascension, Saint Helena and Tristan da Cunha","5110","Area","6600","Country area","2014","2014","1000 ha","39","I","Value imputed by a receiving agency",""
"RL","Land Use","654","Ascension, Saint Helena and Tristan da Cunha","5110","Area","6600","Country area","2015","2015","1000 ha","39","I","Value imputed by a receiving agency",""
"RL","Land Use","654","Ascension, Saint Helena and Tristan da Cunha","5110","Area","6600","Country area","2016","2016","1000 ha","39","I","Value imputed by a receiving agency",""
"RL","Land Use","654","Ascension, Saint Helena and Tristan da Cunha","5110","Area","6600","Country area","2017","2017","1000 ha","39","I","Value imputed by a receiving agency",""
"RL","Land Use","654","Ascension, Saint Helena and Tristan da Cunha","5110","Area","6600","Country area","2018","2018","1000 ha","39","I","Value imputed by a receiving agency",""
"RL","Land Use","654","Ascension, Saint Helena and Tristan da Cunha","5110","Area","6600","Country area","2019","2019","1000 ha","39","I","Value imputed by a receiving agency",""
"RL","Land Use","654","Ascension, Saint Helena and Tristan da Cunha","5110","Area","6600","Country area","2020","2020","1000 ha","39","I","Value imputed by a receiving agency",""
"RL","Land Use","654","Ascension, Saint Helena and Tristan da Cunha","5110","Area","6600","Country area","2021","2021","1000 ha","39","I","Value imputed by a receiving agency",""
"RL","Land Use","654","Ascension, Saint Helena and Tristan da Cunha","5110","Area","6600","Country area","2022","2022","1000 ha","39","I","Value imputed by a receiving agency",""
"RL","Land Use","654","Ascension, Saint Helena and Tristan da Cunha","5110","Area","6600","Country area","2023","2023","1000 ha","39","I","Value imputed by a receiving agency",""
"RL","Land Use","204","Benin","5110","Area","6600","Country area","2005","2005","1000 ha","11476","A","Official figure",""
"RL","Land Use","204","Benin","5110","Area","6600","Country area","2006","2006","1000 ha","11476","A","Official figure",""
"RL","Land Use","204","Benin","5110","Area","6600","Country area","2007","2007","1000 ha","11476","A","Official figure",""
"RL","Land Use","204","Benin","5110","Area","6600","Country area","2008","2008","1000 ha","11476","A","Official figure",""
"RL","Land Use","204","Benin","5110","Area","6600","Country area","2009","2009","1000 ha","11476","A","Official figure",""
"RL","Land Use","204","Benin","5110","Area","6600","Country area","2010","2010","1000 ha","11476","A","Official figure",""
"RL","Land Use","204","Benin","5110","Area","6600","Country area","2011","2011","1000 ha","11476","A","Official figure",""
"RL","Land Use","204","Benin","5110","Area","6600","Country area","2012","2012","1000 ha","11476","A","Official figure",""
"RL","Land Use","204","Benin","5110","Area","6600","Country area","2013","2013","1000 ha","11476","A","Official figure",""
"RL","Land Use","204","Benin","5110","Area","6600","Country area","2014","2014","1000 ha","11476","A","Official figure",""
"RL","Land Use","204","Benin","5110","Area","6600","Country area","2015","2015","1000 ha","11476","A","Official figure",""
"RL","Land Use","204","Benin","5110","Area","6600","Country area","2016","2016","1000 ha","11476","A","Official figure",""
"RL","Land Use","204","Benin","5110","Area","6600","Country area","2017","2017","1000 ha","11476","A","Official figure",""
"RL","Land Use","204","Benin","5110","Area","6600","Country area","2018","2018","1000 ha","11476","A","Official figure",""
"RL","Land Use","204","Benin","5110","Area","6600","Country area","2019","2019","1000 ha","11476","A","Official figure",""
"RL","Land Use","204","Benin","5110","Area","6600","Country area","2020","2020","1000 ha","11476","A","Official figure",""
"RL","Land Use","204","Benin","5110","Area","6600","Country area","2021","2021","1000 ha","11476","A","Official figure",""
"RL","Land Use","204","Benin","5110","Area","6600","Country area","2022","2022","1000 ha","11476","I","Value imputed by a receiving agency",""
"RL","Land Use","204","Benin","5110","Area","6600","Country area","2023","2023","1000 ha","11476","I","Value imputed by a receiving agency",""
"RL","Land Use","072","Botswana","5110","Area","6600","Country area","2005","2005","1000 ha","58173","A","Official figure",""
"RL","Land Use","072","Botswana","5110","Area","6600","Country area","2006","2006","1000 ha","58173","A","Official figure",""
"RL","Land Use","072","Botswana","5110","Area","6600","Country area","2007","2007","1000 ha","58173","A","Official figure",""
"RL","Land Use","072","Botswana","5110","Area","6600","Country area","2008","2008","1000 ha","58173","A","Official figure",""
"RL","Land Use","072","Botswana","5110","Area","6600","Country area","2009","2009","1000 ha","58173","A","Official figure",""
"RL","Land Use","072","Botswana","5110","Area","6600","Country area","2010","2010","1000 ha","58173","A","Official figure",""
"RL","Land Use","072","Botswana","5110","Area","6600","Country area","2011","2011","1000 ha","58173","A","Official figure",""
"RL","Land Use","072","Botswana","5110","Area","6600","Country area","2012","2012","1000 ha","58173","A","Official figure",""
"RL","Land Use","072","Botswana","5110","Area","6600","Country area","2013","2013","1000 ha","58173","A","Official figure",""
"RL","Land Use","072","Botswana","5110","Area","6600","Country area","2014","2014","1000 ha","58173","A","Official figure",""
"RL","Land Use","072","Botswana","5110","Area","6600","Country area","2015","2015","1000 ha","58173","A","Official figure",""
"RL","Land Use","072","Botswana","5110","Area","6600","Country area","2016","2016","1000 ha","58173","A","Official figure",""
"RL","Land Use","072","Botswana","5110","Area","6600","Country area","2017","2017","1000 ha","58173","A","Official figure",""
"RL","Land Use","072","Botswana","5110","Area","6600","Country area","2018","2018","1000 ha","58173","A","Official figure",""
"RL","Land Use","072","Botswana","5110","Area","6600","Country area","2019","2019","1000 ha","58173","A","Official figure",""
"RL","Land Use","072","Botswana","5110","Area","6600","Country area","2020","2020","1000 ha","58173","I","Value imputed by a receiving agency",""
"RL","Land Use","072","Botswana","5110","Area","6600","Country area","2021","2021","1000 ha","58173","A","Official figure",""
"RL","Land Use","072","Botswana","5110","Area","6600","Country area","2022","2022","1000 ha","58173","I","Value imputed by a receiving agency",""
"RL","Land Use","072","Botswana","5110","Area","6600","Country area","2023","2023","1000 ha","58173","I","Value imputed by a receiving agency",""
"RL","Land Use","854","Burkina Faso","5110","Area","6600","Country area","2005","2005","1000 ha","27422","A","Official figure",""
"RL","Land Use","854","Burkina Faso","5110","Area","6600","Country area","2006","2006","1000 ha","27422","A","Official figure",""
"RL","Land Use","854","Burkina Faso","5110","Area","6600","Country area","2007","2007","1000 ha","27422","A","Official figure",""
"RL","Land Use","854","Burkina Faso","5110","Area","6600","Country area","2008","2008","1000 ha","27422","A","Official figure",""
"RL","Land Use","854","Burkina Faso","5110","Area","6600","Country area","2009","2009","1000 ha","27422","A","Official figure",""
"RL","Land Use","854","Burkina Faso","5110","Area","6600","Country area","2010","2010","1000 ha","27422","A","Official figure",""
"RL","Land Use","854","Burkina Faso","5110","Area","6600","Country area","2011","2011","1000 ha","27422","A","Official figure",""
"RL","Land Use","854","Burkina Faso","5110","Area","6600","Country area","2012","2012","1000 ha","27422","I","Value imputed by a receiving agency",""
"RL","Land Use","854","Burkina Faso","5110","Area","6600","Country area","2013","2013","1000 ha","27422","I","Value imputed by a receiving agency",""
"RL","Land Use","854","Burkina Faso","5110","Area","6600","Country area","2014","2014","1000 ha","27422","I","Value imputed by a receiving agency",""
"RL","Land Use","854","Burkina Faso","5110","Area","6600","Country area","2015","2015","1000 ha","27422","I","Value imputed by a receiving agency",""
"RL","Land Use","854","Burkina Faso","5110","Area","6600","Country area","2016","2016","1000 ha","27422","I","Value imputed by a receiving agency",""
"RL","Land Use","854","Burkina Faso","5110","Area","6600","Country area","2017","2017","1000 ha","27422","I","Value imputed by a receiving agency",""
"RL","Land Use","854","Burkina Faso","5110","Area","6600","Country area","2018","2018","1000 ha","27422","I","Value imputed by a receiving agency",""
"RL","Land Use","854","Burkina Faso","5110","Area","6600","Country area","2019","2019","1000 ha","27420","A","Official figure",""
"RL","Land Use","854","Burkina Faso","5110","Area","6600","Country area","2020","2020","1000 ha","27420","A","Official figure",""
"RL","Land Use","854","Burkina Faso","5110","Area","6600","Country area","2021","2021","1000 ha","27420","A","Official figure",""
"RL","Land Use","854","Burkina Faso","5110","Area","6600","Country area","2022","2022","1000 ha","27420","A","Official figure",""
"RL","Land Use","854","Burkina Faso","5110","Area","6600","Country area","2023","2023","1000 ha","27420","I","Value imputed by a receiving agency",""
"RL","Land Use","108","Burundi","5110","Area","6600","Country area","2005","2005","1000 ha","2783","A","Official figure",""
"RL","Land Use","108","Burundi","5110","Area","6600","Country area","2006","2006","1000 ha","2783","A","Official figure",""
"RL","Land Use","108","Burundi","5110","Area","6600","Country area","2007","2007","1000 ha","2783","A","Official figure",""
"RL","Land Use","108","Burundi","5110","Area","6600","Country area","2008","2008","1000 ha","2783","A","Official figure",""
"RL","Land Use","108","Burundi","5110","Area","6600","Country area","2009","2009","1000 ha","2783","A","Official figure",""
"RL","Land Use","108","Burundi","5110","Area","6600","Country area","2010","2010","1000 ha","2783","A","Official figure",""
"RL","Land Use","108","Burundi","5110","Area","6600","Country area","2011","2011","1000 ha","2783","A","Official figure",""
"RL","Land Use","108","Burundi","5110","Area","6600","Country area","2012","2012","1000 ha","2783","A","Official figure",""
"RL","Land Use","108","Burundi","5110","Area","6600","Country area","2013","2013","1000 ha","2783","A","Official figure",""
"RL","Land Use","108","Burundi","5110","Area","6600","Country area","2014","2014","1000 ha","2783","A","Official figure",""
"RL","Land Use","108","Burundi","5110","Area","6600","Country area","2015","2015","1000 ha","2783","A","Official figure",""
"RL","Land Use","108","Burundi","5110","Area","6600","Country area","2016","2016","1000 ha","2783","A","Official figure",""
"RL","Land Use","108","Burundi","5110","Area","6600","Country area","2017","2017","1000 ha","2783","A","Official figure",""
"RL","Land Use","108","Burundi","5110","Area","6600","Country area","2018","2018","1000 ha","2783","A","Official figure",""
"RL","Land Use","108","Burundi","5110","Area","6600","Country area","2019","2019","1000 ha","2783","A","Official figure",""
"RL","Land Use","108","Burundi","5110","Area","6600","Country area","2020","2020","1000 ha","2783","A","Official figure",""
"RL","Land Use","108","Burundi","5110","Area","6600","Country area","2021","2021","1000 ha","2783","A","Official figure",""
"RL","Land Use","108","Burundi","5110","Area","6600","Country area","2022","2022","1000 ha","2783","I","Value imputed by a receiving agency",""
"RL","Land Use","108","Burundi","5110","Area","6600","Country area","2023","2023","1000 ha","2783","I","Value imputed by a receiving agency",""
"RL","Land Use","132","Cabo Verde","5110","Area","6600","Country area","2005","2005","1000 ha","403","A","Official figure",""
"RL","Land Use","132","Cabo Verde","5110","Area","6600","Country area","2006","2006","1000 ha","403","A","Official figure",""
"RL","Land Use","132","Cabo Verde","5110","Area","6600","Country area","2007","2007","1000 ha","403","A","Official figure",""
"RL","Land Use","132","Cabo Verde","5110","Area","6600","Country area","2008","2008","1000 ha","403","A","Official figure",""
"RL","Land Use","132","Cabo Verde","5110","Area","6600","Country area","2009","2009","1000 ha","403","A","Official figure",""
"RL","Land Use","132","Cabo Verde","5110","Area","6600","Country area","2010","2010","1000 ha","403","A","Official figure",""
"RL","Land Use","132","Cabo Verde","5110","Area","6600","Country area","2011","2011","1000 ha","403","A","Official figure",""
"RL","Land Use","132","Cabo Verde","5110","Area","6600","Country area","2012","2012","1000 ha","403","A","Official figure",""
"RL","Land Use","132","Cabo Verde","5110","Area","6600","Country area","2013","2013","1000 ha","403","A","Official figure",""
"RL","Land Use","132","Cabo Verde","5110","Area","6600","Country area","2014","2014","1000 ha","403","A","Official figure",""
"RL","Land Use","132","Cabo Verde","5110","Area","6600","Country area","2015","2015","1000 ha","403","A","Official figure",""
"RL","Land Use","132","Cabo Verde","5110","Area","6600","Country area","2016","2016","1000 ha","403","A","Official figure",""
"RL","Land Use","132","Cabo Verde","5110","Area","6600","Country area","2017","2017","1000 ha","403","A","Official figure",""
"RL","Land Use","132","Cabo Verde","5110","Area","6600","Country area","2018","2018","1000 ha","403","A","Official figure",""
"RL","Land Use","132","Cabo Verde","5110","Area","6600","Country area","2019","2019","1000 ha","403","A","Official figure",""
"RL","Land Use","132","Cabo Verde","5110","Area","6600","Country area","2020","2020","1000 ha","403","A","Official figure",""
"RL","Land Use","132","Cabo Verde","5110","Area","6600","Country area","2021","2021","1000 ha","403","A","Official figure",""
"RL","Land Use","132","Cabo Verde","5110","Area","6600","Country area","2022","2022","1000 ha","403","I","Value imputed by a receiving agency",""
"RL","Land Use","132","Cabo Verde","5110","Area","6600","Country area","2023","2023","1000 ha","403","I","Value imputed by a receiving agency",""
"RL","Land Use","120","Cameroon","5110","Area","6600","Country area","2005","2005","1000 ha","47544","A","Official figure",""
"RL","Land Use","120","Cameroon","5110","Area","6600","Country area","2006","2006","1000 ha","47544","A","Official figure",""
"RL","Land Use","120","Cameroon","5110","Area","6600","Country area","2007","2007","1000 ha","47544","A","Official figure",""
"RL","Land Use","120","Cameroon","5110","Area","6600","Country area","2008","2008","1000 ha","47544","A","Official figure",""
"RL","Land Use","120","Cameroon","5110","Area","6600","Country area","2009","2009","1000 ha","47544","A","Official figure",""
"RL","Land Use","120","Cameroon","5110","Area","6600","Country area","2010","2010","1000 ha","47544","I","Value imputed by a receiving agency",""
"RL","Land Use","120","Cameroon","5110","Area","6600","Country area","2011","2011","1000 ha","47544","I","Value imputed by a receiving agency",""
"RL","Land Use","120","Cameroon","5110","Area","6600","Country area","2012","2012","1000 ha","47544","I","Value imputed by a receiving agency",""
"RL","Land Use","120","Cameroon","5110","Area","6600","Country area","2013","2013","1000 ha","47544","I","Value imputed by a receiving agency",""
"RL","Land Use","120","Cameroon","5110","Area","6600","Country area","2014","2014","1000 ha","47544","I","Value imputed by a receiving agency",""
"RL","Land Use","120","Cameroon","5110","Area","6600","Country area","2015","2015","1000 ha","47544","I","Value imputed by a receiving agency",""
"RL","Land Use","120","Cameroon","5110","Area","6600","Country area","2016","2016","1000 ha","47544","I","Value imputed by a receiving agency",""
"RL","Land Use","120","Cameroon","5110","Area","6600","Country area","2017","2017","1000 ha","47544","I","Value imputed by a receiving agency",""
"RL","Land Use","120","Cameroon","5110","Area","6600","Country area","2018","2018","1000 ha","47544","I","Value imputed by a receiving agency",""
"RL","Land Use","120","Cameroon","5110","Area","6600","Country area","2019","2019","1000 ha","47544","I","Value imputed by a receiving agency",""
"RL","Land Use","120","Cameroon","5110","Area","6600","Country area","2020","2020","1000 ha","47544","I","Value imputed by a receiving agency",""
"RL","Land Use","120","Cameroon","5110","Area","6600","Country area","2021","2021","1000 ha","47544","I","Value imputed by a receiving agency",""
"RL","Land Use","120","Cameroon","5110","Area","6600","Country area","2022","2022","1000 ha","47544","I","Value imputed by a receiving agency",""
"RL","Land Use","120","Cameroon","5110","Area","6600","Country area","2023","2023","1000 ha","47544","I","Value imputed by a receiving agency",""
"RL","Land Use","140","Central African Republic","5110","Area","6600","Country area","2005","2005","1000 ha","62298","A","Official figure",""
"RL","Land Use","140","Central African Republic","5110","Area","6600","Country area","2006","2006","1000 ha","62298","A","Official figure",""
"RL","Land Use","140","Central African Republic","5110","Area","6600","Country area","2007","2007","1000 ha","62298","A","Official figure",""
"RL","Land Use","140","Central African Republic","5110","Area","6600","Country area","2008","2008","1000 ha","62298","A","Official figure",""
"RL","Land Use","140","Central African Republic","5110","Area","6600","Country area","2009","2009","1000 ha","62298","A","Official figure",""
"RL","Land Use","140","Central African Republic","5110","Area","6600","Country area","2010","2010","1000 ha","62298","A","Official figure",""
"RL","Land Use","140","Central African Republic","5110","Area","6600","Country area","2011","2011","1000 ha","62298","A","Official figure",""
"RL","Land Use","140","Central African Republic","5110","Area","6600","Country area","2012","2012","1000 ha","62298","A","Official figure",""
"RL","Land Use","140","Central African Republic","5110","Area","6600","Country area","2013","2013","1000 ha","62298","A","Official figure",""
"RL","Land Use","140","Central African Republic","5110","Area","6600","Country area","2014","2014","1000 ha","62298","A","Official figure",""
"RL","Land Use","140","Central African Republic","5110","Area","6600","Country area","2015","2015","1000 ha","62298","A","Official figure",""
"RL","Land Use","140","Central African Republic","5110","Area","6600","Country area","2016","2016","1000 ha","62298","A","Official figure",""
"RL","Land Use","140","Central African Republic","5110","Area","6600","Country area","2017","2017","1000 ha","62298","A","Official figure",""
"RL","Land Use","140","Central African Republic","5110","Area","6600","Country area","2018","2018","1000 ha","62298","A","Official figure",""
"RL","Land Use","140","Central African Republic","5110","Area","6600","Country area","2019","2019","1000 ha","62298","A","Official figure",""
"RL","Land Use","140","Central African Republic","5110","Area","6600","Country area","2020","2020","1000 ha","62298","A","Official figure",""
"RL","Land Use","140","Central African Republic","5110","Area","6600","Country area","2021","2021","1000 ha","62298","A","Official figure",""
"RL","Land Use","140","Central African Republic","5110","Area","6600","Country area","2022","2022","1000 ha","62298","I","Value imputed by a receiving agency",""
"RL","Land Use","140","Central African Republic","5110","Area","6600","Country area","2023","2023","1000 ha","62298","I","Value imputed by a receiving agency",""
"RL","Land Use","148","Chad","5110","Area","6600","Country area","2005","2005","1000 ha","128400","A","Official figure",""
"RL","Land Use","148","Chad","5110","Area","6600","Country area","2006","2006","1000 ha","128400","A","Official figure",""
"RL","Land Use","148","Chad","5110","Area","6600","Country area","2007","2007","1000 ha","128400","A","Official figure",""
"RL","Land Use","148","Chad","5110","Area","6600","Country area","2008","2008","1000 ha","128400","A","Official figure",""
"RL","Land Use","148","Chad","5110","Area","6600","Country area","2009","2009","1000 ha","128400","A","Official figure",""
"RL","Land Use","148","Chad","5110","Area","6600","Country area","2010","2010","1000 ha","128400","A","Official figure",""
"RL","Land Use","148","Chad","5110","Area","6600","Country area","2011","2011","1000 ha","128400","A","Official figure",""
"RL","Land Use","148","Chad","5110","Area","6600","Country area","2012","2012","1000 ha","128400","A","Official figure",""
"RL","Land Use","148","Chad","5110","Area","6600","Country area","2013","2013","1000 ha","128400","A","Official figure",""
"RL","Land Use","148","Chad","5110","Area","6600","Country area","2014","2014","1000 ha","128400","A","Official figure",""
"RL","Land Use","148","Chad","5110","Area","6600","Country area","2015","2015","1000 ha","128400","A","Official figure",""
"RL","Land Use","148","Chad","5110","Area","6600","Country area","2016","2016","1000 ha","128400","A","Official figure",""
"RL","Land Use","148","Chad","5110","Area","6600","Country area","2017","2017","1000 ha","128400","A","Official figure",""
"RL","Land Use","148","Chad","5110","Area","6600","Country area","2018","2018","1000 ha","128400","A","Official figure",""
"RL","Land Use","148","Chad","5110","Area","6600","Country area","2019","2019","1000 ha","128400","A","Official figure",""
"RL","Land Use","148","Chad","5110","Area","6600","Country area","2020","2020","1000 ha","128400","A","Official figure",""
"RL","Land Use","148","Chad","5110","Area","6600","Country area","2021","2021","1000 ha","128400","A","Official figure",""
"RL","Land Use","148","Chad","5110","Area","6600","Country area","2022","2022","1000 ha","128400","I","Value imputed by a receiving agency",""
"RL","Land Use","148","Chad","5110","Area","6600","Country area","2023","2023","1000 ha","128400","I","Value imputed by a receiving agency",""
"RL","Land Use","174","Comoros","5110","Area","6600","Country area","2005","2005","1000 ha","186.1","A","Official figure",""
"RL","Land Use","174","Comoros","5110","Area","6600","Country area","2006","2006","1000 ha","186.1","A","Official figure",""
"RL","Land Use","174","Comoros","5110","Area","6600","Country area","2007","2007","1000 ha","186.1","A","Official figure",""
"RL","Land Use","174","Comoros","5110","Area","6600","Country area","2008","2008","1000 ha","186.1","A","Official figure",""
"RL","Land Use","174","Comoros","5110","Area","6600","Country area","2009","2009","1000 ha","186.1","A","Official figure",""
"RL","Land Use","174","Comoros","5110","Area","6600","Country area","2010","2010","1000 ha","186.1","A","Official figure",""
"RL","Land Use","174","Comoros","5110","Area","6600","Country area","2011","2011","1000 ha","186.1","A","Official figure",""
"RL","Land Use","174","Comoros","5110","Area","6600","Country area","2012","2012","1000 ha","186.1","A","Official figure",""
"RL","Land Use","174","Comoros","5110","Area","6600","Country area","2013","2013","1000 ha","186.1","A","Official figure",""
"RL","Land Use","174","Comoros","5110","Area","6600","Country area","2014","2014","1000 ha","186.1","A","Official figure",""
"RL","Land Use","174","Comoros","5110","Area","6600","Country area","2015","2015","1000 ha","186.1","A","Official figure",""
"RL","Land Use","174","Comoros","5110","Area","6600","Country area","2016","2016","1000 ha","186.1","A","Official figure",""
"RL","Land Use","174","Comoros","5110","Area","6600","Country area","2017","2017","1000 ha","186.1","A","Official figure",""
"RL","Land Use","174","Comoros","5110","Area","6600","Country area","2018","2018","1000 ha","186.1","A","Official figure",""
"RL","Land Use","174","Comoros","5110","Area","6600","Country area","2019","2019","1000 ha","186.1","A","Official figure",""
"RL","Land Use","174","Comoros","5110","Area","6600","Country area","2020","2020","1000 ha","186.1","A","Official figure",""
"RL","Land Use","174","Comoros","5110","Area","6600","Country area","2021","2021","1000 ha","186.1","I","Value imputed by a receiving agency",""
"RL","Land Use","174","Comoros","5110","Area","6600","Country area","2022","2022","1000 ha","186.1","I","Value imputed by a receiving agency",""
"RL","Land Use","174","Comoros","5110","Area","6600","Country area","2023","2023","1000 ha","186.1","I","Value imputed by a receiving agency",""
"RL","Land Use","178","Congo","5110","Area","6600","Country area","2005","2005","1000 ha","34200","A","Official figure",""
"RL","Land Use","178","Congo","5110","Area","6600","Country area","2006","2006","1000 ha","34200","A","Official figure",""
"RL","Land Use","178","Congo","5110","Area","6600","Country area","2007","2007","1000 ha","34200","A","Official figure",""
"RL","Land Use","178","Congo","5110","Area","6600","Country area","2008","2008","1000 ha","34200","A","Official figure",""
"RL","Land Use","178","Congo","5110","Area","6600","Country area","2009","2009","1000 ha","34200","A","Official figure",""
"RL","Land Use","178","Congo","5110","Area","6600","Country area","2010","2010","1000 ha","34200","A","Official figure",""
"RL","Land Use","178","Congo","5110","Area","6600","Country area","2011","2011","1000 ha","34200","A","Official figure",""
"RL","Land Use","178","Congo","5110","Area","6600","Country area","2012","2012","1000 ha","34200","A","Official figure",""
"RL","Land Use","178","Congo","5110","Area","6600","Country area","2013","2013","1000 ha","34200","A","Official figure",""
"RL","Land Use","178","Congo","5110","Area","6600","Country area","2014","2014","1000 ha","34200","A","Official figure",""
"RL","Land Use","178","Congo","5110","Area","6600","Country area","2015","2015","1000 ha","34200","A","Official figure",""
"RL","Land Use","178","Congo","5110","Area","6600","Country area","2016","2016","1000 ha","34200","A","Official figure",""
"RL","Land Use","178","Congo","5110","Area","6600","Country area","2017","2017","1000 ha","34200","A","Official figure",""
"RL","Land Use","178","Congo","5110","Area","6600","Country area","2018","2018","1000 ha","34200","A","Official figure",""
"RL","Land Use","178","Congo","5110","Area","6600","Country area","2019","2019","1000 ha","34200","A","Official figure",""
"RL","Land Use","178","Congo","5110","Area","6600","Country area","2020","2020","1000 ha","34200","A","Official figure",""
"RL","Land Use","178","Congo","5110","Area","6600","Country area","2021","2021","1000 ha","34200","A","Official figure",""
"RL","Land Use","178","Congo","5110","Area","6600","Country area","2022","2022","1000 ha","34200","I","Value imputed by a receiving agency",""
"RL","Land Use","178","Congo","5110","Area","6600","Country area","2023","2023","1000 ha","34200","I","Value imputed by a receiving agency",""
"RL","Land Use","384","Côte d'Ivoire","5110","Area","6600","Country area","2005","2005","1000 ha","32246","A","Official figure",""
"RL","Land Use","384","Côte d'Ivoire","5110","Area","6600","Country area","2006","2006","1000 ha","32246","A","Official figure",""
"RL","Land Use","384","Côte d'Ivoire","5110","Area","6600","Country area","2007","2007","1000 ha","32246","A","Official figure",""
"RL","Land Use","384","Côte d'Ivoire","5110","Area","6600","Country area","2008","2008","1000 ha","32246","A","Official figure",""
"RL","Land Use","384","Côte d'Ivoire","5110","Area","6600","Country area","2009","2009","1000 ha","32246","A","Official figure",""
"RL","Land Use","384","Côte d'Ivoire","5110","Area","6600","Country area","2010","2010","1000 ha","32246","A","Official figure",""
"RL","Land Use","384","Côte d'Ivoire","5110","Area","6600","Country area","2011","2011","1000 ha","32246","A","Official figure",""
"RL","Land Use","384","Côte d'Ivoire","5110","Area","6600","Country area","2012","2012","1000 ha","32246","A","Official figure",""
"RL","Land Use","384","Côte d'Ivoire","5110","Area","6600","Country area","2013","2013","1000 ha","32246","A","Official figure",""
"RL","Land Use","384","Côte d'Ivoire","5110","Area","6600","Country area","2014","2014","1000 ha","32246","A","Official figure",""
"RL","Land Use","384","Côte d'Ivoire","5110","Area","6600","Country area","2015","2015","1000 ha","32246","A","Official figure",""
"RL","Land Use","384","Côte d'Ivoire","5110","Area","6600","Country area","2016","2016","1000 ha","32246","A","Official figure",""
"RL","Land Use","384","Côte d'Ivoire","5110","Area","6600","Country area","2017","2017","1000 ha","32246","A","Official figure",""
"RL","Land Use","384","Côte d'Ivoire","5110","Area","6600","Country area","2018","2018","1000 ha","32246","A","Official figure",""
"RL","Land Use","384","Côte d'Ivoire","5110","Area","6600","Country area","2019","2019","1000 ha","32246","A","Official figure",""
"RL","Land Use","384","Côte d'Ivoire","5110","Area","6600","Country area","2020","2020","1000 ha","32246","A","Official figure",""
"RL","Land Use","384","Côte d'Ivoire","5110","Area","6600","Country area","2021","2021","1000 ha","32246","A","Official figure",""
"RL","Land Use","384","Côte d'Ivoire","5110","Area","6600","Country area","2022","2022","1000 ha","32246","I","Value imputed by a receiving agency",""
"RL","Land Use","384","Côte d'Ivoire","5110","Area","6600","Country area","2023","2023","1000 ha","32246","I","Value imputed by a receiving agency",""
"RL","Land Use","180","Democratic Republic of the Congo","5110","Area","6600","Country area","2005","2005","1000 ha","234486","I","Value imputed by a receiving agency",""
"RL","Land Use","180","Democratic Republic of the Congo","5110","Area","6600","Country area","2006","2006","1000 ha","234486","I","Value imputed by a receiving agency",""
"RL","Land Use","180","Democratic Republic of the Congo","5110","Area","6600","Country area","2007","2007","1000 ha","234486","I","Value imputed by a receiving agency",""
"RL","Land Use","180","Democratic Republic of the Congo","5110","Area","6600","Country area","2008","2008","1000 ha","234486","I","Value imputed by a receiving agency",""
"RL","Land Use","180","Democratic Republic of the Congo","5110","Area","6600","Country area","2009","2009","1000 ha","234486","I","Value imputed by a receiving agency",""
"RL","Land Use","180","Democratic Republic of the Congo","5110","Area","6600","Country area","2010","2010","1000 ha","234486","I","Value imputed by a receiving agency",""
"RL","Land Use","180","Democratic Republic of the Congo","5110","Area","6600","Country area","2011","2011","1000 ha","234486","I","Value imputed by a receiving agency",""
"RL","Land Use","180","Democratic Republic of the Congo","5110","Area","6600","Country area","2012","2012","1000 ha","234486","I","Value imputed by a receiving agency",""
"RL","Land Use","180","Democratic Republic of the Congo","5110","Area","6600","Country area","2013","2013","1000 ha","234486","I","Value imputed by a receiving agency",""
"RL","Land Use","180","Democratic Republic of the Congo","5110","Area","6600","Country area","2014","2014","1000 ha","234486","I","Value imputed by a receiving agency",""
"RL","Land Use","180","Democratic Republic of the Congo","5110","Area","6600","Country area","2015","2015","1000 ha","234486","I","Value imputed by a receiving agency",""
"RL","Land Use","180","Democratic Republic of the Congo","5110","Area","6600","Country area","2016","2016","1000 ha","234486","I","Value imputed by a receiving agency",""
"RL","Land Use","180","Democratic Republic of the Congo","5110","Area","6600","Country area","2017","2017","1000 ha","234486","I","Value imputed by a receiving agency",""
"RL","Land Use","180","Democratic Republic of the Congo","5110","Area","6600","Country area","2018","2018","1000 ha","234486","I","Value imputed by a receiving agency",""
"RL","Land Use","180","Democratic Republic of the Congo","5110","Area","6600","Country area","2019","2019","1000 ha","234486","I","Value imputed by a receiving agency",""
"RL","Land Use","180","Democratic Republic of the Congo","5110","Area","6600","Country area","2020","2020","1000 ha","234486","I","Value imputed by a receiving agency",""
"RL","Land Use","180","Democratic Republic of the Congo","5110","Area","6600","Country area","2021","2021","1000 ha","234486","I","Value imputed by a receiving agency",""
"RL","Land Use","180","Democratic Republic of the Congo","5110","Area","6600","Country area","2022","2022","1000 ha","234486","I","Value imputed by a receiving agency",""
"RL","Land Use","180","Democratic Republic of the Congo","5110","Area","6600","Country area","2023","2023","1000 ha","234486","I","Value imputed by a receiving agency",""
"RL","Land Use","262","Djibouti","5110","Area","6600","Country area","2005","2005","1000 ha","2320","A","Official figure",""
"RL","Land Use","262","Djibouti","5110","Area","6600","Country area","2006","2006","1000 ha","2320","A","Official figure",""
"RL","Land Use","262","Djibouti","5110","Area","6600","Country area","2007","2007","1000 ha","2320","A","Official figure",""
"RL","Land Use","262","Djibouti","5110","Area","6600","Country area","2008","2008","1000 ha","2320","A","Official figure",""
"RL","Land Use","262","Djibouti","5110","Area","6600","Country area","2009","2009","1000 ha","2320","A","Official figure",""
"RL","Land Use","262","Djibouti","5110","Area","6600","Country area","2010","2010","1000 ha","2320","A","Official figure",""
"RL","Land Use","262","Djibouti","5110","Area","6600","Country area","2011","2011","1000 ha","2320","A","Official figure",""
"RL","Land Use","262","Djibouti","5110","Area","6600","Country area","2012","2012","1000 ha","2320","A","Official figure",""
"RL","Land Use","262","Djibouti","5110","Area","6600","Country area","2013","2013","1000 ha","2320","A","Official figure",""
"RL","Land Use","262","Djibouti","5110","Area","6600","Country area","2014","2014","1000 ha","2320","A","Official figure",""
"RL","Land Use","262","Djibouti","5110","Area","6600","Country area","2015","2015","1000 ha","2320","A","Official figure",""
"RL","Land Use","262","Djibouti","5110","Area","6600","Country area","2016","2016","1000 ha","2320","A","Official figure",""
"RL","Land Use","262","Djibouti","5110","Area","6600","Country area","2017","2017","1000 ha","2320","A","Official figure",""
"RL","Land Use","262","Djibouti","5110","Area","6600","Country area","2018","2018","1000 ha","2320","A","Official figure",""
"RL","Land Use","262","Djibouti","5110","Area","6600","Country area","2019","2019","1000 ha","2320","A","Official figure",""
"RL","Land Use","262","Djibouti","5110","Area","6600","Country area","2020","2020","1000 ha","2320","A","Official figure",""
"RL","Land Use","262","Djibouti","5110","Area","6600","Country area","2021","2021","1000 ha","2320","I","Value imputed by a receiving agency",""
"RL","Land Use","262","Djibouti","5110","Area","6600","Country area","2022","2022","1000 ha","2320","I","Value imputed by a receiving agency",""
"RL","Land Use","262","Djibouti","5110","Area","6600","Country area","2023","2023","1000 ha","2320","I","Value imputed by a receiving agency",""
"RL","Land Use","818","Egypt","5110","Area","6600","Country area","2005","2005","1000 ha","100145","A","Official figure",""
"RL","Land Use","818","Egypt","5110","Area","6600","Country area","2006","2006","1000 ha","100145","I","Value imputed by a receiving agency",""
"RL","Land Use","818","Egypt","5110","Area","6600","Country area","2007","2007","1000 ha","100145","I","Value imputed by a receiving agency",""
"RL","Land Use","818","Egypt","5110","Area","6600","Country area","2008","2008","1000 ha","100145","I","Value imputed by a receiving agency",""
"RL","Land Use","818","Egypt","5110","Area","6600","Country area","2009","2009","1000 ha","100145","I","Value imputed by a receiving agency",""
"RL","Land Use","818","Egypt","5110","Area","6600","Country area","2010","2010","1000 ha","100145","A","Official figure",""
"RL","Land Use","818","Egypt","5110","Area","6600","Country area","2011","2011","1000 ha","100145","A","Official figure",""
"RL","Land Use","818","Egypt","5110","Area","6600","Country area","2012","2012","1000 ha","100145","A","Official figure",""
"RL","Land Use","818","Egypt","5110","Area","6600","Country area","2013","2013","1000 ha","100145","A","Official figure",""
"RL","Land Use","818","Egypt","5110","Area","6600","Country area","2014","2014","1000 ha","100145","A","Official figure",""
"RL","Land Use","818","Egypt","5110","Area","6600","Country area","2015","2015","1000 ha","100145","I","Value imputed by a receiving agency",""
"RL","Land Use","818","Egypt","5110","Area","6600","Country area","2016","2016","1000 ha","100145","I","Value imputed by a receiving agency",""
"RL","Land Use","818","Egypt","5110","Area","6600","Country area","2017","2017","1000 ha","100145","I","Value imputed by a receiving agency",""
"RL","Land Use","818","Egypt","5110","Area","6600","Country area","2018","2018","1000 ha","100145","I","Value imputed by a receiving agency",""
"RL","Land Use","818","Egypt","5110","Area","6600","Country area","2019","2019","1000 ha","100145","I","Value imputed by a receiving agency",""
"RL","Land Use","818","Egypt","5110","Area","6600","Country area","2020","2020","1000 ha","100145","I","Value imputed by a receiving agency",""
"RL","Land Use","818","Egypt","5110","Area","6600","Country area","2021","2021","1000 ha","100145","I","Value imputed by a receiving agency",""
"RL","Land Use","818","Egypt","5110","Area","6600","Country area","2022","2022","1000 ha","100145","I","Value imputed by a receiving agency",""
"RL","Land Use","818","Egypt","5110","Area","6600","Country area","2023","2023","1000 ha","100145","I","Value imputed by a receiving agency",""
"RL","Land Use","226","Equatorial Guinea","5110","Area","6600","Country area","2005","2005","1000 ha","2805","A","Official figure",""
"RL","Land Use","226","Equatorial Guinea","5110","Area","6600","Country area","2006","2006","1000 ha","2805","A","Official figure",""
"RL","Land Use","226","Equatorial Guinea","5110","Area","6600","Country area","2007","2007","1000 ha","2805","A","Official figure",""
"RL","Land Use","226","Equatorial Guinea","5110","Area","6600","Country area","2008","2008","1000 ha","2805","A","Official figure",""
"RL","Land Use","226","Equatorial Guinea","5110","Area","6600","Country area","2009","2009","1000 ha","2805","A","Official figure",""
"RL","Land Use","226","Equatorial Guinea","5110","Area","6600","Country area","2010","2010","1000 ha","2805","A","Official figure",""
"RL","Land Use","226","Equatorial Guinea","5110","Area","6600","Country area","2011","2011","1000 ha","2805","A","Official figure",""
"RL","Land Use","226","Equatorial Guinea","5110","Area","6600","Country area","2012","2012","1000 ha","2805","A","Official figure",""
"RL","Land Use","226","Equatorial Guinea","5110","Area","6600","Country area","2013","2013","1000 ha","2805","A","Official figure",""
"RL","Land Use","226","Equatorial Guinea","5110","Area","6600","Country area","2014","2014","1000 ha","2805","A","Official figure",""
"RL","Land Use","226","Equatorial Guinea","5110","Area","6600","Country area","2015","2015","1000 ha","2805","A","Official figure",""
"RL","Land Use","226","Equatorial Guinea","5110","Area","6600","Country area","2016","2016","1000 ha","2805","A","Official figure",""
"RL","Land Use","226","Equatorial Guinea","5110","Area","6600","Country area","2017","2017","1000 ha","2805","A","Official figure",""
"RL","Land Use","226","Equatorial Guinea","5110","Area","6600","Country area","2018","2018","1000 ha","2805","A","Official figure",""
"RL","Land Use","226","Equatorial Guinea","5110","Area","6600","Country area","2019","2019","1000 ha","2805","A","Official figure",""
"RL","Land Use","226","Equatorial Guinea","5110","Area","6600","Country area","2020","2020","1000 ha","2805","A","Official figure",""
"RL","Land Use","226","Equatorial Guinea","5110","Area","6600","Country area","2021","2021","1000 ha","2805","A","Official figure",""
"RL","Land Use","226","Equatorial Guinea","5110","Area","6600","Country area","2022","2022","1000 ha","2805","I","Value imputed by a receiving agency",""
"RL","Land Use","226","Equatorial Guinea","5110","Area","6600","Country area","2023","2023","1000 ha","2805","I","Value imputed by a receiving agency",""
"RL","Land Use","232","Eritrea","5110","Area","6600","Country area","2005","2005","1000 ha","12169.0003","I","Value imputed by a receiving agency",""
"RL","Land Use","232","Eritrea","5110","Area","6600","Country area","2006","2006","1000 ha","12165.995","I","Value imputed by a receiving agency",""
"RL","Land Use","232","Eritrea","5110","Area","6600","Country area","2007","2007","1000 ha","12162.6677","I","Value imputed by a receiving agency",""
"RL","Land Use","232","Eritrea","5110","Area","6600","Country area","2008","2008","1000 ha","12164.4279","I","Value imputed by a receiving agency",""
"RL","Land Use","232","Eritrea","5110","Area","6600","Country area","2009","2009","1000 ha","12165.63","I","Value imputed by a receiving agency",""
"RL","Land Use","232","Eritrea","5110","Area","6600","Country area","2010","2010","1000 ha","12165.1578","I","Value imputed by a receiving agency",""
"RL","Land Use","232","Eritrea","5110","Area","6600","Country area","2011","2011","1000 ha","12167.5619","I","Value imputed by a receiving agency",""
"RL","Land Use","232","Eritrea","5110","Area","6600","Country area","2012","2012","1000 ha","12166.875","I","Value imputed by a receiving agency",""
"RL","Land Use","232","Eritrea","5110","Area","6600","Country area","2013","2013","1000 ha","12163.5908","I","Value imputed by a receiving agency",""
"RL","Land Use","232","Eritrea","5110","Area","6600","Country area","2014","2014","1000 ha","12162.2815","I","Value imputed by a receiving agency",""
"RL","Land Use","232","Eritrea","5110","Area","6600","Country area","2015","2015","1000 ha","12167.5405","I","Value imputed by a receiving agency",""
"RL","Land Use","232","Eritrea","5110","Area","6600","Country area","2016","2016","1000 ha","12166.4244","I","Value imputed by a receiving agency",""
"RL","Land Use","232","Eritrea","5110","Area","6600","Country area","2017","2017","1000 ha","12165.8018","I","Value imputed by a receiving agency",""
"RL","Land Use","232","Eritrea","5110","Area","6600","Country area","2018","2018","1000 ha","12166.4887","I","Value imputed by a receiving agency",""
"RL","Land Use","232","Eritrea","5110","Area","6600","Country area","2019","2019","1000 ha","12166.8106","I","Value imputed by a receiving agency",""
"RL","Land Use","232","Eritrea","5110","Area","6600","Country area","2020","2020","1000 ha","12163.0327","I","Value imputed by a receiving agency",""
"RL","Land Use","232","Eritrea","5110","Area","6600","Country area","2021","2021","1000 ha","12176.58","I","Value imputed by a receiving agency",""
"RL","Land Use","232","Eritrea","5110","Area","6600","Country area","2022","2022","1000 ha","12176.58","I","Value imputed by a receiving agency",""
"RL","Land Use","232","Eritrea","5110","Area","6600","Country area","2023","2023","1000 ha","12176.58","I","Value imputed by a receiving agency",""
"RL","Land Use","748","Eswatini","5110","Area","6600","Country area","2005","2005","1000 ha","1736","A","Official figure",""
"RL","Land Use","748","Eswatini","5110","Area","6600","Country area","2006","2006","1000 ha","1736","A","Official figure",""
"RL","Land Use","748","Eswatini","5110","Area","6600","Country area","2007","2007","1000 ha","1736","A","Official figure",""
"RL","Land Use","748","Eswatini","5110","Area","6600","Country area","2008","2008","1000 ha","1736","A","Official figure",""
"RL","Land Use","748","Eswatini","5110","Area","6600","Country area","2009","2009","1000 ha","1736","A","Official figure",""
"RL","Land Use","748","Eswatini","5110","Area","6600","Country area","2010","2010","1000 ha","1736","A","Official figure",""
"RL","Land Use","748","Eswatini","5110","Area","6600","Country area","2011","2011","1000 ha","1736","A","Official figure",""
"RL","Land Use","748","Eswatini","5110","Area","6600","Country area","2012","2012","1000 ha","1736","A","Official figure",""
"RL","Land Use","748","Eswatini","5110","Area","6600","Country area","2013","2013","1000 ha","1736","A","Official figure",""
"RL","Land Use","748","Eswatini","5110","Area","6600","Country area","2014","2014","1000 ha","1736","A","Official figure",""
"RL","Land Use","748","Eswatini","5110","Area","6600","Country area","2015","2015","1000 ha","1736","A","Official figure",""
"RL","Land Use","748","Eswatini","5110","Area","6600","Country area","2016","2016","1000 ha","1736","A","Official figure",""
"RL","Land Use","748","Eswatini","5110","Area","6600","Country area","2017","2017","1000 ha","1736","A","Official figure",""
"RL","Land Use","748","Eswatini","5110","Area","6600","Country area","2018","2018","1000 ha","1736","A","Official figure",""
"RL","Land Use","748","Eswatini","5110","Area","6600","Country area","2019","2019","1000 ha","1736","A","Official figure",""
"RL","Land Use","748","Eswatini","5110","Area","6600","Country area","2020","2020","1000 ha","1736","A","Official figure",""
"RL","Land Use","748","Eswatini","5110","Area","6600","Country area","2021","2021","1000 ha","1736","I","Value imputed by a receiving agency",""
"RL","Land Use","748","Eswatini","5110","Area","6600","Country area","2022","2022","1000 ha","1736","I","Value imputed by a receiving agency",""
"RL","Land Use","748","Eswatini","5110","Area","6600","Country area","2023","2023","1000 ha","1736","I","Value imputed by a receiving agency",""
"RL","Land Use","231","Ethiopia","5110","Area","6600","Country area","2005","2005","1000 ha","113624.32","I","Value imputed by a receiving agency",""
"RL","Land Use","231","Ethiopia","5110","Area","6600","Country area","2006","2006","1000 ha","113624.3","I","Value imputed by a receiving agency",""
"RL","Land Use","231","Ethiopia","5110","Area","6600","Country area","2007","2007","1000 ha","113624.41","I","Value imputed by a receiving agency",""
"RL","Land Use","231","Ethiopia","5110","Area","6600","Country area","2008","2008","1000 ha","113624.32","I","Value imputed by a receiving agency",""
"RL","Land Use","231","Ethiopia","5110","Area","6600","Country area","2009","2009","1000 ha","113624.35","I","Value imputed by a receiving agency",""
"RL","Land Use","231","Ethiopia","5110","Area","6600","Country area","2010","2010","1000 ha","113624.29","I","Value imputed by a receiving agency",""
"RL","Land Use","231","Ethiopia","5110","Area","6600","Country area","2011","2011","1000 ha","113624.24","I","Value imputed by a receiving agency",""
"RL","Land Use","231","Ethiopia","5110","Area","6600","Country area","2012","2012","1000 ha","113624.29","I","Value imputed by a receiving agency",""
"RL","Land Use","231","Ethiopia","5110","Area","6600","Country area","2013","2013","1000 ha","113624.36","I","Value imputed by a receiving agency",""
"RL","Land Use","231","Ethiopia","5110","Area","6600","Country area","2014","2014","1000 ha","113624.32","I","Value imputed by a receiving agency",""
"RL","Land Use","231","Ethiopia","5110","Area","6600","Country area","2015","2015","1000 ha","113624.42","I","Value imputed by a receiving agency",""
"RL","Land Use","231","Ethiopia","5110","Area","6600","Country area","2016","2016","1000 ha","113624.27","I","Value imputed by a receiving agency",""
"RL","Land Use","231","Ethiopia","5110","Area","6600","Country area","2017","2017","1000 ha","113624.32","I","Value imputed by a receiving agency",""
"RL","Land Use","231","Ethiopia","5110","Area","6600","Country area","2018","2018","1000 ha","113624.25","I","Value imputed by a receiving agency",""
"RL","Land Use","231","Ethiopia","5110","Area","6600","Country area","2019","2019","1000 ha","113624.31","I","Value imputed by a receiving agency",""
"RL","Land Use","231","Ethiopia","5110","Area","6600","Country area","2020","2020","1000 ha","113623.97","I","Value imputed by a receiving agency",""
"RL","Land Use","231","Ethiopia","5110","Area","6600","Country area","2021","2021","1000 ha","113623.97","I","Value imputed by a receiving agency",""
"RL","Land Use","231","Ethiopia","5110","Area","6600","Country area","2022","2022","1000 ha","113623.97","I","Value imputed by a receiving agency",""
"RL","Land Use","231","Ethiopia","5110","Area","6600","Country area","2023","2023","1000 ha","113623.97","I","Value imputed by a receiving agency",""
"RL","Land Use","266","Gabon","5110","Area","6600","Country area","2005","2005","1000 ha","26767","A","Official figure",""
"RL","Land Use","266","Gabon","5110","Area","6600","Country area","2006","2006","1000 ha","26767","A","Official figure",""
"RL","Land Use","266","Gabon","5110","Area","6600","Country area","2007","2007","1000 ha","26767","A","Official figure",""
"RL","Land Use","266","Gabon","5110","Area","6600","Country area","2008","2008","1000 ha","26767","A","Official figure",""
"RL","Land Use","266","Gabon","5110","Area","6600","Country area","2009","2009","1000 ha","26767","A","Official figure",""
"RL","Land Use","266","Gabon","5110","Area","6600","Country area","2010","2010","1000 ha","26767","A","Official figure",""
"RL","Land Use","266","Gabon","5110","Area","6600","Country area","2011","2011","1000 ha","26767","A","Official figure",""
"RL","Land Use","266","Gabon","5110","Area","6600","Country area","2012","2012","1000 ha","26767","A","Official figure",""
"RL","Land Use","266","Gabon","5110","Area","6600","Country area","2013","2013","1000 ha","26767","A","Official figure",""
"RL","Land Use","266","Gabon","5110","Area","6600","Country area","2014","2014","1000 ha","26767","A","Official figure",""
"RL","Land Use","266","Gabon","5110","Area","6600","Country area","2015","2015","1000 ha","26767","A","Official figure",""
"RL","Land Use","266","Gabon","5110","Area","6600","Country area","2016","2016","1000 ha","26767","A","Official figure",""
"RL","Land Use","266","Gabon","5110","Area","6600","Country area","2017","2017","1000 ha","26767","A","Official figure",""
"RL","Land Use","266","Gabon","5110","Area","6600","Country area","2018","2018","1000 ha","26767","A","Official figure",""
"RL","Land Use","266","Gabon","5110","Area","6600","Country area","2019","2019","1000 ha","26767","A","Official figure",""
"RL","Land Use","266","Gabon","5110","Area","6600","Country area","2020","2020","1000 ha","26767","A","Official figure",""
"RL","Land Use","266","Gabon","5110","Area","6600","Country area","2021","2021","1000 ha","26767","A","Official figure",""
"RL","Land Use","266","Gabon","5110","Area","6600","Country area","2022","2022","1000 ha","26767","I","Value imputed by a receiving agency",""
"RL","Land Use","266","Gabon","5110","Area","6600","Country area","2023","2023","1000 ha","26767","I","Value imputed by a receiving agency",""
"RL","Land Use","270","Gambia","5110","Area","6600","Country area","2005","2005","1000 ha","1130","A","Official figure",""
"RL","Land Use","270","Gambia","5110","Area","6600","Country area","2006","2006","1000 ha","1130","A","Official figure",""
"RL","Land Use","270","Gambia","5110","Area","6600","Country area","2007","2007","1000 ha","1130","A","Official figure",""
"RL","Land Use","270","Gambia","5110","Area","6600","Country area","2008","2008","1000 ha","1130","A","Official figure",""
"RL","Land Use","270","Gambia","5110","Area","6600","Country area","2009","2009","1000 ha","1130","A","Official figure",""
"RL","Land Use","270","Gambia","5110","Area","6600","Country area","2010","2010","1000 ha","1130","A","Official figure",""
"RL","Land Use","270","Gambia","5110","Area","6600","Country area","2011","2011","1000 ha","1130","A","Official figure",""
"RL","Land Use","270","Gambia","5110","Area","6600","Country area","2012","2012","1000 ha","1130","A","Official figure",""
"RL","Land Use","270","Gambia","5110","Area","6600","Country area","2013","2013","1000 ha","1130","A","Official figure",""
"RL","Land Use","270","Gambia","5110","Area","6600","Country area","2014","2014","1000 ha","1130","A","Official figure",""
"RL","Land Use","270","Gambia","5110","Area","6600","Country area","2015","2015","1000 ha","1130","A","Official figure",""
"RL","Land Use","270","Gambia","5110","Area","6600","Country area","2016","2016","1000 ha","1130","A","Official figure",""
"RL","Land Use","270","Gambia","5110","Area","6600","Country area","2017","2017","1000 ha","1130","A","Official figure",""
"RL","Land Use","270","Gambia","5110","Area","6600","Country area","2018","2018","1000 ha","1130","A","Official figure",""
"RL","Land Use","270","Gambia","5110","Area","6600","Country area","2019","2019","1000 ha","1130","A","Official figure",""
"RL","Land Use","270","Gambia","5110","Area","6600","Country area","2020","2020","1000 ha","1130","A","Official figure",""
"RL","Land Use","270","Gambia","5110","Area","6600","Country area","2021","2021","1000 ha","1130","A","Official figure",""
"RL","Land Use","270","Gambia","5110","Area","6600","Country area","2022","2022","1000 ha","1130","I","Value imputed by a receiving agency",""
"RL","Land Use","270","Gambia","5110","Area","6600","Country area","2023","2023","1000 ha","1130","I","Value imputed by a receiving agency",""
"RL","Land Use","288","Ghana","5110","Area","6600","Country area","2005","2005","1000 ha","23854","A","Official figure",""
"RL","Land Use","288","Ghana","5110","Area","6600","Country area","2006","2006","1000 ha","23854","A","Official figure",""
"RL","Land Use","288","Ghana","5110","Area","6600","Country area","2007","2007","1000 ha","23854","A","Official figure",""
"RL","Land Use","288","Ghana","5110","Area","6600","Country area","2008","2008","1000 ha","23854","A","Official figure",""
"RL","Land Use","288","Ghana","5110","Area","6600","Country area","2009","2009","1000 ha","23854","A","Official figure",""
"RL","Land Use","288","Ghana","5110","Area","6600","Country area","2010","2010","1000 ha","23854","A","Official figure",""
"RL","Land Use","288","Ghana","5110","Area","6600","Country area","2011","2011","1000 ha","23854","A","Official figure",""
"RL","Land Use","288","Ghana","5110","Area","6600","Country area","2012","2012","1000 ha","23854","A","Official figure",""
"RL","Land Use","288","Ghana","5110","Area","6600","Country area","2013","2013","1000 ha","23854","A","Official figure",""
"RL","Land Use","288","Ghana","5110","Area","6600","Country area","2014","2014","1000 ha","23854","A","Official figure",""
"RL","Land Use","288","Ghana","5110","Area","6600","Country area","2015","2015","1000 ha","23854","I","Value imputed by a receiving agency",""
"RL","Land Use","288","Ghana","5110","Area","6600","Country area","2016","2016","1000 ha","23854","I","Value imputed by a receiving agency",""
"RL","Land Use","288","Ghana","5110","Area","6600","Country area","2017","2017","1000 ha","23854","I","Value imputed by a receiving agency",""
"RL","Land Use","288","Ghana","5110","Area","6600","Country area","2018","2018","1000 ha","23854","I","Value imputed by a receiving agency",""
"RL","Land Use","288","Ghana","5110","Area","6600","Country area","2019","2019","1000 ha","23853.3","A","Official figure",""
"RL","Land Use","288","Ghana","5110","Area","6600","Country area","2020","2020","1000 ha","23853.3","A","Official figure",""
"RL","Land Use","288","Ghana","5110","Area","6600","Country area","2021","2021","1000 ha","23853.3","A","Official figure",""
"RL","Land Use","288","Ghana","5110","Area","6600","Country area","2022","2022","1000 ha","23853.3","A","Official figure",""
"RL","Land Use","288","Ghana","5110","Area","6600","Country area","2023","2023","1000 ha","23853.9","X","Figure from external organization",""
"RL","Land Use","324","Guinea","5110","Area","6600","Country area","2005","2005","1000 ha","24586","A","Official figure",""
"RL","Land Use","324","Guinea","5110","Area","6600","Country area","2006","2006","1000 ha","24586","A","Official figure",""
"RL","Land Use","324","Guinea","5110","Area","6600","Country area","2007","2007","1000 ha","24586","A","Official figure",""
"RL","Land Use","324","Guinea","5110","Area","6600","Country area","2008","2008","1000 ha","24586","A","Official figure",""
"RL","Land Use","324","Guinea","5110","Area","6600","Country area","2009","2009","1000 ha","24586","A","Official figure",""
"RL","Land Use","324","Guinea","5110","Area","6600","Country area","2010","2010","1000 ha","24586","A","Official figure",""
"RL","Land Use","324","Guinea","5110","Area","6600","Country area","2011","2011","1000 ha","24586","A","Official figure",""
"RL","Land Use","324","Guinea","5110","Area","6600","Country area","2012","2012","1000 ha","24586","A","Official figure",""
"RL","Land Use","324","Guinea","5110","Area","6600","Country area","2013","2013","1000 ha","24586","A","Official figure",""
"RL","Land Use","324","Guinea","5110","Area","6600","Country area","2014","2014","1000 ha","24586","A","Official figure",""
"RL","Land Use","324","Guinea","5110","Area","6600","Country area","2015","2015","1000 ha","24586","A","Official figure",""
"RL","Land Use","324","Guinea","5110","Area","6600","Country area","2016","2016","1000 ha","24586","A","Official figure",""
"RL","Land Use","324","Guinea","5110","Area","6600","Country area","2017","2017","1000 ha","24586","A","Official figure",""
"RL","Land Use","324","Guinea","5110","Area","6600","Country area","2018","2018","1000 ha","24586","A","Official figure",""
"RL","Land Use","324","Guinea","5110","Area","6600","Country area","2019","2019","1000 ha","24586","A","Official figure",""
"RL","Land Use","324","Guinea","5110","Area","6600","Country area","2020","2020","1000 ha","24586","A","Official figure",""
"RL","Land Use","324","Guinea","5110","Area","6600","Country area","2021","2021","1000 ha","24586","A","Official figure",""
"RL","Land Use","324","Guinea","5110","Area","6600","Country area","2022","2022","1000 ha","24586","I","Value imputed by a receiving agency",""
"RL","Land Use","324","Guinea","5110","Area","6600","Country area","2023","2023","1000 ha","24586","I","Value imputed by a receiving agency",""
"RL","Land Use","624","Guinea-Bissau","5110","Area","6600","Country area","2005","2005","1000 ha","3613","A","Official figure",""
"RL","Land Use","624","Guinea-Bissau","5110","Area","6600","Country area","2006","2006","1000 ha","3613","A","Official figure",""
"RL","Land Use","624","Guinea-Bissau","5110","Area","6600","Country area","2007","2007","1000 ha","3613","A","Official figure",""
"RL","Land Use","624","Guinea-Bissau","5110","Area","6600","Country area","2008","2008","1000 ha","3613","A","Official figure",""
"RL","Land Use","624","Guinea-Bissau","5110","Area","6600","Country area","2009","2009","1000 ha","3613","A","Official figure",""
"RL","Land Use","624","Guinea-Bissau","5110","Area","6600","Country area","2010","2010","1000 ha","3613","A","Official figure",""
"RL","Land Use","624","Guinea-Bissau","5110","Area","6600","Country area","2011","2011","1000 ha","3613","A","Official figure",""
"RL","Land Use","624","Guinea-Bissau","5110","Area","6600","Country area","2012","2012","1000 ha","3613","A","Official figure",""
"RL","Land Use","624","Guinea-Bissau","5110","Area","6600","Country area","2013","2013","1000 ha","3613","A","Official figure",""
"RL","Land Use","624","Guinea-Bissau","5110","Area","6600","Country area","2014","2014","1000 ha","3613","A","Official figure",""
"RL","Land Use","624","Guinea-Bissau","5110","Area","6600","Country area","2015","2015","1000 ha","3613","A","Official figure",""
"RL","Land Use","624","Guinea-Bissau","5110","Area","6600","Country area","2016","2016","1000 ha","3613","A","Official figure",""
"RL","Land Use","624","Guinea-Bissau","5110","Area","6600","Country area","2017","2017","1000 ha","3613","A","Official figure",""
"RL","Land Use","624","Guinea-Bissau","5110","Area","6600","Country area","2018","2018","1000 ha","3613","A","Official figure",""
"RL","Land Use","624","Guinea-Bissau","5110","Area","6600","Country area","2019","2019","1000 ha","3613","A","Official figure",""
"RL","Land Use","624","Guinea-Bissau","5110","Area","6600","Country area","2020","2020","1000 ha","3613","A","Official figure",""
"RL","Land Use","624","Guinea-Bissau","5110","Area","6600","Country area","2021","2021","1000 ha","3613","A","Official figure",""
"RL","Land Use","624","Guinea-Bissau","5110","Area","6600","Country area","2022","2022","1000 ha","3613","I","Value imputed by a receiving agency",""
"RL","Land Use","624","Guinea-Bissau","5110","Area","6600","Country area","2023","2023","1000 ha","3613","I","Value imputed by a receiving agency",""
"RL","Land Use","404","Kenya","5110","Area","6600","Country area","2005","2005","1000 ha","58037","I","Value imputed by a receiving agency",""
"RL","Land Use","404","Kenya","5110","Area","6600","Country area","2006","2006","1000 ha","58037","I","Value imputed by a receiving agency",""
"RL","Land Use","404","Kenya","5110","Area","6600","Country area","2007","2007","1000 ha","58037","I","Value imputed by a receiving agency",""
"RL","Land Use","404","Kenya","5110","Area","6600","Country area","2008","2008","1000 ha","58037","I","Value imputed by a receiving agency",""
"RL","Land Use","404","Kenya","5110","Area","6600","Country area","2009","2009","1000 ha","58037","I","Value imputed by a receiving agency",""
"RL","Land Use","404","Kenya","5110","Area","6600","Country area","2010","2010","1000 ha","58037","I","Value imputed by a receiving agency",""
"RL","Land Use","404","Kenya","5110","Area","6600","Country area","2011","2011","1000 ha","58037","I","Value imputed by a receiving agency",""
"RL","Land Use","404","Kenya","5110","Area","6600","Country area","2012","2012","1000 ha","58037","I","Value imputed by a receiving agency",""
"RL","Land Use","404","Kenya","5110","Area","6600","Country area","2013","2013","1000 ha","58037","I","Value imputed by a receiving agency",""
"RL","Land Use","404","Kenya","5110","Area","6600","Country area","2014","2014","1000 ha","58037","I","Value imputed by a receiving agency",""
"RL","Land Use","404","Kenya","5110","Area","6600","Country area","2015","2015","1000 ha","58037","I","Value imputed by a receiving agency",""
"RL","Land Use","404","Kenya","5110","Area","6600","Country area","2016","2016","1000 ha","58037","I","Value imputed by a receiving agency",""
"RL","Land Use","404","Kenya","5110","Area","6600","Country area","2017","2017","1000 ha","58037","I","Value imputed by a receiving agency",""
"RL","Land Use","404","Kenya","5110","Area","6600","Country area","2018","2018","1000 ha","58037","I","Value imputed by a receiving agency",""
"RL","Land Use","404","Kenya","5110","Area","6600","Country area","2019","2019","1000 ha","58037","I","Value imputed by a receiving agency",""
"RL","Land Use","404","Kenya","5110","Area","6600","Country area","2020","2020","1000 ha","59196.9","A","Official figure",""
"RL","Land Use","404","Kenya","5110","Area","6600","Country area","2021","2021","1000 ha","59196.9","A","Official figure",""
"RL","Land Use","404","Kenya","5110","Area","6600","Country area","2022","2022","1000 ha","59196.9","A","Official figure",""
"RL","Land Use","404","Kenya","5110","Area","6600","Country area","2023","2023","1000 ha","59196.9","A","Official figure",""
"RL","Land Use","426","Lesotho","5110","Area","6600","Country area","2005","2005","1000 ha","3036","A","Official figure",""
"RL","Land Use","426","Lesotho","5110","Area","6600","Country area","2006","2006","1000 ha","3036","A","Official figure",""
"RL","Land Use","426","Lesotho","5110","Area","6600","Country area","2007","2007","1000 ha","3036","A","Official figure",""
"RL","Land Use","426","Lesotho","5110","Area","6600","Country area","2008","2008","1000 ha","3036","A","Official figure",""
"RL","Land Use","426","Lesotho","5110","Area","6600","Country area","2009","2009","1000 ha","3036","A","Official figure",""
"RL","Land Use","426","Lesotho","5110","Area","6600","Country area","2010","2010","1000 ha","3036","A","Official figure",""
"RL","Land Use","426","Lesotho","5110","Area","6600","Country area","2011","2011","1000 ha","3036","A","Official figure",""
"RL","Land Use","426","Lesotho","5110","Area","6600","Country area","2012","2012","1000 ha","3036","A","Official figure",""
"RL","Land Use","426","Lesotho","5110","Area","6600","Country area","2013","2013","1000 ha","3036","A","Official figure",""
"RL","Land Use","426","Lesotho","5110","Area","6600","Country area","2014","2014","1000 ha","3036","A","Official figure",""
"RL","Land Use","426","Lesotho","5110","Area","6600","Country area","2015","2015","1000 ha","3036","A","Official figure",""
"RL","Land Use","426","Lesotho","5110","Area","6600","Country area","2016","2016","1000 ha","3036","A","Official figure",""
"RL","Land Use","426","Lesotho","5110","Area","6600","Country area","2017","2017","1000 ha","3036","A","Official figure",""
"RL","Land Use","426","Lesotho","5110","Area","6600","Country area","2018","2018","1000 ha","3036","A","Official figure",""
"RL","Land Use","426","Lesotho","5110","Area","6600","Country area","2019","2019","1000 ha","3036","A","Official figure",""
"RL","Land Use","426","Lesotho","5110","Area","6600","Country area","2020","2020","1000 ha","3036","A","Official figure",""
"RL","Land Use","426","Lesotho","5110","Area","6600","Country area","2021","2021","1000 ha","3036","A","Official figure",""
"RL","Land Use","426","Lesotho","5110","Area","6600","Country area","2022","2022","1000 ha","3036","I","Value imputed by a receiving agency",""
"RL","Land Use","426","Lesotho","5110","Area","6600","Country area","2023","2023","1000 ha","3036","I","Value imputed by a receiving agency",""
"RL","Land Use","430","Liberia","5110","Area","6600","Country area","2005","2005","1000 ha","11137","A","Official figure",""
"RL","Land Use","430","Liberia","5110","Area","6600","Country area","2006","2006","1000 ha","11137","A","Official figure",""
"RL","Land Use","430","Liberia","5110","Area","6600","Country area","2007","2007","1000 ha","11137","A","Official figure",""
"RL","Land Use","430","Liberia","5110","Area","6600","Country area","2008","2008","1000 ha","11137","A","Official figure",""
"RL","Land Use","430","Liberia","5110","Area","6600","Country area","2009","2009","1000 ha","11137","A","Official figure",""
"RL","Land Use","430","Liberia","5110","Area","6600","Country area","2010","2010","1000 ha","11137","A","Official figure",""
"RL","Land Use","430","Liberia","5110","Area","6600","Country area","2011","2011","1000 ha","11137","A","Official figure",""
"RL","Land Use","430","Liberia","5110","Area","6600","Country area","2012","2012","1000 ha","11137","A","Official figure",""
"RL","Land Use","430","Liberia","5110","Area","6600","Country area","2013","2013","1000 ha","11137","A","Official figure",""
"RL","Land Use","430","Liberia","5110","Area","6600","Country area","2014","2014","1000 ha","11137","A","Official figure",""
"RL","Land Use","430","Liberia","5110","Area","6600","Country area","2015","2015","1000 ha","11137","I","Value imputed by a receiving agency",""
"RL","Land Use","430","Liberia","5110","Area","6600","Country area","2016","2016","1000 ha","11137","I","Value imputed by a receiving agency",""
"RL","Land Use","430","Liberia","5110","Area","6600","Country area","2017","2017","1000 ha","11137","I","Value imputed by a receiving agency",""
"RL","Land Use","430","Liberia","5110","Area","6600","Country area","2018","2018","1000 ha","11137","I","Value imputed by a receiving agency",""
"RL","Land Use","430","Liberia","5110","Area","6600","Country area","2019","2019","1000 ha","11137","I","Value imputed by a receiving agency",""
"RL","Land Use","430","Liberia","5110","Area","6600","Country area","2020","2020","1000 ha","11137","I","Value imputed by a receiving agency",""
"RL","Land Use","430","Liberia","5110","Area","6600","Country area","2021","2021","1000 ha","11137","I","Value imputed by a receiving agency",""
"RL","Land Use","430","Liberia","5110","Area","6600","Country area","2022","2022","1000 ha","11137","I","Value imputed by a receiving agency",""
"RL","Land Use","430","Liberia","5110","Area","6600","Country area","2023","2023","1000 ha","11137","I","Value imputed by a receiving agency",""
"RL","Land Use","434","Libya","5110","Area","6600","Country area","2005","2005","1000 ha","175954","A","Official figure",""
"RL","Land Use","434","Libya","5110","Area","6600","Country area","2006","2006","1000 ha","175954","A","Official figure",""
"RL","Land Use","434","Libya","5110","Area","6600","Country area","2007","2007","1000 ha","175954","A","Official figure",""
"RL","Land Use","434","Libya","5110","Area","6600","Country area","2008","2008","1000 ha","175954","A","Official figure",""
"RL","Land Use","434","Libya","5110","Area","6600","Country area","2009","2009","1000 ha","175954","A","Official figure",""
"RL","Land Use","434","Libya","5110","Area","6600","Country area","2010","2010","1000 ha","175954","A","Official figure",""
"RL","Land Use","434","Libya","5110","Area","6600","Country area","2011","2011","1000 ha","175954","A","Official figure",""
"RL","Land Use","434","Libya","5110","Area","6600","Country area","2012","2012","1000 ha","175954","A","Official figure",""
"RL","Land Use","434","Libya","5110","Area","6600","Country area","2013","2013","1000 ha","175954","A","Official figure",""
"RL","Land Use","434","Libya","5110","Area","6600","Country area","2014","2014","1000 ha","175954","A","Official figure",""
"RL","Land Use","434","Libya","5110","Area","6600","Country area","2015","2015","1000 ha","175954","I","Value imputed by a receiving agency",""
"RL","Land Use","434","Libya","5110","Area","6600","Country area","2016","2016","1000 ha","175954","I","Value imputed by a receiving agency",""
"RL","Land Use","434","Libya","5110","Area","6600","Country area","2017","2017","1000 ha","175954","I","Value imputed by a receiving agency",""
"RL","Land Use","434","Libya","5110","Area","6600","Country area","2018","2018","1000 ha","175954","I","Value imputed by a receiving agency",""
"RL","Land Use","434","Libya","5110","Area","6600","Country area","2019","2019","1000 ha","175954","I","Value imputed by a receiving agency",""
"RL","Land Use","434","Libya","5110","Area","6600","Country area","2020","2020","1000 ha","175954","I","Value imputed by a receiving agency",""
"RL","Land Use","434","Libya","5110","Area","6600","Country area","2021","2021","1000 ha","175954","I","Value imputed by a receiving agency",""
"RL","Land Use","434","Libya","5110","Area","6600","Country area","2022","2022","1000 ha","175954","I","Value imputed by a receiving agency",""
"RL","Land Use","434","Libya","5110","Area","6600","Country area","2023","2023","1000 ha","175954","I","Value imputed by a receiving agency",""
"RL","Land Use","450","Madagascar","5110","Area","6600","Country area","2005","2005","1000 ha","58704","A","Official figure",""
"RL","Land Use","450","Madagascar","5110","Area","6600","Country area","2006","2006","1000 ha","58704","A","Official figure",""
"RL","Land Use","450","Madagascar","5110","Area","6600","Country area","2007","2007","1000 ha","58704","A","Official figure",""
"RL","Land Use","450","Madagascar","5110","Area","6600","Country area","2008","2008","1000 ha","58704","A","Official figure",""
"RL","Land Use","450","Madagascar","5110","Area","6600","Country area","2009","2009","1000 ha","58704","A","Official figure",""
"RL","Land Use","450","Madagascar","5110","Area","6600","Country area","2010","2010","1000 ha","58704","A","Official figure",""
"RL","Land Use","450","Madagascar","5110","Area","6600","Country area","2011","2011","1000 ha","58729.5","A","Official figure",""
"RL","Land Use","450","Madagascar","5110","Area","6600","Country area","2012","2012","1000 ha","58729.5","A","Official figure",""
"RL","Land Use","450","Madagascar","5110","Area","6600","Country area","2013","2013","1000 ha","58729.5","A","Official figure",""
"RL","Land Use","450","Madagascar","5110","Area","6600","Country area","2014","2014","1000 ha","58729.5","A","Official figure",""
"RL","Land Use","450","Madagascar","5110","Area","6600","Country area","2015","2015","1000 ha","58729.5","A","Official figure",""
"RL","Land Use","450","Madagascar","5110","Area","6600","Country area","2016","2016","1000 ha","58729.5","A","Official figure",""
"RL","Land Use","450","Madagascar","5110","Area","6600","Country area","2017","2017","1000 ha","58729.5","A","Official figure",""
"RL","Land Use","450","Madagascar","5110","Area","6600","Country area","2018","2018","1000 ha","58729.5","A","Official figure",""
"RL","Land Use","450","Madagascar","5110","Area","6600","Country area","2019","2019","1000 ha","58729.5","A","Official figure",""
"RL","Land Use","450","Madagascar","5110","Area","6600","Country area","2020","2020","1000 ha","58729.5","A","Official figure",""
"RL","Land Use","450","Madagascar","5110","Area","6600","Country area","2021","2021","1000 ha","58729.5","I","Value imputed by a receiving agency",""
"RL","Land Use","450","Madagascar","5110","Area","6600","Country area","2022","2022","1000 ha","58729.5","I","Value imputed by a receiving agency",""
"RL","Land Use","450","Madagascar","5110","Area","6600","Country area","2023","2023","1000 ha","58729.5","I","Value imputed by a receiving agency",""
"RL","Land Use","454","Malawi","5110","Area","6600","Country area","2005","2005","1000 ha","11848","A","Official figure",""
"RL","Land Use","454","Malawi","5110","Area","6600","Country area","2006","2006","1000 ha","11848","A","Official figure",""
"RL","Land Use","454","Malawi","5110","Area","6600","Country area","2007","2007","1000 ha","11848","A","Official figure",""
"RL","Land Use","454","Malawi","5110","Area","6600","Country area","2008","2008","1000 ha","11848","A","Official figure",""
"RL","Land Use","454","Malawi","5110","Area","6600","Country area","2009","2009","1000 ha","11848","A","Official figure",""
"RL","Land Use","454","Malawi","5110","Area","6600","Country area","2010","2010","1000 ha","11848","A","Official figure",""
"RL","Land Use","454","Malawi","5110","Area","6600","Country area","2011","2011","1000 ha","11848","A","Official figure",""
"RL","Land Use","454","Malawi","5110","Area","6600","Country area","2012","2012","1000 ha","11848","A","Official figure",""
"RL","Land Use","454","Malawi","5110","Area","6600","Country area","2013","2013","1000 ha","11848","A","Official figure",""
"RL","Land Use","454","Malawi","5110","Area","6600","Country area","2014","2014","1000 ha","11848","A","Official figure",""
"RL","Land Use","454","Malawi","5110","Area","6600","Country area","2015","2015","1000 ha","11848","A","Official figure",""
"RL","Land Use","454","Malawi","5110","Area","6600","Country area","2016","2016","1000 ha","11848","A","Official figure",""
"RL","Land Use","454","Malawi","5110","Area","6600","Country area","2017","2017","1000 ha","11848","A","Official figure",""
"RL","Land Use","454","Malawi","5110","Area","6600","Country area","2018","2018","1000 ha","11848","A","Official figure",""
"RL","Land Use","454","Malawi","5110","Area","6600","Country area","2019","2019","1000 ha","11848","A","Official figure",""
"RL","Land Use","454","Malawi","5110","Area","6600","Country area","2020","2020","1000 ha","11848","A","Official figure",""
"RL","Land Use","454","Malawi","5110","Area","6600","Country area","2021","2021","1000 ha","11848","A","Official figure",""
"RL","Land Use","454","Malawi","5110","Area","6600","Country area","2022","2022","1000 ha","11848","I","Value imputed by a receiving agency",""
"RL","Land Use","454","Malawi","5110","Area","6600","Country area","2023","2023","1000 ha","11848","I","Value imputed by a receiving agency",""
"RL","Land Use","466","Mali","5110","Area","6600","Country area","2005","2005","1000 ha","124019","A","Official figure",""
"RL","Land Use","466","Mali","5110","Area","6600","Country area","2006","2006","1000 ha","124019","I","Value imputed by a receiving agency",""
"RL","Land Use","466","Mali","5110","Area","6600","Country area","2007","2007","1000 ha","124019","I","Value imputed by a receiving agency",""
"RL","Land Use","466","Mali","5110","Area","6600","Country area","2008","2008","1000 ha","124019","I","Value imputed by a receiving agency",""
"RL","Land Use","466","Mali","5110","Area","6600","Country area","2009","2009","1000 ha","124019","I","Value imputed by a receiving agency",""
"RL","Land Use","466","Mali","5110","Area","6600","Country area","2010","2010","1000 ha","124019","I","Value imputed by a receiving agency",""
"RL","Land Use","466","Mali","5110","Area","6600","Country area","2011","2011","1000 ha","124019","I","Value imputed by a receiving agency",""
"RL","Land Use","466","Mali","5110","Area","6600","Country area","2012","2012","1000 ha","124019","I","Value imputed by a receiving agency",""
"RL","Land Use","466","Mali","5110","Area","6600","Country area","2013","2013","1000 ha","124019","I","Value imputed by a receiving agency",""
"RL","Land Use","466","Mali","5110","Area","6600","Country area","2014","2014","1000 ha","124019","I","Value imputed by a receiving agency",""
"RL","Land Use","466","Mali","5110","Area","6600","Country area","2015","2015","1000 ha","124019","I","Value imputed by a receiving agency",""
"RL","Land Use","466","Mali","5110","Area","6600","Country area","2016","2016","1000 ha","124019","I","Value imputed by a receiving agency",""
"RL","Land Use","466","Mali","5110","Area","6600","Country area","2017","2017","1000 ha","124019","I","Value imputed by a receiving agency",""
"RL","Land Use","466","Mali","5110","Area","6600","Country area","2018","2018","1000 ha","124019","I","Value imputed by a receiving agency",""
"RL","Land Use","466","Mali","5110","Area","6600","Country area","2019","2019","1000 ha","124019","I","Value imputed by a receiving agency",""
"RL","Land Use","466","Mali","5110","Area","6600","Country area","2020","2020","1000 ha","124019","I","Value imputed by a receiving agency",""
"RL","Land Use","466","Mali","5110","Area","6600","Country area","2021","2021","1000 ha","124019","I","Value imputed by a receiving agency",""
"RL","Land Use","466","Mali","5110","Area","6600","Country area","2022","2022","1000 ha","124019","I","Value imputed by a receiving agency",""
"RL","Land Use","466","Mali","5110","Area","6600","Country area","2023","2023","1000 ha","124019","I","Value imputed by a receiving agency",""
"RL","Land Use","478","Mauritania","5110","Area","6600","Country area","2005","2005","1000 ha","103070","A","Official figure",""
"RL","Land Use","478","Mauritania","5110","Area","6600","Country area","2006","2006","1000 ha","103070","A","Official figure",""
"RL","Land Use","478","Mauritania","5110","Area","6600","Country area","2007","2007","1000 ha","103070","A","Official figure",""
"RL","Land Use","478","Mauritania","5110","Area","6600","Country area","2008","2008","1000 ha","103070","A","Official figure",""
"RL","Land Use","478","Mauritania","5110","Area","6600","Country area","2009","2009","1000 ha","103070","A","Official figure",""
"RL","Land Use","478","Mauritania","5110","Area","6600","Country area","2010","2010","1000 ha","103070","A","Official figure",""
"RL","Land Use","478","Mauritania","5110","Area","6600","Country area","2011","2011","1000 ha","103070","A","Official figure",""
"RL","Land Use","478","Mauritania","5110","Area","6600","Country area","2012","2012","1000 ha","103070","A","Official figure",""
"RL","Land Use","478","Mauritania","5110","Area","6600","Country area","2013","2013","1000 ha","103070","A","Official figure",""
"RL","Land Use","478","Mauritania","5110","Area","6600","Country area","2014","2014","1000 ha","103070","A","Official figure",""
"RL","Land Use","478","Mauritania","5110","Area","6600","Country area","2015","2015","1000 ha","103070","A","Official figure",""
"RL","Land Use","478","Mauritania","5110","Area","6600","Country area","2016","2016","1000 ha","103070","A","Official figure",""
"RL","Land Use","478","Mauritania","5110","Area","6600","Country area","2017","2017","1000 ha","103070","A","Official figure",""
"RL","Land Use","478","Mauritania","5110","Area","6600","Country area","2018","2018","1000 ha","103070","A","Official figure",""
"RL","Land Use","478","Mauritania","5110","Area","6600","Country area","2019","2019","1000 ha","103070","A","Official figure",""
"RL","Land Use","478","Mauritania","5110","Area","6600","Country area","2020","2020","1000 ha","103070","A","Official figure",""
"RL","Land Use","478","Mauritania","5110","Area","6600","Country area","2021","2021","1000 ha","103070","A","Official figure",""
"RL","Land Use","478","Mauritania","5110","Area","6600","Country area","2022","2022","1000 ha","103070","I","Value imputed by a receiving agency",""
"RL","Land Use","478","Mauritania","5110","Area","6600","Country area","2023","2023","1000 ha","103070","I","Value imputed by a receiving agency",""
"RL","Land Use","480","Mauritius","5110","Area","6600","Country area","2005","2005","1000 ha","204","A","Official figure",""
"RL","Land Use","480","Mauritius","5110","Area","6600","Country area","2006","2006","1000 ha","204","A","Official figure",""
"RL","Land Use","480","Mauritius","5110","Area","6600","Country area","2007","2007","1000 ha","204","A","Official figure",""
"RL","Land Use","480","Mauritius","5110","Area","6600","Country area","2008","2008","1000 ha","204","A","Official figure",""
"RL","Land Use","480","Mauritius","5110","Area","6600","Country area","2009","2009","1000 ha","204","A","Official figure",""
"RL","Land Use","480","Mauritius","5110","Area","6600","Country area","2010","2010","1000 ha","204","A","Official figure",""
"RL","Land Use","480","Mauritius","5110","Area","6600","Country area","2011","2011","1000 ha","200.7","B","Time series break",""
"RL","Land Use","480","Mauritius","5110","Area","6600","Country area","2012","2012","1000 ha","200.7","A","Official figure",""
"RL","Land Use","480","Mauritius","5110","Area","6600","Country area","2013","2013","1000 ha","200.7","A","Official figure",""
"RL","Land Use","480","Mauritius","5110","Area","6600","Country area","2014","2014","1000 ha","200.7","A","Official figure",""
"RL","Land Use","480","Mauritius","5110","Area","6600","Country area","2015","2015","1000 ha","200.7","A","Official figure",""
"RL","Land Use","480","Mauritius","5110","Area","6600","Country area","2016","2016","1000 ha","200.7","A","Official figure",""
"RL","Land Use","480","Mauritius","5110","Area","6600","Country area","2017","2017","1000 ha","200.7","A","Official figure",""
"RL","Land Use","480","Mauritius","5110","Area","6600","Country area","2018","2018","1000 ha","200.7","A","Official figure",""
"RL","Land Use","480","Mauritius","5110","Area","6600","Country area","2019","2019","1000 ha","200.7","A","Official figure",""
"RL","Land Use","480","Mauritius","5110","Area","6600","Country area","2020","2020","1000 ha","200.7","A","Official figure",""
"RL","Land Use","480","Mauritius","5110","Area","6600","Country area","2021","2021","1000 ha","200.7","A","Official figure",""
"RL","Land Use","480","Mauritius","5110","Area","6600","Country area","2022","2022","1000 ha","201","A","Official figure",""
"RL","Land Use","480","Mauritius","5110","Area","6600","Country area","2023","2023","1000 ha","201","A","Official figure",""
"RL","Land Use","175","Mayotte","5110","Area","6600","Country area","2005","2005","1000 ha","37.4","A","Official figure",""
"RL","Land Use","175","Mayotte","5110","Area","6600","Country area","2006","2006","1000 ha","37.4","A","Official figure",""
"RL","Land Use","175","Mayotte","5110","Area","6600","Country area","2007","2007","1000 ha","37.4","A","Official figure",""
"RL","Land Use","175","Mayotte","5110","Area","6600","Country area","2008","2008","1000 ha","37.4","A","Official figure",""
"RL","Land Use","175","Mayotte","5110","Area","6600","Country area","2009","2009","1000 ha","37.4","A","Official figure",""
"RL","Land Use","175","Mayotte","5110","Area","6600","Country area","2010","2010","1000 ha","37.4","A","Official figure",""
"RL","Land Use","175","Mayotte","5110","Area","6600","Country area","2011","2011","1000 ha","37.4","A","Official figure",""
"RL","Land Use","175","Mayotte","5110","Area","6600","Country area","2012","2012","1000 ha","37.4","A","Official figure",""
"RL","Land Use","175","Mayotte","5110","Area","6600","Country area","2013","2013","1000 ha","37.4","A","Official figure",""
"RL","Land Use","175","Mayotte","5110","Area","6600","Country area","2014","2014","1000 ha","37.4","A","Official figure",""
"RL","Land Use","175","Mayotte","5110","Area","6600","Country area","2015","2015","1000 ha","37.4","A","Official figure",""
"RL","Land Use","175","Mayotte","5110","Area","6600","Country area","2016","2016","1000 ha","37.4","A","Official figure",""
"RL","Land Use","175","Mayotte","5110","Area","6600","Country area","2017","2017","1000 ha","37.4","A","Official figure",""
"RL","Land Use","175","Mayotte","5110","Area","6600","Country area","2018","2018","1000 ha","37.4","A","Official figure",""
"RL","Land Use","175","Mayotte","5110","Area","6600","Country area","2019","2019","1000 ha","37.4","A","Official figure",""
"RL","Land Use","175","Mayotte","5110","Area","6600","Country area","2020","2020","1000 ha","36.626","B","Time series break",""
"RL","Land Use","175","Mayotte","5110","Area","6600","Country area","2021","2021","1000 ha","36.626","A","Official figure",""
"RL","Land Use","175","Mayotte","5110","Area","6600","Country area","2022","2022","1000 ha","36.626","A","Official figure",""
"RL","Land Use","175","Mayotte","5110","Area","6600","Country area","2023","2023","1000 ha","36.626","A","Official figure",""
"RL","Land Use","504","Morocco","5110","Area","6600","Country area","2005","2005","1000 ha","44655","X","Figure from external organization",""
"RL","Land Use","504","Morocco","5110","Area","6600","Country area","2006","2006","1000 ha","44655","X","Figure from external organization",""
"RL","Land Use","504","Morocco","5110","Area","6600","Country area","2007","2007","1000 ha","44655","X","Figure from external organization",""
"RL","Land Use","504","Morocco","5110","Area","6600","Country area","2008","2008","1000 ha","44655","X","Figure from external organization",""
"RL","Land Use","504","Morocco","5110","Area","6600","Country area","2009","2009","1000 ha","44655","X","Figure from external organization",""
"RL","Land Use","504","Morocco","5110","Area","6600","Country area","2010","2010","1000 ha","44655","X","Figure from external organization",""
"RL","Land Use","504","Morocco","5110","Area","6600","Country area","2011","2011","1000 ha","44655","X","Figure from external organization",""
"RL","Land Use","504","Morocco","5110","Area","6600","Country area","2012","2012","1000 ha","44655","X","Figure from external organization",""
"RL","Land Use","504","Morocco","5110","Area","6600","Country area","2013","2013","1000 ha","44655","X","Figure from external organization",""
"RL","Land Use","504","Morocco","5110","Area","6600","Country area","2014","2014","1000 ha","44655","X","Figure from external organization",""
"RL","Land Use","504","Morocco","5110","Area","6600","Country area","2015","2015","1000 ha","44655","X","Figure from external organization",""
"RL","Land Use","504","Morocco","5110","Area","6600","Country area","2016","2016","1000 ha","44655","X","Figure from external organization",""
"RL","Land Use","504","Morocco","5110","Area","6600","Country area","2017","2017","1000 ha","44655","X","Figure from external organization",""
"RL","Land Use","504","Morocco","5110","Area","6600","Country area","2018","2018","1000 ha","44655","X","Figure from external organization",""
"RL","Land Use","504","Morocco","5110","Area","6600","Country area","2019","2019","1000 ha","44655","X","Figure from external organization",""
"RL","Land Use","504","Morocco","5110","Area","6600","Country area","2020","2020","1000 ha","44655","X","Figure from external organization",""
"RL","Land Use","504","Morocco","5110","Area","6600","Country area","2021","2021","1000 ha","44655","X","Figure from external organization",""
"RL","Land Use","504","Morocco","5110","Area","6600","Country area","2022","2022","1000 ha","44655","I","Value imputed by a receiving agency",""
"RL","Land Use","504","Morocco","5110","Area","6600","Country area","2023","2023","1000 ha","44655","I","Value imputed by a receiving agency",""
"RL","Land Use","508","Mozambique","5110","Area","6600","Country area","2005","2005","1000 ha","79938","A","Official figure",""
"RL","Land Use","508","Mozambique","5110","Area","6600","Country area","2006","2006","1000 ha","79938","A","Official figure",""
"RL","Land Use","508","Mozambique","5110","Area","6600","Country area","2007","2007","1000 ha","79938","A","Official figure",""
"RL","Land Use","508","Mozambique","5110","Area","6600","Country area","2008","2008","1000 ha","79938","A","Official figure",""
"RL","Land Use","508","Mozambique","5110","Area","6600","Country area","2009","2009","1000 ha","79938","A","Official figure",""
"RL","Land Use","508","Mozambique","5110","Area","6600","Country area","2010","2010","1000 ha","79938","A","Official figure",""
"RL","Land Use","508","Mozambique","5110","Area","6600","Country area","2011","2011","1000 ha","79938","A","Official figure",""
"RL","Land Use","508","Mozambique","5110","Area","6600","Country area","2012","2012","1000 ha","79938","A","Official figure",""
"RL","Land Use","508","Mozambique","5110","Area","6600","Country area","2013","2013","1000 ha","79938","A","Official figure",""
"RL","Land Use","508","Mozambique","5110","Area","6600","Country area","2014","2014","1000 ha","79938","A","Official figure",""
"RL","Land Use","508","Mozambique","5110","Area","6600","Country area","2015","2015","1000 ha","79938","A","Official figure",""
"RL","Land Use","508","Mozambique","5110","Area","6600","Country area","2016","2016","1000 ha","79938","A","Official figure",""
"RL","Land Use","508","Mozambique","5110","Area","6600","Country area","2017","2017","1000 ha","79938","A","Official figure",""
"RL","Land Use","508","Mozambique","5110","Area","6600","Country area","2018","2018","1000 ha","79938","A","Official figure",""
"RL","Land Use","508","Mozambique","5110","Area","6600","Country area","2019","2019","1000 ha","79938","A","Official figure",""
"RL","Land Use","508","Mozambique","5110","Area","6600","Country area","2020","2020","1000 ha","79938","A","Official figure",""
"RL","Land Use","508","Mozambique","5110","Area","6600","Country area","2021","2021","1000 ha","79938","A","Official figure",""
"RL","Land Use","508","Mozambique","5110","Area","6600","Country area","2022","2022","1000 ha","79938","I","Value imputed by a receiving agency",""
"RL","Land Use","508","Mozambique","5110","Area","6600","Country area","2023","2023","1000 ha","79938","A","Official figure",""
"RL","Land Use","516","Namibia","5110","Area","6600","Country area","2005","2005","1000 ha","82429","A","Official figure",""
"RL","Land Use","516","Namibia","5110","Area","6600","Country area","2006","2006","1000 ha","82429","A","Official figure",""
"RL","Land Use","516","Namibia","5110","Area","6600","Country area","2007","2007","1000 ha","82429","A","Official figure",""
"RL","Land Use","516","Namibia","5110","Area","6600","Country area","2008","2008","1000 ha","82429","A","Official figure",""
"RL","Land Use","516","Namibia","5110","Area","6600","Country area","2009","2009","1000 ha","82429","A","Official figure",""
"RL","Land Use","516","Namibia","5110","Area","6600","Country area","2010","2010","1000 ha","82429","A","Official figure",""
"RL","Land Use","516","Namibia","5110","Area","6600","Country area","2011","2011","1000 ha","82429","A","Official figure",""
"RL","Land Use","516","Namibia","5110","Area","6600","Country area","2012","2012","1000 ha","82429","A","Official figure",""
"RL","Land Use","516","Namibia","5110","Area","6600","Country area","2013","2013","1000 ha","82429","A","Official figure",""
"RL","Land Use","516","Namibia","5110","Area","6600","Country area","2014","2014","1000 ha","82429","A","Official figure",""
"RL","Land Use","516","Namibia","5110","Area","6600","Country area","2015","2015","1000 ha","82429","A","Official figure",""
"RL","Land Use","516","Namibia","5110","Area","6600","Country area","2016","2016","1000 ha","82429","A","Official figure",""
"RL","Land Use","516","Namibia","5110","Area","6600","Country area","2017","2017","1000 ha","82429","A","Official figure",""
"RL","Land Use","516","Namibia","5110","Area","6600","Country area","2018","2018","1000 ha","82429","A","Official figure",""
"RL","Land Use","516","Namibia","5110","Area","6600","Country area","2019","2019","1000 ha","82429","A","Official figure",""
"RL","Land Use","516","Namibia","5110","Area","6600","Country area","2020","2020","1000 ha","82429","A","Official figure",""
"RL","Land Use","516","Namibia","5110","Area","6600","Country area","2021","2021","1000 ha","82429","A","Official figure",""
"RL","Land Use","516","Namibia","5110","Area","6600","Country area","2022","2022","1000 ha","82429","I","Value imputed by a receiving agency",""
"RL","Land Use","516","Namibia","5110","Area","6600","Country area","2023","2023","1000 ha","82429","I","Value imputed by a receiving agency",""
"RL","Land Use","562","Niger","5110","Area","6600","Country area","2005","2005","1000 ha","126700","A","Official figure",""
"RL","Land Use","562","Niger","5110","Area","6600","Country area","2006","2006","1000 ha","126700","A","Official figure",""
"RL","Land Use","562","Niger","5110","Area","6600","Country area","2007","2007","1000 ha","126700","A","Official figure",""
"RL","Land Use","562","Niger","5110","Area","6600","Country area","2008","2008","1000 ha","126700","A","Official figure",""
"RL","Land Use","562","Niger","5110","Area","6600","Country area","2009","2009","1000 ha","126700","A","Official figure",""
"RL","Land Use","562","Niger","5110","Area","6600","Country area","2010","2010","1000 ha","126700","A","Official figure",""
"RL","Land Use","562","Niger","5110","Area","6600","Country area","2011","2011","1000 ha","126700","A","Official figure",""
"RL","Land Use","562","Niger","5110","Area","6600","Country area","2012","2012","1000 ha","126700","A","Official figure",""
"RL","Land Use","562","Niger","5110","Area","6600","Country area","2013","2013","1000 ha","126700","A","Official figure",""
"RL","Land Use","562","Niger","5110","Area","6600","Country area","2014","2014","1000 ha","126700","A","Official figure",""
"RL","Land Use","562","Niger","5110","Area","6600","Country area","2015","2015","1000 ha","126700","A","Official figure",""
"RL","Land Use","562","Niger","5110","Area","6600","Country area","2016","2016","1000 ha","126700","A","Official figure",""
"RL","Land Use","562","Niger","5110","Area","6600","Country area","2017","2017","1000 ha","126700","A","Official figure",""
"RL","Land Use","562","Niger","5110","Area","6600","Country area","2018","2018","1000 ha","126700","A","Official figure",""
"RL","Land Use","562","Niger","5110","Area","6600","Country area","2019","2019","1000 ha","126700","A","Official figure",""
"RL","Land Use","562","Niger","5110","Area","6600","Country area","2020","2020","1000 ha","126700","A","Official figure",""
"RL","Land Use","562","Niger","5110","Area","6600","Country area","2021","2021","1000 ha","126700","A","Official figure",""
"RL","Land Use","562","Niger","5110","Area","6600","Country area","2022","2022","1000 ha","126700","A","Official figure",""
"RL","Land Use","562","Niger","5110","Area","6600","Country area","2023","2023","1000 ha","126700","I","Value imputed by a receiving agency",""
"RL","Land Use","566","Nigeria","5110","Area","6600","Country area","2005","2005","1000 ha","92377","A","Official figure",""
"RL","Land Use","566","Nigeria","5110","Area","6600","Country area","2006","2006","1000 ha","92377","A","Official figure",""
"RL","Land Use","566","Nigeria","5110","Area","6600","Country area","2007","2007","1000 ha","92377","A","Official figure",""
"RL","Land Use","566","Nigeria","5110","Area","6600","Country area","2008","2008","1000 ha","92377","A","Official figure",""
"RL","Land Use","566","Nigeria","5110","Area","6600","Country area","2009","2009","1000 ha","92377","A","Official figure",""
"RL","Land Use","566","Nigeria","5110","Area","6600","Country area","2010","2010","1000 ha","92377","A","Official figure",""
"RL","Land Use","566","Nigeria","5110","Area","6600","Country area","2011","2011","1000 ha","92377","A","Official figure",""
"RL","Land Use","566","Nigeria","5110","Area","6600","Country area","2012","2012","1000 ha","92377","A","Official figure",""
"RL","Land Use","566","Nigeria","5110","Area","6600","Country area","2013","2013","1000 ha","92377","A","Official figure",""
"RL","Land Use","566","Nigeria","5110","Area","6600","Country area","2014","2014","1000 ha","92377","A","Official figure",""
"RL","Land Use","566","Nigeria","5110","Area","6600","Country area","2015","2015","1000 ha","92377","A","Official figure",""
"RL","Land Use","566","Nigeria","5110","Area","6600","Country area","2016","2016","1000 ha","92377","A","Official figure",""
"RL","Land Use","566","Nigeria","5110","Area","6600","Country area","2017","2017","1000 ha","92377","A","Official figure",""
"RL","Land Use","566","Nigeria","5110","Area","6600","Country area","2018","2018","1000 ha","92377","A","Official figure",""
"RL","Land Use","566","Nigeria","5110","Area","6600","Country area","2019","2019","1000 ha","92377","A","Official figure",""
"RL","Land Use","566","Nigeria","5110","Area","6600","Country area","2020","2020","1000 ha","92377","A","Official figure",""
"RL","Land Use","566","Nigeria","5110","Area","6600","Country area","2021","2021","1000 ha","92377","A","Official figure",""
"RL","Land Use","566","Nigeria","5110","Area","6600","Country area","2022","2022","1000 ha","92377","I","Value imputed by a receiving agency",""
"RL","Land Use","566","Nigeria","5110","Area","6600","Country area","2023","2023","1000 ha","92377","I","Value imputed by a receiving agency",""
"RL","Land Use","638","Réunion","5110","Area","6600","Country area","2005","2005","1000 ha","251","A","Official figure",""
"RL","Land Use","638","Réunion","5110","Area","6600","Country area","2006","2006","1000 ha","251","A","Official figure",""
"RL","Land Use","638","Réunion","5110","Area","6600","Country area","2007","2007","1000 ha","251","A","Official figure",""
"RL","Land Use","638","Réunion","5110","Area","6600","Country area","2008","2008","1000 ha","251","A","Official figure",""
"RL","Land Use","638","Réunion","5110","Area","6600","Country area","2009","2009","1000 ha","251","A","Official figure",""
"RL","Land Use","638","Réunion","5110","Area","6600","Country area","2010","2010","1000 ha","251","A","Official figure",""
"RL","Land Use","638","Réunion","5110","Area","6600","Country area","2011","2011","1000 ha","251","A","Official figure",""
"RL","Land Use","638","Réunion","5110","Area","6600","Country area","2012","2012","1000 ha","251","A","Official figure",""
"RL","Land Use","638","Réunion","5110","Area","6600","Country area","2013","2013","1000 ha","252","A","Official figure",""
"RL","Land Use","638","Réunion","5110","Area","6600","Country area","2014","2014","1000 ha","252","A","Official figure",""
"RL","Land Use","638","Réunion","5110","Area","6600","Country area","2015","2015","1000 ha","252","A","Official figure",""
"RL","Land Use","638","Réunion","5110","Area","6600","Country area","2016","2016","1000 ha","252","A","Official figure",""
"RL","Land Use","638","Réunion","5110","Area","6600","Country area","2017","2017","1000 ha","252","A","Official figure",""
"RL","Land Use","638","Réunion","5110","Area","6600","Country area","2018","2018","1000 ha","252","A","Official figure",""
"RL","Land Use","638","Réunion","5110","Area","6600","Country area","2019","2019","1000 ha","252","A","Official figure",""
"RL","Land Use","638","Réunion","5110","Area","6600","Country area","2020","2020","1000 ha","252","I","Value imputed by a receiving agency",""
"RL","Land Use","638","Réunion","5110","Area","6600","Country area","2021","2021","1000 ha","252","I","Value imputed by a receiving agency",""
"RL","Land Use","638","Réunion","5110","Area","6600","Country area","2022","2022","1000 ha","252","I","Value imputed by a receiving agency",""
"RL","Land Use","638","Réunion","5110","Area","6600","Country area","2023","2023","1000 ha","252","I","Value imputed by a receiving agency",""
"RL","Land Use","646","Rwanda","5110","Area","6600","Country area","2005","2005","1000 ha","2634","A","Official figure",""
"RL","Land Use","646","Rwanda","5110","Area","6600","Country area","2006","2006","1000 ha","2634","A","Official figure",""
"RL","Land Use","646","Rwanda","5110","Area","6600","Country area","2007","2007","1000 ha","2634","A","Official figure",""
"RL","Land Use","646","Rwanda","5110","Area","6600","Country area","2008","2008","1000 ha","2634","A","Official figure",""
"RL","Land Use","646","Rwanda","5110","Area","6600","Country area","2009","2009","1000 ha","2634","A","Official figure",""
"RL","Land Use","646","Rwanda","5110","Area","6600","Country area","2010","2010","1000 ha","2634","A","Official figure",""
"RL","Land Use","646","Rwanda","5110","Area","6600","Country area","2011","2011","1000 ha","2634","A","Official figure",""
"RL","Land Use","646","Rwanda","5110","Area","6600","Country area","2012","2012","1000 ha","2634","A","Official figure",""
"RL","Land Use","646","Rwanda","5110","Area","6600","Country area","2013","2013","1000 ha","2634","A","Official figure",""
"RL","Land Use","646","Rwanda","5110","Area","6600","Country area","2014","2014","1000 ha","2634","A","Official figure",""
"RL","Land Use","646","Rwanda","5110","Area","6600","Country area","2015","2015","1000 ha","2634","A","Official figure",""
"RL","Land Use","646","Rwanda","5110","Area","6600","Country area","2016","2016","1000 ha","2634","A","Official figure",""
"RL","Land Use","646","Rwanda","5110","Area","6600","Country area","2017","2017","1000 ha","2634","A","Official figure",""
"RL","Land Use","646","Rwanda","5110","Area","6600","Country area","2018","2018","1000 ha","2634","A","Official figure",""
"RL","Land Use","646","Rwanda","5110","Area","6600","Country area","2019","2019","1000 ha","2634","A","Official figure",""
"RL","Land Use","646","Rwanda","5110","Area","6600","Country area","2020","2020","1000 ha","2634","A","Official figure",""
"RL","Land Use","646","Rwanda","5110","Area","6600","Country area","2021","2021","1000 ha","2634","A","Official figure",""
"RL","Land Use","646","Rwanda","5110","Area","6600","Country area","2022","2022","1000 ha","2634","A","Official figure",""
"RL","Land Use","646","Rwanda","5110","Area","6600","Country area","2023","2023","1000 ha","2633.8","A","Official figure",""
"RL","Land Use","678","Sao Tome and Principe","5110","Area","6600","Country area","2005","2005","1000 ha","96","I","Value imputed by a receiving agency",""
"RL","Land Use","678","Sao Tome and Principe","5110","Area","6600","Country area","2006","2006","1000 ha","96","I","Value imputed by a receiving agency",""
"RL","Land Use","678","Sao Tome and Principe","5110","Area","6600","Country area","2007","2007","1000 ha","96","I","Value imputed by a receiving agency",""
"RL","Land Use","678","Sao Tome and Principe","5110","Area","6600","Country area","2008","2008","1000 ha","96","I","Value imputed by a receiving agency",""
"RL","Land Use","678","Sao Tome and Principe","5110","Area","6600","Country area","2009","2009","1000 ha","96","I","Value imputed by a receiving agency",""
"RL","Land Use","678","Sao Tome and Principe","5110","Area","6600","Country area","2010","2010","1000 ha","96","I","Value imputed by a receiving agency",""
"RL","Land Use","678","Sao Tome and Principe","5110","Area","6600","Country area","2011","2011","1000 ha","96","I","Value imputed by a receiving agency",""
"RL","Land Use","678","Sao Tome and Principe","5110","Area","6600","Country area","2012","2012","1000 ha","96","I","Value imputed by a receiving agency",""
"RL","Land Use","678","Sao Tome and Principe","5110","Area","6600","Country area","2013","2013","1000 ha","96","I","Value imputed by a receiving agency",""
"RL","Land Use","678","Sao Tome and Principe","5110","Area","6600","Country area","2014","2014","1000 ha","96","I","Value imputed by a receiving agency",""
"RL","Land Use","678","Sao Tome and Principe","5110","Area","6600","Country area","2015","2015","1000 ha","96","I","Value imputed by a receiving agency",""
"RL","Land Use","678","Sao Tome and Principe","5110","Area","6600","Country area","2016","2016","1000 ha","96","I","Value imputed by a receiving agency",""
"RL","Land Use","678","Sao Tome and Principe","5110","Area","6600","Country area","2017","2017","1000 ha","96","I","Value imputed by a receiving agency",""
"RL","Land Use","678","Sao Tome and Principe","5110","Area","6600","Country area","2018","2018","1000 ha","96","I","Value imputed by a receiving agency",""
"RL","Land Use","678","Sao Tome and Principe","5110","Area","6600","Country area","2019","2019","1000 ha","96","I","Value imputed by a receiving agency",""
"RL","Land Use","678","Sao Tome and Principe","5110","Area","6600","Country area","2020","2020","1000 ha","96","I","Value imputed by a receiving agency",""
"RL","Land Use","678","Sao Tome and Principe","5110","Area","6600","Country area","2021","2021","1000 ha","96","I","Value imputed by a receiving agency",""
"RL","Land Use","678","Sao Tome and Principe","5110","Area","6600","Country area","2022","2022","1000 ha","96","I","Value imputed by a receiving agency",""
"RL","Land Use","678","Sao Tome and Principe","5110","Area","6600","Country area","2023","2023","1000 ha","96","I","Value imputed by a receiving agency",""
"RL","Land Use","686","Senegal","5110","Area","6600","Country area","2005","2005","1000 ha","19671","A","Official figure",""
"RL","Land Use","686","Senegal","5110","Area","6600","Country area","2006","2006","1000 ha","19671","A","Official figure",""
"RL","Land Use","686","Senegal","5110","Area","6600","Country area","2007","2007","1000 ha","19671","A","Official figure",""
"RL","Land Use","686","Senegal","5110","Area","6600","Country area","2008","2008","1000 ha","19671","A","Official figure",""
"RL","Land Use","686","Senegal","5110","Area","6600","Country area","2009","2009","1000 ha","19671","A","Official figure",""
"RL","Land Use","686","Senegal","5110","Area","6600","Country area","2010","2010","1000 ha","19671","A","Official figure",""
"RL","Land Use","686","Senegal","5110","Area","6600","Country area","2011","2011","1000 ha","19671","A","Official figure",""
"RL","Land Use","686","Senegal","5110","Area","6600","Country area","2012","2012","1000 ha","19671","A","Official figure",""
"RL","Land Use","686","Senegal","5110","Area","6600","Country area","2013","2013","1000 ha","19671","A","Official figure",""
"RL","Land Use","686","Senegal","5110","Area","6600","Country area","2014","2014","1000 ha","19671","A","Official figure",""
"RL","Land Use","686","Senegal","5110","Area","6600","Country area","2015","2015","1000 ha","19671","A","Official figure",""
"RL","Land Use","686","Senegal","5110","Area","6600","Country area","2016","2016","1000 ha","19671","A","Official figure",""
"RL","Land Use","686","Senegal","5110","Area","6600","Country area","2017","2017","1000 ha","19671","A","Official figure",""
"RL","Land Use","686","Senegal","5110","Area","6600","Country area","2018","2018","1000 ha","19671","A","Official figure",""
"RL","Land Use","686","Senegal","5110","Area","6600","Country area","2019","2019","1000 ha","19671","A","Official figure",""
"RL","Land Use","686","Senegal","5110","Area","6600","Country area","2020","2020","1000 ha","19671","I","Value imputed by a receiving agency",""
"RL","Land Use","686","Senegal","5110","Area","6600","Country area","2021","2021","1000 ha","19671","I","Value imputed by a receiving agency",""
"RL","Land Use","686","Senegal","5110","Area","6600","Country area","2022","2022","1000 ha","19671","I","Value imputed by a receiving agency",""
"RL","Land Use","686","Senegal","5110","Area","6600","Country area","2023","2023","1000 ha","19671","I","Value imputed by a receiving agency",""
"RL","Land Use","690","Seychelles","5110","Area","6600","Country area","2005","2005","1000 ha","46","A","Official figure",""
"RL","Land Use","690","Seychelles","5110","Area","6600","Country area","2006","2006","1000 ha","46","I","Value imputed by a receiving agency",""
"RL","Land Use","690","Seychelles","5110","Area","6600","Country area","2007","2007","1000 ha","46","I","Value imputed by a receiving agency",""
"RL","Land Use","690","Seychelles","5110","Area","6600","Country area","2008","2008","1000 ha","46","I","Value imputed by a receiving agency",""
"RL","Land Use","690","Seychelles","5110","Area","6600","Country area","2009","2009","1000 ha","46","I","Value imputed by a receiving agency",""
"RL","Land Use","690","Seychelles","5110","Area","6600","Country area","2010","2010","1000 ha","46","I","Value imputed by a receiving agency",""
"RL","Land Use","690","Seychelles","5110","Area","6600","Country area","2011","2011","1000 ha","46","I","Value imputed by a receiving agency",""
"RL","Land Use","690","Seychelles","5110","Area","6600","Country area","2012","2012","1000 ha","46","A","Official figure",""
"RL","Land Use","690","Seychelles","5110","Area","6600","Country area","2013","2013","1000 ha","46","A","Official figure",""
"RL","Land Use","690","Seychelles","5110","Area","6600","Country area","2014","2014","1000 ha","46","A","Official figure",""
"RL","Land Use","690","Seychelles","5110","Area","6600","Country area","2015","2015","1000 ha","46","A","Official figure",""
"RL","Land Use","690","Seychelles","5110","Area","6600","Country area","2016","2016","1000 ha","46","A","Official figure",""
"RL","Land Use","690","Seychelles","5110","Area","6600","Country area","2017","2017","1000 ha","46","A","Official figure",""
"RL","Land Use","690","Seychelles","5110","Area","6600","Country area","2018","2018","1000 ha","46","A","Official figure",""
"RL","Land Use","690","Seychelles","5110","Area","6600","Country area","2019","2019","1000 ha","46","A","Official figure",""
"RL","Land Use","690","Seychelles","5110","Area","6600","Country area","2020","2020","1000 ha","46","I","Value imputed by a receiving agency",""
"RL","Land Use","690","Seychelles","5110","Area","6600","Country area","2021","2021","1000 ha","46","I","Value imputed by a receiving agency",""
"RL","Land Use","690","Seychelles","5110","Area","6600","Country area","2022","2022","1000 ha","46","I","Value imputed by a receiving agency",""
"RL","Land Use","690","Seychelles","5110","Area","6600","Country area","2023","2023","1000 ha","46","I","Value imputed by a receiving agency",""
"RL","Land Use","694","Sierra Leone","5110","Area","6600","Country area","2005","2005","1000 ha","7230","X","Figure from external organization",""
"RL","Land Use","694","Sierra Leone","5110","Area","6600","Country area","2006","2006","1000 ha","7230","X","Figure from external organization",""
"RL","Land Use","694","Sierra Leone","5110","Area","6600","Country area","2007","2007","1000 ha","7230","X","Figure from external organization",""
"RL","Land Use","694","Sierra Leone","5110","Area","6600","Country area","2008","2008","1000 ha","7230","X","Figure from external organization",""
"RL","Land Use","694","Sierra Leone","5110","Area","6600","Country area","2009","2009","1000 ha","7230","X","Figure from external organization",""
"RL","Land Use","694","Sierra Leone","5110","Area","6600","Country area","2010","2010","1000 ha","7230","X","Figure from external organization",""
"RL","Land Use","694","Sierra Leone","5110","Area","6600","Country area","2011","2011","1000 ha","7230","X","Figure from external organization",""
"RL","Land Use","694","Sierra Leone","5110","Area","6600","Country area","2012","2012","1000 ha","7230","X","Figure from external organization",""
"RL","Land Use","694","Sierra Leone","5110","Area","6600","Country area","2013","2013","1000 ha","7230","X","Figure from external organization",""
"RL","Land Use","694","Sierra Leone","5110","Area","6600","Country area","2014","2014","1000 ha","7230","X","Figure from external organization",""
"RL","Land Use","694","Sierra Leone","5110","Area","6600","Country area","2015","2015","1000 ha","7230","X","Figure from external organization",""
"RL","Land Use","694","Sierra Leone","5110","Area","6600","Country area","2016","2016","1000 ha","7230","I","Value imputed by a receiving agency",""
"RL","Land Use","694","Sierra Leone","5110","Area","6600","Country area","2017","2017","1000 ha","7230","I","Value imputed by a receiving agency",""
"RL","Land Use","694","Sierra Leone","5110","Area","6600","Country area","2018","2018","1000 ha","7230","I","Value imputed by a receiving agency",""
"RL","Land Use","694","Sierra Leone","5110","Area","6600","Country area","2019","2019","1000 ha","7230","I","Value imputed by a receiving agency",""
"RL","Land Use","694","Sierra Leone","5110","Area","6600","Country area","2020","2020","1000 ha","7230","I","Value imputed by a receiving agency",""
"RL","Land Use","694","Sierra Leone","5110","Area","6600","Country area","2021","2021","1000 ha","7230","I","Value imputed by a receiving agency",""
"RL","Land Use","694","Sierra Leone","5110","Area","6600","Country area","2022","2022","1000 ha","7230","I","Value imputed by a receiving agency",""
"RL","Land Use","694","Sierra Leone","5110","Area","6600","Country area","2023","2023","1000 ha","7230","I","Value imputed by a receiving agency",""
"RL","Land Use","706","Somalia","5110","Area","6600","Country area","2005","2005","1000 ha","63766","A","Official figure",""
"RL","Land Use","706","Somalia","5110","Area","6600","Country area","2006","2006","1000 ha","63766","A","Official figure",""
"RL","Land Use","706","Somalia","5110","Area","6600","Country area","2007","2007","1000 ha","63766","A","Official figure",""
"RL","Land Use","706","Somalia","5110","Area","6600","Country area","2008","2008","1000 ha","63766","A","Official figure",""
"RL","Land Use","706","Somalia","5110","Area","6600","Country area","2009","2009","1000 ha","63766","A","Official figure",""
"RL","Land Use","706","Somalia","5110","Area","6600","Country area","2010","2010","1000 ha","63766","A","Official figure",""
"RL","Land Use","706","Somalia","5110","Area","6600","Country area","2011","2011","1000 ha","63766","A","Official figure",""
"RL","Land Use","706","Somalia","5110","Area","6600","Country area","2012","2012","1000 ha","63766","A","Official figure",""
"RL","Land Use","706","Somalia","5110","Area","6600","Country area","2013","2013","1000 ha","63766","A","Official figure",""
"RL","Land Use","706","Somalia","5110","Area","6600","Country area","2014","2014","1000 ha","63766","A","Official figure",""
"RL","Land Use","706","Somalia","5110","Area","6600","Country area","2015","2015","1000 ha","63766","I","Value imputed by a receiving agency",""
"RL","Land Use","706","Somalia","5110","Area","6600","Country area","2016","2016","1000 ha","63766","I","Value imputed by a receiving agency",""
"RL","Land Use","706","Somalia","5110","Area","6600","Country area","2017","2017","1000 ha","63766","I","Value imputed by a receiving agency",""
"RL","Land Use","706","Somalia","5110","Area","6600","Country area","2018","2018","1000 ha","63766","I","Value imputed by a receiving agency",""
"RL","Land Use","706","Somalia","5110","Area","6600","Country area","2019","2019","1000 ha","63766","I","Value imputed by a receiving agency",""
"RL","Land Use","706","Somalia","5110","Area","6600","Country area","2020","2020","1000 ha","63766","I","Value imputed by a receiving agency",""
"RL","Land Use","706","Somalia","5110","Area","6600","Country area","2021","2021","1000 ha","63766","I","Value imputed by a receiving agency",""
"RL","Land Use","706","Somalia","5110","Area","6600","Country area","2022","2022","1000 ha","63766","I","Value imputed by a receiving agency",""
"RL","Land Use","706","Somalia","5110","Area","6600","Country area","2023","2023","1000 ha","63766","I","Value imputed by a receiving agency",""
"RL","Land Use","710","South Africa","5110","Area","6600","Country area","2005","2005","1000 ha","121909","A","Official figure",""
"RL","Land Use","710","South Africa","5110","Area","6600","Country area","2006","2006","1000 ha","121909","A","Official figure",""
"RL","Land Use","710","South Africa","5110","Area","6600","Country area","2007","2007","1000 ha","121909","A","Official figure",""
"RL","Land Use","710","South Africa","5110","Area","6600","Country area","2008","2008","1000 ha","121909","A","Official figure",""
"RL","Land Use","710","South Africa","5110","Area","6600","Country area","2009","2009","1000 ha","121909","A","Official figure",""
"RL","Land Use","710","South Africa","5110","Area","6600","Country area","2010","2010","1000 ha","121909","A","Official figure",""
"RL","Land Use","710","South Africa","5110","Area","6600","Country area","2011","2011","1000 ha","121909","A","Official figure",""
"RL","Land Use","710","South Africa","5110","Area","6600","Country area","2012","2012","1000 ha","121909","A","Official figure",""
"RL","Land Use","710","South Africa","5110","Area","6600","Country area","2013","2013","1000 ha","121909","A","Official figure",""
"RL","Land Use","710","South Africa","5110","Area","6600","Country area","2014","2014","1000 ha","121909","I","Value imputed by a receiving agency",""
"RL","Land Use","710","South Africa","5110","Area","6600","Country area","2015","2015","1000 ha","121909","I","Value imputed by a receiving agency",""
"RL","Land Use","710","South Africa","5110","Area","6600","Country area","2016","2016","1000 ha","121909","I","Value imputed by a receiving agency",""
"RL","Land Use","710","South Africa","5110","Area","6600","Country area","2017","2017","1000 ha","121909","I","Value imputed by a receiving agency",""
"RL","Land Use","710","South Africa","5110","Area","6600","Country area","2018","2018","1000 ha","121909","I","Value imputed by a receiving agency",""
"RL","Land Use","710","South Africa","5110","Area","6600","Country area","2019","2019","1000 ha","121909","I","Value imputed by a receiving agency",""
"RL","Land Use","710","South Africa","5110","Area","6600","Country area","2020","2020","1000 ha","121909","I","Value imputed by a receiving agency",""
"RL","Land Use","710","South Africa","5110","Area","6600","Country area","2021","2021","1000 ha","121909","I","Value imputed by a receiving agency",""
"RL","Land Use","710","South Africa","5110","Area","6600","Country area","2022","2022","1000 ha","121909","I","Value imputed by a receiving agency",""
"RL","Land Use","710","South Africa","5110","Area","6600","Country area","2023","2023","1000 ha","121909","I","Value imputed by a receiving agency",""
"RL","Land Use","728","South Sudan","5110","Area","6600","Country area","2012","2012","1000 ha","64688.3","I","Value imputed by a receiving agency",""
"RL","Land Use","728","South Sudan","5110","Area","6600","Country area","2013","2013","1000 ha","64688.3","I","Value imputed by a receiving agency",""
"RL","Land Use","728","South Sudan","5110","Area","6600","Country area","2014","2014","1000 ha","64688.3","I","Value imputed by a receiving agency",""
"RL","Land Use","728","South Sudan","5110","Area","6600","Country area","2015","2015","1000 ha","64688.3","I","Value imputed by a receiving agency",""
"RL","Land Use","728","South Sudan","5110","Area","6600","Country area","2016","2016","1000 ha","64688.3","I","Value imputed by a receiving agency",""
"RL","Land Use","728","South Sudan","5110","Area","6600","Country area","2017","2017","1000 ha","64688.3","A","Official figure",""
"RL","Land Use","728","South Sudan","5110","Area","6600","Country area","2018","2018","1000 ha","64688.3","A","Official figure",""
"RL","Land Use","728","South Sudan","5110","Area","6600","Country area","2019","2019","1000 ha","64688.3","A","Official figure",""
"RL","Land Use","728","South Sudan","5110","Area","6600","Country area","2020","2020","1000 ha","64688.3","A","Official figure",""
"RL","Land Use","728","South Sudan","5110","Area","6600","Country area","2021","2021","1000 ha","64688.3","I","Value imputed by a receiving agency",""
"RL","Land Use","728","South Sudan","5110","Area","6600","Country area","2022","2022","1000 ha","64688.3","I","Value imputed by a receiving agency",""
"RL","Land Use","728","South Sudan","5110","Area","6600","Country area","2023","2023","1000 ha","64688.3","I","Value imputed by a receiving agency",""
"RL","Land Use","729","Sudan","5110","Area","6600","Country area","2012","2012","1000 ha","187800","I","Value imputed by a receiving agency",""
"RL","Land Use","729","Sudan","5110","Area","6600","Country area","2013","2013","1000 ha","187800","I","Value imputed by a receiving agency",""
"RL","Land Use","729","Sudan","5110","Area","6600","Country area","2014","2014","1000 ha","187800","I","Value imputed by a receiving agency",""
"RL","Land Use","729","Sudan","5110","Area","6600","Country area","2015","2015","1000 ha","187800","I","Value imputed by a receiving agency",""
"RL","Land Use","729","Sudan","5110","Area","6600","Country area","2016","2016","1000 ha","187800","I","Value imputed by a receiving agency",""
"RL","Land Use","729","Sudan","5110","Area","6600","Country area","2017","2017","1000 ha","187800","A","Official figure",""
"RL","Land Use","729","Sudan","5110","Area","6600","Country area","2018","2018","1000 ha","187800","A","Official figure",""
"RL","Land Use","729","Sudan","5110","Area","6600","Country area","2019","2019","1000 ha","187800","A","Official figure",""
"RL","Land Use","729","Sudan","5110","Area","6600","Country area","2020","2020","1000 ha","187800","A","Official figure",""
"RL","Land Use","729","Sudan","5110","Area","6600","Country area","2021","2021","1000 ha","187800","I","Value imputed by a receiving agency",""
"RL","Land Use","729","Sudan","5110","Area","6600","Country area","2022","2022","1000 ha","187800","I","Value imputed by a receiving agency",""
"RL","Land Use","729","Sudan","5110","Area","6600","Country area","2023","2023","1000 ha","187800","I","Value imputed by a receiving agency",""
"RL","Land Use","736","Sudan (former)","5110","Area","6600","Country area","2005","2005","1000 ha","250581","A","Official figure",""
"RL","Land Use","736","Sudan (former)","5110","Area","6600","Country area","2006","2006","1000 ha","250581","A","Official figure",""
"RL","Land Use","736","Sudan (former)","5110","Area","6600","Country area","2007","2007","1000 ha","250581","A","Official figure",""
"RL","Land Use","736","Sudan (former)","5110","Area","6600","Country area","2008","2008","1000 ha","250581","A","Official figure",""
"RL","Land Use","736","Sudan (former)","5110","Area","6600","Country area","2009","2009","1000 ha","250581","A","Official figure",""
"RL","Land Use","736","Sudan (former)","5110","Area","6600","Country area","2010","2010","1000 ha","250581","A","Official figure",""
"RL","Land Use","736","Sudan (former)","5110","Area","6600","Country area","2011","2011","1000 ha","250581","I","Value imputed by a receiving agency",""
"RL","Land Use","768","Togo","5110","Area","6600","Country area","2005","2005","1000 ha","5679","I","Value imputed by a receiving agency",""
"RL","Land Use","768","Togo","5110","Area","6600","Country area","2006","2006","1000 ha","5679","I","Value imputed by a receiving agency",""
"RL","Land Use","768","Togo","5110","Area","6600","Country area","2007","2007","1000 ha","5679","I","Value imputed by a receiving agency",""
"RL","Land Use","768","Togo","5110","Area","6600","Country area","2008","2008","1000 ha","5679","I","Value imputed by a receiving agency",""
"RL","Land Use","768","Togo","5110","Area","6600","Country area","2009","2009","1000 ha","5679","I","Value imputed by a receiving agency",""
"RL","Land Use","768","Togo","5110","Area","6600","Country area","2010","2010","1000 ha","5679","I","Value imputed by a receiving agency",""
"RL","Land Use","768","Togo","5110","Area","6600","Country area","2011","2011","1000 ha","5679","I","Value imputed by a receiving agency",""
"RL","Land Use","768","Togo","5110","Area","6600","Country area","2012","2012","1000 ha","5679","I","Value imputed by a receiving agency",""
"RL","Land Use","768","Togo","5110","Area","6600","Country area","2013","2013","1000 ha","5679","I","Value imputed by a receiving agency",""
"RL","Land Use","768","Togo","5110","Area","6600","Country area","2014","2014","1000 ha","5679","I","Value imputed by a receiving agency",""
"RL","Land Use","768","Togo","5110","Area","6600","Country area","2015","2015","1000 ha","5679","I","Value imputed by a receiving agency",""
"RL","Land Use","768","Togo","5110","Area","6600","Country area","2016","2016","1000 ha","5679","I","Value imputed by a receiving agency",""
"RL","Land Use","768","Togo","5110","Area","6600","Country area","2017","2017","1000 ha","5679","I","Value imputed by a receiving agency",""
"RL","Land Use","768","Togo","5110","Area","6600","Country area","2018","2018","1000 ha","5679","I","Value imputed by a receiving agency",""
"RL","Land Use","768","Togo","5110","Area","6600","Country area","2019","2019","1000 ha","5679","I","Value imputed by a receiving agency",""
"RL","Land Use","768","Togo","5110","Area","6600","Country area","2020","2020","1000 ha","5679","I","Value imputed by a receiving agency",""
"RL","Land Use","768","Togo","5110","Area","6600","Country area","2021","2021","1000 ha","5679","I","Value imputed by a receiving agency",""
"RL","Land Use","768","Togo","5110","Area","6600","Country area","2022","2022","1000 ha","5679","I","Value imputed by a receiving agency",""
"RL","Land Use","768","Togo","5110","Area","6600","Country area","2023","2023","1000 ha","5679","I","Value imputed by a receiving agency",""
"RL","Land Use","788","Tunisia","5110","Area","6600","Country area","2005","2005","1000 ha","16361","A","Official figure",""
"RL","Land Use","788","Tunisia","5110","Area","6600","Country area","2006","2006","1000 ha","16361","A","Official figure",""
"RL","Land Use","788","Tunisia","5110","Area","6600","Country area","2007","2007","1000 ha","16361","A","Official figure",""
"RL","Land Use","788","Tunisia","5110","Area","6600","Country area","2008","2008","1000 ha","16361","A","Official figure",""
"RL","Land Use","788","Tunisia","5110","Area","6600","Country area","2009","2009","1000 ha","16361","A","Official figure",""
"RL","Land Use","788","Tunisia","5110","Area","6600","Country area","2010","2010","1000 ha","16361","A","Official figure",""
"RL","Land Use","788","Tunisia","5110","Area","6600","Country area","2011","2011","1000 ha","16361","A","Official figure",""
"RL","Land Use","788","Tunisia","5110","Area","6600","Country area","2012","2012","1000 ha","16361","A","Official figure",""
"RL","Land Use","788","Tunisia","5110","Area","6600","Country area","2013","2013","1000 ha","16361","A","Official figure",""
"RL","Land Use","788","Tunisia","5110","Area","6600","Country area","2014","2014","1000 ha","16361","A","Official figure",""
"RL","Land Use","788","Tunisia","5110","Area","6600","Country area","2015","2015","1000 ha","16361","A","Official figure",""
"RL","Land Use","788","Tunisia","5110","Area","6600","Country area","2016","2016","1000 ha","16361","A","Official figure",""
"RL","Land Use","788","Tunisia","5110","Area","6600","Country area","2017","2017","1000 ha","16361","A","Official figure",""
"RL","Land Use","788","Tunisia","5110","Area","6600","Country area","2018","2018","1000 ha","16361","I","Value imputed by a receiving agency",""
"RL","Land Use","788","Tunisia","5110","Area","6600","Country area","2019","2019","1000 ha","16361","I","Value imputed by a receiving agency",""
"RL","Land Use","788","Tunisia","5110","Area","6600","Country area","2020","2020","1000 ha","16361","I","Value imputed by a receiving agency",""
"RL","Land Use","788","Tunisia","5110","Area","6600","Country area","2021","2021","1000 ha","16361","I","Value imputed by a receiving agency",""
"RL","Land Use","788","Tunisia","5110","Area","6600","Country area","2022","2022","1000 ha","16361","I","Value imputed by a receiving agency",""
"RL","Land Use","788","Tunisia","5110","Area","6600","Country area","2023","2023","1000 ha","16361","I","Value imputed by a receiving agency",""
"RL","Land Use","800","Uganda","5110","Area","6600","Country area","2005","2005","1000 ha","24155","A","Official figure",""
"RL","Land Use","800","Uganda","5110","Area","6600","Country area","2006","2006","1000 ha","24155","A","Official figure",""
"RL","Land Use","800","Uganda","5110","Area","6600","Country area","2007","2007","1000 ha","24155","A","Official figure",""
"RL","Land Use","800","Uganda","5110","Area","6600","Country area","2008","2008","1000 ha","24155","A","Official figure",""
"RL","Land Use","800","Uganda","5110","Area","6600","Country area","2009","2009","1000 ha","24155","A","Official figure",""
"RL","Land Use","800","Uganda","5110","Area","6600","Country area","2010","2010","1000 ha","24155","A","Official figure",""
"RL","Land Use","800","Uganda","5110","Area","6600","Country area","2011","2011","1000 ha","24155","A","Official figure",""
"RL","Land Use","800","Uganda","5110","Area","6600","Country area","2012","2012","1000 ha","24155","A","Official figure",""
"RL","Land Use","800","Uganda","5110","Area","6600","Country area","2013","2013","1000 ha","24155","A","Official figure",""
"RL","Land Use","800","Uganda","5110","Area","6600","Country area","2014","2014","1000 ha","24155","A","Official figure",""
"RL","Land Use","800","Uganda","5110","Area","6600","Country area","2015","2015","1000 ha","24155","A","Official figure",""
"RL","Land Use","800","Uganda","5110","Area","6600","Country area","2016","2016","1000 ha","24155","A","Official figure",""
"RL","Land Use","800","Uganda","5110","Area","6600","Country area","2017","2017","1000 ha","24155","A","Official figure",""
"RL","Land Use","800","Uganda","5110","Area","6600","Country area","2018","2018","1000 ha","24155","A","Official figure",""
"RL","Land Use","800","Uganda","5110","Area","6600","Country area","2019","2019","1000 ha","24155","A","Official figure",""
"RL","Land Use","800","Uganda","5110","Area","6600","Country area","2020","2020","1000 ha","24155","A","Official figure",""
"RL","Land Use","800","Uganda","5110","Area","6600","Country area","2021","2021","1000 ha","24155","A","Official figure",""
"RL","Land Use","800","Uganda","5110","Area","6600","Country area","2022","2022","1000 ha","24155","I","Value imputed by a receiving agency",""
"RL","Land Use","800","Uganda","5110","Area","6600","Country area","2023","2023","1000 ha","24155","I","Value imputed by a receiving agency",""
"RL","Land Use","834","United Republic of Tanzania","5110","Area","6600","Country area","2005","2005","1000 ha","94730","A","Official figure",""
"RL","Land Use","834","United Republic of Tanzania","5110","Area","6600","Country area","2006","2006","1000 ha","94730","A","Official figure",""
"RL","Land Use","834","United Republic of Tanzania","5110","Area","6600","Country area","2007","2007","1000 ha","94730","A","Official figure",""
"RL","Land Use","834","United Republic of Tanzania","5110","Area","6600","Country area","2008","2008","1000 ha","94730","A","Official figure",""
"RL","Land Use","834","United Republic of Tanzania","5110","Area","6600","Country area","2009","2009","1000 ha","94730","X","Figure from external organization",""
"RL","Land Use","834","United Republic of Tanzania","5110","Area","6600","Country area","2010","2010","1000 ha","94730","X","Figure from external organization",""
"RL","Land Use","834","United Republic of Tanzania","5110","Area","6600","Country area","2011","2011","1000 ha","94730","X","Figure from external organization",""
"RL","Land Use","834","United Republic of Tanzania","5110","Area","6600","Country area","2012","2012","1000 ha","94730","X","Figure from external organization",""
"RL","Land Use","834","United Republic of Tanzania","5110","Area","6600","Country area","2013","2013","1000 ha","94730","I","Value imputed by a receiving agency",""
"RL","Land Use","834","United Republic of Tanzania","5110","Area","6600","Country area","2014","2014","1000 ha","94730","I","Value imputed by a receiving agency",""
"RL","Land Use","834","United Republic of Tanzania","5110","Area","6600","Country area","2015","2015","1000 ha","94730","I","Value imputed by a receiving agency",""
"RL","Land Use","834","United Republic of Tanzania","5110","Area","6600","Country area","2016","2016","1000 ha","94730","I","Value imputed by a receiving agency",""
"RL","Land Use","834","United Republic of Tanzania","5110","Area","6600","Country area","2017","2017","1000 ha","94730","I","Value imputed by a receiving agency",""
"RL","Land Use","834","United Republic of Tanzania","5110","Area","6600","Country area","2018","2018","1000 ha","94730","I","Value imputed by a receiving agency",""
"RL","Land Use","834","United Republic of Tanzania","5110","Area","6600","Country area","2019","2019","1000 ha","94730","I","Value imputed by a receiving agency",""
"RL","Land Use","834","United Republic of Tanzania","5110","Area","6600","Country area","2020","2020","1000 ha","94730","I","Value imputed by a receiving agency",""
"RL","Land Use","834","United Republic of Tanzania","5110","Area","6600","Country area","2021","2021","1000 ha","94730","I","Value imputed by a receiving agency",""
"RL","Land Use","834","United Republic of Tanzania","5110","Area","6600","Country area","2022","2022","1000 ha","94730","I","Value imputed by a receiving agency",""
"RL","Land Use","834","United Republic of Tanzania","5110","Area","6600","Country area","2023","2023","1000 ha","94730","I","Value imputed by a receiving agency",""
"RL","Land Use","732","Western Sahara","5110","Area","6600","Country area","2005","2005","1000 ha","26600","I","Value imputed by a receiving agency",""
"RL","Land Use","732","Western Sahara","5110","Area","6600","Country area","2006","2006","1000 ha","26600","I","Value imputed by a receiving agency",""
"RL","Land Use","732","Western Sahara","5110","Area","6600","Country area","2007","2007","1000 ha","26600","I","Value imputed by a receiving agency",""
"RL","Land Use","732","Western Sahara","5110","Area","6600","Country area","2008","2008","1000 ha","26600","I","Value imputed by a receiving agency",""
"RL","Land Use","732","Western Sahara","5110","Area","6600","Country area","2009","2009","1000 ha","26600","I","Value imputed by a receiving agency",""
"RL","Land Use","732","Western Sahara","5110","Area","6600","Country area","2010","2010","1000 ha","26600","I","Value imputed by a receiving agency",""
"RL","Land Use","732","Western Sahara","5110","Area","6600","Country area","2011","2011","1000 ha","26600","I","Value imputed by a receiving agency",""
"RL","Land Use","732","Western Sahara","5110","Area","6600","Country area","2012","2012","1000 ha","26600","I","Value imputed by a receiving agency",""
"RL","Land Use","732","Western Sahara","5110","Area","6600","Country area","2013","2013","1000 ha","26600","I","Value imputed by a receiving agency",""
"RL","Land Use","732","Western Sahara","5110","Area","6600","Country area","2014","2014","1000 ha","26600","I","Value imputed by a receiving agency",""
"RL","Land Use","732","Western Sahara","5110","Area","6600","Country area","2015","2015","1000 ha","26600","I","Value imputed by a receiving agency",""
"RL","Land Use","732","Western Sahara","5110","Area","6600","Country area","2016","2016","1000 ha","26600","I","Value imputed by a receiving agency",""
"RL","Land Use","732","Western Sahara","5110","Area","6600","Country area","2017","2017","1000 ha","26600","I","Value imputed by a receiving agency",""
"RL","Land Use","732","Western Sahara","5110","Area","6600","Country area","2018","2018","1000 ha","26600","I","Value imputed by a receiving agency",""
"RL","Land Use","732","Western Sahara","5110","Area","6600","Country area","2019","2019","1000 ha","26600","I","Value imputed by a receiving agency",""
"RL","Land Use","732","Western Sahara","5110","Area","6600","Country area","2020","2020","1000 ha","26600","I","Value imputed by a receiving agency",""
"RL","Land Use","732","Western Sahara","5110","Area","6600","Country area","2021","2021","1000 ha","26600","I","Value imputed by a receiving agency",""
"RL","Land Use","732","Western Sahara","5110","Area","6600","Country area","2022","2022","1000 ha","26600","I","Value imputed by a receiving agency",""
"RL","Land Use","732","Western Sahara","5110","Area","6600","Country area","2023","2023","1000 ha","26600","I","Value imputed by a receiving agency",""
"RL","Land Use","894","Zambia","5110","Area","6600","Country area","2005","2005","1000 ha","75261","A","Official figure",""
"RL","Land Use","894","Zambia","5110","Area","6600","Country area","2006","2006","1000 ha","75261","A","Official figure",""
"RL","Land Use","894","Zambia","5110","Area","6600","Country area","2007","2007","1000 ha","75261","A","Official figure",""
"RL","Land Use","894","Zambia","5110","Area","6600","Country area","2008","2008","1000 ha","75261","A","Official figure",""
"RL","Land Use","894","Zambia","5110","Area","6600","Country area","2009","2009","1000 ha","75261","A","Official figure",""
"RL","Land Use","894","Zambia","5110","Area","6600","Country area","2010","2010","1000 ha","75261","A","Official figure",""
"RL","Land Use","894","Zambia","5110","Area","6600","Country area","2011","2011","1000 ha","75261","A","Official figure",""
"RL","Land Use","894","Zambia","5110","Area","6600","Country area","2012","2012","1000 ha","75261","A","Official figure",""
"RL","Land Use","894","Zambia","5110","Area","6600","Country area","2013","2013","1000 ha","75261","A","Official figure",""
"RL","Land Use","894","Zambia","5110","Area","6600","Country area","2014","2014","1000 ha","75261","A","Official figure",""
"RL","Land Use","894","Zambia","5110","Area","6600","Country area","2015","2015","1000 ha","75261","A","Official figure",""
"RL","Land Use","894","Zambia","5110","Area","6600","Country area","2016","2016","1000 ha","75261","A","Official figure",""
"RL","Land Use","894","Zambia","5110","Area","6600","Country area","2017","2017","1000 ha","75261","A","Official figure",""
"RL","Land Use","894","Zambia","5110","Area","6600","Country area","2018","2018","1000 ha","75261","A","Official figure",""
"RL","Land Use","894","Zambia","5110","Area","6600","Country area","2019","2019","1000 ha","75261","A","Official figure",""
"RL","Land Use","894","Zambia","5110","Area","6600","Country area","2020","2020","1000 ha","75261","A","Official figure",""
"RL","Land Use","894","Zambia","5110","Area","6600","Country area","2021","2021","1000 ha","75261","I","Value imputed by a receiving agency",""
"RL","Land Use","894","Zambia","5110","Area","6600","Country area","2022","2022","1000 ha","75261","I","Value imputed by a receiving agency",""
"RL","Land Use","894","Zambia","5110","Area","6600","Country area","2023","2023","1000 ha","75261","I","Value imputed by a receiving agency",""
"RL","Land Use","716","Zimbabwe","5110","Area","6600","Country area","2005","2005","1000 ha","39076","I","Value imputed by a receiving agency",""
"RL","Land Use","716","Zimbabwe","5110","Area","6600","Country area","2006","2006","1000 ha","39076","I","Value imputed by a receiving agency",""
"RL","Land Use","716","Zimbabwe","5110","Area","6600","Country area","2007","2007","1000 ha","39076","I","Value imputed by a receiving agency",""
"RL","Land Use","716","Zimbabwe","5110","Area","6600","Country area","2008","2008","1000 ha","39076","I","Value imputed by a receiving agency",""
"RL","Land Use","716","Zimbabwe","5110","Area","6600","Country area","2009","2009","1000 ha","39076","I","Value imputed by a receiving agency",""
"RL","Land Use","716","Zimbabwe","5110","Area","6600","Country area","2010","2010","1000 ha","39076","I","Value imputed by a receiving agency",""
"RL","Land Use","716","Zimbabwe","5110","Area","6600","Country area","2011","2011","1000 ha","39076","I","Value imputed by a receiving agency",""
"RL","Land Use","716","Zimbabwe","5110","Area","6600","Country area","2012","2012","1000 ha","39076","A","Official figure",""
"RL","Land Use","716","Zimbabwe","5110","Area","6600","Country area","2013","2013","1000 ha","39076","A","Official figure",""
"RL","Land Use","716","Zimbabwe","5110","Area","6600","Country area","2014","2014","1000 ha","39076","A","Official figure",""
"RL","Land Use","716","Zimbabwe","5110","Area","6600","Country area","2015","2015","1000 ha","39076","A","Official figure",""
"RL","Land Use","716","Zimbabwe","5110","Area","6600","Country area","2016","2016","1000 ha","39076","A","Official figure",""
"RL","Land Use","716","Zimbabwe","5110","Area","6600","Country area","2017","2017","1000 ha","39076","A","Official figure",""
"RL","Land Use","716","Zimbabwe","5110","Area","6600","Country area","2018","2018","1000 ha","39076","A","Official figure",""
"RL","Land Use","716","Zimbabwe","5110","Area","6600","Country area","2019","2019","1000 ha","39076","I","Value imputed by a receiving agency",""
"RL","Land Use","716","Zimbabwe","5110","Area","6600","Country area","2020","2020","1000 ha","39076","I","Value imputed by a receiving agency",""
"RL","Land Use","716","Zimbabwe","5110","Area","6600","Country area","2021","2021","1000 ha","39076","I","Value imputed by a receiving agency",""
"RL","Land Use","716","Zimbabwe","5110","Area","6600","Country area","2022","2022","1000 ha","39076","I","Value imputed by a receiving agency",""
"RL","Land Use","716","Zimbabwe","5110","Area","6600","Country area","2023","2023","1000 ha","39076","I","Value imputed by a receiving agency",""
