country,year,month,temp_celsuis,rainfall_mm
Burkina Faso,2005,1,24.13,0.01
Burkina Faso,2005,2,29.63,0.03
Burkina Faso,2005,3,32.73,0.05
Burkina Faso,2005,4,33.51,1.12
Burkina Faso,2005,5,31.68,3.45
Burkina Faso,2005,6,29.27,3.39
Burkina Faso,2005,7,27.78,3.41
Burkina Faso,2005,8,26.96,5.34
Burkina Faso,2005,9,27.17,4.17
Burkina Faso,2005,10,28.65,0.61
Burkina Faso,2005,11,27.51,0.0
Burkina Faso,2005,12,25.82,0.0
Burkina Faso,2005,13,28.72,1.81
Burkina Faso,2006,1,26.92,0.05
Burkina Faso,2006,2,28.62,0.08
Burkina Faso,2006,3,30.57,0.03
Burkina Faso,2006,4,32.01,1.61
Burkina Faso,2006,5,31.6,1.27
Burkina Faso,2006,6,29.92,3.08
Burkina Faso,2006,7,27.55,5.33
Burkina Faso,2006,8,26.33,4.95
Burkina Faso,2006,9,25.95,5.6
Burkina Faso,2006,10,28.05,1.86
Burkina Faso,2006,11,25.91,0.0
Burkina Faso,2006,12,23.36,0.0
Burkina Faso,2006,13,28.06,2.0
Burkina Faso,2007,1,22.94,0.0
Burkina Faso,2007,2,26.74,0.0
Burkina Faso,2007,3,30.4,0.02
Burkina Faso,2007,4,31.95,2.05
Burkina Faso,2007,5,31.27,1.65
Burkina Faso,2007,6,29.97,1.82
Burkina Faso,2007,7,27.05,6.06
Burkina Faso,2007,8,25.47,10.01
Burkina Faso,2007,9,26.08,4.27
Burkina Faso,2007,10,28.13,0.3
Burkina Faso,2007,11,27.17,0.04
Burkina Faso,2007,12,24.07,0.0
Burkina Faso,2007,13,27.6,2.2
Burkina Faso,2008,1,21.44,0.0
Burkina Faso,2008,2,25.99,0.0
Burkina Faso,2008,3,30.29,0.09
Burkina Faso,2008,4,31.48,1.35
Burkina Faso,2008,5,32.08,0.87
Burkina Faso,2008,6,30.7,3.18
Burkina Faso,2008,7,26.62,6.28
Burkina Faso,2008,8,25.56,8.65
Burkina Faso,2008,9,25.95,4.71
Burkina Faso,2008,10,27.14,1.5
Burkina Faso,2008,11,25.8,0.0
Burkina Faso,2008,12,24.76,0.0
Burkina Faso,2008,13,27.31,2.23
Burkina Faso,2009,1,24.18,0.0
Burkina Faso,2009,2,29.01,0.07
Burkina Faso,2009,3,31.56,0.08
Burkina Faso,2009,4,32.23,0.49
Burkina Faso,2009,5,31.51,1.31
Burkina Faso,2009,6,29.51,4.11
Burkina Faso,2009,7,27.14,4.77
Burkina Faso,2009,8,25.92,8.36
Burkina Faso,2009,9,25.93,6.18
Burkina Faso,2009,10,27.28,1.99
Burkina Faso,2009,11,25.63,0.02
Burkina Faso,2009,12,24.55,0.0
Burkina Faso,2009,13,27.86,2.3
Burkina Faso,2010,1,24.48,0.0
Burkina Faso,2010,2,29.59,0.05
Burkina Faso,2010,3,30.55,0.0
Burkina Faso,2010,4,32.34,1.52
Burkina Faso,2010,5,31.21,2.7
Burkina Faso,2010,6,28.03,4.75
Burkina Faso,2010,7,26.48,5.71
Burkina Faso,2010,8,25.45,10.09
Burkina Faso,2010,9,25.48,7.77
Burkina Faso,2010,10,26.33,3.17
Burkina Faso,2010,11,25.85,0.02
Burkina Faso,2010,12,22.62,0.0
Burkina Faso,2010,13,27.34,3.0
Burkina Faso,2011,1,22.34,0.01
Burkina Faso,2011,2,26.82,0.03
Burkina Faso,2011,3,30.99,0.16
Burkina Faso,2011,4,31.42,0.64
Burkina Faso,2011,5,30.73,2.29
Burkina Faso,2011,6,28.6,3.91
Burkina Faso,2011,7,26.49,5.84
Burkina Faso,2011,8,25.66,8.94
Burkina Faso,2011,9,26.11,4.72
Burkina Faso,2011,10,27.22,1.2
Burkina Faso,2011,11,26.26,0.0
Burkina Faso,2011,12,22.13,0.0
Burkina Faso,2011,13,27.05,2.33
Burkina Faso,2012,1,23.09,0.0
Burkina Faso,2012,2,26.86,0.18
Burkina Faso,2012,3,29.61,0.04
Burkina Faso,2012,4,31.41,1.32
Burkina Faso,2012,5,30.17,2.89
Burkina Faso,2012,6,28.66,3.19
Burkina Faso,2012,7,25.91,8.26
Burkina Faso,2012,8,25.44,8.76
Burkina Faso,2012,9,25.62,7.44
Burkina Faso,2012,10,26.66,2.78
Burkina Faso,2012,11,26.6,0.26
Burkina Faso,2012,12,22.98,0.01
Burkina Faso,2012,13,26.91,2.94
Burkina Faso,2013,1,22.75,0.0
Burkina Faso,2013,2,26.45,0.23
Burkina Faso,2013,3,31.59,0.47
Burkina Faso,2013,4,31.55,2.21
Burkina Faso,2013,5,30.75,2.51
Burkina Faso,2013,6,29.46,2.6
Burkina Faso,2013,7,26.23,7.89
Burkina Faso,2013,8,25.36,8.46
Burkina Faso,2013,9,26.12,4.68
Burkina Faso,2013,10,27.19,2.06
Burkina Faso,2013,11,26.99,0.03
Burkina Faso,2013,12,23.08,0.0
Burkina Faso,2013,13,27.29,2.62
Burkina Faso,2014,1,24.88,0.43
Burkina Faso,2014,2,26.63,0.0
Burkina Faso,2014,3,29.67,0.17
Burkina Faso,2014,4,31.65,1.59
Burkina Faso,2014,5,30.65,2.3
Burkina Faso,2014,6,29.45,3.46
Burkina Faso,2014,7,28.45,2.92
Burkina Faso,2014,8,26.35,6.29
Burkina Faso,2014,9,25.98,6.77
Burkina Faso,2014,10,28.05,1.38
Burkina Faso,2014,11,28.22,0.06
Burkina Faso,2014,12,24.6,0.0
Burkina Faso,2014,13,27.88,2.12
Burkina Faso,2015,1,22.85,0.0
Burkina Faso,2015,2,27.77,0.3
Burkina Faso,2015,3,29.61,0.21
Burkina Faso,2015,4,31.71,0.05
Burkina Faso,2015,5,33.21,1.04
Burkina Faso,2015,6,30.64,2.48
Burkina Faso,2015,7,28.05,8.33
Burkina Faso,2015,8,25.65,10.37
Burkina Faso,2015,9,26.25,6.71
Burkina Faso,2015,10,27.59,1.53
Burkina Faso,2015,11,24.91,0.16
Burkina Faso,2015,12,20.27,0.0
Burkina Faso,2015,13,27.36,2.62
Burkina Faso,2016,1,21.99,0.0
Burkina Faso,2016,2,24.77,0.0
Burkina Faso,2016,3,30.84,0.42
Burkina Faso,2016,4,33.23,2.3
Burkina Faso,2016,5,32.32,1.36
Burkina Faso,2016,6,29.43,3.33
Burkina Faso,2016,7,26.37,9.34
Burkina Faso,2016,8,26.04,7.25
Burkina Faso,2016,9,26.26,3.88
Burkina Faso,2016,10,28.17,0.53
Burkina Faso,2016,11,27.14,0.0
Burkina Faso,2016,12,24.95,0.0
Burkina Faso,2016,13,27.63,2.38
Burkina Faso,2017,1,24.51,0.0
Burkina Faso,2017,2,27.67,0.0
Burkina Faso,2017,3,30.78,0.08
Burkina Faso,2017,4,31.8,2.01
Burkina Faso,2017,5,31.19,5.31
Burkina Faso,2017,6,28.84,3.83
Burkina Faso,2017,7,27.03,5.16
Burkina Faso,2017,8,26.2,7.87
Burkina Faso,2017,9,26.83,3.72
Burkina Faso,2017,10,27.62,0.48
Burkina Faso,2017,11,25.87,0.0
Burkina Faso,2017,12,24.07,0.0
Burkina Faso,2017,13,27.69,2.39
Burkina Faso,2018,1,23.25,0.0
Burkina Faso,2018,2,27.85,0.36
Burkina Faso,2018,3,31.48,0.18
Burkina Faso,2018,4,32.93,0.59
Burkina Faso,2018,5,31.41,2.85
Burkina Faso,2018,6,28.88,3.06
Burkina Faso,2018,7,26.71,6.75
Burkina Faso,2018,8,25.39,11.5
Burkina Faso,2018,9,25.68,6.87
Burkina Faso,2018,10,27.07,2.5
Burkina Faso,2018,11,26.11,0.03
Burkina Faso,2018,12,22.32,0.0
Burkina Faso,2018,13,27.41,2.91
Burkina Faso,2019,1,23.21,0.0
Burkina Faso,2019,2,25.78,0.0
Burkina Faso,2019,3,30.16,0.15
Burkina Faso,2019,4,32.15,5.94
Burkina Faso,2019,5,29.66,3.96
Burkina Faso,2019,6,29.7,2.06
Burkina Faso,2019,7,27.07,5.5
Burkina Faso,2019,8,25.73,9.14
Burkina Faso,2019,9,26.6,4.23
Burkina Faso,2019,10,26.38,4.96
Burkina Faso,2019,11,26.32,0.0
Burkina Faso,2019,12,23.23,0.0
Burkina Faso,2019,13,27.16,3.02
Burkina Faso,2020,1,22.96,0.0
Burkina Faso,2020,2,25.64,0.0
Burkina Faso,2020,3,31.07,0.09
Burkina Faso,2020,4,31.85,2.32
Burkina Faso,2020,5,31.86,0.99
Burkina Faso,2020,6,29.5,4.06
Burkina Faso,2020,7,27.14,7.15
Burkina Faso,2020,8,25.61,9.87
Burkina Faso,2020,9,25.69,8.91
Burkina Faso,2020,10,25.83,2.29
Burkina Faso,2020,11,23.89,0.0
Burkina Faso,2020,12,24.45,0.0
Burkina Faso,2020,13,27.13,2.98
Burkina Faso,2021,1,23.95,0.0
Burkina Faso,2021,2,26.11,0.0
Burkina Faso,2021,3,30.52,0.17
Burkina Faso,2021,4,32.74,0.22
Burkina Faso,2021,5,32.14,2.75
Burkina Faso,2021,6,29.72,3.43
Burkina Faso,2021,7,27.31,4.75
Burkina Faso,2021,8,25.84,8.53
Burkina Faso,2021,9,26.48,3.07
Burkina Faso,2021,10,28.35,1.71
Burkina Faso,2021,11,27.65,0.01
Burkina Faso,2021,12,24.77,0.0
Burkina Faso,2021,13,27.97,2.07
Burkina Faso,2022,1,23.6,0.0
Burkina Faso,2022,2,26.58,0.0
Burkina Faso,2022,3,31.09,0.52
Burkina Faso,2022,4,31.58,1.39
Burkina Faso,2022,5,31.04,2.72
Burkina Faso,2022,6,28.45,3.87
Burkina Faso,2022,7,26.97,5.77
Burkina Faso,2022,8,25.65,14.1
Burkina Faso,2022,9,25.73,9.41
Burkina Faso,2022,10,26.27,0.92
Burkina Faso,2022,11,23.81,0.04
Burkina Faso,2022,12,22.13,0.0
Burkina Faso,2022,13,26.91,3.25
Burkina Faso,2023,1,23.18,0.0
Burkina Faso,2023,2,26.61,0.0
Burkina Faso,2023,3,30.26,0.43
Burkina Faso,2023,4,32.25,1.01
Burkina Faso,2023,5,30.31,5.19
Burkina Faso,2023,6,28.36,4.95
Burkina Faso,2023,7,27.87,5.29
Burkina Faso,2023,8,26.41,10.06
Burkina Faso,2023,9,26.74,5.54
Burkina Faso,2023,10,28.04,1.32
Burkina Faso,2023,11,27.7,0.03
Burkina Faso,2023,12,23.28,0.0
Burkina Faso,2023,13,27.58,2.84
Burkina Faso,2024,1,24.17,0.0
Burkina Faso,2024,2,27.16,0.0
Burkina Faso,2024,3,32.16,0.23
Burkina Faso,2024,4,33.82,0.48
Burkina Faso,2024,5,33.57,1.75
Burkina Faso,2024,6,30.85,2.32
Burkina Faso,2024,7,27.22,12.4
Burkina Faso,2024,8,26.05,8.88
Burkina Faso,2024,9,26.24,6.93
Burkina Faso,2024,10,26.86,3.63
Burkina Faso,2024,11,22.83,0.0
Burkina Faso,2024,12,21.37,0.0
Burkina Faso,2024,13,27.69,3.08
Gambia,2005,1,24.42,0.0
Gambia,2005,2,27.41,0.08
Gambia,2005,3,29.73,0.0
Gambia,2005,4,30.72,0.0
Gambia,2005,5,31.18,0.41
Gambia,2005,6,29.86,3.77
Gambia,2005,7,27.07,8.82
Gambia,2005,8,26.78,10.6
Gambia,2005,9,26.8,8.56
Gambia,2005,10,26.24,4.25
Gambia,2005,11,24.85,0.0
Gambia,2005,12,23.62,0.0
Gambia,2005,13,27.38,3.06
Gambia,2006,1,22.34,0.06
Gambia,2006,2,24.49,0.0
Gambia,2006,3,27.56,0.04
Gambia,2006,4,29.68,0.0
Gambia,2006,5,30.6,0.29
Gambia,2006,6,28.7,4.78
Gambia,2006,7,27.47,4.03
Gambia,2006,8,26.71,11.4
Gambia,2006,9,26.64,5.95
Gambia,2006,10,27.0,2.71
Gambia,2006,11,26.12,0.01
Gambia,2006,12,22.95,0.0
Gambia,2006,13,26.69,2.46
Gambia,2007,1,23.56,0.0
Gambia,2007,2,26.12,0.0
Gambia,2007,3,28.64,0.0
Gambia,2007,4,30.42,0.0
Gambia,2007,5,31.5,0.07
Gambia,2007,6,29.8,1.73
Gambia,2007,7,27.73,5.85
Gambia,2007,8,26.35,10.8
Gambia,2007,9,26.41,7.19
Gambia,2007,10,26.84,1.1
Gambia,2007,11,25.26,0.19
Gambia,2007,12,23.81,0.0
Gambia,2007,13,27.2,2.26
Gambia,2008,1,23.08,0.0
Gambia,2008,2,27.39,0.01
Gambia,2008,3,29.43,0.0
Gambia,2008,4,30.71,0.0
Gambia,2008,5,31.37,0.17
Gambia,2008,6,29.23,5.2
Gambia,2008,7,26.6,11.66
Gambia,2008,8,26.35,11.88
Gambia,2008,9,26.75,7.89
Gambia,2008,10,26.53,2.43
Gambia,2008,11,25.26,0.0
Gambia,2008,12,22.42,0.0
Gambia,2008,13,27.08,3.29
Gambia,2009,1,20.45,0.0
Gambia,2009,2,23.66,0.0
Gambia,2009,3,26.32,0.0
Gambia,2009,4,29.72,0.0
Gambia,2009,5,30.94,0.21
Gambia,2009,6,29.54,4.27
Gambia,2009,7,27.2,8.33
Gambia,2009,8,26.62,14.72
Gambia,2009,9,26.62,9.29
Gambia,2009,10,26.56,1.31
Gambia,2009,11,24.4,0.22
Gambia,2009,12,22.1,0.0
Gambia,2009,13,26.18,3.22
Gambia,2010,1,22.19,0.0
Gambia,2010,2,25.48,0.0
Gambia,2010,3,27.62,0.0
Gambia,2010,4,30.01,0.0
Gambia,2010,5,31.26,0.2
Gambia,2010,6,29.47,4.63
Gambia,2010,7,27.05,6.61
Gambia,2010,8,26.64,7.29
Gambia,2010,9,26.38,9.96
Gambia,2010,10,26.83,2.11
Gambia,2010,11,25.4,0.04
Gambia,2010,12,24.49,0.0
Gambia,2010,13,26.9,2.58
Gambia,2011,1,23.61,0.0
Gambia,2011,2,25.63,0.0
Gambia,2011,3,28.6,0.0
Gambia,2011,4,30.36,0.0
Gambia,2011,5,30.8,0.06
Gambia,2011,6,30.32,1.82
Gambia,2011,7,27.84,4.21
Gambia,2011,8,26.57,9.47
Gambia,2011,9,26.94,4.69
Gambia,2011,10,27.64,1.18
Gambia,2011,11,27.81,0.02
Gambia,2011,12,24.63,0.0
Gambia,2011,13,27.56,1.8
Gambia,2012,1,24.64,0.0
Gambia,2012,2,25.88,0.0
Gambia,2012,3,28.4,0.23
Gambia,2012,4,30.31,0.01
Gambia,2012,5,31.0,0.67
Gambia,2012,6,30.36,2.41
Gambia,2012,7,27.05,6.77
Gambia,2012,8,26.39,9.55
Gambia,2012,9,26.35,9.67
Gambia,2012,10,27.17,1.55
Gambia,2012,11,26.85,0.15
Gambia,2012,12,23.35,0.0
Gambia,2012,13,27.31,2.59
Gambia,2013,1,23.58,0.02
Gambia,2013,2,26.41,0.0
Gambia,2013,3,30.08,0.0
Gambia,2013,4,29.9,0.0
Gambia,2013,5,31.64,0.13
Gambia,2013,6,29.78,2.03
Gambia,2013,7,27.63,5.96
Gambia,2013,8,26.2,11.64
Gambia,2013,9,26.8,6.27
Gambia,2013,10,26.89,2.51
Gambia,2013,11,25.97,0.02
Gambia,2013,12,24.0,0.0
Gambia,2013,13,27.41,2.4
Gambia,2014,1,24.42,0.0
Gambia,2014,2,25.29,0.0
Gambia,2014,3,27.97,0.0
Gambia,2014,4,30.71,0.02
Gambia,2014,5,31.13,0.51
Gambia,2014,6,30.5,7.83
Gambia,2014,7,27.66,3.26
Gambia,2014,8,26.51,9.45
Gambia,2014,9,26.78,6.52
Gambia,2014,10,27.09,1.85
Gambia,2014,11,26.45,0.0
Gambia,2014,12,23.77,0.0
Gambia,2014,13,27.36,2.46
Gambia,2015,1,23.68,0.0
Gambia,2015,2,26.24,0.0
Gambia,2015,3,27.95,0.0
Gambia,2015,4,30.12,0.0
Gambia,2015,5,30.72,0.01
Gambia,2015,6,31.09,0.49
Gambia,2015,7,28.35,6.42
Gambia,2015,8,26.88,11.16
Gambia,2015,9,26.76,10.42
Gambia,2015,10,27.24,5.23
Gambia,2015,11,25.19,0.18
Gambia,2015,12,22.43,0.0
Gambia,2015,13,27.22,2.85
Gambia,2016,1,24.16,0.0
Gambia,2016,2,24.56,0.0
Gambia,2016,3,27.71,0.0
Gambia,2016,4,30.48,0.0
Gambia,2016,5,30.89,0.05
Gambia,2016,6,30.18,0.97
Gambia,2016,7,27.69,7.5
Gambia,2016,8,26.83,6.5
Gambia,2016,9,26.63,7.57
Gambia,2016,10,27.88,0.77
Gambia,2016,11,26.88,0.02
Gambia,2016,12,25.65,0.0
Gambia,2016,13,27.47,1.96
Gambia,2017,1,24.84,0.0
Gambia,2017,2,26.87,0.0
Gambia,2017,3,30.16,0.0
Gambia,2017,4,31.21,0.0
Gambia,2017,5,31.52,0.27
Gambia,2017,6,30.85,5.17
Gambia,2017,7,26.91,11.34
Gambia,2017,8,26.8,12.57
Gambia,2017,9,27.02,4.34
Gambia,2017,10,27.67,1.09
Gambia,2017,11,26.47,0.01
Gambia,2017,12,22.77,0.0
Gambia,2017,13,27.75,2.93
Gambia,2018,1,22.49,0.0
Gambia,2018,2,24.21,0.0
Gambia,2018,3,29.11,0.0
Gambia,2018,4,30.1,0.0
Gambia,2018,5,30.44,0.0
Gambia,2018,6,30.31,2.67
Gambia,2018,7,27.28,5.54
Gambia,2018,8,26.43,11.9
Gambia,2018,9,26.48,11.61
Gambia,2018,10,27.16,2.34
Gambia,2018,11,26.1,0.02
Gambia,2018,12,23.56,0.0
Gambia,2018,13,26.98,2.86
Gambia,2019,1,23.43,0.0
Gambia,2019,2,25.89,0.0
Gambia,2019,3,27.25,0.0
Gambia,2019,4,30.83,0.0
Gambia,2019,5,31.35,0.0
Gambia,2019,6,30.71,0.67
Gambia,2019,7,27.96,4.58
Gambia,2019,8,27.08,9.5
Gambia,2019,9,26.9,7.87
Gambia,2019,10,27.12,3.67
Gambia,2019,11,27.14,0.07
Gambia,2019,12,24.96,0.0
Gambia,2019,13,27.55,2.22
Gambia,2020,1,24.43,0.0
Gambia,2020,2,28.38,0.01
Gambia,2020,3,29.53,0.0
Gambia,2020,4,31.13,0.09
Gambia,2020,5,31.28,0.02
Gambia,2020,6,29.85,2.63
Gambia,2020,7,27.22,11.95
Gambia,2020,8,26.78,10.72
Gambia,2020,9,26.75,11.7
Gambia,2020,10,26.87,3.59
Gambia,2020,11,24.53,0.06
Gambia,2020,12,23.75,0.0
Gambia,2020,13,27.53,3.41
Gambia,2021,1,23.27,0.0
Gambia,2021,2,25.12,0.0
Gambia,2021,3,27.45,0.01
Gambia,2021,4,30.51,0.0
Gambia,2021,5,30.73,0.0
Gambia,2021,6,29.64,4.17
Gambia,2021,7,27.42,6.05
Gambia,2021,8,26.68,14.78
Gambia,2021,9,26.94,10.37
Gambia,2021,10,26.84,2.75
Gambia,2021,11,26.34,0.11
Gambia,2021,12,24.24,0.0
Gambia,2021,13,27.1,3.21
Gambia,2022,1,23.44,0.0
Gambia,2022,2,24.41,0.0
Gambia,2022,3,27.39,0.0
Gambia,2022,4,30.4,0.0
Gambia,2022,5,30.85,1.98
Gambia,2022,6,28.54,2.81
Gambia,2022,7,27.34,9.06
Gambia,2022,8,26.61,11.77
Gambia,2022,9,26.63,10.08
Gambia,2022,10,26.75,4.47
Gambia,2022,11,24.46,0.0
Gambia,2022,12,23.32,0.08
Gambia,2022,13,26.69,3.38
Gambia,2023,1,22.3,0.0
Gambia,2023,2,25.01,0.0
Gambia,2023,3,27.82,0.0
Gambia,2023,4,31.08,0.0
Gambia,2023,5,31.98,0.06
Gambia,2023,6,30.14,3.33
Gambia,2023,7,28.01,7.81
Gambia,2023,8,27.39,13.47
Gambia,2023,9,27.3,6.87
Gambia,2023,10,27.3,2.33
Gambia,2023,11,25.76,0.03
Gambia,2023,12,23.26,0.0
Gambia,2023,13,27.28,2.85
Gambia,2024,1,24.13,0.0
Gambia,2024,2,26.49,0.0
Gambia,2024,3,29.04,0.0
Gambia,2024,4,31.81,0.0
Gambia,2024,5,32.55,0.25
Gambia,2024,6,29.51,2.39
Gambia,2024,7,27.63,10.34
Gambia,2024,8,27.28,8.53
Gambia,2024,9,27.02,9.93
Gambia,2024,10,27.05,5.32
Gambia,2024,11,26.15,0.0
Gambia,2024,12,22.96,0.07
Gambia,2024,13,27.63,3.09
Ghana,2005,1,24.21,0.23
Ghana,2005,2,30.02,0.44
Ghana,2005,3,29.73,1.44
Ghana,2005,4,29.09,3.78
Ghana,2005,5,27.35,4.99
Ghana,2005,6,26.3,3.7
Ghana,2005,7,26.04,4.32
Ghana,2005,8,26.16,4.32
Ghana,2005,9,26.28,5.2
Ghana,2005,10,26.12,4.71
Ghana,2005,11,27.67,0.88
Ghana,2005,12,27.35,0.72
Ghana,2005,13,27.17,2.91
Ghana,2006,1,28.83,0.73
Ghana,2006,2,30.03,0.85
Ghana,2006,3,29.77,1.21
Ghana,2006,4,29.76,3.05
Ghana,2006,5,27.57,3.45
Ghana,2006,6,26.47,4.86
Ghana,2006,7,25.85,5.5
Ghana,2006,8,25.73,2.58
Ghana,2006,9,25.69,6.86
Ghana,2006,10,26.45,4.64
Ghana,2006,11,26.77,0.35
Ghana,2006,12,25.7,0.04
Ghana,2006,13,27.37,2.85
Ghana,2007,1,24.93,0.03
Ghana,2007,2,30.12,0.36
Ghana,2007,3,30.31,0.81
Ghana,2007,4,28.31,4.77
Ghana,2007,5,27.53,4.99
Ghana,2007,6,26.42,3.8
Ghana,2007,7,25.84,6.12
Ghana,2007,8,25.02,5.33
Ghana,2007,9,25.5,7.28
Ghana,2007,10,25.72,3.35
Ghana,2007,11,26.63,1.25
Ghana,2007,12,25.68,0.19
Ghana,2007,13,26.81,3.2
Ghana,2008,1,23.9,0.91
Ghana,2008,2,27.62,0.11
Ghana,2008,3,29.47,1.48
Ghana,2008,4,29.6,2.35
Ghana,2008,5,27.7,5.57
Ghana,2008,6,26.44,4.98
Ghana,2008,7,25.52,5.62
Ghana,2008,8,25.1,6.52
Ghana,2008,9,25.57,7.31
Ghana,2008,10,26.32,3.79
Ghana,2008,11,26.77,0.55
Ghana,2008,12,26.76,0.28
Ghana,2008,13,26.72,3.3
Ghana,2009,1,27.11,0.08
Ghana,2009,2,29.94,0.65
Ghana,2009,3,30.1,2.24
Ghana,2009,4,27.64,6.23
Ghana,2009,5,27.25,4.55
Ghana,2009,6,26.36,4.74
Ghana,2009,7,25.62,5.74
Ghana,2009,8,25.43,4.69
Ghana,2009,9,25.76,5.15
Ghana,2009,10,26.42,4.96
Ghana,2009,11,26.27,1.19
Ghana,2009,12,27.34,0.15
Ghana,2009,13,27.09,3.38
Ghana,2010,1,28.26,0.18
Ghana,2010,2,29.83,0.77
Ghana,2010,3,29.98,1.25
Ghana,2010,4,30.87,3.02
Ghana,2010,5,28.9,2.66
Ghana,2010,6,26.46,6.52
Ghana,2010,7,25.75,4.65
Ghana,2010,8,25.96,4.89
Ghana,2010,9,25.45,8.45
Ghana,2010,10,25.75,5.3
Ghana,2010,11,26.55,1.18
Ghana,2010,12,26.45,0.23
Ghana,2010,13,27.5,3.26
Ghana,2011,1,25.6,0.16
Ghana,2011,2,28.53,1.42
Ghana,2011,3,28.23,3.1
Ghana,2011,4,28.72,2.13
Ghana,2011,5,27.88,3.15
Ghana,2011,6,27.18,3.18
Ghana,2011,7,25.47,7.61
Ghana,2011,8,25.59,4.67
Ghana,2011,9,25.82,6.7
Ghana,2011,10,25.96,3.87
Ghana,2011,11,27.38,0.34
Ghana,2011,12,25.37,0.07
Ghana,2011,13,26.79,3.05
Ghana,2012,1,26.54,0.09
Ghana,2012,2,28.85,1.82
Ghana,2012,3,29.25,1.32
Ghana,2012,4,28.0,4.21
Ghana,2012,5,27.35,5.4
Ghana,2012,6,25.66,8.64
Ghana,2012,7,25.03,4.03
Ghana,2012,8,25.45,2.77
Ghana,2012,9,25.68,6.2
Ghana,2012,10,26.04,6.17
Ghana,2012,11,26.93,1.57
Ghana,2012,12,25.69,0.36
Ghana,2012,13,26.7,3.54
Ghana,2013,1,26.23,0.38
Ghana,2013,2,28.59,1.42
Ghana,2013,3,29.17,2.59
Ghana,2013,4,28.86,2.59
Ghana,2013,5,28.5,3.04
Ghana,2013,6,27.74,1.98
Ghana,2013,7,26.45,3.53
Ghana,2013,8,27.36,1.46
Ghana,2013,9,27.01,4.17
Ghana,2013,10,27.5,3.67
Ghana,2013,11,28.79,1.99
Ghana,2013,12,27.91,0.1
Ghana,2013,13,27.83,2.25
Ghana,2014,1,29.51,0.86
Ghana,2014,2,30.78,0.27
Ghana,2014,3,29.5,2.35
Ghana,2014,4,28.61,3.46
Ghana,2014,5,28.3,2.85
Ghana,2014,6,27.19,4.18
Ghana,2014,7,26.95,3.22
Ghana,2014,8,26.04,4.24
Ghana,2014,9,25.75,7.45
Ghana,2014,10,26.38,4.53
Ghana,2014,11,27.72,0.72
Ghana,2014,12,27.92,0.08
Ghana,2014,13,27.87,2.86
Ghana,2015,1,26.63,0.09
Ghana,2015,2,29.56,1.76
Ghana,2015,3,29.53,3.07
Ghana,2015,4,28.19,3.07
Ghana,2015,5,28.65,2.3
Ghana,2015,6,27.3,2.97
Ghana,2015,7,26.75,4.76
Ghana,2015,8,26.46,4.49
Ghana,2015,9,26.41,5.61
Ghana,2015,10,26.7,6.59
Ghana,2015,11,27.45,0.64
Ghana,2015,12,24.2,0.01
Ghana,2015,13,27.3,2.96
Ghana,2016,1,26.36,0.01
Ghana,2016,2,29.17,0.62
Ghana,2016,3,30.27,2.85
Ghana,2016,4,29.66,3.09
Ghana,2016,5,28.28,5.3
Ghana,2016,6,26.46,4.24
Ghana,2016,7,25.68,6.83
Ghana,2016,8,25.85,4.98
Ghana,2016,9,25.71,8.89
Ghana,2016,10,26.66,5.59
Ghana,2016,11,27.1,0.44
Ghana,2016,12,26.46,0.22
Ghana,2016,13,27.3,3.6
Ghana,2017,1,26.88,0.16
Ghana,2017,2,28.7,0.37
Ghana,2017,3,30.42,1.35
Ghana,2017,4,29.38,2.42
Ghana,2017,5,28.48,5.52
Ghana,2017,6,26.21,8.06
Ghana,2017,7,25.52,5.83
Ghana,2017,8,25.74,3.33
Ghana,2017,9,26.02,6.73
Ghana,2017,10,26.49,3.2
Ghana,2017,11,26.82,1.15
Ghana,2017,12,26.8,0.15
Ghana,2017,13,27.28,3.2
Ghana,2018,1,25.87,0.0
Ghana,2018,2,30.01,0.76
Ghana,2018,3,29.02,2.37
Ghana,2018,4,28.49,3.49
Ghana,2018,5,27.67,4.03
Ghana,2018,6,26.29,5.92
Ghana,2018,7,25.45,6.07
Ghana,2018,8,25.6,7.17
Ghana,2018,9,25.31,10.08
Ghana,2018,10,26.43,3.64
Ghana,2018,11,26.96,0.58
Ghana,2018,12,25.04,0.01
Ghana,2018,13,26.82,3.69
Ghana,2019,1,26.68,0.1
Ghana,2019,2,28.64,0.73
Ghana,2019,3,29.89,1.85
Ghana,2019,4,29.47,3.21
Ghana,2019,5,27.65,4.21
Ghana,2019,6,26.8,4.95
Ghana,2019,7,25.89,8.62
Ghana,2019,8,25.81,3.6
Ghana,2019,9,25.76,9.0
Ghana,2019,10,25.52,9.37
Ghana,2019,11,27.11,0.44
Ghana,2019,12,25.61,0.34
Ghana,2019,13,27.05,3.89
Ghana,2020,1,25.01,0.01
Ghana,2020,2,26.59,1.93
Ghana,2020,3,28.62,2.94
Ghana,2020,4,28.15,4.25
Ghana,2020,5,27.77,4.79
Ghana,2020,6,26.15,6.97
Ghana,2020,7,25.39,4.47
Ghana,2020,8,25.67,2.53
Ghana,2020,9,25.87,5.54
Ghana,2020,10,26.25,4.76
Ghana,2020,11,27.29,0.41
Ghana,2020,12,28.11,0.44
Ghana,2020,13,26.74,3.25
Ghana,2021,1,28.78,0.25
Ghana,2021,2,30.36,0.38
Ghana,2021,3,28.88,2.85
Ghana,2021,4,29.57,2.07
Ghana,2021,5,28.53,5.9
Ghana,2021,6,26.6,4.6
Ghana,2021,7,25.67,8.48
Ghana,2021,8,25.54,7.42
Ghana,2021,9,25.81,7.76
Ghana,2021,10,26.53,4.26
Ghana,2021,11,26.74,2.46
Ghana,2021,12,26.13,0.12
Ghana,2021,13,27.41,3.9
Ghana,2022,1,25.34,1.51
Ghana,2022,2,28.5,0.5
Ghana,2022,3,29.21,1.92
Ghana,2022,4,27.88,4.65
Ghana,2022,5,26.89,5.93
Ghana,2022,6,26.01,7.07
Ghana,2022,7,25.56,3.35
Ghana,2022,8,25.32,13.16
Ghana,2022,9,25.37,11.34
Ghana,2022,10,26.26,3.26
Ghana,2022,11,26.01,0.66
Ghana,2022,12,24.63,0.18
Ghana,2022,13,26.4,4.48
Ghana,2023,1,25.69,0.03
Ghana,2023,2,28.41,0.16
Ghana,2023,3,29.16,3.24
Ghana,2023,4,28.46,3.2
Ghana,2023,5,28.52,3.85
Ghana,2023,6,26.54,6.63
Ghana,2023,7,25.94,7.59
Ghana,2023,8,25.99,4.99
Ghana,2023,9,26.33,9.22
Ghana,2023,10,26.57,7.63
Ghana,2023,11,27.18,2.05
Ghana,2023,12,25.1,0.04
Ghana,2023,13,26.98,4.07
Ghana,2024,1,26.65,0.04
Ghana,2024,2,28.64,0.15
Ghana,2024,3,30.29,2.46
Ghana,2024,4,30.12,2.07
Ghana,2024,5,29.58,3.34
Ghana,2024,6,27.33,5.43
Ghana,2024,7,26.97,2.31
Ghana,2024,8,27.66,7.87
Ghana,2024,9,26.9,4.74
Ghana,2024,10,26.63,7.72
Ghana,2024,11,26.48,0.04
Ghana,2024,12,25.63,0.0
Ghana,2024,13,27.74,3.03
Guinea,2005,1,24.38,0.02
Guinea,2005,2,27.58,1.1
Guinea,2005,3,29.36,0.55
Guinea,2005,4,29.05,1.09
Guinea,2005,5,27.35,2.01
Guinea,2005,6,25.13,7.21
Guinea,2005,7,23.69,4.73
Guinea,2005,8,23.21,8.18
Guinea,2005,9,23.5,5.78
Guinea,2005,10,24.22,1.85
Guinea,2005,11,24.99,0.54
Guinea,2005,12,24.35,0.09
Guinea,2005,13,25.55,2.77
Guinea,2006,1,26.06,0.04
Guinea,2006,2,27.97,0.02
Guinea,2006,3,28.98,0.11
Guinea,2006,4,29.01,1.16
Guinea,2006,5,28.31,2.29
Guinea,2006,6,26.13,4.25
Guinea,2006,7,24.57,4.98
Guinea,2006,8,23.36,6.02
Guinea,2006,9,23.46,6.7
Guinea,2006,10,24.35,3.23
Guinea,2006,11,24.23,0.23
Guinea,2006,12,22.9,0.0
Guinea,2006,13,25.76,2.43
Guinea,2007,1,24.42,0.0
Guinea,2007,2,26.82,0.1
Guinea,2007,3,28.89,0.08
Guinea,2007,4,30.33,0.09
Guinea,2007,5,28.98,1.38
Guinea,2007,6,26.11,4.29
Guinea,2007,7,23.87,6.35
Guinea,2007,8,22.78,10.82
Guinea,2007,9,23.21,3.88
Guinea,2007,10,23.85,1.46
Guinea,2007,11,24.37,0.16
Guinea,2007,12,23.83,0.0
Guinea,2007,13,25.61,2.41
Guinea,2008,1,23.18,0.02
Guinea,2008,2,27.09,0.02
Guinea,2008,3,29.06,0.11
Guinea,2008,4,29.91,0.47
Guinea,2008,5,26.87,4.52
Guinea,2008,6,25.04,9.61
Guinea,2008,7,22.95,10.15
Guinea,2008,8,22.74,18.12
Guinea,2008,9,23.14,11.51
Guinea,2008,10,23.35,4.86
Guinea,2008,11,22.59,0.0
Guinea,2008,12,22.83,0.01
Guinea,2008,13,24.88,4.97
Guinea,2009,1,22.39,0.0
Guinea,2009,2,26.92,0.05
Guinea,2009,3,29.57,0.08
Guinea,2009,4,30.34,0.51
Guinea,2009,5,27.82,4.46
Guinea,2009,6,24.39,11.63
Guinea,2009,7,23.67,10.82
Guinea,2009,8,22.84,27.94
Guinea,2009,9,23.2,20.83
Guinea,2009,10,23.58,4.69
Guinea,2009,11,22.36,0.44
Guinea,2009,12,21.91,0.08
Guinea,2009,13,24.9,6.83
Guinea,2010,1,23.61,0.01
Guinea,2010,2,27.03,0.02
Guinea,2010,3,28.7,0.04
Guinea,2010,4,29.13,1.92
Guinea,2010,5,27.13,4.22
Guinea,2010,6,25.37,5.63
Guinea,2010,7,23.28,16.55
Guinea,2010,8,22.89,17.29
Guinea,2010,9,22.75,14.81
Guinea,2010,10,23.54,5.3
Guinea,2010,11,22.83,0.93
Guinea,2010,12,22.59,0.12
Guinea,2010,13,24.89,5.61
Guinea,2011,1,22.8,0.01
Guinea,2011,2,25.7,0.03
Guinea,2011,3,28.77,0.24
Guinea,2011,4,28.57,1.16
Guinea,2011,5,26.87,3.39
Guinea,2011,6,25.12,6.95
Guinea,2011,7,23.55,10.3
Guinea,2011,8,22.93,13.57
Guinea,2011,9,23.32,9.06
Guinea,2011,10,23.61,1.87
Guinea,2011,11,23.75,0.22
Guinea,2011,12,21.48,0.0
Guinea,2011,13,24.69,3.93
Guinea,2012,1,23.09,0.0
Guinea,2012,2,25.38,0.13
Guinea,2012,3,28.57,0.57
Guinea,2012,4,28.5,2.69
Guinea,2012,5,26.0,4.19
Guinea,2012,6,23.86,11.41
Guinea,2012,7,22.77,20.49
Guinea,2012,8,22.79,20.39
Guinea,2012,9,22.81,13.04
Guinea,2012,10,23.25,5.94
Guinea,2012,11,23.8,3.32
Guinea,2012,12,20.58,0.03
Guinea,2012,13,24.27,6.88
Guinea,2013,1,21.56,0.1
Guinea,2013,2,25.56,0.0
Guinea,2013,3,28.92,0.15
Guinea,2013,4,29.73,0.77
Guinea,2013,5,27.43,5.76
Guinea,2013,6,24.52,9.07
Guinea,2013,7,23.4,16.07
Guinea,2013,8,22.44,25.1
Guinea,2013,9,23.21,12.85
Guinea,2013,10,23.56,5.45
Guinea,2013,11,22.6,0.64
Guinea,2013,12,21.2,0.12
Guinea,2013,13,24.5,6.4
Guinea,2014,1,24.25,0.01
Guinea,2014,2,25.61,0.01
Guinea,2014,3,28.01,0.07
Guinea,2014,4,28.94,2.15
Guinea,2014,5,25.89,7.95
Guinea,2014,6,24.51,14.47
Guinea,2014,7,23.57,10.64
Guinea,2014,8,22.68,17.23
Guinea,2014,9,22.98,12.8
Guinea,2014,10,23.79,4.27
Guinea,2014,11,23.38,0.82
Guinea,2014,12,21.41,0.05
Guinea,2014,13,24.57,5.9
Guinea,2015,1,22.48,0.0
Guinea,2015,2,26.62,0.09
Guinea,2015,3,28.19,0.0
Guinea,2015,4,29.22,0.71
Guinea,2015,5,26.94,3.06
Guinea,2015,6,24.99,10.5
Guinea,2015,7,23.5,21.36
Guinea,2015,8,23.15,24.09
Guinea,2015,9,23.44,15.04
Guinea,2015,10,23.91,10.07
Guinea,2015,11,22.57,0.67
Guinea,2015,12,19.71,0.0
Guinea,2015,13,24.54,7.19
Guinea,2016,1,21.59,1.2
Guinea,2016,2,24.19,0.04
Guinea,2016,3,29.02,0.0
Guinea,2016,4,30.11,2.05
Guinea,2016,5,27.28,5.02
Guinea,2016,6,24.39,21.27
Guinea,2016,7,23.05,21.18
Guinea,2016,8,23.18,12.36
Guinea,2016,9,23.22,14.62
Guinea,2016,10,24.14,6.72
Guinea,2016,11,23.34,0.29
Guinea,2016,12,22.34,0.0
Guinea,2016,13,24.65,7.07
Guinea,2017,1,23.68,0.0
Guinea,2017,2,26.49,0.0
Guinea,2017,3,28.84,0.26
Guinea,2017,4,29.71,0.89
Guinea,2017,5,26.51,6.71
Guinea,2017,6,24.6,8.18
Guinea,2017,7,23.38,21.33
Guinea,2017,8,23.3,14.76
Guinea,2017,9,23.76,10.9
Guinea,2017,10,24.08,1.24
Guinea,2017,11,23.31,2.68
Guinea,2017,12,22.08,0.0
Guinea,2017,13,24.96,5.62
Guinea,2018,1,22.75,0.14
Guinea,2018,2,26.24,0.15
Guinea,2018,3,28.85,0.26
Guinea,2018,4,29.04,1.49
Guinea,2018,5,29.24,3.14
Guinea,2018,6,24.42,10.18
Guinea,2018,7,23.12,15.33
Guinea,2018,8,22.34,32.23
Guinea,2018,9,22.79,25.39
Guinea,2018,10,23.64,2.71
Guinea,2018,11,23.08,0.21
Guinea,2018,12,21.87,0.1
Guinea,2018,13,24.77,7.65
Guinea,2019,1,23.2,0.0
Guinea,2019,2,26.3,0.0
Guinea,2019,3,27.55,0.29
Guinea,2019,4,30.25,0.59
Guinea,2019,5,29.13,1.95
Guinea,2019,6,26.09,8.18
Guinea,2019,7,23.62,17.24
Guinea,2019,8,22.88,21.79
Guinea,2019,9,23.54,11.67
Guinea,2019,10,23.78,3.8
Guinea,2019,11,23.25,0.55
Guinea,2019,12,22.35,0.0
Guinea,2019,13,25.15,5.55
Guinea,2020,1,22.98,0.05
Guinea,2020,2,25.73,0.81
Guinea,2020,3,28.31,0.26
Guinea,2020,4,28.32,3.1
Guinea,2020,5,26.15,18.12
Guinea,2020,6,24.4,6.66
Guinea,2020,7,23.17,13.16
Guinea,2020,8,22.96,13.04
Guinea,2020,9,23.13,16.73
Guinea,2020,10,23.53,3.57
Guinea,2020,11,22.88,0.03
Guinea,2020,12,24.19,0.0
Guinea,2020,13,24.64,6.32
Guinea,2021,1,24.58,0.0
Guinea,2021,2,26.83,0.06
Guinea,2021,3,29.13,0.08
Guinea,2021,4,28.82,2.18
Guinea,2021,5,26.99,6.01
Guinea,2021,6,24.91,11.04
Guinea,2021,7,23.5,26.07
Guinea,2021,8,22.95,25.67
Guinea,2021,9,23.47,18.65
Guinea,2021,10,24.0,8.09
Guinea,2021,11,23.59,0.15
Guinea,2021,12,22.68,0.0
Guinea,2021,13,25.11,8.24
Guinea,2022,1,22.57,0.0
Guinea,2022,2,25.65,0.04
Guinea,2022,3,29.03,0.1
Guinea,2022,4,30.01,0.37
Guinea,2022,5,27.35,4.77
Guinea,2022,6,24.99,5.71
Guinea,2022,7,23.63,10.71
Guinea,2022,8,22.87,26.35
Guinea,2022,9,23.03,12.5
Guinea,2022,10,23.35,8.43
Guinea,2022,11,22.52,0.72
Guinea,2022,12,22.27,0.24
Guinea,2022,13,24.76,5.89
Guinea,2023,1,23.1,0.08
Guinea,2023,2,26.68,0.0
Guinea,2023,3,28.82,0.49
Guinea,2023,4,28.81,1.53
Guinea,2023,5,25.73,12.08
Guinea,2023,6,24.43,10.07
Guinea,2023,7,24.27,13.85
Guinea,2023,8,23.82,13.65
Guinea,2023,9,24.02,21.38
Guinea,2023,10,24.07,10.79
Guinea,2023,11,24.04,0.81
Guinea,2023,12,22.02,0.01
Guinea,2023,13,24.97,7.1
Guinea,2024,1,23.56,0.0
Guinea,2024,2,26.3,0.0
Guinea,2024,3,30.11,0.01
Guinea,2024,4,29.28,3.27
Guinea,2024,5,27.58,5.44
Guinea,2024,6,25.25,15.71
Guinea,2024,7,23.82,18.04
Guinea,2024,8,23.47,21.31
Guinea,2024,9,23.39,18.18
Guinea,2024,10,23.81,7.63
Guinea,2024,11,22.51,0.13
Guinea,2024,12,21.3,0.0
Guinea,2024,13,25.02,7.5
Guinea-Bissau,2005,1,23.46,0.0
Guinea-Bissau,2005,2,28.01,0.07
Guinea-Bissau,2005,3,30.46,0.0
Guinea-Bissau,2005,4,31.33,0.0
Guinea-Bissau,2005,5,30.26,0.73
Guinea-Bissau,2005,6,28.22,6.04
Guinea-Bissau,2005,7,26.46,11.16
Guinea-Bissau,2005,8,26.05,13.21
Guinea-Bissau,2005,9,26.33,12.87
Guinea-Bissau,2005,10,26.26,7.79
Guinea-Bissau,2005,11,25.14,0.18
Guinea-Bissau,2005,12,23.32,0.0
Guinea-Bissau,2005,13,27.09,4.37
Guinea-Bissau,2006,1,22.37,0.02
Guinea-Bissau,2006,2,25.17,0.01
Guinea-Bissau,2006,3,27.95,0.01
Guinea-Bissau,2006,4,29.92,0.0
Guinea-Bissau,2006,5,30.44,0.99
Guinea-Bissau,2006,6,28.04,4.76
Guinea-Bissau,2006,7,26.58,9.04
Guinea-Bissau,2006,8,26.03,12.33
Guinea-Bissau,2006,9,26.18,10.73
Guinea-Bissau,2006,10,26.93,4.56
Guinea-Bissau,2006,11,25.71,0.08
Guinea-Bissau,2006,12,21.72,0.0
Guinea-Bissau,2006,13,26.42,3.57
Guinea-Bissau,2007,1,23.02,0.0
Guinea-Bissau,2007,2,26.26,0.01
Guinea-Bissau,2007,3,29.05,0.0
Guinea-Bissau,2007,4,30.41,0.0
Guinea-Bissau,2007,5,31.27,0.47
Guinea-Bissau,2007,6,28.91,3.11
Guinea-Bissau,2007,7,26.81,8.13
Guinea-Bissau,2007,8,25.77,13.98
Guinea-Bissau,2007,9,25.99,8.44
Guinea-Bissau,2007,10,26.43,2.65
Guinea-Bissau,2007,11,24.59,0.22
Guinea-Bissau,2007,12,22.79,0.0
Guinea-Bissau,2007,13,26.77,3.11
Guinea-Bissau,2008,1,23.47,0.0
Guinea-Bissau,2008,2,27.8,0.0
Guinea-Bissau,2008,3,30.01,0.0
Guinea-Bissau,2008,4,30.8,0.0
Guinea-Bissau,2008,5,30.77,0.72
Guinea-Bissau,2008,6,28.43,6.65
Guinea-Bissau,2008,7,26.07,18.07
Guinea-Bissau,2008,8,25.81,18.38
Guinea-Bissau,2008,9,26.44,13.1
Guinea-Bissau,2008,10,26.44,6.5
Guinea-Bissau,2008,11,25.8,0.35
Guinea-Bissau,2008,12,22.96,0.0
Guinea-Bissau,2008,13,27.05,5.35
Guinea-Bissau,2009,1,21.12,0.0
Guinea-Bissau,2009,2,24.78,0.0
Guinea-Bissau,2009,3,27.67,0.0
Guinea-Bissau,2009,4,29.66,0.0
Guinea-Bissau,2009,5,30.21,0.93
Guinea-Bissau,2009,6,28.42,4.71
Guinea-Bissau,2009,7,26.72,11.55
Guinea-Bissau,2009,8,25.88,23.38
Guinea-Bissau,2009,9,26.17,17.92
Guinea-Bissau,2009,10,26.71,5.36
Guinea-Bissau,2009,11,25.11,1.66
Guinea-Bissau,2009,12,22.3,0.0
Guinea-Bissau,2009,13,26.23,5.5
Guinea-Bissau,2010,1,23.21,0.0
Guinea-Bissau,2010,2,26.11,0.0
Guinea-Bissau,2010,3,28.35,0.0
Guinea-Bissau,2010,4,30.11,0.08
Guinea-Bissau,2010,5,30.86,0.67
Guinea-Bissau,2010,6,28.93,5.11
Guinea-Bissau,2010,7,26.45,13.19
Guinea-Bissau,2010,8,25.97,17.07
Guinea-Bissau,2010,9,25.78,15.01
Guinea-Bissau,2010,10,26.51,8.93
Guinea-Bissau,2010,11,25.27,1.41
Guinea-Bissau,2010,12,24.33,0.0
Guinea-Bissau,2010,13,26.82,5.16
Guinea-Bissau,2011,1,22.98,0.0
Guinea-Bissau,2011,2,24.92,0.0
Guinea-Bissau,2011,3,27.66,0.0
Guinea-Bissau,2011,4,29.67,0.0
Guinea-Bissau,2011,5,30.45,0.46
Guinea-Bissau,2011,6,27.98,4.82
Guinea-Bissau,2011,7,26.29,10.25
Guinea-Bissau,2011,8,25.91,17.56
Guinea-Bissau,2011,9,26.41,9.65
Guinea-Bissau,2011,10,27.07,3.12
Guinea-Bissau,2011,11,26.17,0.03
Guinea-Bissau,2011,12,22.81,0.0
Guinea-Bissau,2011,13,26.53,3.86
Guinea-Bissau,2012,1,23.49,0.0
Guinea-Bissau,2012,2,25.34,0.0
Guinea-Bissau,2012,3,28.4,0.31
Guinea-Bissau,2012,4,30.51,0.01
Guinea-Bissau,2012,5,29.98,1.04
Guinea-Bissau,2012,6,28.14,7.59
Guinea-Bissau,2012,7,25.91,17.05
Guinea-Bissau,2012,8,25.73,17.74
Guinea-Bissau,2012,9,25.85,17.15
Guinea-Bissau,2012,10,26.67,4.95
Guinea-Bissau,2012,11,26.85,1.3
Guinea-Bissau,2012,12,22.3,0.0
Guinea-Bissau,2012,13,26.59,5.62
Guinea-Bissau,2013,1,22.4,0.05
Guinea-Bissau,2013,2,26.12,0.0
Guinea-Bissau,2013,3,28.86,0.0
Guinea-Bissau,2013,4,29.62,0.0
Guinea-Bissau,2013,5,30.17,1.89
Guinea-Bissau,2013,6,27.84,4.44
Guinea-Bissau,2013,7,26.49,12.05
Guinea-Bissau,2013,8,25.64,20.91
Guinea-Bissau,2013,9,26.28,10.63
Guinea-Bissau,2013,10,26.72,7.51
Guinea-Bissau,2013,11,25.47,0.18
Guinea-Bissau,2013,12,22.91,0.0
Guinea-Bissau,2013,13,26.54,4.86
Guinea-Bissau,2014,1,23.57,0.0
Guinea-Bissau,2014,2,24.75,0.0
Guinea-Bissau,2014,3,27.48,0.0
Guinea-Bissau,2014,4,29.77,0.0
Guinea-Bissau,2014,5,29.33,5.56
Guinea-Bissau,2014,6,27.53,11.58
Guinea-Bissau,2014,7,26.63,8.49
Guinea-Bissau,2014,8,25.82,17.22
Guinea-Bissau,2014,9,26.15,13.26
Guinea-Bissau,2014,10,26.87,5.53
Guinea-Bissau,2014,11,25.8,0.11
Guinea-Bissau,2014,12,22.45,0.0
Guinea-Bissau,2014,13,26.35,5.18
Guinea-Bissau,2015,1,22.46,0.0
Guinea-Bissau,2015,2,25.01,0.0
Guinea-Bissau,2015,3,27.51,0.0
Guinea-Bissau,2015,4,29.18,0.01
Guinea-Bissau,2015,5,30.13,0.52
Guinea-Bissau,2015,6,29.02,2.77
Guinea-Bissau,2015,7,26.64,15.87
Guinea-Bissau,2015,8,26.22,15.33
Guinea-Bissau,2015,9,26.36,10.98
Guinea-Bissau,2015,10,26.92,9.01
Guinea-Bissau,2015,11,25.33,0.54
Guinea-Bissau,2015,12,22.07,0.0
Guinea-Bissau,2015,13,26.4,4.63
Guinea-Bissau,2016,1,23.92,0.01
Guinea-Bissau,2016,2,24.51,0.0
Guinea-Bissau,2016,3,28.15,0.0
Guinea-Bissau,2016,4,29.87,0.01
Guinea-Bissau,2016,5,30.44,0.3
Guinea-Bissau,2016,6,28.68,4.62
Guinea-Bissau,2016,7,26.46,19.26
Guinea-Bissau,2016,8,26.09,10.19
Guinea-Bissau,2016,9,26.17,17.64
Guinea-Bissau,2016,10,27.27,3.85
Guinea-Bissau,2016,11,26.16,0.15
Guinea-Bissau,2016,12,24.25,0.0
Guinea-Bissau,2016,13,26.83,4.68
Guinea-Bissau,2017,1,23.58,0.0
Guinea-Bissau,2017,2,26.14,0.0
Guinea-Bissau,2017,3,29.27,0.0
Guinea-Bissau,2017,4,30.95,0.02
Guinea-Bissau,2017,5,30.81,1.11
Guinea-Bissau,2017,6,29.2,4.4
Guinea-Bissau,2017,7,26.42,21.46
Guinea-Bissau,2017,8,26.35,19.79
Guinea-Bissau,2017,9,26.78,7.04
Guinea-Bissau,2017,10,27.58,1.46
Guinea-Bissau,2017,11,26.28,0.67
Guinea-Bissau,2017,12,22.36,0.0
Guinea-Bissau,2017,13,27.14,4.72
Guinea-Bissau,2018,1,22.54,0.0
Guinea-Bissau,2018,2,24.61,0.0
Guinea-Bissau,2018,3,28.62,0.0
Guinea-Bissau,2018,4,30.04,0.0
Guinea-Bissau,2018,5,30.32,0.29
Guinea-Bissau,2018,6,28.34,4.67
Guinea-Bissau,2018,7,26.29,11.46
Guinea-Bissau,2018,8,25.8,16.93
Guinea-Bissau,2018,9,26.01,17.57
Guinea-Bissau,2018,10,27.03,2.85
Guinea-Bissau,2018,11,25.86,0.25
Guinea-Bissau,2018,12,23.51,0.0
Guinea-Bissau,2018,13,26.59,4.53
Guinea-Bissau,2019,1,23.03,0.0
Guinea-Bissau,2019,2,25.55,0.0
Guinea-Bissau,2019,3,27.21,0.0
Guinea-Bissau,2019,4,30.47,0.04
Guinea-Bissau,2019,5,31.07,0.02
Guinea-Bissau,2019,6,29.7,2.98
Guinea-Bissau,2019,7,26.47,13.75
Guinea-Bissau,2019,8,26.09,15.06
Guinea-Bissau,2019,9,26.45,7.51
Guinea-Bissau,2019,10,26.9,6.6
Guinea-Bissau,2019,11,26.39,0.39
Guinea-Bissau,2019,12,23.67,0.0
Guinea-Bissau,2019,13,26.91,3.91
Guinea-Bissau,2020,1,23.88,0.01
Guinea-Bissau,2020,2,27.91,0.0
Guinea-Bissau,2020,3,30.15,0.0
Guinea-Bissau,2020,4,31.97,0.06
Guinea-Bissau,2020,5,31.25,0.23
Guinea-Bissau,2020,6,28.82,5.64
Guinea-Bissau,2020,7,26.31,21.37
Guinea-Bissau,2020,8,26.06,21.55
Guinea-Bissau,2020,9,26.17,15.47
Guinea-Bissau,2020,10,27.06,13.68
Guinea-Bissau,2020,11,25.21,0.13
Guinea-Bissau,2020,12,24.22,0.0
Guinea-Bissau,2020,13,27.41,6.56
Guinea-Bissau,2021,1,23.98,0.0
Guinea-Bissau,2021,2,26.06,0.0
Guinea-Bissau,2021,3,28.16,0.02
Guinea-Bissau,2021,4,30.06,0.0
Guinea-Bissau,2021,5,30.7,0.19
Guinea-Bissau,2021,6,29.03,3.79
Guinea-Bissau,2021,7,26.79,14.7
Guinea-Bissau,2021,8,26.13,15.03
Guinea-Bissau,2021,9,26.54,16.71
Guinea-Bissau,2021,10,26.73,6.46
Guinea-Bissau,2021,11,26.67,0.32
Guinea-Bissau,2021,12,24.35,0.0
Guinea-Bissau,2021,13,27.1,4.8
Guinea-Bissau,2022,1,23.82,0.0
Guinea-Bissau,2022,2,25.42,0.0
Guinea-Bissau,2022,3,27.96,0.0
Guinea-Bissau,2022,4,30.05,0.0
Guinea-Bissau,2022,5,30.57,1.59
Guinea-Bissau,2022,6,28.15,4.77
Guinea-Bissau,2022,7,26.48,20.49
Guinea-Bissau,2022,8,26.08,27.71
Guinea-Bissau,2022,9,26.21,14.73
Guinea-Bissau,2022,10,26.78,10.88
Guinea-Bissau,2022,11,25.19,0.33
Guinea-Bissau,2022,12,23.86,0.14
Guinea-Bissau,2022,13,26.72,6.79
Guinea-Bissau,2023,1,22.91,0.0
Guinea-Bissau,2023,2,25.79,0.0
Guinea-Bissau,2023,3,28.33,0.04
Guinea-Bissau,2023,4,30.78,0.01
Guinea-Bissau,2023,5,30.71,0.72
Guinea-Bissau,2023,6,28.49,8.04
Guinea-Bissau,2023,7,27.09,13.96
Guinea-Bissau,2023,8,26.98,20.3
Guinea-Bissau,2023,9,27.05,12.79
Guinea-Bissau,2023,10,27.16,7.3
Guinea-Bissau,2023,11,26.24,0.88
Guinea-Bissau,2023,12,24.02,0.0
Guinea-Bissau,2023,13,27.13,5.38
Guinea-Bissau,2024,1,24.47,0.0
Guinea-Bissau,2024,2,27.11,0.0
Guinea-Bissau,2024,3,28.88,0.0
Guinea-Bissau,2024,4,30.97,0.01
Guinea-Bissau,2024,5,31.81,1.55
Guinea-Bissau,2024,6,28.84,3.85
Guinea-Bissau,2024,7,26.9,18.35
Guinea-Bissau,2024,8,26.63,20.16
Guinea-Bissau,2024,9,26.47,21.26
Guinea-Bissau,2024,10,26.76,17.22
Guinea-Bissau,2024,11,26.71,0.07
Guinea-Bissau,2024,12,22.94,0.0
Guinea-Bissau,2024,13,27.37,6.92
Liberia,2005,1,25.47,0.47
Liberia,2005,2,27.66,1.86
Liberia,2005,3,27.28,2.25
Liberia,2005,4,26.62,5.55
Liberia,2005,5,25.54,5.08
Liberia,2005,6,24.67,4.4
Liberia,2005,7,24.67,1.12
Liberia,2005,8,24.75,2.64
Liberia,2005,9,25.62,2.76
Liberia,2005,10,25.52,4.66
Liberia,2005,11,26.17,2.13
Liberia,2005,12,26.66,1.41
Liberia,2005,13,25.87,2.86
Liberia,2006,1,27.28,0.6
Liberia,2006,2,27.95,0.57
Liberia,2006,3,26.99,3.54
Liberia,2006,4,27.2,3.24
Liberia,2006,5,26.24,3.31
Liberia,2006,6,25.16,4.89
Liberia,2006,7,24.48,3.16
Liberia,2006,8,24.05,3.48
Liberia,2006,9,24.44,7.67
Liberia,2006,10,24.9,4.72
Liberia,2006,11,25.74,1.31
Liberia,2006,12,26.75,0.42
Liberia,2006,13,25.92,3.08
Liberia,2007,1,26.55,0.03
Liberia,2007,2,27.58,1.81
Liberia,2007,3,26.72,3.98
Liberia,2007,4,26.29,2.78
Liberia,2007,5,26.56,3.06
Liberia,2007,6,24.85,6.54
Liberia,2007,7,23.93,5.74
Liberia,2007,8,23.75,3.01
Liberia,2007,9,25.05,1.84
Liberia,2007,10,25.41,4.15
Liberia,2007,11,25.18,3.98
Liberia,2007,12,25.71,1.72
Liberia,2007,13,25.62,3.23
Liberia,2008,1,25.86,1.24
Liberia,2008,2,27.68,0.97
Liberia,2008,3,26.05,6.78
Liberia,2008,4,25.98,2.12
Liberia,2008,5,25.98,3.36
Liberia,2008,6,24.93,9.64
Liberia,2008,7,23.83,12.72
Liberia,2008,8,23.39,9.77
Liberia,2008,9,24.19,11.94
Liberia,2008,10,24.63,9.4
Liberia,2008,11,25.26,1.77
Liberia,2008,12,24.77,1.76
Liberia,2008,13,25.2,5.98
Liberia,2009,1,24.09,0.75
Liberia,2009,2,25.35,3.43
Liberia,2009,3,25.95,3.84
Liberia,2009,4,25.75,5.43
Liberia,2009,5,25.48,6.26
Liberia,2009,6,24.85,13.91
Liberia,2009,7,23.5,6.93
Liberia,2009,8,23.47,6.09
Liberia,2009,9,24.07,5.62
Liberia,2009,10,24.61,3.98
Liberia,2009,11,24.77,7.45
Liberia,2009,12,24.64,2.04
Liberia,2009,13,24.7,5.47
Liberia,2010,1,24.9,1.09
Liberia,2010,2,26.33,3.6
Liberia,2010,3,26.23,4.89
Liberia,2010,4,26.53,6.18
Liberia,2010,5,25.93,10.21
Liberia,2010,6,25.05,7.23
Liberia,2010,7,23.78,9.13
Liberia,2010,8,23.68,11.04
Liberia,2010,9,24.11,7.57
Liberia,2010,10,24.61,13.22
Liberia,2010,11,24.84,4.3
Liberia,2010,12,24.66,4.15
Liberia,2010,13,25.04,6.92
Liberia,2011,1,23.63,0.41
Liberia,2011,2,24.86,4.56
Liberia,2011,3,25.6,3.28
Liberia,2011,4,25.9,3.68
Liberia,2011,5,25.71,6.99
Liberia,2011,6,24.88,4.93
Liberia,2011,7,23.77,1.76
Liberia,2011,8,23.9,6.17
Liberia,2011,9,24.42,8.35
Liberia,2011,10,24.7,6.2
Liberia,2011,11,25.17,5.07
Liberia,2011,12,24.36,2.0
Liberia,2011,13,24.74,4.44
Liberia,2012,1,24.14,0.12
Liberia,2012,2,25.19,2.09
Liberia,2012,3,27.11,1.53
Liberia,2012,4,26.5,3.43
Liberia,2012,5,25.09,8.44
Liberia,2012,6,24.51,9.16
Liberia,2012,7,23.3,4.53
Liberia,2012,8,23.31,4.04
Liberia,2012,9,24.07,9.18
Liberia,2012,10,24.53,10.91
Liberia,2012,11,25.29,5.2
Liberia,2012,12,24.13,2.14
Liberia,2012,13,24.76,5.06
Liberia,2013,1,23.85,0.48
Liberia,2013,2,25.53,1.7
Liberia,2013,3,26.2,3.02
Liberia,2013,4,26.49,2.83
Liberia,2013,5,25.5,9.59
Liberia,2013,6,24.55,6.78
Liberia,2013,7,23.47,5.28
Liberia,2013,8,23.39,4.54
Liberia,2013,9,24.15,9.56
Liberia,2013,10,24.5,8.39
Liberia,2013,11,24.71,10.94
Liberia,2013,12,23.48,5.12
Liberia,2013,13,24.64,5.7
Liberia,2014,1,24.99,1.58
Liberia,2014,2,25.22,4.37
Liberia,2014,3,25.12,4.91
Liberia,2014,4,25.51,10.6
Liberia,2014,5,25.25,11.67
Liberia,2014,6,24.72,15.17
Liberia,2014,7,23.76,8.66
Liberia,2014,8,23.4,6.0
Liberia,2014,9,24.01,10.89
Liberia,2014,10,24.95,9.53
Liberia,2014,11,24.93,11.83
Liberia,2014,12,23.89,2.25
Liberia,2014,13,24.64,8.11
Liberia,2015,1,22.88,0.63
Liberia,2015,2,25.18,4.13
Liberia,2015,3,25.84,3.39
Liberia,2015,4,25.73,5.18
Liberia,2015,5,25.7,9.77
Liberia,2015,6,24.49,13.9
Liberia,2015,7,23.84,12.79
Liberia,2015,8,23.87,5.77
Liberia,2015,9,24.31,8.78
Liberia,2015,10,24.82,13.07
Liberia,2015,11,24.97,2.39
Liberia,2015,12,22.35,0.58
Liberia,2015,13,24.49,6.71
Liberia,2016,1,23.47,2.07
Liberia,2016,2,25.59,0.14
Liberia,2016,3,27.56,3.28
Liberia,2016,4,27.72,2.6
Liberia,2016,5,26.79,5.57
Liberia,2016,6,24.75,14.45
Liberia,2016,7,23.78,5.62
Liberia,2016,8,23.98,5.93
Liberia,2016,9,24.37,8.78
Liberia,2016,10,25.17,5.32
Liberia,2016,11,25.24,2.6
Liberia,2016,12,24.45,0.78
Liberia,2016,13,25.23,4.76
Liberia,2017,1,25.38,0.84
Liberia,2017,2,25.92,2.32
Liberia,2017,3,26.82,1.36
Liberia,2017,4,27.41,3.14
Liberia,2017,5,26.51,6.43
Liberia,2017,6,25.01,15.7
Liberia,2017,7,23.77,7.2
Liberia,2017,8,23.82,7.5
Liberia,2017,9,24.36,7.44
Liberia,2017,10,25.16,5.75
Liberia,2017,11,25.13,2.71
Liberia,2017,12,24.87,0.21
Liberia,2017,13,25.34,5.05
Liberia,2018,1,24.88,0.52
Liberia,2018,2,26.81,2.6
Liberia,2018,3,26.59,3.02
Liberia,2018,4,26.22,5.18
Liberia,2018,5,25.53,6.06
Liberia,2018,6,24.63,9.9
Liberia,2018,7,23.88,2.88
Liberia,2018,8,23.63,23.86
Liberia,2018,9,24.18,16.83
Liberia,2018,10,25.01,9.24
Liberia,2018,11,25.13,2.48
Liberia,2018,12,24.37,0.78
Liberia,2018,13,25.06,6.96
Liberia,2019,1,24.65,0.4
Liberia,2019,2,26.23,1.52
Liberia,2019,3,26.85,3.59
Liberia,2019,4,26.41,4.65
Liberia,2019,5,26.05,4.89
Liberia,2019,6,25.02,11.64
Liberia,2019,7,24.05,7.51
Liberia,2019,8,23.71,11.41
Liberia,2019,9,24.5,10.99
Liberia,2019,10,24.82,17.45
Liberia,2019,11,25.54,4.31
Liberia,2019,12,24.78,1.39
Liberia,2019,13,25.21,6.67
Liberia,2020,1,24.44,0.11
Liberia,2020,2,26.11,1.02
Liberia,2020,3,26.57,5.55
Liberia,2020,4,26.18,4.53
Liberia,2020,5,26.05,6.98
Liberia,2020,6,24.9,12.48
Liberia,2020,7,23.62,5.82
Liberia,2020,8,23.28,9.12
Liberia,2020,9,24.24,13.94
Liberia,2020,10,25.08,9.06
Liberia,2020,11,25.2,4.72
Liberia,2020,12,25.25,2.35
Liberia,2020,13,25.07,6.31
Liberia,2021,1,24.91,1.04
Liberia,2021,2,26.01,2.81
Liberia,2021,3,25.68,7.8
Liberia,2021,4,25.85,7.38
Liberia,2021,5,25.82,3.6
Liberia,2021,6,25.03,10.07
Liberia,2021,7,24.04,7.49
Liberia,2021,8,23.95,12.5
Liberia,2021,9,24.46,12.89
Liberia,2021,10,25.24,8.85
Liberia,2021,11,25.47,5.46
Liberia,2021,12,25.32,0.85
Liberia,2021,13,25.14,6.74
Liberia,2022,1,24.22,2.07
Liberia,2022,2,25.78,1.17
Liberia,2022,3,26.24,3.31
Liberia,2022,4,26.17,5.16
Liberia,2022,5,25.66,7.33
Liberia,2022,6,24.77,8.43
Liberia,2022,7,23.78,5.41
Liberia,2022,8,23.49,14.63
Liberia,2022,9,23.99,30.88
Liberia,2022,10,24.99,5.97
Liberia,2022,11,24.88,2.96
Liberia,2022,12,24.49,0.74
Liberia,2022,13,24.86,7.34
Liberia,2023,1,24.72,0.45
Liberia,2023,2,26.42,2.7
Liberia,2023,3,26.56,3.52
Liberia,2023,4,26.65,3.3
Liberia,2023,5,26.51,5.82
Liberia,2023,6,24.88,13.03
Liberia,2023,7,24.7,3.91
Liberia,2023,8,24.57,7.21
Liberia,2023,9,25.05,6.95
Liberia,2023,10,25.45,6.77
Liberia,2023,11,25.89,3.09
Liberia,2023,12,24.92,0.35
Liberia,2023,13,25.52,4.76
Liberia,2024,1,26.79,1.0
Liberia,2024,2,27.73,0.16
Liberia,2024,3,28.62,2.61
Liberia,2024,4,28.23,3.48
Liberia,2024,5,27.24,6.71
Liberia,2024,6,25.84,7.67
Liberia,2024,7,24.26,4.55
Liberia,2024,8,24.38,7.04
Liberia,2024,9,24.84,14.67
Liberia,2024,10,25.19,13.06
Liberia,2024,11,25.49,0.9
Liberia,2024,12,24.42,0.43
Liberia,2024,13,26.08,5.2
Mali,2005,1,19.14,0.14
Mali,2005,2,23.54,0.09
Mali,2005,3,27.55,0.03
Mali,2005,4,31.0,0.0
Mali,2005,5,34.28,0.12
Mali,2005,6,35.02,0.64
Mali,2005,7,33.6,1.7
Mali,2005,8,32.38,2.4
Mali,2005,9,32.52,1.05
Mali,2005,10,30.24,0.03
Mali,2005,11,25.09,0.0
Mali,2005,12,21.68,0.0
Mali,2005,13,28.86,0.52
Mali,2006,1,18.52,0.1
Mali,2006,2,21.4,0.02
Mali,2006,3,26.14,0.0
Mali,2006,4,31.4,0.02
Mali,2006,5,33.37,0.04
Mali,2006,6,35.5,0.14
Mali,2006,7,34.59,1.69
Mali,2006,8,32.01,2.2
Mali,2006,9,31.6,1.04
Mali,2006,10,31.28,0.06
Mali,2006,11,24.3,0.0
Mali,2006,12,18.8,0.0
Mali,2006,13,28.27,0.45
Mali,2007,1,20.04,0.0
Mali,2007,2,22.5,0.01
Mali,2007,3,26.32,0.0
Mali,2007,4,31.07,0.0
Mali,2007,5,33.27,0.03
Mali,2007,6,35.47,0.23
Mali,2007,7,32.73,1.45
Mali,2007,8,30.99,3.02
Mali,2007,9,31.64,0.72
Mali,2007,10,30.35,0.07
Mali,2007,11,24.7,0.0
Mali,2007,12,19.84,0.01
Mali,2007,13,28.26,0.47
Mali,2008,1,16.94,0.0
Mali,2008,2,23.48,0.0
Mali,2008,3,27.41,0.0
Mali,2008,4,30.0,0.05
Mali,2008,5,33.69,0.05
Mali,2008,6,35.16,0.83
Mali,2008,7,32.34,1.92
Mali,2008,8,31.28,2.67
Mali,2008,9,32.11,0.41
Mali,2008,10,30.43,0.27
Mali,2008,11,24.36,0.0
Mali,2008,12,19.99,0.0
Mali,2008,13,28.1,0.52
Mali,2009,1,17.44,0.0
Mali,2009,2,23.76,0.01
Mali,2009,3,29.17,0.01
Mali,2009,4,29.55,0.0
Mali,2009,5,33.71,0.06
Mali,2009,6,35.04,0.5
Mali,2009,7,33.99,1.08
Mali,2009,8,31.71,2.98
Mali,2009,9,31.64,1.44
Mali,2009,10,29.92,0.29
Mali,2009,11,23.9,0.31
Mali,2009,12,21.99,0.02
Mali,2009,13,28.51,0.56
Mali,2010,1,20.41,0.0
Mali,2010,2,26.05,0.0
Mali,2010,3,27.09,0.0
Mali,2010,4,33.11,0.15
Mali,2010,5,35.08,0.12
Mali,2010,6,35.15,0.44
Mali,2010,7,33.23,1.48
Mali,2010,8,31.26,2.88
Mali,2010,9,29.86,3.31
Mali,2010,10,29.64,0.61
Mali,2010,11,25.09,0.0
Mali,2010,12,21.73,0.0
Mali,2010,13,28.98,0.75
Mali,2011,1,20.81,0.0
Mali,2011,2,19.88,0.0
Mali,2011,3,28.16,0.0
Mali,2011,4,30.87,0.0
Mali,2011,5,33.94,0.02
Mali,2011,6,34.98,0.73
Mali,2011,7,33.53,0.99
Mali,2011,8,31.79,1.84
Mali,2011,9,31.97,2.05
Mali,2011,10,29.4,0.02
Mali,2011,11,25.44,0.0
Mali,2011,12,18.57,0.0
Mali,2011,13,28.32,0.47
Mali,2012,1,17.58,0.0
Mali,2012,2,20.09,0.0
Mali,2012,3,25.09,0.0
Mali,2012,4,30.91,0.0
Mali,2012,5,34.4,0.02
Mali,2012,6,34.61,0.98
Mali,2012,7,31.19,3.86
Mali,2012,8,29.3,4.52
Mali,2012,9,29.33,2.14
Mali,2012,10,29.21,0.3
Mali,2012,11,26.6,0.0
Mali,2012,12,19.28,0.04
Mali,2012,13,27.31,1.0
Mali,2013,1,17.98,0.03
Mali,2013,2,21.5,0.0
Mali,2013,3,28.38,0.0
Mali,2013,4,30.35,0.0
Mali,2013,5,33.95,0.09
Mali,2013,6,35.89,0.21
Mali,2013,7,34.0,0.89
Mali,2013,8,31.28,3.1
Mali,2013,9,31.53,1.48
Mali,2013,10,30.14,0.27
Mali,2013,11,25.01,0.0
Mali,2013,12,19.49,0.0
Mali,2013,13,28.32,0.51
Mali,2014,1,20.49,0.19
Mali,2014,2,20.58,0.0
Mali,2014,3,24.69,0.0
Mali,2014,4,30.25,0.0
Mali,2014,5,33.75,0.85
Mali,2014,6,35.11,1.06
Mali,2014,7,33.83,0.97
Mali,2014,8,31.26,3.0
Mali,2014,9,31.45,1.06
Mali,2014,10,29.75,0.53
Mali,2014,11,25.31,0.37
Mali,2014,12,19.56,0.0
Mali,2014,13,28.04,0.68
Mali,2015,1,18.0,0.0
Mali,2015,2,22.83,0.0
Mali,2015,3,24.83,0.01
Mali,2015,4,29.59,0.0
Mali,2015,5,34.31,0.0
Mali,2015,6,35.8,0.19
Mali,2015,7,33.93,1.55
Mali,2015,8,30.73,3.44
Mali,2015,9,31.69,0.81
Mali,2015,10,31.62,0.17
Mali,2015,11,24.99,0.0
Mali,2015,12,19.7,0.0
Mali,2015,13,28.19,0.52
Mali,2016,1,21.02,0.0
Mali,2016,2,21.53,0.0
Mali,2016,3,25.47,0.0
Mali,2016,4,32.6,0.02
Mali,2016,5,35.89,0.26
Mali,2016,6,35.06,1.39
Mali,2016,7,32.81,1.25
Mali,2016,8,30.75,2.91
Mali,2016,9,31.72,1.23
Mali,2016,10,30.53,0.0
Mali,2016,11,25.78,0.0
Mali,2016,12,21.46,0.0
Mali,2016,13,28.73,0.59
Mali,2017,1,17.83,0.0
Mali,2017,2,23.78,0.02
Mali,2017,3,28.36,0.0
Mali,2017,4,31.11,0.0
Mali,2017,5,35.42,0.86
Mali,2017,6,35.32,0.3
Mali,2017,7,33.32,0.94
Mali,2017,8,31.63,2.92
Mali,2017,9,31.98,0.84
Mali,2017,10,29.86,0.0
Mali,2017,11,24.28,0.0
Mali,2017,12,19.02,0.0
Mali,2017,13,28.51,0.5
Mali,2018,1,19.49,0.01
Mali,2018,2,22.79,0.0
Mali,2018,3,27.34,0.0
Mali,2018,4,30.34,0.01
Mali,2018,5,33.84,0.0
Mali,2018,6,35.46,0.39
Mali,2018,7,33.49,1.44
Mali,2018,8,29.51,4.4
Mali,2018,9,30.35,1.55
Mali,2018,10,29.35,0.01
Mali,2018,11,25.95,0.06
Mali,2018,12,20.3,0.0
Mali,2018,13,28.2,0.66
Mali,2019,1,18.07,0.0
Mali,2019,2,20.54,0.0
Mali,2019,3,25.07,0.01
Mali,2019,4,30.13,0.0
Mali,2019,5,34.45,0.0
Mali,2019,6,35.94,0.12
Mali,2019,7,33.86,2.05
Mali,2019,8,30.92,3.8
Mali,2019,9,31.78,0.91
Mali,2019,10,30.35,0.12
Mali,2019,11,25.0,0.07
Mali,2019,12,20.97,0.0
Mali,2019,13,28.12,0.6
Mali,2020,1,19.26,0.11
Mali,2020,2,23.35,0.0
Mali,2020,3,26.53,0.0
Mali,2020,4,31.19,0.43
Mali,2020,5,33.95,0.13
Mali,2020,6,35.81,0.09
Mali,2020,7,32.99,2.22
Mali,2020,8,30.43,4.01
Mali,2020,9,30.45,1.4
Mali,2020,10,29.06,0.28
Mali,2020,11,23.39,0.0
Mali,2020,12,22.8,0.0
Mali,2020,13,28.27,0.73
Mali,2021,1,21.12,0.0
Mali,2021,2,23.28,0.0
Mali,2021,3,25.91,0.0
Mali,2021,4,31.74,0.08
Mali,2021,5,35.82,0.07
Mali,2021,6,36.56,0.09
Mali,2021,7,34.03,0.55
Mali,2021,8,32.04,2.49
Mali,2021,9,32.29,0.76
Mali,2021,10,30.98,0.07
Mali,2021,11,26.79,0.08
Mali,2021,12,22.3,0.07
Mali,2021,13,29.43,0.36
Mali,2022,1,19.68,0.02
Mali,2022,2,22.58,0.01
Mali,2022,3,26.83,0.02
Mali,2022,4,30.55,0.0
Mali,2022,5,33.55,0.08
Mali,2022,6,34.97,0.4
Mali,2022,7,34.14,0.57
Mali,2022,8,32.51,2.0
Mali,2022,9,31.89,1.45
Mali,2022,10,30.27,0.07
Mali,2022,11,24.6,0.0
Mali,2022,12,22.46,0.02
Mali,2022,13,28.7,0.39
Mali,2023,1,20.16,0.0
Mali,2023,2,23.99,0.0
Mali,2023,3,27.87,0.01
Mali,2023,4,30.21,0.0
Mali,2023,5,34.69,0.08
Mali,2023,6,35.43,1.4
Mali,2023,7,34.49,0.93
Mali,2023,8,34.12,0.29
Mali,2023,9,34.27,1.23
Mali,2023,10,32.07,0.0
Mali,2023,11,26.05,0.0
Mali,2023,12,20.79,0.0
Mali,2023,13,29.54,0.33
Mali,2024,1,20.98,0.0
Mali,2024,2,23.03,0.0
Mali,2024,3,28.14,0.0
Mali,2024,4,32.36,0.02
Mali,2024,5,35.6,0.14
Mali,2024,6,36.83,0.08
Mali,2024,7,34.49,0.52
Mali,2024,8,32.69,1.01
Mali,2024,9,32.14,0.91
Mali,2024,10,31.79,0.12
Mali,2024,11,24.91,0.0
Mali,2024,12,20.76,0.0
Mali,2024,13,29.49,0.23
Mauritania,2005,1,15.25,0.04
Mauritania,2005,2,17.35,0.16
Mauritania,2005,3,22.63,0.01
Mauritania,2005,4,27.21,0.0
Mauritania,2005,5,31.92,0.03
Mauritania,2005,6,33.2,0.32
Mauritania,2005,7,34.16,0.05
Mauritania,2005,8,33.65,0.18
Mauritania,2005,9,31.71,0.35
Mauritania,2005,10,29.06,0.02
Mauritania,2005,11,22.93,0.0
Mauritania,2005,12,18.83,0.1
Mauritania,2005,13,26.54,0.1
Mauritania,2006,1,14.17,0.11
Mauritania,2006,2,17.2,0.06
Mauritania,2006,3,22.79,0.0
Mauritania,2006,4,28.04,0.0
Mauritania,2006,5,29.63,0.04
Mauritania,2006,6,32.82,0.0
Mauritania,2006,7,35.15,0.08
Mauritania,2006,8,34.11,0.22
Mauritania,2006,9,32.1,0.06
Mauritania,2006,10,28.82,0.0
Mauritania,2006,11,22.69,0.01
Mauritania,2006,12,15.56,0.0
Mauritania,2006,13,26.13,0.05
Mauritania,2007,1,16.96,0.02
Mauritania,2007,2,19.25,0.0
Mauritania,2007,3,21.74,0.02
Mauritania,2007,4,24.81,0.04
Mauritania,2007,5,28.05,0.02
Mauritania,2007,6,31.67,0.0
Mauritania,2007,7,34.16,0.09
Mauritania,2007,8,33.5,0.43
Mauritania,2007,9,32.88,0.09
Mauritania,2007,10,27.81,0.04
Mauritania,2007,11,22.21,0.0
Mauritania,2007,12,16.63,0.01
Mauritania,2007,13,25.84,0.06
Mauritania,2008,1,14.76,0.0
Mauritania,2008,2,21.25,0.01
Mauritania,2008,3,24.78,0.0
Mauritania,2008,4,27.4,0.0
Mauritania,2008,5,27.76,0.0
Mauritania,2008,6,31.95,0.14
Mauritania,2008,7,33.76,0.54
Mauritania,2008,8,33.31,0.6
Mauritania,2008,9,32.0,0.43
Mauritania,2008,10,26.22,0.24
Mauritania,2008,11,20.75,0.0
Mauritania,2008,12,16.24,0.0
Mauritania,2008,13,25.85,0.16
Mauritania,2009,1,13.72,0.0
Mauritania,2009,2,18.13,0.01
Mauritania,2009,3,22.47,0.05
Mauritania,2009,4,24.45,0.0
Mauritania,2009,5,29.98,0.02
Mauritania,2009,6,32.63,0.3
Mauritania,2009,7,34.51,0.06
Mauritania,2009,8,33.85,0.04
Mauritania,2009,9,31.49,0.99
Mauritania,2009,10,27.56,0.01
Mauritania,2009,11,21.73,0.04
Mauritania,2009,12,20.2,0.15
Mauritania,2009,13,25.94,0.14
Mauritania,2010,1,17.51,0.0
Mauritania,2010,2,21.98,0.0
Mauritania,2010,3,24.46,0.0
Mauritania,2010,4,29.21,0.01
Mauritania,2010,5,30.61,0.07
Mauritania,2010,6,32.89,0.05
Mauritania,2010,7,34.56,0.23
Mauritania,2010,8,32.95,1.74
Mauritania,2010,9,30.11,1.94
Mauritania,2010,10,27.31,0.65
Mauritania,2010,11,21.49,0.0
Mauritania,2010,12,19.84,0.01
Mauritania,2010,13,26.93,0.39
Mauritania,2011,1,16.71,0.04
Mauritania,2011,2,15.77,0.02
Mauritania,2011,3,22.29,0.0
Mauritania,2011,4,26.63,0.01
Mauritania,2011,5,30.89,0.15
Mauritania,2011,6,33.18,0.02
Mauritania,2011,7,33.87,0.07
Mauritania,2011,8,33.74,0.41
Mauritania,2011,9,32.99,0.04
Mauritania,2011,10,27.51,0.05
Mauritania,2011,11,21.53,0.0
Mauritania,2011,12,15.61,0.41
Mauritania,2011,13,25.95,0.1
Mauritania,2012,1,15.01,0.04
Mauritania,2012,2,15.21,0.01
Mauritania,2012,3,21.63,0.05
Mauritania,2012,4,24.72,0.06
Mauritania,2012,5,29.85,0.01
Mauritania,2012,6,32.61,0.02
Mauritania,2012,7,33.85,0.36
Mauritania,2012,8,33.11,0.54
Mauritania,2012,9,31.46,0.25
Mauritania,2012,10,28.51,0.1
Mauritania,2012,11,24.03,0.23
Mauritania,2012,12,14.63,0.0
Mauritania,2012,13,25.41,0.14
Mauritania,2013,1,14.39,0.0
Mauritania,2013,2,18.16,0.0
Mauritania,2013,3,23.03,0.02
Mauritania,2013,4,26.59,0.0
Mauritania,2013,5,28.95,0.02
Mauritania,2013,6,32.83,0.01
Mauritania,2013,7,35.0,0.12
Mauritania,2013,8,32.77,0.85
Mauritania,2013,9,31.55,0.37
Mauritania,2013,10,28.5,0.12
Mauritania,2013,11,21.91,0.01
Mauritania,2013,12,17.52,0.05
Mauritania,2013,13,25.97,0.13
Mauritania,2014,1,15.8,0.12
Mauritania,2014,2,16.67,0.0
Mauritania,2014,3,21.25,0.0
Mauritania,2014,4,27.54,0.03
Mauritania,2014,5,30.92,0.02
Mauritania,2014,6,32.79,0.01
Mauritania,2014,7,33.56,0.04
Mauritania,2014,8,33.74,0.15
Mauritania,2014,9,32.83,0.04
Mauritania,2014,10,28.92,0.27
Mauritania,2014,11,22.01,0.01
Mauritania,2014,12,16.04,0.0
Mauritania,2014,13,26.05,0.06
Mauritania,2015,1,14.74,0.03
Mauritania,2015,2,18.26,0.0
Mauritania,2015,3,20.04,0.04
Mauritania,2015,4,28.23,0.0
Mauritania,2015,5,30.67,0.0
Mauritania,2015,6,33.1,0.0
Mauritania,2015,7,34.54,0.01
Mauritania,2015,8,33.31,0.91
Mauritania,2015,9,31.75,0.66
Mauritania,2015,10,28.63,0.56
Mauritania,2015,11,21.36,0.0
Mauritania,2015,12,16.69,0.0
Mauritania,2015,13,25.98,0.19
Mauritania,2016,1,18.4,0.09
Mauritania,2016,2,18.15,0.0
Mauritania,2016,3,20.74,0.0
Mauritania,2016,4,27.85,0.0
Mauritania,2016,5,31.14,0.04
Mauritania,2016,6,32.47,0.07
Mauritania,2016,7,34.29,0.32
Mauritania,2016,8,33.23,1.58
Mauritania,2016,9,32.2,0.12
Mauritania,2016,10,29.01,0.04
Mauritania,2016,11,22.39,0.07
Mauritania,2016,12,17.62,0.07
Mauritania,2016,13,26.48,0.2
Mauritania,2017,1,13.8,0.0
Mauritania,2017,2,19.24,0.0
Mauritania,2017,3,24.1,0.0
Mauritania,2017,4,27.3,0.0
Mauritania,2017,5,32.6,0.0
Mauritania,2017,6,33.38,0.48
Mauritania,2017,7,34.04,0.06
Mauritania,2017,8,33.8,0.49
Mauritania,2017,9,31.94,0.15
Mauritania,2017,10,28.19,0.0
Mauritania,2017,11,22.4,0.0
Mauritania,2017,12,14.98,0.0
Mauritania,2017,13,26.35,0.1
Mauritania,2018,1,14.73,0.0
Mauritania,2018,2,16.18,0.0
Mauritania,2018,3,22.59,0.0
Mauritania,2018,4,24.92,0.0
Mauritania,2018,5,28.23,0.01
Mauritania,2018,6,32.23,0.03
Mauritania,2018,7,34.33,0.43
Mauritania,2018,8,33.02,1.08
Mauritania,2018,9,31.52,0.56
Mauritania,2018,10,28.04,0.64
Mauritania,2018,11,21.63,0.0
Mauritania,2018,12,16.1,0.0
Mauritania,2018,13,25.34,0.23
Mauritania,2019,1,14.29,0.0
Mauritania,2019,2,16.65,0.01
Mauritania,2019,3,21.05,0.03
Mauritania,2019,4,24.46,0.0
Mauritania,2019,5,30.46,0.01
Mauritania,2019,6,32.38,0.0
Mauritania,2019,7,34.8,0.0
Mauritania,2019,8,34.4,0.06
Mauritania,2019,9,33.52,0.02
Mauritania,2019,10,28.88,0.2
Mauritania,2019,11,21.74,0.0
Mauritania,2019,12,17.63,0.0
Mauritania,2019,13,25.91,0.03
Mauritania,2020,1,15.51,0.0
Mauritania,2020,2,20.65,0.12
Mauritania,2020,3,21.25,0.88
Mauritania,2020,4,26.25,0.09
Mauritania,2020,5,30.32,0.0
Mauritania,2020,6,33.88,0.15
Mauritania,2020,7,34.51,0.37
Mauritania,2020,8,33.82,0.8
Mauritania,2020,9,31.62,1.26
Mauritania,2020,10,25.85,9.1
Mauritania,2020,11,19.32,0.0
Mauritania,2020,12,16.48,0.01
Mauritania,2020,13,25.79,1.08
Mauritania,2021,1,16.06,0.0
Mauritania,2021,2,18.12,0.0
Mauritania,2021,3,21.17,0.0
Mauritania,2021,4,27.39,0.07
Mauritania,2021,5,31.0,0.26
Mauritania,2021,6,33.87,0.0
Mauritania,2021,7,34.82,0.0
Mauritania,2021,8,32.46,1.96
Mauritania,2021,9,31.83,0.26
Mauritania,2021,10,28.34,0.26
Mauritania,2021,11,23.26,0.07
Mauritania,2021,12,19.19,0.03
Mauritania,2021,13,26.5,0.25
Mauritania,2022,1,18.09,0.02
Mauritania,2022,2,19.96,0.0
Mauritania,2022,3,21.23,0.0
Mauritania,2022,4,25.9,0.0
Mauritania,2022,5,31.83,0.08
Mauritania,2022,6,33.25,0.08
Mauritania,2022,7,35.09,0.01
Mauritania,2022,8,34.12,0.82
Mauritania,2022,9,31.82,0.73
Mauritania,2022,10,28.71,0.0
Mauritania,2022,11,21.75,0.0
Mauritania,2022,12,20.23,0.03
Mauritania,2022,13,26.87,0.15
Mauritania,2023,1,16.74,0.0
Mauritania,2023,2,19.79,0.04
Mauritania,2023,3,24.17,1.96
Mauritania,2023,4,26.27,0.09
Mauritania,2023,5,29.47,0.09
Mauritania,2023,6,32.77,0.0
Mauritania,2023,7,35.27,0.0
Mauritania,2023,8,35.05,0.0
Mauritania,2023,9,33.97,0.02
Mauritania,2023,10,29.83,0.0
Mauritania,2023,11,22.58,0.0
Mauritania,2023,12,18.17,0.0
Mauritania,2023,13,27.05,0.19
Mauritania,2024,1,18.15,0.0
Mauritania,2024,2,20.45,0.0
Mauritania,2024,3,22.53,0.0
Mauritania,2024,4,28.22,0.01
Mauritania,2024,5,31.16,0.02
Mauritania,2024,6,34.06,0.0
Mauritania,2024,7,35.8,0.07
Mauritania,2024,8,34.09,0.39
Mauritania,2024,9,31.46,1.7
Mauritania,2024,10,29.12,0.03
Mauritania,2024,11,23.38,0.0
Mauritania,2024,12,17.57,0.0
Mauritania,2024,13,27.18,0.18
Senegal,2005,1,26.04,0.0
Senegal,2005,2,28.93,0.06
Senegal,2005,3,31.37,0.0
Senegal,2005,4,33.16,0.0
Senegal,2005,5,33.27,0.36
Senegal,2005,6,32.08,2.76
Senegal,2005,7,28.12,5.91
Senegal,2005,8,27.1,7.22
Senegal,2005,9,26.71,7.2
Senegal,2005,10,26.3,2.8
Senegal,2005,11,25.65,0.0
Senegal,2005,12,25.65,0.0
Senegal,2005,13,28.69,2.21
Senegal,2006,1,25.17,0.12
Senegal,2006,2,27.54,0.0
Senegal,2006,3,30.9,0.06
Senegal,2006,4,32.65,0.0
Senegal,2006,5,33.41,0.23
Senegal,2006,6,31.17,3.05
Senegal,2006,7,29.8,2.58
Senegal,2006,8,27.4,8.64
Senegal,2006,9,26.76,5.3
Senegal,2006,10,27.91,2.09
Senegal,2006,11,27.22,0.0
Senegal,2006,12,24.81,0.0
Senegal,2006,13,28.73,1.85
Senegal,2007,1,25.89,0.0
Senegal,2007,2,27.93,0.0
Senegal,2007,3,30.55,0.0
Senegal,2007,4,32.99,0.0
Senegal,2007,5,34.2,0.02
Senegal,2007,6,32.16,1.34
Senegal,2007,7,29.1,5.07
Senegal,2007,8,26.54,9.65
Senegal,2007,9,26.52,5.16
Senegal,2007,10,26.85,1.21
Senegal,2007,11,25.8,0.21
Senegal,2007,12,25.24,0.0
Senegal,2007,13,28.65,1.91
Senegal,2008,1,24.58,0.0
Senegal,2008,2,29.2,0.01
Senegal,2008,3,31.56,0.0
Senegal,2008,4,33.27,0.0
Senegal,2008,5,33.99,0.12
Senegal,2008,6,31.03,3.9
Senegal,2008,7,27.02,8.16
Senegal,2008,8,26.49,10.06
Senegal,2008,9,26.68,7.33
Senegal,2008,10,26.67,2.78
Senegal,2008,11,25.22,0.0
Senegal,2008,12,24.06,0.0
Senegal,2008,13,28.3,2.71
Senegal,2009,1,23.2,0.0
Senegal,2009,2,27.6,0.0
Senegal,2009,3,30.51,0.0
Senegal,2009,4,32.9,0.0
Senegal,2009,5,33.8,0.13
Senegal,2009,6,31.79,3.57
Senegal,2009,7,27.81,6.52
Senegal,2009,8,26.76,11.81
Senegal,2009,9,26.68,7.72
Senegal,2009,10,26.59,1.23
Senegal,2009,11,24.59,0.16
Senegal,2009,12,23.54,0.01
Senegal,2009,13,27.97,2.61
Senegal,2010,1,25.17,0.0
Senegal,2010,2,29.32,0.0
Senegal,2010,3,31.65,0.0
Senegal,2010,4,33.56,0.01
Senegal,2010,5,34.75,0.08
Senegal,2010,6,31.74,3.37
Senegal,2010,7,27.91,6.16
Senegal,2010,8,26.66,7.22
Senegal,2010,9,26.3,8.48
Senegal,2010,10,26.51,2.24
Senegal,2010,11,25.12,0.02
Senegal,2010,12,25.76,0.0
Senegal,2010,13,28.69,2.31
Senegal,2011,1,25.69,0.0
Senegal,2011,2,27.21,0.0
Senegal,2011,3,30.82,0.0
Senegal,2011,4,33.17,0.0
Senegal,2011,5,33.79,0.04
Senegal,2011,6,32.65,1.16
Senegal,2011,7,29.28,3.64
Senegal,2011,8,27.19,9.32
Senegal,2011,9,26.93,4.11
Senegal,2011,10,27.88,0.88
Senegal,2011,11,28.04,0.03
Senegal,2011,12,25.18,0.0
Senegal,2011,13,28.99,1.61
Senegal,2012,1,25.65,0.0
Senegal,2012,2,26.91,0.0
Senegal,2012,3,29.86,0.62
Senegal,2012,4,32.07,0.0
Senegal,2012,5,33.33,0.61
Senegal,2012,6,32.35,1.6
Senegal,2012,7,28.25,4.35
Senegal,2012,8,26.92,7.53
Senegal,2012,9,26.49,7.48
Senegal,2012,10,27.27,1.37
Senegal,2012,11,28.22,0.17
Senegal,2012,12,24.9,0.0
Senegal,2012,13,28.51,1.98
Senegal,2013,1,25.58,0.01
Senegal,2013,2,28.7,0.0
Senegal,2013,3,32.47,0.0
Senegal,2013,4,32.56,0.0
Senegal,2013,5,34.21,0.05
Senegal,2013,6,31.94,1.33
Senegal,2013,7,29.18,4.79
Senegal,2013,8,26.66,9.21
Senegal,2013,9,26.74,6.25
Senegal,2013,10,27.01,1.62
Senegal,2013,11,26.57,0.02
Senegal,2013,12,25.33,0.01
Senegal,2013,13,28.91,1.96
Senegal,2014,1,26.63,0.0
Senegal,2014,2,26.8,0.0
Senegal,2014,3,29.94,0.0
Senegal,2014,4,33.08,0.06
Senegal,2014,5,33.93,0.34
Senegal,2014,6,32.2,2.84
Senegal,2014,7,29.49,2.78
Senegal,2014,8,27.11,6.96
Senegal,2014,9,27.11,6.71
Senegal,2014,10,27.27,2.0
Senegal,2014,11,27.08,0.0
Senegal,2014,12,25.05,0.0
Senegal,2014,13,28.81,1.82
Senegal,2015,1,25.56,0.0
Senegal,2015,2,28.08,0.0
Senegal,2015,3,29.71,0.0
Senegal,2015,4,32.63,0.0
Senegal,2015,5,33.23,0.0
Senegal,2015,6,33.26,0.43
Senegal,2015,7,30.06,3.78
Senegal,2015,8,27.42,7.34
Senegal,2015,9,26.94,6.5
Senegal,2015,10,27.46,2.61
Senegal,2015,11,25.68,0.02
Senegal,2015,12,24.0,0.0
Senegal,2015,13,28.66,1.74
Senegal,2016,1,26.67,0.01
Senegal,2016,2,27.22,0.0
Senegal,2016,3,30.57,0.0
Senegal,2016,4,33.45,0.0
Senegal,2016,5,34.24,0.0
Senegal,2016,6,32.6,1.6
Senegal,2016,7,29.18,3.58
Senegal,2016,8,27.63,4.99
Senegal,2016,9,27.0,5.07
Senegal,2016,10,29.3,0.36
Senegal,2016,11,28.45,0.0
Senegal,2016,12,26.99,0.0
Senegal,2016,13,29.44,1.3
Senegal,2017,1,26.31,0.0
Senegal,2017,2,28.72,0.0
Senegal,2017,3,32.12,0.0
Senegal,2017,4,33.27,0.0
Senegal,2017,5,34.4,0.16
Senegal,2017,6,32.85,3.54
Senegal,2017,7,28.13,5.52
Senegal,2017,8,27.08,8.97
Senegal,2017,9,27.12,3.2
Senegal,2017,10,28.02,0.58
Senegal,2017,11,27.8,0.0
Senegal,2017,12,25.26,0.0
Senegal,2017,13,29.25,1.85
Senegal,2018,1,25.49,0.0
Senegal,2018,2,26.9,0.0
Senegal,2018,3,31.38,0.0
Senegal,2018,4,32.45,0.0
Senegal,2018,5,33.45,0.0
Senegal,2018,6,32.68,1.8
Senegal,2018,7,29.0,3.04
Senegal,2018,8,27.32,4.83
Senegal,2018,9,26.8,8.46
Senegal,2018,10,27.37,1.6
Senegal,2018,11,27.49,0.02
Senegal,2018,12,25.65,0.0
Senegal,2018,13,28.84,1.65
Senegal,2019,1,26.06,0.0
Senegal,2019,2,28.26,0.0
Senegal,2019,3,29.04,0.0
Senegal,2019,4,33.28,0.0
Senegal,2019,5,34.15,0.0
Senegal,2019,6,33.6,0.11
Senegal,2019,7,30.09,2.68
Senegal,2019,8,28.4,7.57
Senegal,2019,9,27.14,4.43
Senegal,2019,10,27.7,1.75
Senegal,2019,11,28.37,0.04
Senegal,2019,12,26.49,0.0
Senegal,2019,13,29.38,1.4
Senegal,2020,1,25.97,0.0
Senegal,2020,2,29.88,0.0
Senegal,2020,3,31.12,0.0
Senegal,2020,4,33.86,0.02
Senegal,2020,5,34.01,0.17
Senegal,2020,6,31.87,2.07
Senegal,2020,7,28.35,5.33
Senegal,2020,8,27.1,6.47
Senegal,2020,9,26.83,10.61
Senegal,2020,10,26.7,2.42
Senegal,2020,11,24.33,0.01
Senegal,2020,12,26.18,0.0
Senegal,2020,13,28.84,2.26
Senegal,2021,1,26.64,0.0
Senegal,2021,2,28.68,0.0
Senegal,2021,3,31.06,0.0
Senegal,2021,4,33.75,0.0
Senegal,2021,5,34.07,0.0
Senegal,2021,6,32.22,3.32
Senegal,2021,7,28.53,4.93
Senegal,2021,8,26.91,12.62
Senegal,2021,9,26.93,8.11
Senegal,2021,10,26.79,2.19
Senegal,2021,11,26.32,0.08
Senegal,2021,12,25.35,0.0
Senegal,2021,13,28.93,2.62
Senegal,2022,1,26.02,0.0
Senegal,2022,2,27.86,0.0
Senegal,2022,3,30.9,0.0
Senegal,2022,4,33.56,0.0
Senegal,2022,5,33.8,0.86
Senegal,2022,6,30.83,2.32
Senegal,2022,7,28.4,5.4
Senegal,2022,8,26.83,10.14
Senegal,2022,9,26.55,8.64
Senegal,2022,10,26.59,2.88
Senegal,2022,11,23.81,0.0
Senegal,2022,12,24.26,0.09
Senegal,2022,13,28.28,2.55
Senegal,2023,1,24.93,0.0
Senegal,2023,2,29.44,0.0
Senegal,2023,3,31.54,0.0
Senegal,2023,4,33.86,0.0
Senegal,2023,5,34.57,0.06
Senegal,2023,6,32.34,2.44
Senegal,2023,7,29.01,5.47
Senegal,2023,8,27.89,9.6
Senegal,2023,9,27.44,4.9
Senegal,2023,10,27.47,2.43
Senegal,2023,11,26.81,0.03
Senegal,2023,12,25.59,0.0
Senegal,2023,13,29.23,2.1
Senegal,2024,1,27.41,0.0
Senegal,2024,2,29.85,0.0
Senegal,2024,3,32.21,0.0
Senegal,2024,4,34.84,0.0
Senegal,2024,5,35.58,0.11
Senegal,2024,6,33.0,1.42
Senegal,2024,7,29.08,4.57
Senegal,2024,8,27.85,5.84
Senegal,2024,9,27.14,8.26
Senegal,2024,10,27.16,2.07
Senegal,2024,11,26.25,0.0
Senegal,2024,12,24.93,0.06
Senegal,2024,13,29.6,1.86
Sierra Leone,2005,1,25.8,0.03
Sierra Leone,2005,2,29.6,1.01
Sierra Leone,2005,3,29.46,1.11
Sierra Leone,2005,4,29.4,0.17
Sierra Leone,2005,5,27.93,2.39
Sierra Leone,2005,6,25.96,5.81
Sierra Leone,2005,7,24.86,3.97
Sierra Leone,2005,8,24.47,6.76
Sierra Leone,2005,9,24.79,4.71
Sierra Leone,2005,10,25.59,2.31
Sierra Leone,2005,11,26.34,0.42
Sierra Leone,2005,12,27.13,0.67
Sierra Leone,2005,13,26.76,2.45
Sierra Leone,2006,1,28.12,0.05
Sierra Leone,2006,2,28.92,0.05
Sierra Leone,2006,3,29.41,0.25
Sierra Leone,2006,4,28.94,1.38
Sierra Leone,2006,5,28.16,1.5
Sierra Leone,2006,6,26.47,4.28
Sierra Leone,2006,7,25.15,4.57
Sierra Leone,2006,8,24.44,5.03
Sierra Leone,2006,9,24.8,7.54
Sierra Leone,2006,10,25.55,3.18
Sierra Leone,2006,11,26.58,0.31
Sierra Leone,2006,12,26.89,0.02
Sierra Leone,2006,13,26.94,2.35
Sierra Leone,2007,1,27.69,0.0
Sierra Leone,2007,2,29.54,0.43
Sierra Leone,2007,3,30.17,0.55
Sierra Leone,2007,4,29.41,0.4
Sierra Leone,2007,5,28.7,2.23
Sierra Leone,2007,6,26.68,3.49
Sierra Leone,2007,7,24.94,6.86
Sierra Leone,2007,8,24.32,8.91
Sierra Leone,2007,9,24.89,2.16
Sierra Leone,2007,10,25.76,0.77
Sierra Leone,2007,11,27.24,0.21
Sierra Leone,2007,12,27.92,0.23
Sierra Leone,2007,13,27.26,2.21
Sierra Leone,2008,1,28.4,0.0
Sierra Leone,2008,2,30.12,0.0
Sierra Leone,2008,3,28.91,1.5
Sierra Leone,2008,4,29.9,0.53
Sierra Leone,2008,5,27.09,5.14
Sierra Leone,2008,6,25.76,10.83
Sierra Leone,2008,7,24.51,12.01
Sierra Leone,2008,8,24.21,16.36
Sierra Leone,2008,9,24.94,16.58
Sierra Leone,2008,10,25.34,9.62
Sierra Leone,2008,11,25.85,0.01
Sierra Leone,2008,12,25.47,0.04
Sierra Leone,2008,13,26.69,6.07
Sierra Leone,2009,1,26.07,0.01
Sierra Leone,2009,2,28.49,0.03
Sierra Leone,2009,3,29.89,0.32
Sierra Leone,2009,4,30.2,0.52
Sierra Leone,2009,5,29.24,4.36
Sierra Leone,2009,6,25.52,16.05
Sierra Leone,2009,7,24.7,9.54
Sierra Leone,2009,8,24.11,41.96
Sierra Leone,2009,9,25.07,28.96
Sierra Leone,2009,10,25.32,4.9
Sierra Leone,2009,11,24.95,1.25
Sierra Leone,2009,12,24.53,0.42
Sierra Leone,2009,13,26.49,9.07
Sierra Leone,2010,1,26.38,0.0
Sierra Leone,2010,2,28.56,0.44
Sierra Leone,2010,3,29.52,0.41
Sierra Leone,2010,4,29.57,4.26
Sierra Leone,2010,5,28.13,0.99
Sierra Leone,2010,6,27.06,3.52
Sierra Leone,2010,7,24.69,28.5
Sierra Leone,2010,8,24.21,18.57
Sierra Leone,2010,9,24.54,14.37
Sierra Leone,2010,10,25.38,5.32
Sierra Leone,2010,11,25.53,0.13
Sierra Leone,2010,12,25.19,0.56
Sierra Leone,2010,13,26.55,6.48
Sierra Leone,2011,1,25.58,0.0
Sierra Leone,2011,2,28.44,0.32
Sierra Leone,2011,3,29.3,0.6
Sierra Leone,2011,4,29.6,0.46
Sierra Leone,2011,5,28.32,3.0
Sierra Leone,2011,6,27.19,3.74
Sierra Leone,2011,7,24.75,4.91
Sierra Leone,2011,8,24.73,8.22
Sierra Leone,2011,9,24.98,6.46
Sierra Leone,2011,10,25.59,2.82
Sierra Leone,2011,11,25.84,0.22
Sierra Leone,2011,12,26.47,0.01
Sierra Leone,2011,13,26.72,2.58
Sierra Leone,2012,1,28.04,0.0
Sierra Leone,2012,2,28.75,0.18
Sierra Leone,2012,3,30.77,0.19
Sierra Leone,2012,4,29.72,1.42
Sierra Leone,2012,5,26.8,3.92
Sierra Leone,2012,6,25.17,13.73
Sierra Leone,2012,7,24.07,26.61
Sierra Leone,2012,8,24.05,25.96
Sierra Leone,2012,9,24.48,16.58
Sierra Leone,2012,10,25.11,8.83
Sierra Leone,2012,11,25.54,4.8
Sierra Leone,2012,12,23.76,0.32
Sierra Leone,2012,13,26.34,8.58
Sierra Leone,2013,1,24.31,0.01
Sierra Leone,2013,2,27.83,0.05
Sierra Leone,2013,3,28.59,0.71
Sierra Leone,2013,4,29.87,1.02
Sierra Leone,2013,5,27.33,10.55
Sierra Leone,2013,6,25.41,11.86
Sierra Leone,2013,7,24.37,19.35
Sierra Leone,2013,8,23.92,25.13
Sierra Leone,2013,9,24.79,11.74
Sierra Leone,2013,10,25.25,6.33
Sierra Leone,2013,11,25.51,2.86
Sierra Leone,2013,12,23.62,0.15
Sierra Leone,2013,13,25.88,7.55
Sierra Leone,2014,1,25.86,0.01
Sierra Leone,2014,2,27.99,0.2
Sierra Leone,2014,3,28.48,0.26
Sierra Leone,2014,4,28.8,3.08
Sierra Leone,2014,5,26.75,5.36
Sierra Leone,2014,6,25.71,17.49
Sierra Leone,2014,7,24.77,12.68
Sierra Leone,2014,8,24.15,18.96
Sierra Leone,2014,9,24.56,16.01
Sierra Leone,2014,10,25.37,8.49
Sierra Leone,2014,11,25.68,2.41
Sierra Leone,2014,12,23.77,0.19
Sierra Leone,2014,13,25.97,7.12
Sierra Leone,2015,1,24.6,0.0
Sierra Leone,2015,2,27.75,0.19
Sierra Leone,2015,3,29.55,0.04
Sierra Leone,2015,4,30.15,0.2
Sierra Leone,2015,5,27.74,5.81
Sierra Leone,2015,6,25.55,21.86
Sierra Leone,2015,7,24.52,17.37
Sierra Leone,2015,8,24.58,20.26
Sierra Leone,2015,9,24.78,17.26
Sierra Leone,2015,10,25.67,13.8
Sierra Leone,2015,11,25.32,1.14
Sierra Leone,2015,12,22.57,0.0
Sierra Leone,2015,13,26.05,8.2
Sierra Leone,2016,1,25.04,0.5
Sierra Leone,2016,2,27.85,0.0
Sierra Leone,2016,3,30.62,0.08
Sierra Leone,2016,4,30.5,1.37
Sierra Leone,2016,5,27.43,5.82
Sierra Leone,2016,6,25.56,44.44
Sierra Leone,2016,7,24.57,38.5
Sierra Leone,2016,8,24.67,10.84
Sierra Leone,2016,9,24.91,17.6
Sierra Leone,2016,10,25.8,4.73
Sierra Leone,2016,11,25.7,1.27
Sierra Leone,2016,12,24.78,0.0
Sierra Leone,2016,13,26.44,10.42
Sierra Leone,2017,1,26.61,0.02
Sierra Leone,2017,2,28.16,0.01
Sierra Leone,2017,3,29.36,0.1
Sierra Leone,2017,4,29.7,1.84
Sierra Leone,2017,5,27.46,5.77
Sierra Leone,2017,6,25.63,14.82
Sierra Leone,2017,7,24.47,24.41
Sierra Leone,2017,8,24.57,32.62
Sierra Leone,2017,9,25.29,11.36
Sierra Leone,2017,10,25.83,6.18
Sierra Leone,2017,11,25.43,4.66
Sierra Leone,2017,12,24.68,0.0
Sierra Leone,2017,13,26.42,8.56
Sierra Leone,2018,1,24.57,0.0
Sierra Leone,2018,2,27.75,0.18
Sierra Leone,2018,3,28.86,0.46
Sierra Leone,2018,4,29.49,0.58
Sierra Leone,2018,5,28.84,2.97
Sierra Leone,2018,6,25.55,12.07
Sierra Leone,2018,7,24.54,15.19
Sierra Leone,2018,8,24.0,30.58
Sierra Leone,2018,9,24.74,26.63
Sierra Leone,2018,10,25.62,9.18
Sierra Leone,2018,11,25.47,2.9
Sierra Leone,2018,12,24.49,0.39
Sierra Leone,2018,13,26.15,8.47
Sierra Leone,2019,1,25.1,0.01
Sierra Leone,2019,2,28.14,0.01
Sierra Leone,2019,3,29.34,0.0
Sierra Leone,2019,4,30.27,0.28
Sierra Leone,2019,5,29.46,0.44
Sierra Leone,2019,6,27.2,11.26
Sierra Leone,2019,7,24.74,21.0
Sierra Leone,2019,8,24.36,27.17
Sierra Leone,2019,9,25.13,16.59
Sierra Leone,2019,10,25.45,8.48
Sierra Leone,2019,11,25.67,7.07
Sierra Leone,2019,12,25.15,0.02
Sierra Leone,2019,13,26.65,7.75
Sierra Leone,2020,1,25.07,0.0
Sierra Leone,2020,2,27.92,0.0
Sierra Leone,2020,3,29.65,0.81
Sierra Leone,2020,4,29.21,1.49
Sierra Leone,2020,5,27.36,9.15
Sierra Leone,2020,6,25.74,7.65
Sierra Leone,2020,7,24.28,27.74
Sierra Leone,2020,8,24.16,9.51
Sierra Leone,2020,9,24.91,5.73
Sierra Leone,2020,10,25.82,5.46
Sierra Leone,2020,11,25.81,0.13
Sierra Leone,2020,12,26.71,0.25
Sierra Leone,2020,13,26.38,5.71
Sierra Leone,2021,1,27.75,0.08
Sierra Leone,2021,2,29.04,0.63
Sierra Leone,2021,3,29.65,0.2
Sierra Leone,2021,4,29.67,1.7
Sierra Leone,2021,5,27.2,9.37
Sierra Leone,2021,6,25.87,14.12
Sierra Leone,2021,7,24.65,46.13
Sierra Leone,2021,8,24.54,33.64
Sierra Leone,2021,9,25.25,27.95
Sierra Leone,2021,10,25.93,11.45
Sierra Leone,2021,11,25.8,1.32
Sierra Leone,2021,12,25.61,0.18
Sierra Leone,2021,13,26.73,12.34
Sierra Leone,2022,1,25.22,0.0
Sierra Leone,2022,2,27.97,0.77
Sierra Leone,2022,3,29.2,0.51
Sierra Leone,2022,4,29.08,1.69
Sierra Leone,2022,5,27.86,4.51
Sierra Leone,2022,6,26.45,3.35
Sierra Leone,2022,7,24.55,9.19
Sierra Leone,2022,8,24.27,17.94
Sierra Leone,2022,9,24.71,14.59
Sierra Leone,2022,10,25.58,7.94
Sierra Leone,2022,11,25.3,2.92
Sierra Leone,2022,12,24.93,0.4
Sierra Leone,2022,13,26.24,5.35
Sierra Leone,2023,1,25.15,0.2
Sierra Leone,2023,2,28.04,0.54
Sierra Leone,2023,3,28.75,1.37
Sierra Leone,2023,4,28.71,2.68
Sierra Leone,2023,5,26.83,17.04
Sierra Leone,2023,6,25.62,11.4
Sierra Leone,2023,7,25.29,12.98
Sierra Leone,2023,8,25.22,12.62
Sierra Leone,2023,9,25.73,17.78
Sierra Leone,2023,10,26.07,20.57
Sierra Leone,2023,11,26.38,6.3
Sierra Leone,2023,12,24.59,0.99
Sierra Leone,2023,13,26.35,8.76
Sierra Leone,2024,1,25.65,0.0
Sierra Leone,2024,2,27.78,0.0
Sierra Leone,2024,3,29.68,0.51
Sierra Leone,2024,4,29.46,4.24
Sierra Leone,2024,5,27.82,7.84
Sierra Leone,2024,6,26.1,20.07
Sierra Leone,2024,7,24.73,21.36
Sierra Leone,2024,8,24.87,16.64
Sierra Leone,2024,9,25.16,16.72
Sierra Leone,2024,10,25.59,9.42
Sierra Leone,2024,11,25.74,0.37
Sierra Leone,2024,12,24.36,0.0
Sierra Leone,2024,13,26.4,8.12
Angola,2005,1,22.08,2.9
Angola,2005,2,22.1,5.37
Angola,2005,3,22.96,1.87
Angola,2005,4,24.58,0.46
Angola,2005,5,23.77,0.0
Angola,2005,6,20.28,0.01
Angola,2005,7,19.47,0.0
Angola,2005,8,24.12,0.06
Angola,2005,9,25.87,0.26
Angola,2005,10,24.78,2.45
Angola,2005,11,23.29,2.35
Angola,2005,12,22.58,2.64
Angola,2005,13,22.99,1.51
Angola,2006,1,22.61,3.37
Angola,2006,2,22.39,3.47
Angola,2006,3,22.77,1.81
Angola,2006,4,22.33,1.85
Angola,2006,5,22.75,0.0
Angola,2006,6,19.9,0.0
Angola,2006,7,19.79,0.0
Angola,2006,8,22.14,0.1
Angola,2006,9,25.35,0.57
Angola,2006,10,24.31,2.93
Angola,2006,11,21.64,4.6
Angola,2006,12,21.78,3.72
Angola,2006,13,22.31,1.86
Angola,2007,1,21.82,6.17
Angola,2007,2,21.36,4.8
Angola,2007,3,21.49,3.42
Angola,2007,4,21.81,3.04
Angola,2007,5,20.16,1.81
Angola,2007,6,19.77,0.01
Angola,2007,7,18.66,0.0
Angola,2007,8,22.37,0.01
Angola,2007,9,24.59,1.14
Angola,2007,10,22.57,6.17
Angola,2007,11,20.66,10.98
Angola,2007,12,20.19,9.58
Angola,2007,13,21.28,3.92
Angola,2008,1,19.99,8.19
Angola,2008,2,19.95,3.58
Angola,2008,3,19.75,4.34
Angola,2008,4,19.61,0.72
Angola,2008,5,18.85,0.71
Angola,2008,6,17.42,0.0
Angola,2008,7,18.65,0.0
Angola,2008,8,21.93,0.04
Angola,2008,9,25.36,0.0
Angola,2008,10,25.85,1.64
Angola,2008,11,22.15,4.69
Angola,2008,12,21.88,3.37
Angola,2008,13,20.95,2.28
Angola,2009,1,21.31,5.06
Angola,2009,2,20.71,6.38
Angola,2009,3,20.44,3.84
Angola,2009,4,20.26,1.48
Angola,2009,5,20.99,2.06
Angola,2009,6,20.12,0.04
Angola,2009,7,19.11,0.02
Angola,2009,8,21.66,0.0
Angola,2009,9,25.47,1.01
Angola,2009,10,22.77,4.22
Angola,2009,11,21.05,7.83
Angola,2009,12,20.61,6.16
Angola,2009,13,21.21,3.16
Angola,2010,1,20.48,10.17
Angola,2010,2,20.69,4.87
Angola,2010,3,20.38,8.56
Angola,2010,4,20.42,2.48
Angola,2010,5,18.17,0.12
Angola,2010,6,16.07,0.0
Angola,2010,7,18.22,0.0
Angola,2010,8,20.51,0.0
Angola,2010,9,25.57,0.31
Angola,2010,10,25.38,1.85
Angola,2010,11,22.37,4.31
Angola,2010,12,20.12,5.7
Angola,2010,13,20.69,3.2
Angola,2011,1,20.29,6.61
Angola,2011,2,20.08,7.86
Angola,2011,3,20.08,6.75
Angola,2011,4,20.29,0.63
Angola,2011,5,19.37,0.04
Angola,2011,6,18.48,0.01
Angola,2011,7,18.81,0.0
Angola,2011,8,21.18,0.0
Angola,2011,9,24.46,0.31
Angola,2011,10,24.22,2.9
Angola,2011,11,21.27,6.3
Angola,2011,12,20.52,7.08
Angola,2011,13,20.76,3.18
Angola,2012,1,20.47,6.15
Angola,2012,2,20.36,5.76
Angola,2012,3,20.12,6.9
Angola,2012,4,19.14,0.47
Angola,2012,5,18.48,0.01
Angola,2012,6,19.18,0.02
Angola,2012,7,19.16,0.0
Angola,2012,8,22.79,0.12
Angola,2012,9,24.09,2.21
Angola,2012,10,23.19,3.67
Angola,2012,11,20.69,6.24
Angola,2012,12,20.32,7.32
Angola,2012,13,20.67,3.24
Angola,2013,1,20.95,4.55
Angola,2013,2,21.03,5.36
Angola,2013,3,20.54,7.05
Angola,2013,4,19.98,1.33
Angola,2013,5,18.81,0.54
Angola,2013,6,18.43,0.0
Angola,2013,7,19.57,0.0
Angola,2013,8,22.42,0.0
Angola,2013,9,25.66,0.47
Angola,2013,10,24.34,2.23
Angola,2013,11,21.27,7.71
Angola,2013,12,20.42,8.33
Angola,2013,13,21.12,3.12
Angola,2014,1,20.48,4.19
Angola,2014,2,20.91,3.88
Angola,2014,3,20.75,4.79
Angola,2014,4,20.11,2.24
Angola,2014,5,19.37,0.43
Angola,2014,6,19.58,0.0
Angola,2014,7,19.48,0.0
Angola,2014,8,22.36,0.0
Angola,2014,9,24.23,1.45
Angola,2014,10,25.22,1.12
Angola,2014,11,22.32,3.77
Angola,2014,12,22.13,2.7
Angola,2014,13,21.41,2.03
Angola,2015,1,21.8,4.74
Angola,2015,2,22.01,2.55
Angola,2015,3,23.03,2.71
Angola,2015,4,22.56,1.09
Angola,2015,5,22.2,0.0
Angola,2015,6,21.55,0.0
Angola,2015,7,21.21,0.0
Angola,2015,8,22.4,0.02
Angola,2015,9,25.6,0.84
Angola,2015,10,26.87,0.35
Angola,2015,11,24.46,2.09
Angola,2015,12,22.06,3.78
Angola,2015,13,22.98,1.51
Angola,2016,1,22.76,3.63
Angola,2016,2,23.6,2.98
Angola,2016,3,23.12,2.58
Angola,2016,4,23.7,0.24
Angola,2016,5,21.81,0.0
Angola,2016,6,19.17,0.0
Angola,2016,7,19.79,0.0
Angola,2016,8,22.69,0.0
Angola,2016,9,25.91,1.47
Angola,2016,10,24.72,2.24
Angola,2016,11,23.51,2.78
Angola,2016,12,22.26,2.96
Angola,2016,13,22.75,1.57
Angola,2017,1,23.01,2.38
Angola,2017,2,23.18,3.67
Angola,2017,3,22.95,1.45
Angola,2017,4,23.59,0.86
Angola,2017,5,23.29,0.11
Angola,2017,6,20.66,0.02
Angola,2017,7,20.17,0.01
Angola,2017,8,22.05,0.0
Angola,2017,9,25.7,0.18
Angola,2017,10,24.88,3.32
Angola,2017,11,21.96,4.41
Angola,2017,12,20.87,7.64
Angola,2017,13,22.69,2.0
Angola,2018,1,20.51,4.76
Angola,2018,2,20.94,9.86
Angola,2018,3,20.63,2.09
Angola,2018,4,19.65,3.55
Angola,2018,5,19.45,1.11
Angola,2018,6,17.07,0.07
Angola,2018,7,18.68,0.02
Angola,2018,8,23.67,0.05
Angola,2018,9,23.78,2.62
Angola,2018,10,23.66,2.7
Angola,2018,11,23.42,4.47
Angola,2018,12,21.21,5.14
Angola,2018,13,21.06,2.98
Angola,2019,1,20.96,7.15
Angola,2019,2,21.37,4.62
Angola,2019,3,22.56,0.85
Angola,2019,4,23.85,0.98
Angola,2019,5,23.91,0.01
Angola,2019,6,19.39,0.0
Angola,2019,7,19.4,0.0
Angola,2019,8,22.91,0.01
Angola,2019,9,25.71,0.27
Angola,2019,10,24.68,1.41
Angola,2019,11,23.26,2.67
Angola,2019,12,23.31,2.68
Angola,2019,13,22.61,1.71
Angola,2020,1,21.72,6.51
Angola,2020,2,21.52,10.68
Angola,2020,3,20.98,47.71
Angola,2020,4,19.62,4.19
Angola,2020,5,17.44,0.12
Angola,2020,6,15.91,0.0
Angola,2020,7,16.83,0.0
Angola,2020,8,21.64,0.0
Angola,2020,9,24.72,0.21
Angola,2020,10,26.88,0.42
Angola,2020,11,23.74,3.29
Angola,2020,12,22.04,2.98
Angola,2020,13,21.09,6.37
Angola,2021,1,23.22,9.51
Angola,2021,2,21.11,2.63
Angola,2021,3,20.94,4.11
Angola,2021,4,20.4,2.08
Angola,2021,5,18.78,1.1
Angola,2021,6,18.49,0.0
Angola,2021,7,18.32,0.0
Angola,2021,8,22.83,0.0
Angola,2021,9,25.7,0.47
Angola,2021,10,25.56,3.01
Angola,2021,11,22.9,2.01
Angola,2021,12,22.38,3.47
Angola,2021,13,21.72,2.38
Angola,2022,1,21.8,4.05
Angola,2022,2,21.39,3.79
Angola,2022,3,20.79,6.9
Angola,2022,4,20.1,2.03
Angola,2022,5,19.9,0.03
Angola,2022,6,18.87,0.01
Angola,2022,7,20.04,0.0
Angola,2022,8,22.38,0.0
Angola,2022,9,25.31,0.05
Angola,2022,10,25.55,1.28
Angola,2022,11,23.17,4.54
Angola,2022,12,21.95,3.62
Angola,2022,13,21.77,2.18
Angola,2023,1,20.79,5.65
Angola,2023,2,22.03,6.19
Angola,2023,3,21.34,3.38
Angola,2023,4,20.91,1.55
Angola,2023,5,22.82,0.03
Angola,2023,6,21.28,0.0
Angola,2023,7,20.36,0.0
Angola,2023,8,22.46,0.0
Angola,2023,9,26.29,0.44
Angola,2023,10,26.19,1.73
Angola,2023,11,23.44,3.82
Angola,2023,12,23.38,2.01
Angola,2023,13,22.61,2.04
Angola,2024,1,24.32,2.35
Angola,2024,2,25.61,1.99
Angola,2024,3,25.06,2.33
Angola,2024,4,23.3,1.88
Angola,2024,5,22.25,0.05
Angola,2024,6,20.43,0.01
Angola,2024,7,20.47,0.0
Angola,2024,8,22.18,0.0
Angola,2024,9,26.47,0.04
Angola,2024,10,26.62,0.75
Angola,2024,11,24.28,2.22
Angola,2024,12,24.14,2.67
Angola,2024,13,23.75,1.19
Botswana,2005,1,29.25,2.54
Botswana,2005,2,28.76,1.71
Botswana,2005,3,27.17,1.27
Botswana,2005,4,24.02,1.82
Botswana,2005,5,20.82,0.03
Botswana,2005,6,18.64,0.0
Botswana,2005,7,16.45,0.0
Botswana,2005,8,20.47,0.0
Botswana,2005,9,23.49,0.0
Botswana,2005,10,27.89,0.02
Botswana,2005,11,27.63,2.48
Botswana,2005,12,27.43,1.99
Botswana,2005,13,24.31,0.98
Botswana,2006,1,26.4,4.72
Botswana,2006,2,24.58,6.27
Botswana,2006,3,23.32,2.11
Botswana,2006,4,22.07,0.09
Botswana,2006,5,17.26,0.22
Botswana,2006,6,14.83,0.33
Botswana,2006,7,16.12,0.0
Botswana,2006,8,16.33,0.01
Botswana,2006,9,21.32,0.0
Botswana,2006,10,26.96,0.62
Botswana,2006,11,27.95,1.44
Botswana,2006,12,29.52,2.1
Botswana,2006,13,22.21,1.46
Botswana,2007,1,28.43,2.11
Botswana,2007,2,28.93,0.93
Botswana,2007,3,27.47,1.53
Botswana,2007,4,24.08,0.55
Botswana,2007,5,18.36,0.0
Botswana,2007,6,15.9,0.08
Botswana,2007,7,14.66,0.0
Botswana,2007,8,17.95,0.0
Botswana,2007,9,24.53,0.15
Botswana,2007,10,26.08,0.89
Botswana,2007,11,27.84,4.35
Botswana,2007,12,25.63,3.05
Botswana,2007,13,23.28,1.14
Botswana,2008,1,25.0,4.38
Botswana,2008,2,26.09,1.31
Botswana,2008,3,25.85,1.33
Botswana,2008,4,21.93,0.5
Botswana,2008,5,20.14,0.31
Botswana,2008,6,16.88,0.0
Botswana,2008,7,15.82,0.01
Botswana,2008,8,19.49,0.0
Botswana,2008,9,22.91,0.0
Botswana,2008,10,28.23,0.21
Botswana,2008,11,27.98,2.5
Botswana,2008,12,29.2,0.69
Botswana,2008,13,23.29,0.94
Botswana,2009,1,27.15,5.99
Botswana,2009,2,25.5,2.63
Botswana,2009,3,23.87,2.84
Botswana,2009,4,22.69,0.01
Botswana,2009,5,19.41,0.83
Botswana,2009,6,16.56,1.86
Botswana,2009,7,13.54,0.0
Botswana,2009,8,17.34,0.0
Botswana,2009,9,23.99,0.29
Botswana,2009,10,27.35,1.06
Botswana,2009,11,27.27,1.99
Botswana,2009,12,29.1,1.71
Botswana,2009,13,22.79,1.6
Botswana,2010,1,27.14,5.82
Botswana,2010,2,27.18,2.34
Botswana,2010,3,26.51,2.15
Botswana,2010,4,22.44,3.12
Botswana,2010,5,20.56,0.09
Botswana,2010,6,14.91,0.0
Botswana,2010,7,14.9,0.0
Botswana,2010,8,17.76,0.0
Botswana,2010,9,23.25,0.0
Botswana,2010,10,27.69,0.1
Botswana,2010,11,27.52,3.14
Botswana,2010,12,28.14,2.18
Botswana,2010,13,23.15,1.57
Botswana,2011,1,25.2,5.63
Botswana,2011,2,26.37,1.51
Botswana,2011,3,26.08,2.42
Botswana,2011,4,22.99,2.43
Botswana,2011,5,19.22,0.04
Botswana,2011,6,14.55,0.03
Botswana,2011,7,13.36,0.0
Botswana,2011,8,17.18,0.0
Botswana,2011,9,22.75,0.0
Botswana,2011,10,26.08,0.11
Botswana,2011,11,28.13,1.05
Botswana,2011,12,27.14,2.69
Botswana,2011,13,22.39,1.33
Botswana,2012,1,29.13,1.77
Botswana,2012,2,27.19,2.55
Botswana,2012,3,26.42,1.44
Botswana,2012,4,22.54,0.0
Botswana,2012,5,19.81,0.0
Botswana,2012,6,15.29,0.0
Botswana,2012,7,15.4,0.0
Botswana,2012,8,18.56,0.0
Botswana,2012,9,22.26,0.02
Botswana,2012,10,27.55,0.46
Botswana,2012,11,28.41,1.2
Botswana,2012,12,27.81,2.84
Botswana,2012,13,23.36,0.85
Botswana,2013,1,27.54,2.93
Botswana,2013,2,28.56,0.7
Botswana,2013,3,27.3,0.43
Botswana,2013,4,22.91,0.3
Botswana,2013,5,19.02,0.0
Botswana,2013,6,16.84,0.0
Botswana,2013,7,16.63,0.0
Botswana,2013,8,18.1,0.01
Botswana,2013,9,23.57,0.3
Botswana,2013,10,26.58,0.21
Botswana,2013,11,28.87,0.66
Botswana,2013,12,26.64,4.35
Botswana,2013,13,23.51,0.83
Botswana,2014,1,27.1,2.19
Botswana,2014,2,24.7,5.03
Botswana,2014,3,23.51,3.95
Botswana,2014,4,20.9,0.81
Botswana,2014,5,19.64,0.08
Botswana,2014,6,15.63,0.0
Botswana,2014,7,14.55,0.02
Botswana,2014,8,18.44,0.0
Botswana,2014,9,22.74,0.0
Botswana,2014,10,26.03,1.99
Botswana,2014,11,27.48,0.78
Botswana,2014,12,28.19,2.25
Botswana,2014,13,22.4,1.41
Botswana,2015,1,28.94,1.03
Botswana,2015,2,29.63,0.46
Botswana,2015,3,27.15,2.68
Botswana,2015,4,22.6,1.71
Botswana,2015,5,20.63,0.0
Botswana,2015,6,15.54,0.01
Botswana,2015,7,16.07,0.0
Botswana,2015,8,19.64,0.0
Botswana,2015,9,24.25,0.16
Botswana,2015,10,28.08,0.01
Botswana,2015,11,28.31,0.7
Botswana,2015,12,30.41,3.38
Botswana,2015,13,24.24,0.85
Botswana,2016,1,29.26,2.98
Botswana,2016,2,29.78,1.57
Botswana,2016,3,26.16,2.55
Botswana,2016,4,24.24,0.65
Botswana,2016,5,18.74,0.0
Botswana,2016,6,16.52,0.04
Botswana,2016,7,15.14,0.0
Botswana,2016,8,18.52,0.0
Botswana,2016,9,24.18,0.0
Botswana,2016,10,29.15,0.06
Botswana,2016,11,29.91,0.34
Botswana,2016,12,29.27,1.24
Botswana,2016,13,24.21,0.79
Botswana,2017,1,25.25,7.08
Botswana,2017,2,24.59,6.14
Botswana,2017,3,23.96,0.82
Botswana,2017,4,22.85,0.58
Botswana,2017,5,19.02,0.05
Botswana,2017,6,17.61,0.01
Botswana,2017,7,16.94,0.0
Botswana,2017,8,18.65,0.0
Botswana,2017,9,24.36,0.02
Botswana,2017,10,26.4,0.22
Botswana,2017,11,27.01,1.86
Botswana,2017,12,28.82,1.43
Botswana,2017,13,22.94,1.49
Botswana,2018,1,29.12,0.47
Botswana,2018,2,26.32,2.38
Botswana,2018,3,26.05,1.47
Botswana,2018,4,24.2,0.37
Botswana,2018,5,20.39,0.1
Botswana,2018,6,16.94,0.0
Botswana,2018,7,15.68,0.02
Botswana,2018,8,20.64,0.0
Botswana,2018,9,24.05,0.02
Botswana,2018,10,25.74,0.98
Botswana,2018,11,28.68,0.06
Botswana,2018,12,30.43,1.84
Botswana,2018,13,24.01,0.63
Botswana,2019,1,29.56,1.46
Botswana,2019,2,27.91,3.53
Botswana,2019,3,29.26,0.1
Botswana,2019,4,25.46,0.48
Botswana,2019,5,20.2,0.02
Botswana,2019,6,16.86,0.0
Botswana,2019,7,16.37,0.0
Botswana,2019,8,20.96,0.0
Botswana,2019,9,22.47,0.01
Botswana,2019,10,27.87,0.08
Botswana,2019,11,29.95,0.77
Botswana,2019,12,29.36,3.12
Botswana,2019,13,24.67,0.78
Botswana,2020,1,28.2,2.51
Botswana,2020,2,27.33,2.27
Botswana,2020,3,26.85,0.78
Botswana,2020,4,23.92,2.18
Botswana,2020,5,18.52,0.0
Botswana,2020,6,14.99,0.0
Botswana,2020,7,14.26,0.0
Botswana,2020,8,18.19,0.0
Botswana,2020,9,23.49,0.0
Botswana,2020,10,27.92,0.24
Botswana,2020,11,28.48,1.97
Botswana,2020,12,27.49,3.35
Botswana,2020,13,23.29,1.1
Botswana,2021,1,25.79,8.2
Botswana,2021,2,23.28,7.84
Botswana,2021,3,23.18,1.76
Botswana,2021,4,21.86,0.17
Botswana,2021,5,18.45,0.03
Botswana,2021,6,15.78,0.01
Botswana,2021,7,14.03,0.0
Botswana,2021,8,19.16,0.02
Botswana,2021,9,24.03,0.04
Botswana,2021,10,26.06,0.58
Botswana,2021,11,29.12,1.39
Botswana,2021,12,27.85,2.78
Botswana,2021,13,22.37,1.87
Botswana,2022,1,27.01,2.39
Botswana,2022,2,28.76,0.41
Botswana,2022,3,24.93,3.83
Botswana,2022,4,22.7,2.36
Botswana,2022,5,18.33,0.06
Botswana,2022,6,14.88,0.05
Botswana,2022,7,17.12,0.01
Botswana,2022,8,18.93,0.0
Botswana,2022,9,23.25,0.0
Botswana,2022,10,27.71,0.99
Botswana,2022,11,27.22,5.04
Botswana,2022,12,27.91,1.92
Botswana,2022,13,23.2,1.43
Botswana,2023,1,28.02,0.8
Botswana,2023,2,26.12,4.37
Botswana,2023,3,26.36,0.99
Botswana,2023,4,25.43,0.09
Botswana,2023,5,22.25,0.03
Botswana,2023,6,17.71,0.0
Botswana,2023,7,15.74,0.0
Botswana,2023,8,19.18,0.01
Botswana,2023,9,24.43,0.0
Botswana,2023,10,28.53,0.47
Botswana,2023,11,30.44,0.64
Botswana,2023,12,29.5,2.37
Botswana,2023,13,24.46,0.79
Botswana,2024,1,27.94,2.25
Botswana,2024,2,30.7,0.45
Botswana,2024,3,29.7,1.0
Botswana,2024,4,24.4,0.87
Botswana,2024,5,20.78,0.0
Botswana,2024,6,16.01,0.01
Botswana,2024,7,16.89,0.0
Botswana,2024,8,20.5,0.0
Botswana,2024,9,24.82,0.02
Botswana,2024,10,26.42,0.08
Botswana,2024,11,28.56,2.02
Botswana,2024,12,29.57,5.82
Botswana,2024,13,24.67,1.05
Burundi,2005,1,19.33,7.42
Burundi,2005,2,20.43,2.02
Burundi,2005,3,19.74,5.94
Burundi,2005,4,19.47,3.12
Burundi,2005,5,18.51,2.68
Burundi,2005,6,18.08,0.06
Burundi,2005,7,16.9,0.01
Burundi,2005,8,19.19,0.75
Burundi,2005,9,21.05,0.79
Burundi,2005,10,20.78,2.72
Burundi,2005,11,19.76,3.05
Burundi,2005,12,20.19,1.95
Burundi,2005,13,19.44,2.56
Burundi,2006,1,20.43,3.52
Burundi,2006,2,21.04,3.37
Burundi,2006,3,19.32,7.33
Burundi,2006,4,18.79,7.53
Burundi,2006,5,18.36,3.8
Burundi,2006,6,17.21,0.16
Burundi,2006,7,17.17,0.38
Burundi,2006,8,18.88,0.75
Burundi,2006,9,20.42,0.6
Burundi,2006,10,21.28,1.8
Burundi,2006,11,19.06,6.94
Burundi,2006,12,18.84,6.72
Burundi,2006,13,19.22,3.57
Burundi,2007,1,19.69,5.34
Burundi,2007,2,19.21,7.17
Burundi,2007,3,19.33,5.16
Burundi,2007,4,19.34,7.57
Burundi,2007,5,18.0,7.93
Burundi,2007,6,16.7,1.08
Burundi,2007,7,16.64,0.35
Burundi,2007,8,18.21,0.3
Burundi,2007,9,19.89,1.48
Burundi,2007,10,20.15,1.82
Burundi,2007,11,19.01,6.93
Burundi,2007,12,18.84,4.98
Burundi,2007,13,18.75,4.15
Burundi,2008,1,19.02,9.82
Burundi,2008,2,18.66,8.04
Burundi,2008,3,18.74,5.8
Burundi,2008,4,18.3,4.22
Burundi,2008,5,17.82,1.19
Burundi,2008,6,16.14,4.48
Burundi,2008,7,16.42,0.15
Burundi,2008,8,18.51,1.87
Burundi,2008,9,19.55,0.48
Burundi,2008,10,19.51,2.76
Burundi,2008,11,19.19,6.52
Burundi,2008,12,19.56,2.2
Burundi,2008,13,18.45,3.94
Burundi,2009,1,19.28,4.46
Burundi,2009,2,18.78,13.29
Burundi,2009,3,19.19,6.03
Burundi,2009,4,18.27,6.0
Burundi,2009,5,18.11,1.87
Burundi,2009,6,17.55,0.34
Burundi,2009,7,16.42,0.24
Burundi,2009,8,18.46,2.88
Burundi,2009,9,20.43,0.27
Burundi,2009,10,20.23,1.61
Burundi,2009,11,19.13,7.39
Burundi,2009,12,18.91,9.65
Burundi,2009,13,18.73,4.44
Burundi,2010,1,19.61,6.37
Burundi,2010,2,19.76,5.17
Burundi,2010,3,19.37,5.86
Burundi,2010,4,19.24,6.27
Burundi,2010,5,18.58,2.04
Burundi,2010,6,17.65,0.15
Burundi,2010,7,17.28,0.01
Burundi,2010,8,18.15,0.09
Burundi,2010,9,20.14,0.7
Burundi,2010,10,20.59,0.82
Burundi,2010,11,19.22,6.7
Burundi,2010,12,18.71,5.39
Burundi,2010,13,19.02,3.28
Burundi,2011,1,19.34,2.73
Burundi,2011,2,19.49,5.97
Burundi,2011,3,19.03,8.16
Burundi,2011,4,18.73,4.82
Burundi,2011,5,18.83,1.15
Burundi,2011,6,18.09,0.23
Burundi,2011,7,17.62,0.45
Burundi,2011,8,18.95,0.56
Burundi,2011,9,19.87,5.38
Burundi,2011,10,18.71,6.15
Burundi,2011,11,18.79,8.35
Burundi,2011,12,18.89,8.75
Burundi,2011,13,18.86,4.38
Burundi,2012,1,19.47,2.82
Burundi,2012,2,18.84,3.14
Burundi,2012,3,19.06,1.48
Burundi,2012,4,18.58,4.3
Burundi,2012,5,18.04,5.64
Burundi,2012,6,17.28,0.95
Burundi,2012,7,17.22,0.01
Burundi,2012,8,18.62,0.96
Burundi,2012,9,20.27,0.96
Burundi,2012,10,20.43,3.4
Burundi,2012,11,18.9,6.97
Burundi,2012,12,18.67,8.14
Burundi,2012,13,18.78,3.23
Burundi,2013,1,19.5,3.56
Burundi,2013,2,19.65,2.72
Burundi,2013,3,19.59,7.93
Burundi,2013,4,18.79,5.07
Burundi,2013,5,18.0,1.9
Burundi,2013,6,16.75,0.0
Burundi,2013,7,16.78,0.07
Burundi,2013,8,18.47,0.54
Burundi,2013,9,20.2,1.57
Burundi,2013,10,20.07,1.01
Burundi,2013,11,18.97,5.59
Burundi,2013,12,19.08,6.11
Burundi,2013,13,18.82,3.01
Burundi,2014,1,19.4,2.17
Burundi,2014,2,19.21,4.18
Burundi,2014,3,19.13,5.08
Burundi,2014,4,19.05,4.58
Burundi,2014,5,18.91,0.55
Burundi,2014,6,18.13,0.79
Burundi,2014,7,18.11,0.05
Burundi,2014,8,19.07,1.67
Burundi,2014,9,19.36,5.59
Burundi,2014,10,19.47,4.83
Burundi,2014,11,19.17,5.94
Burundi,2014,12,18.97,5.39
Burundi,2014,13,19.0,3.39
Burundi,2015,1,19.31,2.87
Burundi,2015,2,19.47,5.1
Burundi,2015,3,19.4,4.91
Burundi,2015,4,18.87,4.12
Burundi,2015,5,18.49,1.52
Burundi,2015,6,18.26,0.2
Burundi,2015,7,18.37,0.12
Burundi,2015,8,19.54,0.11
Burundi,2015,9,21.7,0.12
Burundi,2015,10,20.13,4.25
Burundi,2015,11,19.05,9.51
Burundi,2015,12,19.44,5.44
Burundi,2015,13,19.33,3.17
Burundi,2016,1,19.54,9.23
Burundi,2016,2,20.25,3.02
Burundi,2016,3,20.57,5.81
Burundi,2016,4,19.33,6.79
Burundi,2016,5,17.86,2.21
Burundi,2016,6,17.12,0.04
Burundi,2016,7,16.87,0.01
Burundi,2016,8,18.35,0.0
Burundi,2016,9,20.17,1.26
Burundi,2016,10,20.47,1.19
Burundi,2016,11,19.19,3.99
Burundi,2016,12,19.62,2.87
Burundi,2016,13,19.11,3.04
Burundi,2017,1,20.01,2.15
Burundi,2017,2,19.63,4.84
Burundi,2017,3,19.34,4.29
Burundi,2017,4,19.35,3.4
Burundi,2017,5,18.79,2.43
Burundi,2017,6,18.88,0.0
Burundi,2017,7,18.78,0.01
Burundi,2017,8,19.8,0.29
Burundi,2017,9,21.36,0.07
Burundi,2017,10,20.84,4.17
Burundi,2017,11,19.26,7.34
Burundi,2017,12,19.36,6.05
Burundi,2017,13,19.62,2.91
Burundi,2018,1,18.58,12.19
Burundi,2018,2,19.61,4.65
Burundi,2018,3,18.46,6.74
Burundi,2018,4,18.3,12.99
Burundi,2018,5,17.71,2.6
Burundi,2018,6,16.12,0.27
Burundi,2018,7,15.5,0.11
Burundi,2018,8,17.57,0.4
Burundi,2018,9,19.81,0.4
Burundi,2018,10,19.39,3.33
Burundi,2018,11,19.47,7.22
Burundi,2018,12,18.85,7.02
Burundi,2018,13,18.27,4.82
Burundi,2019,1,19.34,5.51
Burundi,2019,2,19.6,2.93
Burundi,2019,3,19.76,7.91
Burundi,2019,4,19.28,4.8
Burundi,2019,5,18.4,1.8
Burundi,2019,6,17.17,0.35
Burundi,2019,7,17.1,0.39
Burundi,2019,8,18.42,1.33
Burundi,2019,9,20.27,2.17
Burundi,2019,10,19.36,10.01
Burundi,2019,11,18.98,10.65
Burundi,2019,12,19.03,8.32
Burundi,2019,13,18.89,4.7
Burundi,2020,1,18.97,6.73
Burundi,2020,2,19.5,6.2
Burundi,2020,3,19.5,10.1
Burundi,2020,4,19.09,7.65
Burundi,2020,5,17.99,3.5
Burundi,2020,6,16.51,0.95
Burundi,2020,7,15.83,1.15
Burundi,2020,8,18.01,0.3
Burundi,2020,9,19.28,1.0
Burundi,2020,10,19.61,4.35
Burundi,2020,11,18.96,35.31
Burundi,2020,12,19.11,7.93
Burundi,2020,13,18.53,7.06
Burundi,2021,1,18.82,12.45
Burundi,2021,2,19.28,10.13
Burundi,2021,3,18.99,4.39
Burundi,2021,4,18.6,7.5
Burundi,2021,5,18.02,3.54
Burundi,2021,6,16.75,0.27
Burundi,2021,7,15.95,0.1
Burundi,2021,8,18.07,0.91
Burundi,2021,9,19.16,3.69
Burundi,2021,10,20.08,4.19
Burundi,2021,11,19.21,7.45
Burundi,2021,12,18.66,12.51
Burundi,2021,13,18.46,5.57
Burundi,2022,1,18.9,5.7
Burundi,2022,2,18.65,10.7
Burundi,2022,3,19.75,7.24
Burundi,2022,4,18.78,3.57
Burundi,2022,5,18.03,2.3
Burundi,2022,6,16.19,0.86
Burundi,2022,7,16.0,0.95
Burundi,2022,8,17.61,6.08
Burundi,2022,9,19.1,2.19
Burundi,2022,10,19.7,1.01
Burundi,2022,11,18.63,4.63
Burundi,2022,12,18.79,6.51
Burundi,2022,13,18.34,4.28
Burundi,2023,1,18.99,2.55
Burundi,2023,2,19.72,5.39
Burundi,2023,3,19.17,8.5
Burundi,2023,4,18.85,7.24
Burundi,2023,5,18.83,2.69
Burundi,2023,6,18.0,0.14
Burundi,2023,7,17.11,0.05
Burundi,2023,8,18.92,1.47
Burundi,2023,9,20.95,1.63
Burundi,2023,10,21.07,1.87
Burundi,2023,11,19.59,12.37
Burundi,2023,12,19.67,10.05
Burundi,2023,13,19.23,4.48
Burundi,2024,1,19.3,9.13
Burundi,2024,2,20.47,4.76
Burundi,2024,3,20.17,4.8
Burundi,2024,4,19.51,8.31
Burundi,2024,5,19.23,0.53
Burundi,2024,6,17.37,0.1
Burundi,2024,7,18.16,0.0
Burundi,2024,8,18.92,0.02
Burundi,2024,9,21.1,0.51
Burundi,2024,10,20.13,5.22
Burundi,2024,11,19.71,8.74
Burundi,2024,12,19.42,7.46
Burundi,2024,13,19.45,4.13
Gabon,2005,1,25.31,3.31
Gabon,2005,2,25.97,5.63
Gabon,2005,3,25.63,5.95
Gabon,2005,4,25.32,6.86
Gabon,2005,5,25.06,1.93
Gabon,2005,6,25.32,0.31
Gabon,2005,7,25.48,0.35
Gabon,2005,8,25.1,1.94
Gabon,2005,9,26.16,1.89
Gabon,2005,10,24.46,10.95
Gabon,2005,11,24.7,3.84
Gabon,2005,12,25.06,4.21
Gabon,2005,13,25.29,3.92
Gabon,2006,1,25.33,4.76
Gabon,2006,2,25.53,5.09
Gabon,2006,3,25.01,3.51
Gabon,2006,4,24.88,5.66
Gabon,2006,5,24.9,3.32
Gabon,2006,6,25.51,2.17
Gabon,2006,7,25.66,0.53
Gabon,2006,8,26.25,0.21
Gabon,2006,9,26.15,1.51
Gabon,2006,10,26.12,4.99
Gabon,2006,11,24.16,7.93
Gabon,2006,12,24.99,3.84
Gabon,2006,13,25.38,3.61
Gabon,2007,1,26.07,3.27
Gabon,2007,2,25.85,4.7
Gabon,2007,3,25.47,6.5
Gabon,2007,4,25.15,6.06
Gabon,2007,5,24.81,8.31
Gabon,2007,6,24.33,1.18
Gabon,2007,7,24.83,0.19
Gabon,2007,8,25.4,0.72
Gabon,2007,9,24.84,4.89
Gabon,2007,10,23.7,13.37
Gabon,2007,11,24.14,10.27
Gabon,2007,12,24.56,5.73
Gabon,2007,13,24.93,5.44
Gabon,2008,1,24.75,3.55
Gabon,2008,2,25.22,2.62
Gabon,2008,3,24.73,3.96
Gabon,2008,4,24.68,3.25
Gabon,2008,5,24.67,3.27
Gabon,2008,6,24.99,0.6
Gabon,2008,7,25.52,0.2
Gabon,2008,8,25.75,0.66
Gabon,2008,9,26.24,2.35
Gabon,2008,10,24.96,4.74
Gabon,2008,11,25.25,4.18
Gabon,2008,12,25.5,3.76
Gabon,2008,13,25.19,2.76
Gabon,2009,1,26.1,2.64
Gabon,2009,2,26.55,3.8
Gabon,2009,3,26.82,2.61
Gabon,2009,4,25.16,11.33
Gabon,2009,5,24.61,5.21
Gabon,2009,6,25.19,0.63
Gabon,2009,7,26.07,0.03
Gabon,2009,8,26.74,0.27
Gabon,2009,9,26.3,3.52
Gabon,2009,10,25.1,5.57
Gabon,2009,11,24.2,25.15
Gabon,2009,12,24.6,15.15
Gabon,2009,13,25.62,6.3
Gabon,2010,1,25.32,6.12
Gabon,2010,2,25.43,8.05
Gabon,2010,3,25.23,21.97
Gabon,2010,4,25.46,18.3
Gabon,2010,5,25.48,3.78
Gabon,2010,6,24.93,1.15
Gabon,2010,7,24.19,0.2
Gabon,2010,8,24.83,0.31
Gabon,2010,9,24.49,3.19
Gabon,2010,10,23.9,14.61
Gabon,2010,11,24.08,19.21
Gabon,2010,12,24.47,7.48
Gabon,2010,13,24.81,8.68
Gabon,2011,1,24.88,3.74
Gabon,2011,2,24.68,5.86
Gabon,2011,3,24.75,6.12
Gabon,2011,4,24.57,9.63
Gabon,2011,5,24.88,8.12
Gabon,2011,6,24.79,0.6
Gabon,2011,7,24.32,0.23
Gabon,2011,8,24.26,0.45
Gabon,2011,9,24.34,6.37
Gabon,2011,10,23.74,9.47
Gabon,2011,11,23.93,10.83
Gabon,2011,12,24.28,3.39
Gabon,2011,13,24.45,5.38
Gabon,2012,1,24.66,3.98
Gabon,2012,2,24.57,6.5
Gabon,2012,3,24.62,10.78
Gabon,2012,4,24.61,7.72
Gabon,2012,5,24.35,9.61
Gabon,2012,6,24.21,1.67
Gabon,2012,7,23.73,0.08
Gabon,2012,8,23.95,1.06
Gabon,2012,9,24.01,6.41
Gabon,2012,10,23.85,13.13
Gabon,2012,11,24.32,9.87
Gabon,2012,12,24.73,5.68
Gabon,2012,13,24.3,6.37
Gabon,2013,1,25.15,4.17
Gabon,2013,2,25.31,4.25
Gabon,2013,3,24.98,7.97
Gabon,2013,4,24.73,6.47
Gabon,2013,5,24.91,3.52
Gabon,2013,6,24.49,0.3
Gabon,2013,7,23.58,0.09
Gabon,2013,8,24.16,0.04
Gabon,2013,9,25.54,0.51
Gabon,2013,10,24.32,17.07
Gabon,2013,11,24.04,13.34
Gabon,2013,12,24.25,6.08
Gabon,2013,13,24.62,5.33
Gabon,2014,1,24.6,6.63
Gabon,2014,2,24.9,4.41
Gabon,2014,3,24.62,7.62
Gabon,2014,4,24.75,10.68
Gabon,2014,5,24.73,12.64
Gabon,2014,6,25.09,2.85
Gabon,2014,7,24.07,0.07
Gabon,2014,8,23.91,1.05
Gabon,2014,9,24.04,2.1
Gabon,2014,10,23.95,28.22
Gabon,2014,11,24.19,23.16
Gabon,2014,12,24.6,6.52
Gabon,2014,13,24.45,8.86
Gabon,2015,1,24.72,3.17
Gabon,2015,2,24.91,6.55
Gabon,2015,3,24.89,4.82
Gabon,2015,4,24.78,12.79
Gabon,2015,5,24.89,6.79
Gabon,2015,6,24.58,0.15
Gabon,2015,7,24.39,0.07
Gabon,2015,8,24.69,0.42
Gabon,2015,9,25.03,1.84
Gabon,2015,10,24.49,9.8
Gabon,2015,11,24.18,14.24
Gabon,2015,12,24.77,4.21
Gabon,2015,13,24.69,5.37
Gabon,2016,1,25.35,2.72
Gabon,2016,2,25.69,3.28
Gabon,2016,3,25.51,8.11
Gabon,2016,4,25.33,7.71
Gabon,2016,5,24.98,5.74
Gabon,2016,6,24.74,2.48
Gabon,2016,7,24.45,0.43
Gabon,2016,8,24.46,1.05
Gabon,2016,9,24.41,3.38
Gabon,2016,10,24.6,3.82
Gabon,2016,11,24.7,6.43
Gabon,2016,12,24.99,3.56
Gabon,2016,13,24.93,4.05
Gabon,2017,1,25.45,3.11
Gabon,2017,2,25.85,2.71
Gabon,2017,3,26.41,2.24
Gabon,2017,4,26.61,2.5
Gabon,2017,5,26.8,2.39
Gabon,2017,6,27.03,1.28
Gabon,2017,7,27.21,0.19
Gabon,2017,8,27.24,0.43
Gabon,2017,9,27.63,1.03
Gabon,2017,10,25.77,4.49
Gabon,2017,11,25.6,3.25
Gabon,2017,12,26.73,2.67
Gabon,2017,13,26.53,2.19
Gabon,2018,1,26.88,1.53
Gabon,2018,2,27.77,1.55
Gabon,2018,3,27.27,1.84
Gabon,2018,4,26.62,2.97
Gabon,2018,5,26.98,2.03
Gabon,2018,6,27.28,0.98
Gabon,2018,7,26.95,0.68
Gabon,2018,8,27.43,0.46
Gabon,2018,9,26.6,2.56
Gabon,2018,10,25.24,5.64
Gabon,2018,11,25.9,3.8
Gabon,2018,12,25.76,4.05
Gabon,2018,13,26.72,2.34
Gabon,2019,1,26.53,2.01
Gabon,2019,2,27.83,1.43
Gabon,2019,3,28.16,1.63
Gabon,2019,4,28.43,1.27
Gabon,2019,5,28.29,1.06
Gabon,2019,6,28.45,0.27
Gabon,2019,7,28.12,0.09
Gabon,2019,8,27.77,0.51
Gabon,2019,9,26.9,2.43
Gabon,2019,10,25.79,3.57
Gabon,2019,11,26.52,2.66
Gabon,2019,12,27.02,1.88
Gabon,2019,13,27.48,1.57
Gabon,2020,1,29.07,0.76
Gabon,2020,2,28.46,2.87
Gabon,2020,3,26.18,9.0
Gabon,2020,4,26.48,2.0
Gabon,2020,5,26.5,2.6
Gabon,2020,6,26.21,1.7
Gabon,2020,7,26.34,0.7
Gabon,2020,8,27.11,1.07
Gabon,2020,9,26.25,2.51
Gabon,2020,10,25.22,5.07
Gabon,2020,11,24.72,10.87
Gabon,2020,12,24.82,5.53
Gabon,2020,13,26.44,3.72
Gabon,2021,1,25.27,4.65
Gabon,2021,2,25.62,1.95
Gabon,2021,3,24.78,5.16
Gabon,2021,4,25.4,2.46
Gabon,2021,5,25.29,2.7
Gabon,2021,6,26.36,0.94
Gabon,2021,7,27.11,0.16
Gabon,2021,8,26.54,1.77
Gabon,2021,9,26.56,1.77
Gabon,2021,10,26.25,3.57
Gabon,2021,11,26.35,3.64
Gabon,2021,12,26.11,5.98
Gabon,2021,13,25.97,2.91
Gabon,2022,1,26.53,1.14
Gabon,2022,2,27.72,1.28
Gabon,2022,3,26.05,6.88
Gabon,2022,4,25.9,3.39
Gabon,2022,5,26.18,3.17
Gabon,2022,6,26.08,1.1
Gabon,2022,7,27.04,0.54
Gabon,2022,8,27.22,0.36
Gabon,2022,9,26.34,2.51
Gabon,2022,10,25.63,5.08
Gabon,2022,11,24.65,6.56
Gabon,2022,12,25.28,2.69
Gabon,2022,13,26.21,2.9
Gabon,2023,1,26.72,2.5
Gabon,2023,2,26.55,4.36
Gabon,2023,3,25.81,2.66
Gabon,2023,4,25.87,4.52
Gabon,2023,5,26.55,2.58
Gabon,2023,6,27.35,0.52
Gabon,2023,7,28.57,0.43
Gabon,2023,8,28.4,0.41
Gabon,2023,9,27.74,2.14
Gabon,2023,10,26.97,4.14
Gabon,2023,11,25.49,6.18
Gabon,2023,12,26.59,2.37
Gabon,2023,13,26.89,2.71
Gabon,2024,1,28.6,0.89
Gabon,2024,2,28.43,2.38
Gabon,2024,3,27.45,5.75
Gabon,2024,4,26.21,8.05
Gabon,2024,5,26.19,3.61
Gabon,2024,6,26.76,1.33
Gabon,2024,7,27.15,0.03
Gabon,2024,8,27.53,0.2
Gabon,2024,9,27.26,1.88
Gabon,2024,10,26.42,3.57
Gabon,2024,11,26.74,2.52
Gabon,2024,12,28.43,1.1
Gabon,2024,13,27.26,2.6
Kenya,2005,1,25.34,0.66
Kenya,2005,2,26.54,0.12
Kenya,2005,3,28.16,0.22
Kenya,2005,4,27.24,2.63
Kenya,2005,5,25.85,2.26
Kenya,2005,6,24.68,0.22
Kenya,2005,7,24.05,0.35
Kenya,2005,8,24.28,0.27
Kenya,2005,9,25.55,0.23
Kenya,2005,10,25.85,1.56
Kenya,2005,11,25.16,2.16
Kenya,2005,12,25.29,0.37
Kenya,2005,13,25.66,0.92
Kenya,2006,1,26.02,0.51
Kenya,2006,2,27.35,1.45
Kenya,2006,3,27.35,0.8
Kenya,2006,4,25.45,4.12
Kenya,2006,5,25.25,1.79
Kenya,2006,6,24.99,0.1
Kenya,2006,7,24.04,0.15
Kenya,2006,8,24.27,1.03
Kenya,2006,9,25.29,0.51
Kenya,2006,10,25.5,3.36
Kenya,2006,11,24.0,5.95
Kenya,2006,12,23.64,3.68
Kenya,2006,13,25.25,1.95
Kenya,2007,1,24.42,0.77
Kenya,2007,2,26.45,0.23
Kenya,2007,3,27.08,0.66
Kenya,2007,4,26.9,2.05
Kenya,2007,5,26.3,1.01
Kenya,2007,6,24.76,0.57
Kenya,2007,7,24.16,0.76
Kenya,2007,8,24.7,0.46
Kenya,2007,9,26.06,0.37
Kenya,2007,10,25.63,2.24
Kenya,2007,11,24.99,2.15
Kenya,2007,12,24.87,1.0
Kenya,2007,13,25.52,1.03
Kenya,2008,1,25.15,1.29
Kenya,2008,2,25.84,0.09
Kenya,2008,3,27.33,0.7
Kenya,2008,4,25.97,2.86
Kenya,2008,5,25.93,0.16
Kenya,2008,6,24.23,0.2
Kenya,2008,7,23.93,0.42
Kenya,2008,8,24.95,0.17
Kenya,2008,9,26.43,0.23
Kenya,2008,10,26.32,2.25
Kenya,2008,11,24.51,3.56
Kenya,2008,12,25.27,0.38
Kenya,2008,13,25.49,1.02
Kenya,2009,1,25.27,1.48
Kenya,2009,2,26.58,0.49
Kenya,2009,3,27.98,0.44
Kenya,2009,4,26.78,1.32
Kenya,2009,5,26.42,0.84
Kenya,2009,6,25.86,0.27
Kenya,2009,7,24.62,0.04
Kenya,2009,8,24.88,0.06
Kenya,2009,9,26.24,0.03
Kenya,2009,10,25.42,3.94
Kenya,2009,11,25.45,1.06
Kenya,2009,12,25.14,2.08
Kenya,2009,13,25.88,1.01
Kenya,2010,1,25.45,0.76
Kenya,2010,2,26.86,1.18
Kenya,2010,3,26.46,2.78
Kenya,2010,4,26.17,3.05
Kenya,2010,5,26.07,1.04
Kenya,2010,6,25.37,0.09
Kenya,2010,7,24.02,0.46
Kenya,2010,8,24.35,0.32
Kenya,2010,9,25.54,0.07
Kenya,2010,10,26.59,1.14
Kenya,2010,11,25.36,2.02
Kenya,2010,12,25.54,0.47
Kenya,2010,13,25.64,1.11
Kenya,2011,1,25.75,0.21
Kenya,2011,2,26.7,0.47
Kenya,2011,3,27.59,0.71
Kenya,2011,4,27.25,1.39
Kenya,2011,5,26.32,0.65
Kenya,2011,6,25.35,0.55
Kenya,2011,7,24.88,0.27
Kenya,2011,8,24.55,0.51
Kenya,2011,9,25.96,0.46
Kenya,2011,10,25.11,4.94
Kenya,2011,11,23.78,5.03
Kenya,2011,12,24.08,0.77
Kenya,2011,13,25.6,1.33
Kenya,2012,1,25.0,0.15
Kenya,2012,2,26.08,0.13
Kenya,2012,3,27.55,0.14
Kenya,2012,4,25.87,3.97
Kenya,2012,5,25.63,1.61
Kenya,2012,6,24.8,0.33
Kenya,2012,7,23.74,0.52
Kenya,2012,8,24.65,0.67
Kenya,2012,9,26.06,0.19
Kenya,2012,10,26.22,1.23
Kenya,2012,11,25.82,3.33
Kenya,2012,12,25.14,2.44
Kenya,2012,13,25.54,1.22
Kenya,2013,1,26.02,0.57
Kenya,2013,2,27.04,0.06
Kenya,2013,3,27.4,1.68
Kenya,2013,4,25.16,5.42
Kenya,2013,5,25.19,0.22
Kenya,2013,6,24.11,0.21
Kenya,2013,7,23.5,0.47
Kenya,2013,8,24.39,0.25
Kenya,2013,9,26.09,0.44
Kenya,2013,10,26.87,0.34
Kenya,2013,11,25.32,2.6
Kenya,2013,12,25.07,1.48
Kenya,2013,13,25.5,1.14
Kenya,2014,1,25.9,0.09
Kenya,2014,2,27.1,0.51
Kenya,2014,3,27.29,1.15
Kenya,2014,4,26.63,2.4
Kenya,2014,5,26.05,0.62
Kenya,2014,6,25.17,0.33
Kenya,2014,7,24.68,0.33
Kenya,2014,8,24.9,0.79
Kenya,2014,9,25.39,0.44
Kenya,2014,10,26.57,1.01
Kenya,2014,11,25.5,2.49
Kenya,2014,12,25.55,1.41
Kenya,2014,13,25.89,0.96
Kenya,2015,1,25.54,0.09
Kenya,2015,2,27.41,0.48
Kenya,2015,3,27.27,0.84
Kenya,2015,4,26.36,4.29
Kenya,2015,5,25.71,0.99
Kenya,2015,6,25.21,0.18
Kenya,2015,7,24.46,0.31
Kenya,2015,8,24.81,0.18
Kenya,2015,9,26.25,0.04
Kenya,2015,10,27.23,1.15
Kenya,2015,11,25.31,3.97
Kenya,2015,12,25.4,3.21
Kenya,2015,13,25.9,1.31
Kenya,2016,1,26.05,1.57
Kenya,2016,2,26.52,0.55
Kenya,2016,3,28.79,0.55
Kenya,2016,4,27.49,3.81
Kenya,2016,5,25.24,1.52
Kenya,2016,6,24.67,0.26
Kenya,2016,7,24.01,0.14
Kenya,2016,8,24.47,0.14
Kenya,2016,9,25.16,0.16
Kenya,2016,10,26.74,0.16
Kenya,2016,11,25.12,4.97
Kenya,2016,12,25.36,0.68
Kenya,2016,13,25.8,1.2
Kenya,2017,1,25.58,0.13
Kenya,2017,2,26.91,0.6
Kenya,2017,3,28.42,0.3
Kenya,2017,4,27.41,1.94
Kenya,2017,5,25.97,1.76
Kenya,2017,6,25.7,0.11
Kenya,2017,7,24.89,0.33
Kenya,2017,8,25.35,0.34
Kenya,2017,9,25.86,0.67
Kenya,2017,10,26.81,2.16
Kenya,2017,11,24.9,4.08
Kenya,2017,12,25.36,0.59
Kenya,2017,13,26.09,1.08
Kenya,2018,1,25.89,0.06
Kenya,2018,2,27.34,0.09
Kenya,2018,3,25.59,4.81
Kenya,2018,4,23.94,9.0
Kenya,2018,5,23.51,2.11
Kenya,2018,6,22.88,0.68
Kenya,2018,7,23.16,0.28
Kenya,2018,8,24.14,0.1
Kenya,2018,9,25.7,0.18
Kenya,2018,10,26.17,0.93
Kenya,2018,11,26.01,2.68
Kenya,2018,12,25.77,1.65
Kenya,2018,13,24.99,1.88
Kenya,2019,1,25.92,1.09
Kenya,2019,2,27.5,0.09
Kenya,2019,3,28.66,0.38
Kenya,2019,4,28.34,0.76
Kenya,2019,5,26.42,1.63
Kenya,2019,6,25.31,0.42
Kenya,2019,7,25.07,0.12
Kenya,2019,8,25.57,0.16
Kenya,2019,9,26.45,0.29
Kenya,2019,10,25.19,5.53
Kenya,2019,11,24.57,6.43
Kenya,2019,12,23.74,4.15
Kenya,2019,13,26.05,1.77
Kenya,2020,1,24.5,2.0
Kenya,2020,2,25.8,1.26
Kenya,2020,3,26.64,1.64
Kenya,2020,4,25.55,4.5
Kenya,2020,5,25.23,0.78
Kenya,2020,6,24.61,1.31
Kenya,2020,7,24.3,0.27
Kenya,2020,8,24.72,0.51
Kenya,2020,9,25.66,0.72
Kenya,2020,10,27.15,0.67
Kenya,2020,11,25.3,4.19
Kenya,2020,12,25.63,2.15
Kenya,2020,13,25.42,1.66
Kenya,2021,1,25.27,1.03
Kenya,2021,2,26.31,1.06
Kenya,2021,3,27.04,0.7
Kenya,2021,4,27.03,1.47
Kenya,2021,5,25.26,1.93
Kenya,2021,6,24.54,0.06
Kenya,2021,7,24.03,0.26
Kenya,2021,8,25.02,0.13
Kenya,2021,9,26.04,0.11
Kenya,2021,10,26.79,0.45
Kenya,2021,11,26.62,8.92
Kenya,2021,12,23.02,4.13
Kenya,2021,13,25.57,1.68
Kenya,2022,1,24.03,0.67
Kenya,2022,2,26.26,0.31
Kenya,2022,3,27.22,0.88
Kenya,2022,4,26.63,5.6
Kenya,2022,5,25.46,0.89
Kenya,2022,6,24.69,0.07
Kenya,2022,7,23.62,0.25
Kenya,2022,8,23.81,1.18
Kenya,2022,9,25.15,0.35
Kenya,2022,10,26.21,0.6
Kenya,2022,11,24.97,3.1
Kenya,2022,12,25.29,1.29
Kenya,2022,13,25.27,1.26
Kenya,2023,1,25.41,0.72
Kenya,2023,2,27.01,0.03
Kenya,2023,3,27.57,0.47
Kenya,2023,4,24.9,9.14
Kenya,2023,5,25.07,0.47
Kenya,2023,6,24.15,2.56
Kenya,2023,7,24.27,0.24
Kenya,2023,8,25.13,0.21
Kenya,2023,9,26.75,0.14
Kenya,2023,10,26.4,5.14
Kenya,2023,11,23.36,7.71
Kenya,2023,12,24.38,1.48
Kenya,2023,13,25.36,2.35
Kenya,2024,1,25.78,0.7
Kenya,2024,2,25.93,5.84
Kenya,2024,3,27.18,0.69
Kenya,2024,4,25.41,5.73
Kenya,2024,5,25.39,1.81
Kenya,2024,6,25.14,0.05
Kenya,2024,7,24.75,0.3
Kenya,2024,8,25.01,0.73
Kenya,2024,9,26.54,0.2
Kenya,2024,10,27.84,0.18
Kenya,2024,11,25.7,6.33
Kenya,2024,12,25.71,0.75
Kenya,2024,13,25.87,1.91
Lesotho,2005,1,16.51,4.85
Lesotho,2005,2,16.12,3.23
Lesotho,2005,3,13.29,2.58
Lesotho,2005,4,9.87,2.69
Lesotho,2005,5,7.05,0.7
Lesotho,2005,6,4.52,0.05
Lesotho,2005,7,5.88,0.0
Lesotho,2005,8,7.02,1.01
Lesotho,2005,9,11.79,0.57
Lesotho,2005,10,12.38,3.47
Lesotho,2005,11,13.64,5.31
Lesotho,2005,12,14.55,1.33
Lesotho,2005,13,11.02,2.14
Lesotho,2006,1,16.26,5.9
Lesotho,2006,2,15.13,5.27
Lesotho,2006,3,11.83,2.85
Lesotho,2006,4,9.21,2.77
Lesotho,2006,5,3.1,1.51
Lesotho,2006,6,3.12,0.04
Lesotho,2006,7,3.85,0.08
Lesotho,2006,8,2.94,2.97
Lesotho,2006,9,8.99,0.53
Lesotho,2006,10,12.35,3.79
Lesotho,2006,11,13.76,3.98
Lesotho,2006,12,16.17,4.59
Lesotho,2006,13,9.69,2.85
Lesotho,2007,1,16.63,2.49
Lesotho,2007,2,16.99,1.48
Lesotho,2007,3,14.27,1.18
Lesotho,2007,4,11.05,2.05
Lesotho,2007,5,6.67,0.25
Lesotho,2007,6,3.0,1.1
Lesotho,2007,7,3.32,0.07
Lesotho,2007,8,5.59,0.3
Lesotho,2007,9,12.5,1.57
Lesotho,2007,10,10.77,5.33
Lesotho,2007,11,12.62,3.62
Lesotho,2007,12,14.83,2.91
Lesotho,2007,13,10.64,1.86
Lesotho,2008,1,16.19,4.19
Lesotho,2008,2,15.95,3.21
Lesotho,2008,3,13.15,4.26
Lesotho,2008,4,9.09,1.5
Lesotho,2008,5,7.52,1.12
Lesotho,2008,6,4.27,1.52
Lesotho,2008,7,3.43,0.02
Lesotho,2008,8,6.77,0.25
Lesotho,2008,9,8.48,0.45
Lesotho,2008,10,14.38,0.98
Lesotho,2008,11,15.21,4.7
Lesotho,2008,12,16.31,4.24
Lesotho,2008,13,10.89,2.2
Lesotho,2009,1,16.56,3.82
Lesotho,2009,2,14.75,5.33
Lesotho,2009,3,13.21,1.46
Lesotho,2009,4,10.99,0.96
Lesotho,2009,5,6.49,0.8
Lesotho,2009,6,3.35,1.63
Lesotho,2009,7,2.65,0.14
Lesotho,2009,8,5.75,0.59
Lesotho,2009,9,10.47,0.52
Lesotho,2009,10,12.07,3.49
Lesotho,2009,11,13.02,2.43
Lesotho,2009,12,16.94,1.64
Lesotho,2009,13,10.5,1.88
Lesotho,2010,1,16.23,5.29
Lesotho,2010,2,16.64,2.1
Lesotho,2010,3,14.95,2.48
Lesotho,2010,4,10.93,1.84
Lesotho,2010,5,7.61,0.3
Lesotho,2010,6,3.65,0.78
Lesotho,2010,7,4.17,0.03
Lesotho,2010,8,6.32,0.01
Lesotho,2010,9,11.75,0.08
Lesotho,2010,10,13.2,1.92
Lesotho,2010,11,14.33,4.46
Lesotho,2010,12,14.2,7.92
Lesotho,2010,13,11.13,2.27
Lesotho,2011,1,14.79,7.14
Lesotho,2011,2,14.4,4.41
Lesotho,2011,3,13.97,2.72
Lesotho,2011,4,8.58,3.84
Lesotho,2011,5,5.2,1.44
Lesotho,2011,6,1.82,1.21
Lesotho,2011,7,1.78,0.65
Lesotho,2011,8,5.22,0.25
Lesotho,2011,9,9.19,0.11
Lesotho,2011,10,11.81,1.63
Lesotho,2011,11,14.13,1.35
Lesotho,2011,12,15.8,3.03
Lesotho,2011,13,9.7,2.31
Lesotho,2012,1,17.34,3.73
Lesotho,2012,2,16.1,2.81
Lesotho,2012,3,14.23,1.77
Lesotho,2012,4,9.14,0.58
Lesotho,2012,5,7.9,0.12
Lesotho,2012,6,2.78,2.49
Lesotho,2012,7,2.81,0.84
Lesotho,2012,8,5.49,0.69
Lesotho,2012,9,7.37,2.26
Lesotho,2012,10,11.82,2.26
Lesotho,2012,11,14.09,1.61
Lesotho,2012,12,14.99,5.49
Lesotho,2012,13,10.33,2.05
Lesotho,2013,1,16.52,3.51
Lesotho,2013,2,16.33,2.56
Lesotho,2013,3,14.82,2.32
Lesotho,2013,4,9.62,1.83
Lesotho,2013,5,6.43,0.56
Lesotho,2013,6,3.49,0.09
Lesotho,2013,7,4.62,0.06
Lesotho,2013,8,4.56,0.4
Lesotho,2013,9,8.79,0.28
Lesotho,2013,10,12.58,1.84
Lesotho,2013,11,14.35,2.97
Lesotho,2013,12,14.58,4.52
Lesotho,2013,13,10.53,1.74
Lesotho,2014,1,16.92,3.58
Lesotho,2014,2,16.02,2.92
Lesotho,2014,3,13.68,2.27
Lesotho,2014,4,9.79,1.66
Lesotho,2014,5,7.45,0.16
Lesotho,2014,6,3.47,0.03
Lesotho,2014,7,2.95,0.0
Lesotho,2014,8,5.69,0.77
Lesotho,2014,9,11.72,0.49
Lesotho,2014,10,12.79,1.19
Lesotho,2014,11,12.25,5.65
Lesotho,2014,12,15.28,4.43
Lesotho,2014,13,10.64,1.92
Lesotho,2015,1,16.45,3.55
Lesotho,2015,2,15.56,2.53
Lesotho,2015,3,13.49,3.76
Lesotho,2015,4,9.73,1.07
Lesotho,2015,5,8.16,0.25
Lesotho,2015,6,2.98,1.05
Lesotho,2015,7,3.86,0.92
Lesotho,2015,8,8.3,0.04
Lesotho,2015,9,10.77,1.08
Lesotho,2015,10,15.3,0.9
Lesotho,2015,11,14.52,0.89
Lesotho,2015,12,19.08,0.88
Lesotho,2015,13,11.51,1.41
Lesotho,2016,1,18.01,4.2
Lesotho,2016,2,16.8,2.8
Lesotho,2016,3,14.58,1.9
Lesotho,2016,4,11.46,1.83
Lesotho,2016,5,7.06,1.31
Lesotho,2016,6,3.97,0.61
Lesotho,2016,7,2.58,2.47
Lesotho,2016,8,6.28,0.67
Lesotho,2016,9,9.84,0.68
Lesotho,2016,10,12.24,1.72
Lesotho,2016,11,14.75,3.81
Lesotho,2016,12,17.23,3.05
Lesotho,2016,13,11.22,2.09
Lesotho,2017,1,16.24,4.2
Lesotho,2017,2,14.71,8.6
Lesotho,2017,3,13.82,1.15
Lesotho,2017,4,11.08,1.21
Lesotho,2017,5,7.27,0.66
Lesotho,2017,6,4.11,0.12
Lesotho,2017,7,4.86,0.04
Lesotho,2017,8,5.32,0.1
Lesotho,2017,9,11.6,0.7
Lesotho,2017,10,10.73,2.04
Lesotho,2017,11,13.85,2.28
Lesotho,2017,12,14.64,4.86
Lesotho,2017,13,10.66,2.12
Lesotho,2018,1,16.82,3.41
Lesotho,2018,2,15.02,3.96
Lesotho,2018,3,12.74,4.98
Lesotho,2018,4,10.28,1.54
Lesotho,2018,5,6.12,0.93
Lesotho,2018,6,3.88,0.02
Lesotho,2018,7,3.7,0.26
Lesotho,2018,8,4.78,1.62
Lesotho,2018,9,8.7,0.76
Lesotho,2018,10,12.85,1.4
Lesotho,2018,11,14.96,0.67
Lesotho,2018,12,17.76,1.91
Lesotho,2018,13,10.61,1.78
Lesotho,2019,1,18.17,1.8
Lesotho,2019,2,15.64,5.24
Lesotho,2019,3,15.35,3.37
Lesotho,2019,4,9.93,5.76
Lesotho,2019,5,8.34,0.54
Lesotho,2019,6,4.61,0.01
Lesotho,2019,7,4.37,0.08
Lesotho,2019,8,7.27,0.07
Lesotho,2019,9,11.13,0.2
Lesotho,2019,10,14.35,0.21
Lesotho,2019,11,16.31,1.67
Lesotho,2019,12,15.46,4.75
Lesotho,2019,13,11.73,1.95
Lesotho,2020,1,16.66,4.19
Lesotho,2020,2,15.53,4.62
Lesotho,2020,3,13.18,3.21
Lesotho,2020,4,9.04,3.54
Lesotho,2020,5,5.98,0.04
Lesotho,2020,6,3.46,0.03
Lesotho,2020,7,3.85,0.06
Lesotho,2020,8,4.11,0.15
Lesotho,2020,9,9.65,0.81
Lesotho,2020,10,14.18,2.6
Lesotho,2020,11,13.44,5.22
Lesotho,2020,12,15.26,4.02
Lesotho,2020,13,10.35,2.36
Lesotho,2021,1,15.83,6.02
Lesotho,2021,2,14.87,3.46
Lesotho,2021,3,13.47,1.38
Lesotho,2021,4,11.86,1.1
Lesotho,2021,5,6.13,0.21
Lesotho,2021,6,3.81,0.55
Lesotho,2021,7,-1.63,19.47
Lesotho,2021,8,0.9,2.33
Lesotho,2021,9,8.69,2.46
Lesotho,2021,10,9.58,2.48
Lesotho,2021,11,12.61,2.2
Lesotho,2021,12,13.2,5.91
Lesotho,2021,13,9.06,3.99
Lesotho,2022,1,15.24,3.45
Lesotho,2022,2,15.77,3.09
Lesotho,2022,3,13.15,3.67
Lesotho,2022,4,8.1,5.69
Lesotho,2022,5,6.1,0.91
Lesotho,2022,6,3.62,0.38
Lesotho,2022,7,3.96,0.71
Lesotho,2022,8,5.13,0.27
Lesotho,2022,9,10.69,0.63
Lesotho,2022,10,15.0,2.38
Lesotho,2022,11,12.66,5.27
Lesotho,2022,12,14.54,4.93
Lesotho,2022,13,10.3,2.61
Lesotho,2023,1,16.53,3.99
Lesotho,2023,2,14.71,4.74
Lesotho,2023,3,13.63,2.45
Lesotho,2023,4,10.5,1.06
Lesotho,2023,5,6.86,2.67
Lesotho,2023,6,2.84,0.3
Lesotho,2023,7,3.03,0.39
Lesotho,2023,8,6.34,0.84
Lesotho,2023,9,9.48,0.47
Lesotho,2023,10,12.96,2.65
Lesotho,2023,11,15.87,2.02
Lesotho,2023,12,15.92,7.14
Lesotho,2023,13,10.7,2.39
Lesotho,2024,1,15.87,3.19
Lesotho,2024,2,17.25,0.77
Lesotho,2024,3,16.47,1.64
Lesotho,2024,4,10.86,3.08
Lesotho,2024,5,9.95,0.01
Lesotho,2024,6,3.7,1.76
Lesotho,2024,7,2.18,0.01
Lesotho,2024,8,6.33,0.19
Lesotho,2024,9,8.89,2.34
Lesotho,2024,10,12.35,2.25
Lesotho,2024,11,14.28,4.03
Lesotho,2024,12,17.29,3.56
Lesotho,2024,13,11.27,1.9
Malawi,2005,1,26.65,5.15
Malawi,2005,2,28.14,5.99
Malawi,2005,3,27.65,2.47
Malawi,2005,4,27.17,0.6
Malawi,2005,5,25.32,0.4
Malawi,2005,6,24.57,0.08
Malawi,2005,7,22.79,0.06
Malawi,2005,8,25.74,0.01
Malawi,2005,9,26.87,0.32
Malawi,2005,10,29.74,0.06
Malawi,2005,11,30.73,1.14
Malawi,2005,12,29.1,5.29
Malawi,2005,13,27.03,1.78
Malawi,2006,1,27.13,7.71
Malawi,2006,2,27.47,5.42
Malawi,2006,3,26.65,6.08
Malawi,2006,4,25.73,2.77
Malawi,2006,5,24.75,0.29
Malawi,2006,6,22.92,0.05
Malawi,2006,7,22.65,0.03
Malawi,2006,8,25.18,0.08
Malawi,2006,9,26.01,0.0
Malawi,2006,10,29.87,0.3
Malawi,2006,11,29.33,2.29
Malawi,2006,12,27.06,6.76
Malawi,2006,13,26.22,2.64
Malawi,2007,1,26.91,9.96
Malawi,2007,2,27.06,7.35
Malawi,2007,3,27.09,3.06
Malawi,2007,4,27.11,0.82
Malawi,2007,5,25.26,0.05
Malawi,2007,6,23.53,0.06
Malawi,2007,7,22.72,0.15
Malawi,2007,8,24.64,0.0
Malawi,2007,9,27.98,0.01
Malawi,2007,10,28.53,1.22
Malawi,2007,11,30.46,1.1
Malawi,2007,12,27.16,7.59
Malawi,2007,13,26.53,2.6
Malawi,2008,1,26.22,10.75
Malawi,2008,2,26.44,5.41
Malawi,2008,3,25.76,3.83
Malawi,2008,4,25.5,0.82
Malawi,2008,5,25.0,0.32
Malawi,2008,6,22.4,0.01
Malawi,2008,7,22.67,0.06
Malawi,2008,8,24.34,0.05
Malawi,2008,9,27.6,0.08
Malawi,2008,10,30.12,0.35
Malawi,2008,11,30.5,1.3
Malawi,2008,12,27.15,6.04
Malawi,2008,13,26.14,2.42
Malawi,2009,1,27.34,10.78
Malawi,2009,2,26.52,6.8
Malawi,2009,3,26.05,5.86
Malawi,2009,4,24.47,1.55
Malawi,2009,5,24.68,0.03
Malawi,2009,6,24.48,0.01
Malawi,2009,7,21.65,0.04
Malawi,2009,8,24.4,0.0
Malawi,2009,9,28.15,0.0
Malawi,2009,10,29.91,0.08
Malawi,2009,11,29.16,2.34
Malawi,2009,12,28.44,4.18
Malawi,2009,13,26.27,2.62
Malawi,2010,1,27.64,8.16
Malawi,2010,2,26.55,7.78
Malawi,2010,3,27.07,4.07
Malawi,2010,4,27.77,0.75
Malawi,2010,5,26.23,0.22
Malawi,2010,6,23.24,0.08
Malawi,2010,7,23.02,0.02
Malawi,2010,8,23.24,0.1
Malawi,2010,9,26.84,0.01
Malawi,2010,10,30.06,0.0
Malawi,2010,11,30.47,3.26
Malawi,2010,12,27.4,9.24
Malawi,2010,13,26.62,2.79
Malawi,2011,1,26.75,7.85
Malawi,2011,2,25.99,4.85
Malawi,2011,3,26.62,7.54
Malawi,2011,4,26.14,2.03
Malawi,2011,5,24.79,0.18
Malawi,2011,6,24.22,0.02
Malawi,2011,7,22.34,0.0
Malawi,2011,8,23.66,0.03
Malawi,2011,9,27.18,0.01
Malawi,2011,10,29.33,0.42
Malawi,2011,11,30.07,2.01
Malawi,2011,12,29.15,4.6
Malawi,2011,13,26.35,2.46
Malawi,2012,1,26.1,14.66
Malawi,2012,2,27.08,4.37
Malawi,2012,3,26.78,6.35
Malawi,2012,4,24.61,2.64
Malawi,2012,5,24.19,0.24
Malawi,2012,6,23.31,0.04
Malawi,2012,7,22.85,0.02
Malawi,2012,8,25.94,0.02
Malawi,2012,9,28.31,0.02
Malawi,2012,10,30.04,0.28
Malawi,2012,11,30.3,0.94
Malawi,2012,12,28.04,5.16
Malawi,2012,13,26.46,2.91
Malawi,2013,1,26.63,13.77
Malawi,2013,2,26.79,8.06
Malawi,2013,3,26.67,2.39
Malawi,2013,4,25.63,3.27
Malawi,2013,5,24.12,0.46
Malawi,2013,6,23.24,0.02
Malawi,2013,7,22.17,0.05
Malawi,2013,8,24.99,0.01
Malawi,2013,9,28.03,0.07
Malawi,2013,10,29.26,0.12
Malawi,2013,11,30.65,1.57
Malawi,2013,12,28.28,7.09
Malawi,2013,13,26.36,3.05
Malawi,2014,1,26.37,11.77
Malawi,2014,2,26.32,13.36
Malawi,2014,3,26.78,3.26
Malawi,2014,4,26.02,2.3
Malawi,2014,5,25.14,0.08
Malawi,2014,6,23.91,0.03
Malawi,2014,7,23.44,0.01
Malawi,2014,8,25.56,0.05
Malawi,2014,9,26.87,0.01
Malawi,2014,10,29.2,0.12
Malawi,2014,11,30.65,0.42
Malawi,2014,12,29.12,9.19
Malawi,2014,13,26.61,3.33
Malawi,2015,1,26.73,8.06
Malawi,2015,2,26.52,3.46
Malawi,2015,3,26.68,2.19
Malawi,2015,4,26.43,1.81
Malawi,2015,5,25.35,0.02
Malawi,2015,6,23.56,0.01
Malawi,2015,7,23.83,0.0
Malawi,2015,8,25.57,0.0
Malawi,2015,9,27.87,0.01
Malawi,2015,10,30.08,0.26
Malawi,2015,11,29.58,1.28
Malawi,2015,12,28.97,5.02
Malawi,2015,13,26.77,1.84
Malawi,2016,1,27.91,8.29
Malawi,2016,2,27.87,9.25
Malawi,2016,3,28.3,2.87
Malawi,2016,4,26.68,2.5
Malawi,2016,5,23.82,0.28
Malawi,2016,6,23.04,0.02
Malawi,2016,7,22.88,0.05
Malawi,2016,8,25.12,0.05
Malawi,2016,9,27.51,0.0
Malawi,2016,10,29.84,0.08
Malawi,2016,11,30.74,0.27
Malawi,2016,12,28.69,4.02
Malawi,2016,13,26.86,2.29
Malawi,2017,1,26.62,8.58
Malawi,2017,2,27.05,9.6
Malawi,2017,3,25.92,4.71
Malawi,2017,4,26.04,1.04
Malawi,2017,5,25.64,0.66
Malawi,2017,6,23.76,0.02
Malawi,2017,7,23.2,0.02
Malawi,2017,8,24.77,0.07
Malawi,2017,9,27.59,0.01
Malawi,2017,10,30.06,0.13
Malawi,2017,11,30.02,2.26
Malawi,2017,12,27.68,5.62
Malawi,2017,13,26.52,2.69
Malawi,2018,1,27.22,5.32
Malawi,2018,2,27.0,9.54
Malawi,2018,3,26.77,6.3
Malawi,2018,4,26.03,1.36
Malawi,2018,5,25.39,0.3
Malawi,2018,6,23.2,0.07
Malawi,2018,7,22.3,0.15
Malawi,2018,8,25.39,0.0
Malawi,2018,9,27.73,0.08
Malawi,2018,10,27.8,0.66
Malawi,2018,11,28.96,3.98
Malawi,2018,12,27.24,8.42
Malawi,2018,13,26.24,2.98
Malawi,2019,1,27.07,11.2
Malawi,2019,2,26.88,7.22
Malawi,2019,3,26.83,5.81
Malawi,2019,4,26.64,1.59
Malawi,2019,5,24.47,0.65
Malawi,2019,6,22.55,0.03
Malawi,2019,7,23.05,0.01
Malawi,2019,8,25.68,0.0
Malawi,2019,9,26.93,0.05
Malawi,2019,10,29.76,1.11
Malawi,2019,11,30.51,3.96
Malawi,2019,12,28.05,9.61
Malawi,2019,13,26.53,3.43
Malawi,2020,1,26.95,8.05
Malawi,2020,2,27.08,12.4
Malawi,2020,3,26.84,8.55
Malawi,2020,4,26.89,0.33
Malawi,2020,5,24.63,0.73
Malawi,2020,6,23.17,0.12
Malawi,2020,7,22.12,0.16
Malawi,2020,8,24.86,0.0
Malawi,2020,9,26.91,0.0
Malawi,2020,10,29.98,0.39
Malawi,2020,11,29.88,2.07
Malawi,2020,12,28.26,5.13
Malawi,2020,13,26.46,3.14
Malawi,2021,1,27.0,8.52
Malawi,2021,2,27.34,12.92
Malawi,2021,3,26.04,7.99
Malawi,2021,4,24.83,1.02
Malawi,2021,5,23.44,0.04
Malawi,2021,6,22.84,0.05
Malawi,2021,7,22.57,0.2
Malawi,2021,8,24.84,0.18
Malawi,2021,9,27.17,0.01
Malawi,2021,10,29.14,0.45
Malawi,2021,11,30.76,2.05
Malawi,2021,12,29.97,2.18
Malawi,2021,13,26.32,2.91
Malawi,2022,1,26.29,21.27
Malawi,2022,2,26.49,11.49
Malawi,2022,3,26.69,5.28
Malawi,2022,4,26.44,2.39
Malawi,2022,5,24.43,0.02
Malawi,2022,6,22.17,0.6
Malawi,2022,7,22.6,0.13
Malawi,2022,8,25.02,0.14
Malawi,2022,9,26.74,0.01
Malawi,2022,10,29.48,0.0
Malawi,2022,11,30.12,1.23
Malawi,2022,12,27.1,9.4
Malawi,2022,13,26.13,4.31
Malawi,2023,1,26.27,9.68
Malawi,2023,2,26.75,10.49
Malawi,2023,3,26.47,6.92
Malawi,2023,4,25.9,2.6
Malawi,2023,5,24.9,0.02
Malawi,2023,6,25.14,0.01
Malawi,2023,7,22.93,0.01
Malawi,2023,8,24.94,0.08
Malawi,2023,9,28.55,0.01
Malawi,2023,10,30.86,0.48
Malawi,2023,11,30.48,0.94
Malawi,2023,12,29.53,5.91
Malawi,2023,13,26.89,3.06
Malawi,2024,1,26.9,13.55
Malawi,2024,2,27.79,8.03
Malawi,2024,3,27.44,6.91
Malawi,2024,4,26.29,3.9
Malawi,2024,5,24.56,0.28
Malawi,2024,6,23.19,0.31
Malawi,2024,7,24.6,0.0
Malawi,2024,8,25.51,0.49
Malawi,2024,9,27.69,0.08
Malawi,2024,10,29.05,0.57
Malawi,2024,11,30.62,5.07
Malawi,2024,12,29.79,4.11
Malawi,2024,13,26.95,3.6
Mozambique,2005,1,26.63,5.46
Mozambique,2005,2,26.72,4.82
Mozambique,2005,3,26.72,2.89
Mozambique,2005,4,26.02,1.12
Mozambique,2005,5,23.64,0.72
Mozambique,2005,6,22.72,0.41
Mozambique,2005,7,21.5,0.57
Mozambique,2005,8,24.83,0.16
Mozambique,2005,9,27.26,0.35
Mozambique,2005,10,29.46,0.21
Mozambique,2005,11,30.88,2.02
Mozambique,2005,12,27.86,7.71
Mozambique,2005,13,26.18,2.2
Mozambique,2006,1,26.32,6.17
Mozambique,2006,2,26.57,5.25
Mozambique,2006,3,25.69,6.72
Mozambique,2006,4,24.4,1.84
Mozambique,2006,5,23.24,0.78
Mozambique,2006,6,21.82,0.41
Mozambique,2006,7,21.89,0.09
Mozambique,2006,8,23.89,0.07
Mozambique,2006,9,25.44,0.22
Mozambique,2006,10,29.66,0.62
Mozambique,2006,11,29.06,2.63
Mozambique,2006,12,29.71,3.25
Mozambique,2006,13,25.64,2.33
Mozambique,2007,1,25.9,17.66
Mozambique,2007,2,26.07,7.49
Mozambique,2007,3,25.31,4.24
Mozambique,2007,4,24.23,2.78
Mozambique,2007,5,22.7,0.47
Mozambique,2007,6,21.69,0.91
Mozambique,2007,7,21.28,0.39
Mozambique,2007,8,23.47,0.14
Mozambique,2007,9,27.06,0.07
Mozambique,2007,10,28.71,0.53
Mozambique,2007,11,28.99,5.04
Mozambique,2007,12,26.46,10.19
Mozambique,2007,13,25.14,4.15
Mozambique,2008,1,26.25,7.9
Mozambique,2008,2,25.38,3.32
Mozambique,2008,3,24.65,5.98
Mozambique,2008,4,23.54,0.27
Mozambique,2008,5,24.16,0.78
Mozambique,2008,6,21.39,0.3
Mozambique,2008,7,22.02,0.31
Mozambique,2008,8,23.61,0.38
Mozambique,2008,9,26.82,0.31
Mozambique,2008,10,29.12,0.45
Mozambique,2008,11,31.08,0.48
Mozambique,2008,12,28.24,9.84
Mozambique,2008,13,25.52,2.55
Mozambique,2009,1,26.53,7.04
Mozambique,2009,2,25.87,4.63
Mozambique,2009,3,25.31,3.88
Mozambique,2009,4,24.03,1.74
Mozambique,2009,5,23.89,1.05
Mozambique,2009,6,23.12,0.32
Mozambique,2009,7,20.26,1.38
Mozambique,2009,8,23.19,0.31
Mozambique,2009,9,27.4,0.16
Mozambique,2009,10,28.94,0.17
Mozambique,2009,11,28.95,2.73
Mozambique,2009,12,28.71,3.46
Mozambique,2009,13,25.51,2.23
Mozambique,2010,1,30.72,3.75
Mozambique,2010,2,27.51,9.29
Mozambique,2010,3,25.65,3.11
Mozambique,2010,4,26.89,2.19
Mozambique,2010,5,24.59,1.12
Mozambique,2010,6,21.52,0.78
Mozambique,2010,7,21.03,1.83
Mozambique,2010,8,22.01,0.37
Mozambique,2010,9,25.99,0.26
Mozambique,2010,10,30.17,0.08
Mozambique,2010,11,30.81,7.07
Mozambique,2010,12,26.13,13.1
Mozambique,2010,13,26.07,3.54
Mozambique,2011,1,26.22,5.59
Mozambique,2011,2,25.21,2.3
Mozambique,2011,3,26.59,4.21
Mozambique,2011,4,26.0,3.14
Mozambique,2011,5,23.72,1.03
Mozambique,2011,6,21.99,0.27
Mozambique,2011,7,20.84,3.46
Mozambique,2011,8,20.53,0.1
Mozambique,2011,9,26.24,0.37
Mozambique,2011,10,28.71,1.2
Mozambique,2011,11,29.56,2.81
Mozambique,2011,12,29.32,3.49
Mozambique,2011,13,25.41,2.34
Mozambique,2012,1,26.67,10.65
Mozambique,2012,2,26.88,2.57
Mozambique,2012,3,27.68,2.83
Mozambique,2012,4,24.78,1.42
Mozambique,2012,5,24.42,0.09
Mozambique,2012,6,22.37,0.74
Mozambique,2012,7,21.6,0.03
Mozambique,2012,8,24.82,0.07
Mozambique,2012,9,28.33,0.11
Mozambique,2012,10,29.53,1.42
Mozambique,2012,11,28.9,1.0
Mozambique,2012,12,26.58,9.28
Mozambique,2012,13,26.04,2.54
Mozambique,2013,1,26.15,11.6
Mozambique,2013,2,25.41,9.81
Mozambique,2013,3,24.66,4.08
Mozambique,2013,4,23.49,1.91
Mozambique,2013,5,22.3,0.52
Mozambique,2013,6,21.84,0.5
Mozambique,2013,7,20.38,0.99
Mozambique,2013,8,24.03,0.16
Mozambique,2013,9,27.79,0.37
Mozambique,2013,10,26.86,1.66
Mozambique,2013,11,30.9,1.03
Mozambique,2013,12,28.56,4.43
Mozambique,2013,13,25.19,3.06
Mozambique,2014,1,26.26,10.64
Mozambique,2014,2,25.54,8.62
Mozambique,2014,3,25.85,2.26
Mozambique,2014,4,24.32,2.28
Mozambique,2014,5,23.88,0.73
Mozambique,2014,6,21.82,1.06
Mozambique,2014,7,22.04,0.48
Mozambique,2014,8,23.95,0.27
Mozambique,2014,9,25.65,0.89
Mozambique,2014,10,28.05,0.46
Mozambique,2014,11,29.34,1.95
Mozambique,2014,12,27.99,6.84
Mozambique,2014,13,25.39,3.01
Mozambique,2015,1,25.35,10.68
Mozambique,2015,2,25.55,4.43
Mozambique,2015,3,25.86,2.05
Mozambique,2015,4,26.27,0.7
Mozambique,2015,5,25.0,0.17
Mozambique,2015,6,22.96,0.05
Mozambique,2015,7,23.13,0.15
Mozambique,2015,8,24.28,0.0
Mozambique,2015,9,27.38,0.27
Mozambique,2015,10,30.03,0.37
Mozambique,2015,11,30.29,2.73
Mozambique,2015,12,29.58,5.13
Mozambique,2015,13,26.31,2.22
Mozambique,2016,1,28.22,5.44
Mozambique,2016,2,29.13,3.68
Mozambique,2016,3,28.0,4.1
Mozambique,2016,4,25.31,2.55
Mozambique,2016,5,23.03,0.46
Mozambique,2016,6,21.52,0.72
Mozambique,2016,7,21.54,0.97
Mozambique,2016,8,23.35,0.1
Mozambique,2016,9,27.78,0.02
Mozambique,2016,10,30.27,0.13
Mozambique,2016,11,30.69,3.4
Mozambique,2016,12,28.38,5.35
Mozambique,2016,13,26.42,2.24
Mozambique,2017,1,26.94,6.78
Mozambique,2017,2,27.3,4.48
Mozambique,2017,3,25.22,6.19
Mozambique,2017,4,24.08,1.39
Mozambique,2017,5,23.19,0.55
Mozambique,2017,6,22.49,0.63
Mozambique,2017,7,21.14,1.31
Mozambique,2017,8,23.08,0.32
Mozambique,2017,9,26.58,0.13
Mozambique,2017,10,29.89,0.32
Mozambique,2017,11,27.25,4.41
Mozambique,2017,12,26.54,14.3
Mozambique,2017,13,25.29,3.41
Mozambique,2018,1,25.67,2.74
Mozambique,2018,2,26.35,12.74
Mozambique,2018,3,25.74,7.36
Mozambique,2018,4,24.0,3.07
Mozambique,2018,5,24.06,0.26
Mozambique,2018,6,22.26,0.3
Mozambique,2018,7,19.79,5.85
Mozambique,2018,8,22.96,0.25
Mozambique,2018,9,27.86,0.27
Mozambique,2018,10,27.51,0.39
Mozambique,2018,11,28.51,6.02
Mozambique,2018,12,26.94,6.04
Mozambique,2018,13,25.12,3.72
Mozambique,2019,1,26.37,9.01
Mozambique,2019,2,26.35,3.91
Mozambique,2019,3,25.18,12.96
Mozambique,2019,4,24.45,0.74
Mozambique,2019,5,23.08,0.68
Mozambique,2019,6,21.67,0.99
Mozambique,2019,7,22.15,0.06
Mozambique,2019,8,24.84,0.38
Mozambique,2019,9,25.43,0.7
Mozambique,2019,10,30.86,0.72
Mozambique,2019,11,30.25,3.31
Mozambique,2019,12,28.7,6.68
Mozambique,2019,13,25.78,3.36
Mozambique,2020,1,26.45,9.91
Mozambique,2020,2,26.29,14.52
Mozambique,2020,3,25.47,1.58
Mozambique,2020,4,26.32,1.77
Mozambique,2020,5,23.82,0.14
Mozambique,2020,6,21.58,1.71
Mozambique,2020,7,20.69,0.63
Mozambique,2020,8,24.12,0.19
Mozambique,2020,9,26.54,0.19
Mozambique,2020,10,28.55,0.38
Mozambique,2020,11,30.98,3.99
Mozambique,2020,12,27.55,7.46
Mozambique,2020,13,25.69,3.5
Mozambique,2021,1,27.39,10.01
Mozambique,2021,2,26.66,5.53
Mozambique,2021,3,25.28,4.01
Mozambique,2021,4,24.75,1.36
Mozambique,2021,5,22.92,0.85
Mozambique,2021,6,21.1,2.06
Mozambique,2021,7,20.8,0.83
Mozambique,2021,8,23.7,0.3
Mozambique,2021,9,26.56,0.41
Mozambique,2021,10,28.84,0.5
Mozambique,2021,11,31.25,1.32
Mozambique,2021,12,31.0,3.38
Mozambique,2021,13,25.85,2.54
Mozambique,2022,1,26.17,18.41
Mozambique,2022,2,25.83,4.76
Mozambique,2022,3,24.86,7.89
Mozambique,2022,4,25.23,2.14
Mozambique,2022,5,22.88,0.45
Mozambique,2022,6,20.07,3.94
Mozambique,2022,7,20.22,0.34
Mozambique,2022,8,23.62,0.64
Mozambique,2022,9,26.72,0.03
Mozambique,2022,10,30.5,0.16
Mozambique,2022,11,27.68,6.09
Mozambique,2022,12,27.85,11.86
Mozambique,2022,13,25.13,4.74
Mozambique,2023,1,26.61,8.62
Mozambique,2023,2,26.68,11.07
Mozambique,2023,3,24.6,11.4
Mozambique,2023,4,23.95,0.52
Mozambique,2023,5,24.4,0.13
Mozambique,2023,6,24.44,0.14
Mozambique,2023,7,21.33,1.1
Mozambique,2023,8,23.55,0.48
Mozambique,2023,9,28.47,0.36
Mozambique,2023,10,28.98,10.76
Mozambique,2023,11,27.85,2.53
Mozambique,2023,12,29.42,7.49
Mozambique,2023,13,25.85,4.54
Mozambique,2024,1,26.67,7.06
Mozambique,2024,2,28.5,2.69
Mozambique,2024,3,28.03,4.3
Mozambique,2024,4,25.86,1.59
Mozambique,2024,5,23.84,1.17
Mozambique,2024,6,22.25,2.55
Mozambique,2024,7,21.64,0.0
Mozambique,2024,8,24.59,1.61
Mozambique,2024,9,26.09,0.66
Mozambique,2024,10,27.74,3.68
Mozambique,2024,11,28.79,4.28
Mozambique,2024,12,31.44,1.45
Mozambique,2024,13,26.28,2.59
Namibia,2005,1,24.63,3.47
Namibia,2005,2,24.29,2.09
Namibia,2005,3,22.25,2.78
Namibia,2005,4,20.45,1.5
Namibia,2005,5,17.17,0.05
Namibia,2005,6,15.06,0.0
Namibia,2005,7,13.32,0.0
Namibia,2005,8,17.2,0.03
Namibia,2005,9,19.83,0.0
Namibia,2005,10,23.73,0.61
Namibia,2005,11,23.39,2.58
Namibia,2005,12,24.51,0.91
Namibia,2005,13,20.46,1.16
Namibia,2006,1,22.04,7.62
Namibia,2006,2,20.57,5.36
Namibia,2006,3,19.7,2.15
Namibia,2006,4,17.79,1.5
Namibia,2006,5,13.25,0.05
Namibia,2006,6,11.27,0.0
Namibia,2006,7,12.95,0.04
Namibia,2006,8,13.06,0.0
Namibia,2006,9,18.81,0.02
Namibia,2006,10,22.07,2.07
Namibia,2006,11,23.88,1.45
Namibia,2006,12,25.23,2.28
Namibia,2006,13,18.37,1.86
Namibia,2007,1,25.23,1.02
Namibia,2007,2,25.45,1.42
Namibia,2007,3,23.76,1.41
Namibia,2007,4,20.02,1.65
Namibia,2007,5,15.36,0.01
Namibia,2007,6,11.92,0.0
Namibia,2007,7,11.87,0.0
Namibia,2007,8,14.97,0.0
Namibia,2007,9,20.99,0.01
Namibia,2007,10,22.03,0.65
Namibia,2007,11,23.48,1.29
Namibia,2007,12,24.63,1.42
Namibia,2007,13,19.94,0.73
Namibia,2008,1,23.56,2.55
Namibia,2008,2,21.73,5.8
Namibia,2008,3,20.02,3.58
Namibia,2008,4,18.08,0.59
Namibia,2008,5,16.51,0.1
Namibia,2008,6,13.14,0.02
Namibia,2008,7,12.53,0.01
Namibia,2008,8,16.25,0.0
Namibia,2008,9,20.08,0.0
Namibia,2008,10,24.34,0.97
Namibia,2008,11,23.69,3.38
Namibia,2008,12,23.66,2.04
Namibia,2008,13,19.46,1.57
Namibia,2009,1,24.47,2.16
Namibia,2009,2,21.29,8.0
Namibia,2009,3,19.21,2.06
Namibia,2009,4,18.92,0.35
Namibia,2009,5,16.61,0.26
Namibia,2009,6,13.8,0.09
Namibia,2009,7,10.69,0.0
Namibia,2009,8,15.41,0.0
Namibia,2009,9,20.84,0.39
Namibia,2009,10,22.4,1.46
Namibia,2009,11,23.22,1.2
Namibia,2009,12,26.01,3.73
Namibia,2009,13,19.39,1.6
Namibia,2010,1,22.44,4.06
Namibia,2010,2,23.61,1.04
Namibia,2010,3,23.29,1.37
Namibia,2010,4,20.56,1.26
Namibia,2010,5,16.91,0.12
Namibia,2010,6,12.66,0.0
Namibia,2010,7,11.99,0.0
Namibia,2010,8,15.48,0.0
Namibia,2010,9,20.51,0.22
Namibia,2010,10,23.68,0.17
Namibia,2010,11,23.3,3.08
Namibia,2010,12,23.86,1.76
Namibia,2010,13,19.83,1.09
Namibia,2011,1,22.17,6.31
Namibia,2011,2,21.17,4.27
Namibia,2011,3,20.41,3.76
Namibia,2011,4,18.0,7.78
Namibia,2011,5,13.22,0.95
Namibia,2011,6,9.49,0.0
Namibia,2011,7,9.38,0.0
Namibia,2011,8,14.14,0.0
Namibia,2011,9,19.78,0.08
Namibia,2011,10,22.35,0.18
Namibia,2011,11,24.71,0.38
Namibia,2011,12,23.95,1.85
Namibia,2011,13,18.21,2.11
Namibia,2012,1,24.75,3.65
Namibia,2012,2,21.55,4.78
Namibia,2012,3,21.29,3.16
Namibia,2012,4,18.58,0.42
Namibia,2012,5,16.18,0.01
Namibia,2012,6,12.07,0.01
Namibia,2012,7,11.66,0.01
Namibia,2012,8,15.63,0.03
Namibia,2012,9,19.29,0.05
Namibia,2012,10,24.15,0.06
Namibia,2012,11,24.66,1.9
Namibia,2012,12,24.61,2.66
Namibia,2012,13,19.53,1.39
Namibia,2013,1,25.85,1.25
Namibia,2013,2,26.44,0.76
Namibia,2013,3,23.6,3.92
Namibia,2013,4,18.14,0.01
Namibia,2013,5,15.95,0.16
Namibia,2013,6,13.81,0.0
Namibia,2013,7,13.68,0.01
Namibia,2013,8,14.96,0.0
Namibia,2013,9,20.03,0.28
Namibia,2013,10,22.84,0.05
Namibia,2013,11,24.93,0.41
Namibia,2013,12,22.08,6.58
Namibia,2013,13,20.15,1.13
Namibia,2014,1,22.36,3.28
Namibia,2014,2,20.94,3.31
Namibia,2014,3,20.0,4.64
Namibia,2014,4,17.1,1.68
Namibia,2014,5,16.14,0.02
Namibia,2014,6,12.19,0.0
Namibia,2014,7,12.24,0.0
Namibia,2014,8,16.29,0.02
Namibia,2014,9,19.94,0.08
Namibia,2014,10,22.62,2.05
Namibia,2014,11,22.63,1.33
Namibia,2014,12,24.75,1.96
Namibia,2014,13,18.93,1.52
Namibia,2015,1,25.79,1.43
Namibia,2015,2,25.26,0.79
Namibia,2015,3,23.06,3.72
Namibia,2015,4,19.44,0.97
Namibia,2015,5,16.62,0.05
Namibia,2015,6,11.49,0.07
Namibia,2015,7,13.54,0.0
Namibia,2015,8,17.53,0.06
Namibia,2015,9,21.3,0.0
Namibia,2015,10,24.86,0.25
Namibia,2015,11,24.91,0.16
Namibia,2015,12,25.8,1.44
Namibia,2015,13,20.78,0.75
Namibia,2016,1,25.23,3.39
Namibia,2016,2,25.31,1.98
Namibia,2016,3,22.7,2.31
Namibia,2016,4,21.37,0.36
Namibia,2016,5,15.86,0.02
Namibia,2016,6,13.94,0.27
Namibia,2016,7,12.6,0.0
Namibia,2016,8,16.42,0.0
Namibia,2016,9,20.6,0.0
Namibia,2016,10,25.09,0.01
Namibia,2016,11,25.58,1.64
Namibia,2016,12,26.29,2.06
Namibia,2016,13,20.9,1.0
Namibia,2017,1,23.3,3.45
Namibia,2017,2,22.25,2.0
Namibia,2017,3,21.78,1.05
Namibia,2017,4,18.58,3.84
Namibia,2017,5,15.27,0.26
Namibia,2017,6,14.22,0.0
Namibia,2017,7,13.96,0.0
Namibia,2017,8,16.21,0.0
Namibia,2017,9,22.7,0.19
Namibia,2017,10,22.36,0.77
Namibia,2017,11,24.02,0.5
Namibia,2017,12,25.18,2.29
Namibia,2017,13,19.97,1.19
Namibia,2018,1,26.19,0.6
Namibia,2018,2,24.61,1.82
Namibia,2018,3,22.7,4.1
Namibia,2018,4,19.65,2.61
Namibia,2018,5,16.31,0.1
Namibia,2018,6,13.61,0.0
Namibia,2018,7,12.55,0.03
Namibia,2018,8,16.93,0.0
Namibia,2018,9,19.99,0.0
Namibia,2018,10,22.75,1.07
Namibia,2018,11,25.91,0.18
Namibia,2018,12,26.07,2.04
Namibia,2018,13,20.58,1.04
Namibia,2019,1,26.75,0.46
Namibia,2019,2,25.72,1.54
Namibia,2019,3,25.95,1.24
Namibia,2019,4,21.93,0.8
Namibia,2019,5,18.45,0.04
Namibia,2019,6,14.31,0.0
Namibia,2019,7,13.93,0.0
Namibia,2019,8,17.08,0.0
Namibia,2019,9,19.33,0.0
Namibia,2019,10,24.28,0.04
Namibia,2019,11,27.14,0.32
Namibia,2019,12,23.42,4.07
Namibia,2019,13,21.5,0.71
Namibia,2020,1,25.47,0.46
Namibia,2020,2,23.71,6.26
Namibia,2020,3,21.52,3.58
Namibia,2020,4,19.84,1.07
Namibia,2020,5,15.44,0.02
Namibia,2020,6,11.82,0.0
Namibia,2020,7,11.4,0.0
Namibia,2020,8,14.6,0.0
Namibia,2020,9,20.55,0.06
Namibia,2020,10,24.18,0.35
Namibia,2020,11,24.84,1.43
Namibia,2020,12,25.75,1.05
Namibia,2020,13,19.91,1.17
Namibia,2021,1,21.17,9.29
Namibia,2021,2,20.54,3.92
Namibia,2021,3,20.76,1.89
Namibia,2021,4,18.64,0.21
Namibia,2021,5,15.76,0.17
Namibia,2021,6,12.88,0.0
Namibia,2021,7,11.55,0.0
Namibia,2021,8,16.33,0.0
Namibia,2021,9,21.46,0.0
Namibia,2021,10,21.82,1.92
Namibia,2021,11,24.35,0.22
Namibia,2021,12,23.88,2.47
Namibia,2021,13,19.08,1.67
Namibia,2022,1,24.38,3.02
Namibia,2022,2,22.97,4.26
Namibia,2022,3,21.41,2.0
Namibia,2022,4,19.83,0.48
Namibia,2022,5,15.21,0.0
Namibia,2022,6,11.32,0.0
Namibia,2022,7,14.46,0.0
Namibia,2022,8,16.61,0.0
Namibia,2022,9,21.02,0.0
Namibia,2022,10,24.16,2.7
Namibia,2022,11,24.12,1.08
Namibia,2022,12,24.81,3.62
Namibia,2022,13,20.01,1.42
Namibia,2023,1,23.61,4.03
Namibia,2023,2,22.26,2.97
Namibia,2023,3,23.81,0.8
Namibia,2023,4,21.71,1.73
Namibia,2023,5,18.35,0.16
Namibia,2023,6,13.92,0.0
Namibia,2023,7,12.52,0.01
Namibia,2023,8,17.01,0.0
Namibia,2023,9,20.31,0.0
Namibia,2023,10,25.3,0.0
Namibia,2023,11,26.21,1.08
Namibia,2023,12,26.75,1.13
Namibia,2023,13,20.97,0.98
Namibia,2024,1,26.01,4.05
Namibia,2024,2,25.22,3.78
Namibia,2024,3,24.97,2.06
Namibia,2024,4,20.89,0.34
Namibia,2024,5,17.73,0.0
Namibia,2024,6,12.42,0.0
Namibia,2024,7,14.33,0.0
Namibia,2024,8,18.23,0.0
Namibia,2024,9,20.94,0.17
Namibia,2024,10,23.32,0.0
Namibia,2024,11,25.86,0.72
Namibia,2024,12,26.78,1.35
Namibia,2024,13,21.39,1.03
Rwanda,2005,1,19.9,4.74
Rwanda,2005,2,21.07,2.65
Rwanda,2005,3,20.2,6.66
Rwanda,2005,4,19.93,4.76
Rwanda,2005,5,19.13,5.38
Rwanda,2005,6,19.24,1.25
Rwanda,2005,7,18.93,0.66
Rwanda,2005,8,20.49,1.53
Rwanda,2005,9,20.93,3.42
Rwanda,2005,10,20.26,3.93
Rwanda,2005,11,20.07,3.04
Rwanda,2005,12,21.07,1.28
Rwanda,2005,13,20.09,3.28
Rwanda,2006,1,21.76,1.64
Rwanda,2006,2,21.54,3.25
Rwanda,2006,3,19.84,5.3
Rwanda,2006,4,19.41,5.19
Rwanda,2006,5,19.27,3.51
Rwanda,2006,6,19.08,0.66
Rwanda,2006,7,19.5,1.16
Rwanda,2006,8,20.29,1.66
Rwanda,2006,9,20.87,2.13
Rwanda,2006,10,21.0,3.18
Rwanda,2006,11,19.37,5.9
Rwanda,2006,12,19.46,4.31
Rwanda,2006,13,20.11,3.15
Rwanda,2007,1,20.17,2.86
Rwanda,2007,2,19.95,5.68
Rwanda,2007,3,19.72,3.68
Rwanda,2007,4,19.59,5.58
Rwanda,2007,5,18.71,9.59
Rwanda,2007,6,17.68,3.17
Rwanda,2007,7,17.87,1.83
Rwanda,2007,8,19.06,2.66
Rwanda,2007,9,19.57,4.54
Rwanda,2007,10,19.54,3.32
Rwanda,2007,11,19.26,5.03
Rwanda,2007,12,19.23,3.41
Rwanda,2007,13,19.19,4.26
Rwanda,2008,1,19.77,4.57
Rwanda,2008,2,19.4,5.79
Rwanda,2008,3,19.17,6.7
Rwanda,2008,4,18.76,3.57
Rwanda,2008,5,18.62,5.58
Rwanda,2008,6,17.14,7.71
Rwanda,2008,7,17.52,1.84
Rwanda,2008,8,19.13,4.16
Rwanda,2008,9,19.68,2.0
Rwanda,2008,10,19.4,3.46
Rwanda,2008,11,19.76,3.39
Rwanda,2008,12,19.82,2.33
Rwanda,2008,13,19.01,4.25
Rwanda,2009,1,19.87,4.43
Rwanda,2009,2,19.36,8.78
Rwanda,2009,3,19.66,6.24
Rwanda,2009,4,18.71,5.7
Rwanda,2009,5,18.52,3.46
Rwanda,2009,6,18.46,1.18
Rwanda,2009,7,18.0,0.56
Rwanda,2009,8,20.11,3.0
Rwanda,2009,9,20.7,1.45
Rwanda,2009,10,20.05,3.63
Rwanda,2009,11,19.35,7.32
Rwanda,2009,12,19.4,7.18
Rwanda,2009,13,19.35,4.38
Rwanda,2010,1,19.96,3.96
Rwanda,2010,2,20.36,6.13
Rwanda,2010,3,19.87,6.57
Rwanda,2010,4,19.53,8.5
Rwanda,2010,5,19.19,3.94
Rwanda,2010,6,18.64,0.95
Rwanda,2010,7,18.72,0.09
Rwanda,2010,8,20.2,0.34
Rwanda,2010,9,20.39,2.47
Rwanda,2010,10,20.69,1.44
Rwanda,2010,11,19.46,8.9
Rwanda,2010,12,18.96,3.4
Rwanda,2010,13,19.66,3.86
Rwanda,2011,1,19.84,2.17
Rwanda,2011,2,20.59,2.69
Rwanda,2011,3,20.07,5.53
Rwanda,2011,4,18.98,5.71
Rwanda,2011,5,19.12,4.52
Rwanda,2011,6,19.12,1.41
Rwanda,2011,7,19.42,0.7
Rwanda,2011,8,19.92,2.11
Rwanda,2011,9,19.54,7.57
Rwanda,2011,10,18.81,6.89
Rwanda,2011,11,19.07,4.65
Rwanda,2011,12,19.21,3.52
Rwanda,2011,13,19.47,3.96
Rwanda,2012,1,20.34,0.46
Rwanda,2012,2,20.36,2.1
Rwanda,2012,3,20.23,2.61
Rwanda,2012,4,19.47,6.46
Rwanda,2012,5,18.78,11.6
Rwanda,2012,6,18.13,1.0
Rwanda,2012,7,18.82,0.25
Rwanda,2012,8,19.81,2.15
Rwanda,2012,9,20.07,2.3
Rwanda,2012,10,20.14,5.83
Rwanda,2012,11,18.86,7.02
Rwanda,2012,12,18.91,4.05
Rwanda,2012,13,19.49,3.82
Rwanda,2013,1,20.18,2.0
Rwanda,2013,2,20.53,1.55
Rwanda,2013,3,20.07,6.09
Rwanda,2013,4,19.31,7.03
Rwanda,2013,5,19.04,4.36
Rwanda,2013,6,18.5,0.04
Rwanda,2013,7,19.21,0.31
Rwanda,2013,8,19.98,1.57
Rwanda,2013,9,20.47,2.98
Rwanda,2013,10,20.44,1.64
Rwanda,2013,11,19.61,4.23
Rwanda,2013,12,19.76,3.77
Rwanda,2013,13,19.76,2.97
Rwanda,2014,1,20.91,1.32
Rwanda,2014,2,20.76,3.13
Rwanda,2014,3,20.09,3.84
Rwanda,2014,4,19.49,5.82
Rwanda,2014,5,19.58,3.83
Rwanda,2014,6,19.22,3.54
Rwanda,2014,7,19.88,0.65
Rwanda,2014,8,19.88,2.6
Rwanda,2014,9,19.9,3.9
Rwanda,2014,10,19.83,4.84
Rwanda,2014,11,19.21,5.38
Rwanda,2014,12,19.57,5.1
Rwanda,2014,13,19.86,3.66
Rwanda,2015,1,20.09,1.5
Rwanda,2015,2,20.8,2.42
Rwanda,2015,3,20.71,3.77
Rwanda,2015,4,19.56,3.99
Rwanda,2015,5,19.48,3.0
Rwanda,2015,6,19.74,2.26
Rwanda,2015,7,20.48,0.31
Rwanda,2015,8,21.52,0.34
Rwanda,2015,9,21.46,1.99
Rwanda,2015,10,20.63,4.7
Rwanda,2015,11,19.42,8.28
Rwanda,2015,12,19.62,2.79
Rwanda,2015,13,20.29,2.94
Rwanda,2016,1,20.26,2.72
Rwanda,2016,2,21.75,1.42
Rwanda,2016,3,21.98,3.5
Rwanda,2016,4,20.06,8.0
Rwanda,2016,5,19.11,2.75
Rwanda,2016,6,18.72,0.18
Rwanda,2016,7,19.24,0.1
Rwanda,2016,8,21.1,0.3
Rwanda,2016,9,21.14,3.32
Rwanda,2016,10,20.64,3.92
Rwanda,2016,11,19.63,2.62
Rwanda,2016,12,20.53,1.66
Rwanda,2016,13,20.34,2.54
Rwanda,2017,1,21.92,1.52
Rwanda,2017,2,21.14,2.71
Rwanda,2017,3,20.15,3.97
Rwanda,2017,4,19.86,3.28
Rwanda,2017,5,19.83,3.34
Rwanda,2017,6,20.69,0.34
Rwanda,2017,7,21.28,0.35
Rwanda,2017,8,21.32,1.49
Rwanda,2017,9,21.29,2.0
Rwanda,2017,10,21.13,3.78
Rwanda,2017,11,19.48,6.03
Rwanda,2017,12,20.43,2.15
Rwanda,2017,13,20.71,2.58
Rwanda,2018,1,19.55,4.45
Rwanda,2018,2,21.22,1.97
Rwanda,2018,3,19.13,7.38
Rwanda,2018,4,18.9,10.73
Rwanda,2018,5,18.56,3.46
Rwanda,2018,6,17.38,1.01
Rwanda,2018,7,16.85,0.57
Rwanda,2018,8,18.92,1.99
Rwanda,2018,9,20.42,2.2
Rwanda,2018,10,19.88,3.74
Rwanda,2018,11,19.58,3.1
Rwanda,2018,12,19.4,3.47
Rwanda,2018,13,19.13,3.68
Rwanda,2019,1,20.19,2.76
Rwanda,2019,2,20.8,3.06
Rwanda,2019,3,20.85,2.51
Rwanda,2019,4,20.16,4.39
Rwanda,2019,5,19.37,3.88
Rwanda,2019,6,18.81,2.61
Rwanda,2019,7,19.24,1.39
Rwanda,2019,8,20.19,1.04
Rwanda,2019,9,21.11,2.68
Rwanda,2019,10,19.23,8.27
Rwanda,2019,11,19.29,5.74
Rwanda,2019,12,19.53,6.07
Rwanda,2019,13,19.89,3.7
Rwanda,2020,1,19.73,5.19
Rwanda,2020,2,19.95,7.56
Rwanda,2020,3,19.99,9.27
Rwanda,2020,4,19.58,9.19
Rwanda,2020,5,19.01,3.22
Rwanda,2020,6,17.6,2.33
Rwanda,2020,7,17.13,1.65
Rwanda,2020,8,19.24,0.97
Rwanda,2020,9,20.13,1.53
Rwanda,2020,10,19.68,5.06
Rwanda,2020,11,19.15,10.31
Rwanda,2020,12,19.2,4.32
Rwanda,2020,13,19.2,5.03
Rwanda,2021,1,19.06,7.3
Rwanda,2021,2,19.69,8.78
Rwanda,2021,3,19.23,2.38
Rwanda,2021,4,18.88,6.54
Rwanda,2021,5,18.97,2.87
Rwanda,2021,6,17.82,0.7
Rwanda,2021,7,17.42,0.44
Rwanda,2021,8,19.35,2.25
Rwanda,2021,9,19.91,5.15
Rwanda,2021,10,20.47,2.34
Rwanda,2021,11,19.52,5.73
Rwanda,2021,12,19.32,6.29
Rwanda,2021,13,19.13,4.19
Rwanda,2022,1,19.67,4.95
Rwanda,2022,2,19.46,12.97
Rwanda,2022,3,19.7,5.21
Rwanda,2022,4,19.18,5.47
Rwanda,2022,5,18.91,3.16
Rwanda,2022,6,17.36,0.92
Rwanda,2022,7,17.22,0.37
Rwanda,2022,8,18.63,5.17
Rwanda,2022,9,19.48,4.32
Rwanda,2022,10,19.76,3.03
Rwanda,2022,11,18.98,6.43
Rwanda,2022,12,19.14,3.42
Rwanda,2022,13,18.96,4.55
Rwanda,2023,1,19.3,1.37
Rwanda,2023,2,20.43,1.75
Rwanda,2023,3,19.76,3.56
Rwanda,2023,4,19.35,7.77
Rwanda,2023,5,19.87,2.65
Rwanda,2023,6,19.57,1.13
Rwanda,2023,7,19.21,0.04
Rwanda,2023,8,21.36,0.3
Rwanda,2023,9,21.48,2.91
Rwanda,2023,10,21.29,2.15
Rwanda,2023,11,19.72,5.28
Rwanda,2023,12,20.69,3.82
Rwanda,2023,13,20.17,2.72
Rwanda,2024,1,20.48,7.01
Rwanda,2024,2,21.06,3.2
Rwanda,2024,3,20.78,3.58
Rwanda,2024,4,20.18,5.37
Rwanda,2024,5,20.36,2.09
Rwanda,2024,6,19.43,0.26
Rwanda,2024,7,20.65,0.49
Rwanda,2024,8,21.46,0.65
Rwanda,2024,9,22.76,2.21
Rwanda,2024,10,20.8,6.83
Rwanda,2024,11,19.97,7.13
Rwanda,2024,12,19.7,4.37
Rwanda,2024,13,20.63,3.6
South Africa,2005,1,26.56,2.2
South Africa,2005,2,26.43,1.78
South Africa,2005,3,21.96,1.38
South Africa,2005,4,17.23,2.09
South Africa,2005,5,14.22,0.85
South Africa,2005,6,11.25,0.18
South Africa,2005,7,11.57,0.0
South Africa,2005,8,13.92,0.11
South Africa,2005,9,18.83,0.15
South Africa,2005,10,21.6,0.46
South Africa,2005,11,23.44,1.87
South Africa,2005,12,24.97,0.43
South Africa,2005,13,19.29,0.95
South Africa,2006,1,26.84,2.46
South Africa,2006,2,23.25,7.49
South Africa,2006,3,19.45,2.71
South Africa,2006,4,16.93,1.21
South Africa,2006,5,10.35,0.43
South Africa,2006,6,9.25,0.24
South Africa,2006,7,10.71,0.01
South Africa,2006,8,10.63,1.13
South Africa,2006,9,16.79,0.01
South Africa,2006,10,21.59,2.16
South Africa,2006,11,23.49,1.65
South Africa,2006,12,26.34,1.25
South Africa,2006,13,17.94,1.69
South Africa,2007,1,27.32,0.97
South Africa,2007,2,27.08,0.28
South Africa,2007,3,23.4,1.01
South Africa,2007,4,19.79,1.11
South Africa,2007,5,13.55,0.06
South Africa,2007,6,9.51,0.35
South Africa,2007,7,9.39,0.01
South Africa,2007,8,12.27,0.04
South Africa,2007,9,19.79,1.56
South Africa,2007,10,19.85,2.38
South Africa,2007,11,21.83,2.31
South Africa,2007,12,24.3,2.09
South Africa,2007,13,18.95,1.02
South Africa,2008,1,25.45,2.23
South Africa,2008,2,26.3,1.52
South Africa,2008,3,22.66,1.64
South Africa,2008,4,17.99,0.22
South Africa,2008,5,15.37,1.68
South Africa,2008,6,11.01,0.5
South Africa,2008,7,10.29,0.02
South Africa,2008,8,14.22,0.03
South Africa,2008,9,15.75,0.01
South Africa,2008,10,22.59,0.87
South Africa,2008,11,24.38,1.8
South Africa,2008,12,26.88,1.28
South Africa,2008,13,19.39,0.98
South Africa,2009,1,26.68,2.23
South Africa,2009,2,24.39,2.92
South Africa,2009,3,23.14,0.72
South Africa,2009,4,20.15,0.3
South Africa,2009,5,14.12,0.36
South Africa,2009,6,10.78,0.6
South Africa,2009,7,8.47,0.42
South Africa,2009,8,12.92,0.11
South Africa,2009,9,18.43,0.09
South Africa,2009,10,21.54,2.27
South Africa,2009,11,22.14,1.86
South Africa,2009,12,26.88,1.02
South Africa,2009,13,19.11,1.06
South Africa,2010,1,25.18,3.56
South Africa,2010,2,25.63,2.66
South Africa,2010,3,24.09,1.63
South Africa,2010,4,18.71,1.39
South Africa,2010,5,14.87,0.21
South Africa,2010,6,9.46,0.06
South Africa,2010,7,11.07,0.0
South Africa,2010,8,12.94,0.0
South Africa,2010,9,19.03,0.05
South Africa,2010,10,21.63,0.22
South Africa,2010,11,24.37,1.12
South Africa,2010,12,25.95,1.63
South Africa,2010,13,19.38,1.04
South Africa,2011,1,24.42,5.59
South Africa,2011,2,24.24,2.42
South Africa,2011,3,23.73,1.58
South Africa,2011,4,17.37,1.44
South Africa,2011,5,13.53,1.05
South Africa,2011,6,8.21,2.17
South Africa,2011,7,7.77,0.06
South Africa,2011,8,11.77,0.01
South Africa,2011,9,17.35,0.02
South Africa,2011,10,20.46,0.05
South Africa,2011,11,22.5,0.4
South Africa,2011,12,25.31,1.23
South Africa,2011,13,18.02,1.33
South Africa,2012,1,27.72,1.13
South Africa,2012,2,25.48,1.66
South Africa,2012,3,23.74,0.72
South Africa,2012,4,17.48,0.59
South Africa,2012,5,15.42,0.0
South Africa,2012,6,9.79,0.9
South Africa,2012,7,9.05,0.16
South Africa,2012,8,12.83,0.02
South Africa,2012,9,15.45,0.14
South Africa,2012,10,20.72,0.56
South Africa,2012,11,24.52,0.58
South Africa,2012,12,24.46,3.15
South Africa,2012,13,18.88,0.8
South Africa,2013,1,27.15,1.36
South Africa,2013,2,26.15,1.26
South Africa,2013,3,23.87,1.01
South Africa,2013,4,17.51,0.38
South Africa,2013,5,14.57,0.03
South Africa,2013,6,9.78,0.0
South Africa,2013,7,11.46,0.12
South Africa,2013,8,11.39,0.01
South Africa,2013,9,16.06,0.02
South Africa,2013,10,20.47,0.56
South Africa,2013,11,24.03,0.62
South Africa,2013,12,24.16,3.34
South Africa,2013,13,18.85,0.73
South Africa,2014,1,27.07,1.39
South Africa,2014,2,24.77,2.75
South Africa,2014,3,22.66,1.33
South Africa,2014,4,17.67,0.35
South Africa,2014,5,14.88,0.59
South Africa,2014,6,9.66,0.01
South Africa,2014,7,8.92,0.01
South Africa,2014,8,13.05,0.38
South Africa,2014,9,18.61,0.06
South Africa,2014,10,21.53,0.17
South Africa,2014,11,21.5,2.09
South Africa,2014,12,26.66,2.05
South Africa,2014,13,18.89,0.92
South Africa,2015,1,27.43,1.04
South Africa,2015,2,25.47,0.64
South Africa,2015,3,23.1,1.61
South Africa,2015,4,18.08,0.39
South Africa,2015,5,16.27,0.01
South Africa,2015,6,9.86,0.79
South Africa,2015,7,11.07,0.15
South Africa,2015,8,14.93,0.01
South Africa,2015,9,18.67,0.3
South Africa,2015,10,24.13,0.46
South Africa,2015,11,23.0,0.21
South Africa,2015,12,28.24,0.45
South Africa,2015,13,20.0,0.5
South Africa,2016,1,27.29,2.3
South Africa,2016,2,26.9,0.55
South Africa,2016,3,24.18,0.5
South Africa,2016,4,19.5,0.8
South Africa,2016,5,13.92,1.27
South Africa,2016,6,11.36,0.3
South Africa,2016,7,9.13,0.63
South Africa,2016,8,12.77,0.2
South Africa,2016,9,17.68,0.01
South Africa,2016,10,20.86,0.56
South Africa,2016,11,25.07,1.49
South Africa,2016,12,27.67,1.45
South Africa,2016,13,19.67,0.84
South Africa,2017,1,24.55,3.93
South Africa,2017,2,23.42,4.42
South Africa,2017,3,23.11,0.3
South Africa,2017,4,18.93,0.65
South Africa,2017,5,15.1,0.07
South Africa,2017,6,11.73,0.02
South Africa,2017,7,11.66,0.0
South Africa,2017,8,12.96,0.0
South Africa,2017,9,19.55,0.21
South Africa,2017,10,19.03,1.62
South Africa,2017,11,23.34,0.28
South Africa,2017,12,25.52,1.18
South Africa,2017,13,19.05,1.04
South Africa,2018,1,26.76,2.11
South Africa,2018,2,25.47,1.11
South Africa,2018,3,23.22,2.92
South Africa,2018,4,18.95,1.73
South Africa,2018,5,14.26,0.27
South Africa,2018,6,10.86,0.0
South Africa,2018,7,10.02,0.14
South Africa,2018,8,11.87,0.37
South Africa,2018,9,16.08,0.15
South Africa,2018,10,21.13,0.92
South Africa,2018,11,23.96,0.23
South Africa,2018,12,27.06,0.48
South Africa,2018,13,19.1,0.87
South Africa,2019,1,27.55,1.35
South Africa,2019,2,25.21,2.59
South Africa,2019,3,25.03,1.18
South Africa,2019,4,18.32,2.8
South Africa,2019,5,15.95,0.2
South Africa,2019,6,11.24,0.0
South Africa,2019,7,10.53,0.01
South Africa,2019,8,14.32,0.0
South Africa,2019,9,18.33,0.01
South Africa,2019,10,21.89,0.02
South Africa,2019,11,25.57,0.58
South Africa,2019,12,25.08,2.23
South Africa,2019,13,19.89,0.9
South Africa,2020,1,26.77,2.12
South Africa,2020,2,25.07,4.22
South Africa,2020,3,22.28,2.18
South Africa,2020,4,17.67,2.02
South Africa,2020,5,13.61,0.0
South Africa,2020,6,9.33,0.05
South Africa,2020,7,9.9,0.01
South Africa,2020,8,10.66,0.0
South Africa,2020,9,17.77,0.1
South Africa,2020,10,22.36,1.13
South Africa,2020,11,23.11,2.74
South Africa,2020,12,25.63,2.87
South Africa,2020,13,18.66,1.44
South Africa,2021,1,23.35,6.82
South Africa,2021,2,22.47,4.15
South Africa,2021,3,21.49,1.44
South Africa,2021,4,20.34,0.68
South Africa,2021,5,13.34,0.05
South Africa,2021,6,11.3,0.13
South Africa,2021,7,7.94,0.21
South Africa,2021,8,12.13,0.95
South Africa,2021,9,17.97,0.32
South Africa,2021,10,18.95,1.5
South Africa,2021,11,22.54,1.35
South Africa,2021,12,22.84,3.35
South Africa,2021,13,17.85,1.74
South Africa,2022,1,25.66,2.42
South Africa,2022,2,25.79,0.8
South Africa,2022,3,21.53,2.72
South Africa,2022,4,15.8,2.97
South Africa,2022,5,13.45,1.39
South Africa,2022,6,9.56,1.19
South Africa,2022,7,10.67,0.03
South Africa,2022,8,12.35,0.18
South Africa,2022,9,18.63,0.11
South Africa,2022,10,24.01,0.65
South Africa,2022,11,21.74,5.03
South Africa,2022,12,24.61,1.59
South Africa,2022,13,18.62,1.59
South Africa,2023,1,26.75,2.16
South Africa,2023,2,24.56,1.95
South Africa,2023,3,23.4,0.98
South Africa,2023,4,18.96,0.48
South Africa,2023,5,14.9,1.42
South Africa,2023,6,10.16,0.1
South Africa,2023,7,10.34,0.09
South Africa,2023,8,13.2,0.04
South Africa,2023,9,16.89,0.21
South Africa,2023,10,21.81,0.44
South Africa,2023,11,25.76,0.38
South Africa,2023,12,25.99,3.18
South Africa,2023,13,19.37,0.95
South Africa,2024,1,27.02,1.97
South Africa,2024,2,26.47,0.62
South Africa,2024,3,25.3,0.5
South Africa,2024,4,19.22,3.31
South Africa,2024,5,17.74,0.02
South Africa,2024,6,10.76,0.58
South Africa,2024,7,8.95,0.01
South Africa,2024,8,13.47,0.01
South Africa,2024,9,16.76,0.82
South Africa,2024,10,20.92,0.21
South Africa,2024,11,24.58,1.65
South Africa,2024,12,27.49,2.09
South Africa,2024,13,19.88,0.98
Tanzania,2005,1,23.01,3.51
Tanzania,2005,2,24.24,2.11
Tanzania,2005,3,23.28,4.01
Tanzania,2005,4,23.57,1.54
Tanzania,2005,5,23.15,0.51
Tanzania,2005,6,21.82,0.02
Tanzania,2005,7,20.7,0.0
Tanzania,2005,8,22.12,0.01
Tanzania,2005,9,23.91,0.01
Tanzania,2005,10,24.83,0.36
Tanzania,2005,11,26.17,0.41
Tanzania,2005,12,26.37,1.16
Tanzania,2005,13,23.59,1.14
Tanzania,2006,1,25.75,1.87
Tanzania,2006,2,25.74,2.52
Tanzania,2006,3,22.82,6.46
Tanzania,2006,4,21.91,3.92
Tanzania,2006,5,22.52,0.97
Tanzania,2006,6,20.63,0.19
Tanzania,2006,7,20.31,0.03
Tanzania,2006,8,22.15,0.06
Tanzania,2006,9,23.47,0.07
Tanzania,2006,10,25.31,0.16
Tanzania,2006,11,25.1,3.39
Tanzania,2006,12,22.35,7.42
Tanzania,2006,13,23.15,2.26
Tanzania,2007,1,22.46,6.84
Tanzania,2007,2,21.96,6.06
Tanzania,2007,3,21.97,3.4
Tanzania,2007,4,22.57,1.2
Tanzania,2007,5,22.63,0.29
Tanzania,2007,6,20.56,0.24
Tanzania,2007,7,20.71,0.01
Tanzania,2007,8,22.1,0.09
Tanzania,2007,9,24.2,0.01
Tanzania,2007,10,25.18,0.12
Tanzania,2007,11,25.79,0.86
Tanzania,2007,12,23.62,4.71
Tanzania,2007,13,22.81,1.97
Tanzania,2008,1,22.81,4.8
Tanzania,2008,2,21.43,5.75
Tanzania,2008,3,21.72,7.55
Tanzania,2008,4,21.09,2.6
Tanzania,2008,5,21.36,0.18
Tanzania,2008,6,19.65,0.01
Tanzania,2008,7,20.02,0.0
Tanzania,2008,8,21.93,0.0
Tanzania,2008,9,23.88,0.06
Tanzania,2008,10,25.95,0.77
Tanzania,2008,11,25.9,1.29
Tanzania,2008,12,24.24,3.4
Tanzania,2008,13,22.5,2.19
Tanzania,2009,1,24.15,6.57
Tanzania,2009,2,21.57,7.47
Tanzania,2009,3,22.42,4.91
Tanzania,2009,4,21.71,4.12
Tanzania,2009,5,21.77,0.36
Tanzania,2009,6,21.3,0.02
Tanzania,2009,7,19.89,0.0
Tanzania,2009,8,21.84,0.0
Tanzania,2009,9,24.08,0.02
Tanzania,2009,10,25.61,0.04
Tanzania,2009,11,24.64,2.98
Tanzania,2009,12,25.13,8.19
Tanzania,2009,13,22.85,2.86
Tanzania,2010,1,22.68,4.65
Tanzania,2010,2,22.6,4.63
Tanzania,2010,3,23.37,2.73
Tanzania,2010,4,24.62,0.88
Tanzania,2010,5,22.9,1.15
Tanzania,2010,6,21.65,0.01
Tanzania,2010,7,20.86,0.0
Tanzania,2010,8,21.79,0.01
Tanzania,2010,9,23.55,0.06
Tanzania,2010,10,25.38,0.0
Tanzania,2010,11,25.6,0.8
Tanzania,2010,12,23.82,4.29
Tanzania,2010,13,23.23,1.59
Tanzania,2011,1,23.64,2.39
Tanzania,2011,2,23.39,4.09
Tanzania,2011,3,22.59,4.49
Tanzania,2011,4,22.69,2.06
Tanzania,2011,5,23.13,0.16
Tanzania,2011,6,22.0,0.01
Tanzania,2011,7,21.12,0.0
Tanzania,2011,8,22.38,0.01
Tanzania,2011,9,24.05,0.18
Tanzania,2011,10,25.64,0.18
Tanzania,2011,11,25.68,1.94
Tanzania,2011,12,22.8,11.42
Tanzania,2011,13,23.25,2.24
Tanzania,2012,1,21.95,8.2
Tanzania,2012,2,21.87,4.19
Tanzania,2012,3,21.67,4.57
Tanzania,2012,4,21.19,2.98
Tanzania,2012,5,20.57,2.21
Tanzania,2012,6,20.25,0.03
Tanzania,2012,7,19.75,0.0
Tanzania,2012,8,21.71,0.05
Tanzania,2012,9,23.59,0.0
Tanzania,2012,10,25.71,0.24
Tanzania,2012,11,25.27,1.91
Tanzania,2012,12,23.87,4.72
Tanzania,2012,13,22.28,2.43
Tanzania,2013,1,23.81,3.45
Tanzania,2013,2,23.26,3.22
Tanzania,2013,3,23.6,3.82
Tanzania,2013,4,23.02,3.2
Tanzania,2013,5,22.81,0.17
Tanzania,2013,6,20.9,0.01
Tanzania,2013,7,20.76,0.01
Tanzania,2013,8,22.15,0.0
Tanzania,2013,9,24.48,0.04
Tanzania,2013,10,25.32,0.2
Tanzania,2013,11,26.63,0.45
Tanzania,2013,12,24.7,6.78
Tanzania,2013,13,23.45,1.78
Tanzania,2014,1,22.31,8.34
Tanzania,2014,2,22.05,5.58
Tanzania,2014,3,22.38,5.34
Tanzania,2014,4,21.84,2.36
Tanzania,2014,5,21.63,0.32
Tanzania,2014,6,21.09,0.06
Tanzania,2014,7,20.72,0.01
Tanzania,2014,8,22.55,0.0
Tanzania,2014,9,23.52,0.05
Tanzania,2014,10,25.25,0.66
Tanzania,2014,11,25.68,2.13
Tanzania,2014,12,23.87,5.34
Tanzania,2014,13,22.74,2.51
Tanzania,2015,1,22.52,5.24
Tanzania,2015,2,23.39,3.51
Tanzania,2015,3,22.77,3.22
Tanzania,2015,4,22.98,2.3
Tanzania,2015,5,22.6,0.36
Tanzania,2015,6,21.96,0.0
Tanzania,2015,7,21.63,0.01
Tanzania,2015,8,22.41,0.0
Tanzania,2015,9,24.36,0.01
Tanzania,2015,10,26.31,0.57
Tanzania,2015,11,24.7,3.89
Tanzania,2015,12,24.0,5.09
Tanzania,2015,13,23.3,2.01
Tanzania,2016,1,22.97,11.62
Tanzania,2016,2,22.79,5.32
Tanzania,2016,3,23.39,4.81
Tanzania,2016,4,21.77,5.54
Tanzania,2016,5,20.08,0.11
Tanzania,2016,6,19.55,0.08
Tanzania,2016,7,19.37,0.01
Tanzania,2016,8,21.09,0.01
Tanzania,2016,9,22.82,0.0
Tanzania,2016,10,24.87,0.04
Tanzania,2016,11,25.99,0.52
Tanzania,2016,12,25.82,2.28
Tanzania,2016,13,22.54,2.52
Tanzania,2017,1,24.35,3.62
Tanzania,2017,2,23.45,6.87
Tanzania,2017,3,21.9,5.85
Tanzania,2017,4,22.3,2.89
Tanzania,2017,5,21.78,1.31
Tanzania,2017,6,21.13,0.02
Tanzania,2017,7,20.84,0.11
Tanzania,2017,8,22.23,0.05
Tanzania,2017,9,23.77,0.01
Tanzania,2017,10,25.84,0.7
Tanzania,2017,11,24.83,3.78
Tanzania,2017,12,24.94,3.89
Tanzania,2017,13,23.11,2.4
Tanzania,2018,1,21.57,14.33
Tanzania,2018,2,22.64,2.14
Tanzania,2018,3,21.39,10.3
Tanzania,2018,4,20.99,4.89
Tanzania,2018,5,20.63,2.15
Tanzania,2018,6,19.28,0.01
Tanzania,2018,7,19.33,0.01
Tanzania,2018,8,20.85,0.0
Tanzania,2018,9,23.41,0.01
Tanzania,2018,10,24.77,0.21
Tanzania,2018,11,25.67,1.9
Tanzania,2018,12,23.14,15.77
Tanzania,2018,13,21.96,4.36
Tanzania,2019,1,22.34,14.82
Tanzania,2019,2,22.34,8.0
Tanzania,2019,3,22.19,6.7
Tanzania,2019,4,22.15,5.47
Tanzania,2019,5,20.95,1.1
Tanzania,2019,6,19.91,0.0
Tanzania,2019,7,20.04,0.0
Tanzania,2019,8,21.42,2.12
Tanzania,2019,9,23.06,0.77
Tanzania,2019,10,23.92,2.41
Tanzania,2019,11,24.26,5.22
Tanzania,2019,12,22.78,9.67
Tanzania,2019,13,22.11,4.68
Tanzania,2020,1,22.55,10.74
Tanzania,2020,2,22.5,11.57
Tanzania,2020,3,22.12,11.95
Tanzania,2020,4,21.35,6.19
Tanzania,2020,5,19.74,0.5
Tanzania,2020,6,18.59,0.16
Tanzania,2020,7,18.06,0.48
Tanzania,2020,8,19.66,0.0
Tanzania,2020,9,22.03,0.05
Tanzania,2020,10,24.05,0.92
Tanzania,2020,11,23.59,5.79
Tanzania,2020,12,22.85,6.81
Tanzania,2020,13,21.42,4.58
Tanzania,2021,1,22.1,11.65
Tanzania,2021,2,21.99,7.93
Tanzania,2021,3,21.63,5.53
Tanzania,2021,4,21.16,2.65
Tanzania,2021,5,20.12,1.92
Tanzania,2021,6,19.32,0.01
Tanzania,2021,7,19.02,0.15
Tanzania,2021,8,20.98,0.49
Tanzania,2021,9,22.75,2.17
Tanzania,2021,10,24.63,0.91
Tanzania,2021,11,25.9,1.16
Tanzania,2021,12,24.72,4.24
Tanzania,2021,13,22.02,3.21
Tanzania,2022,1,23.41,9.05
Tanzania,2022,2,21.29,12.91
Tanzania,2022,3,22.12,4.87
Tanzania,2022,4,21.69,3.06
Tanzania,2022,5,20.81,0.15
Tanzania,2022,6,19.15,0.52
Tanzania,2022,7,19.29,0.05
Tanzania,2022,8,20.87,0.58
Tanzania,2022,9,22.49,0.4
Tanzania,2022,10,24.3,0.0
Tanzania,2022,11,25.09,1.76
Tanzania,2022,12,24.18,7.09
Tanzania,2022,13,22.06,3.31
Tanzania,2023,1,21.79,6.47
Tanzania,2023,2,22.56,4.32
Tanzania,2023,3,22.24,7.29
Tanzania,2023,4,22.34,2.23
Tanzania,2023,5,22.55,0.25
Tanzania,2023,6,21.85,0.12
Tanzania,2023,7,20.94,0.0
Tanzania,2023,8,22.57,0.13
Tanzania,2023,9,25.01,0.09
Tanzania,2023,10,26.74,0.07
Tanzania,2023,11,25.06,2.39
Tanzania,2023,12,24.0,8.72
Tanzania,2023,13,23.14,2.68
Tanzania,2024,1,22.47,10.97
Tanzania,2024,2,22.87,7.56
Tanzania,2024,3,22.33,4.46
Tanzania,2024,4,21.78,3.42
Tanzania,2024,5,21.47,0.07
Tanzania,2024,6,20.03,0.09
Tanzania,2024,7,20.46,0.0
Tanzania,2024,8,21.82,0.0
Tanzania,2024,9,24.13,0.01
Tanzania,2024,10,25.8,0.34
Tanzania,2024,11,26.24,2.27
Tanzania,2024,12,23.34,8.7
Tanzania,2024,13,22.72,3.15
Zambia,2005,1,21.5,6.63
Zambia,2005,2,22.54,3.14
Zambia,2005,3,22.56,3.44
Zambia,2005,4,22.84,0.17
Zambia,2005,5,20.99,0.0
Zambia,2005,6,18.85,0.01
Zambia,2005,7,17.99,0.04
Zambia,2005,8,21.7,0.0
Zambia,2005,9,24.01,0.29
Zambia,2005,10,27.66,0.0
Zambia,2005,11,26.33,2.53
Zambia,2005,12,22.54,5.77
Zambia,2005,13,22.45,1.84
Zambia,2006,1,21.56,7.08
Zambia,2006,2,21.7,8.45
Zambia,2006,3,21.05,5.23
Zambia,2006,4,20.33,0.45
Zambia,2006,5,19.85,0.06
Zambia,2006,6,17.27,0.01
Zambia,2006,7,17.04,0.02
Zambia,2006,8,20.63,0.0
Zambia,2006,9,23.35,0.0
Zambia,2006,10,27.9,0.3
Zambia,2006,11,24.25,5.1
Zambia,2006,12,22.18,9.56
Zambia,2006,13,21.42,2.99
Zambia,2007,1,21.5,11.79
Zambia,2007,2,21.29,7.04
Zambia,2007,3,21.45,2.75
Zambia,2007,4,20.65,1.14
Zambia,2007,5,18.27,0.42
Zambia,2007,6,17.48,0.07
Zambia,2007,7,17.02,0.01
Zambia,2007,8,20.42,0.01
Zambia,2007,9,24.7,0.06
Zambia,2007,10,26.48,1.07
Zambia,2007,11,23.59,6.04
Zambia,2007,12,21.21,11.06
Zambia,2007,13,21.17,3.44
Zambia,2008,1,21.08,9.43
Zambia,2008,2,21.01,6.32
Zambia,2008,3,20.14,6.01
Zambia,2008,4,19.05,0.95
Zambia,2008,5,17.89,0.15
Zambia,2008,6,15.59,0.03
Zambia,2008,7,16.63,0.01
Zambia,2008,8,19.49,0.0
Zambia,2008,9,23.73,0.01
Zambia,2008,10,27.2,0.3
Zambia,2008,11,24.2,5.02
Zambia,2008,12,21.54,7.84
Zambia,2008,13,20.63,3.0
Zambia,2009,1,21.38,9.53
Zambia,2009,2,21.04,6.46
Zambia,2009,3,20.96,6.27
Zambia,2009,4,18.66,0.58
Zambia,2009,5,17.92,0.68
Zambia,2009,6,17.55,0.04
Zambia,2009,7,16.26,0.01
Zambia,2009,8,19.15,0.24
Zambia,2009,9,24.5,0.0
Zambia,2009,10,27.36,0.82
Zambia,2009,11,22.38,10.23
Zambia,2009,12,21.76,9.31
Zambia,2009,13,20.74,3.67
Zambia,2010,1,21.83,8.0
Zambia,2010,2,21.64,6.96
Zambia,2010,3,21.47,5.12
Zambia,2010,4,21.2,1.09
Zambia,2010,5,18.52,0.1
Zambia,2010,6,16.78,0.01
Zambia,2010,7,17.27,0.01
Zambia,2010,8,18.81,0.01
Zambia,2010,9,23.49,0.0
Zambia,2010,10,27.52,0.01
Zambia,2010,11,25.1,3.72
Zambia,2010,12,21.33,8.06
Zambia,2010,13,21.24,2.74
Zambia,2011,1,21.16,7.3
Zambia,2011,2,21.68,2.54
Zambia,2011,3,20.88,5.45
Zambia,2011,4,21.25,0.93
Zambia,2011,5,20.45,0.05
Zambia,2011,6,18.69,0.0
Zambia,2011,7,17.55,0.0
Zambia,2011,8,19.33,0.0
Zambia,2011,9,23.62,0.17
Zambia,2011,10,25.27,1.21
Zambia,2011,11,23.79,4.84
Zambia,2011,12,22.79,8.03
Zambia,2011,13,21.36,2.55
Zambia,2012,1,21.44,6.28
Zambia,2012,2,21.37,5.79
Zambia,2012,3,21.25,6.09
Zambia,2012,4,19.76,0.19
Zambia,2012,5,19.0,0.03
Zambia,2012,6,17.68,0.02
Zambia,2012,7,17.41,0.0
Zambia,2012,8,21.36,0.11
Zambia,2012,9,25.52,0.02
Zambia,2012,10,27.83,0.17
Zambia,2012,11,25.13,3.82
Zambia,2012,12,21.69,9.65
Zambia,2012,13,21.62,2.68
Zambia,2013,1,21.52,10.15
Zambia,2013,2,21.34,8.27
Zambia,2013,3,21.21,3.26
Zambia,2013,4,20.08,0.34
Zambia,2013,5,18.42,0.14
Zambia,2013,6,16.75,0.0
Zambia,2013,7,16.97,0.0
Zambia,2013,8,20.56,0.0
Zambia,2013,9,25.18,0.0
Zambia,2013,10,27.02,0.16
Zambia,2013,11,25.97,2.91
Zambia,2013,12,22.76,9.1
Zambia,2013,13,21.48,2.84
Zambia,2014,1,21.48,11.61
Zambia,2014,2,21.03,7.14
Zambia,2014,3,21.24,5.14
Zambia,2014,4,20.03,2.41
Zambia,2014,5,18.06,0.01
Zambia,2014,6,16.96,0.02
Zambia,2014,7,16.94,0.0
Zambia,2014,8,19.97,0.0
Zambia,2014,9,23.09,0.1
Zambia,2014,10,26.88,0.24
Zambia,2014,11,27.13,1.27
Zambia,2014,12,22.69,8.16
Zambia,2014,13,21.29,3.0
Zambia,2015,1,21.44,6.5
Zambia,2015,2,21.56,4.88
Zambia,2015,3,21.97,2.63
Zambia,2015,4,20.38,3.5
Zambia,2015,5,19.58,0.0
Zambia,2015,6,18.24,0.0
Zambia,2015,7,18.8,0.0
Zambia,2015,8,20.85,0.0
Zambia,2015,9,24.94,0.02
Zambia,2015,10,27.65,0.06
Zambia,2015,11,24.52,3.99
Zambia,2015,12,22.55,10.92
Zambia,2015,13,21.87,2.7
Zambia,2016,1,22.34,8.17
Zambia,2016,2,22.34,5.75
Zambia,2016,3,22.47,4.79
Zambia,2016,4,20.45,2.22
Zambia,2016,5,17.89,0.01
Zambia,2016,6,16.73,0.0
Zambia,2016,7,17.36,0.0
Zambia,2016,8,20.95,0.02
Zambia,2016,9,24.42,0.01
Zambia,2016,10,27.87,0.01
Zambia,2016,11,26.27,2.08
Zambia,2016,12,23.34,3.76
Zambia,2016,13,21.87,2.23
Zambia,2017,1,21.44,9.57
Zambia,2017,2,21.36,7.63
Zambia,2017,3,20.78,3.99
Zambia,2017,4,20.67,1.54
Zambia,2017,5,20.3,0.0
Zambia,2017,6,18.04,0.0
Zambia,2017,7,18.06,0.01
Zambia,2017,8,20.31,0.02
Zambia,2017,9,23.91,0.0
Zambia,2017,10,26.72,0.48
Zambia,2017,11,23.72,6.89
Zambia,2017,12,22.08,11.17
Zambia,2017,13,21.45,3.42
Zambia,2018,1,22.29,3.14
Zambia,2018,2,21.83,9.4
Zambia,2018,3,21.26,5.0
Zambia,2018,4,20.21,4.26
Zambia,2018,5,19.29,0.34
Zambia,2018,6,16.88,0.07
Zambia,2018,7,17.01,0.02
Zambia,2018,8,20.71,0.0
Zambia,2018,9,25.05,0.0
Zambia,2018,10,25.7,0.28
Zambia,2018,11,25.91,1.11
Zambia,2018,12,22.22,8.16
Zambia,2018,13,21.52,2.61
Zambia,2019,1,21.82,7.78
Zambia,2019,2,22.2,4.23
Zambia,2019,3,22.01,3.51
Zambia,2019,4,21.5,1.96
Zambia,2019,5,20.39,0.0
Zambia,2019,6,17.14,0.0
Zambia,2019,7,17.96,0.0
Zambia,2019,8,21.51,0.01
Zambia,2019,9,23.99,0.06
Zambia,2019,10,27.42,0.73
Zambia,2019,11,25.02,5.34
Zambia,2019,12,23.03,5.12
Zambia,2019,13,22.0,2.39
Zambia,2020,1,22.18,7.09
Zambia,2020,2,21.89,13.12
Zambia,2020,3,21.46,8.02
Zambia,2020,4,20.64,0.23
Zambia,2020,5,18.52,0.0
Zambia,2020,6,17.1,0.01
Zambia,2020,7,16.73,0.03
Zambia,2020,8,20.7,0.01
Zambia,2020,9,23.76,0.01
Zambia,2020,10,26.23,1.46
Zambia,2020,11,25.62,9.18
Zambia,2020,12,21.65,7.77
Zambia,2020,13,21.37,3.88
Zambia,2021,1,21.16,8.36
Zambia,2021,2,21.31,11.69
Zambia,2021,3,20.98,5.16
Zambia,2021,4,19.18,0.43
Zambia,2021,5,16.52,0.27
Zambia,2021,6,15.94,0.0
Zambia,2021,7,15.7,0.01
Zambia,2021,8,19.37,0.0
Zambia,2021,9,23.79,0.0
Zambia,2021,10,26.5,1.11
Zambia,2021,11,24.46,3.81
Zambia,2021,12,24.87,3.94
Zambia,2021,13,20.81,2.85
Zambia,2022,1,21.29,12.37
Zambia,2022,2,21.02,6.92
Zambia,2022,3,21.71,9.49
Zambia,2022,4,20.82,8.75
Zambia,2022,5,17.3,0.05
Zambia,2022,6,15.52,0.86
Zambia,2022,7,16.43,0.01
Zambia,2022,8,19.24,0.0
Zambia,2022,9,22.87,0.09
Zambia,2022,10,25.99,0.32
Zambia,2022,11,22.57,7.37
Zambia,2022,12,21.72,8.27
Zambia,2022,13,20.54,4.53
Zambia,2023,1,21.05,10.41
Zambia,2023,2,21.68,5.56
Zambia,2023,3,21.43,5.38
Zambia,2023,4,20.01,3.49
Zambia,2023,5,17.69,0.0
Zambia,2023,6,17.72,0.0
Zambia,2023,7,16.82,0.0
Zambia,2023,8,19.86,0.0
Zambia,2023,9,24.9,0.0
Zambia,2023,10,27.39,0.73
Zambia,2023,11,25.63,2.13
Zambia,2023,12,24.15,11.55
Zambia,2023,13,21.52,3.27
Zambia,2024,1,22.17,7.24
Zambia,2024,2,24.28,3.35
Zambia,2024,3,22.73,3.36
Zambia,2024,4,21.45,3.09
Zambia,2024,5,20.51,0.1
Zambia,2024,6,18.42,0.0
Zambia,2024,7,18.94,0.0
Zambia,2024,8,21.25,0.0
Zambia,2024,9,24.62,0.0
Zambia,2024,10,26.13,0.74
Zambia,2024,11,26.18,2.06
Zambia,2024,12,24.31,7.38
Zambia,2024,13,22.57,2.28
Zimbabwe,2005,1,23.86,3.77
Zimbabwe,2005,2,23.99,2.34
Zimbabwe,2005,3,23.11,1.52
Zimbabwe,2005,4,21.61,0.3
Zimbabwe,2005,5,18.59,0.03
Zimbabwe,2005,6,16.94,0.09
Zimbabwe,2005,7,14.97,0.08
Zimbabwe,2005,8,19.43,0.0
Zimbabwe,2005,9,21.66,0.03
Zimbabwe,2005,10,24.43,0.11
Zimbabwe,2005,11,24.5,4.19
Zimbabwe,2005,12,21.7,7.21
Zimbabwe,2005,13,21.21,1.64
Zimbabwe,2006,1,21.85,7.66
Zimbabwe,2006,2,21.73,5.43
Zimbabwe,2006,3,20.57,3.05
Zimbabwe,2006,4,19.45,0.45
Zimbabwe,2006,5,16.7,0.1
Zimbabwe,2006,6,13.91,0.09
Zimbabwe,2006,7,14.32,0.01
Zimbabwe,2006,8,16.61,0.0
Zimbabwe,2006,9,19.35,0.0
Zimbabwe,2006,10,24.39,0.96
Zimbabwe,2006,11,24.29,2.82
Zimbabwe,2006,12,25.02,3.96
Zimbabwe,2006,13,19.84,2.03
Zimbabwe,2007,1,22.72,3.1
Zimbabwe,2007,2,23.81,2.84
Zimbabwe,2007,3,23.35,1.36
Zimbabwe,2007,4,20.27,1.45
Zimbabwe,2007,5,17.6,0.0
Zimbabwe,2007,6,15.19,0.4
Zimbabwe,2007,7,14.25,0.04
Zimbabwe,2007,8,17.42,0.02
Zimbabwe,2007,9,22.09,0.31
Zimbabwe,2007,10,23.76,0.79
Zimbabwe,2007,11,24.35,2.52
Zimbabwe,2007,12,21.49,9.24
Zimbabwe,2007,13,20.5,1.84
Zimbabwe,2008,1,21.39,6.75
Zimbabwe,2008,2,21.65,1.45
Zimbabwe,2008,3,20.88,1.68
Zimbabwe,2008,4,18.92,0.46
Zimbabwe,2008,5,17.77,0.06
Zimbabwe,2008,6,15.12,0.03
Zimbabwe,2008,7,15.3,0.01
Zimbabwe,2008,8,17.65,0.01
Zimbabwe,2008,9,21.65,0.26
Zimbabwe,2008,10,25.05,0.2
Zimbabwe,2008,11,25.25,2.62
Zimbabwe,2008,12,22.79,5.93
Zimbabwe,2008,13,20.28,1.63
Zimbabwe,2009,1,22.79,4.69
Zimbabwe,2009,2,22.46,2.7
Zimbabwe,2009,3,20.07,3.61
Zimbabwe,2009,4,19.17,0.18
Zimbabwe,2009,5,17.72,0.64
Zimbabwe,2009,6,15.79,0.08
Zimbabwe,2009,7,13.49,0.18
Zimbabwe,2009,8,16.8,0.1
Zimbabwe,2009,9,22.37,0.27
Zimbabwe,2009,10,24.26,0.47
Zimbabwe,2009,11,22.67,5.32
Zimbabwe,2009,12,22.53,6.36
Zimbabwe,2009,13,19.99,2.05
Zimbabwe,2010,1,23.96,3.41
Zimbabwe,2010,2,23.55,3.18
Zimbabwe,2010,3,22.33,2.0
Zimbabwe,2010,4,21.24,2.24
Zimbabwe,2010,5,18.85,0.31
Zimbabwe,2010,6,14.45,0.03
Zimbabwe,2010,7,14.72,0.02
Zimbabwe,2010,8,16.14,0.0
Zimbabwe,2010,9,21.16,0.01
Zimbabwe,2010,10,25.56,0.57
Zimbabwe,2010,11,24.58,3.98
Zimbabwe,2010,12,22.26,5.52
Zimbabwe,2010,13,20.71,1.76
Zimbabwe,2011,1,21.43,9.23
Zimbabwe,2011,2,21.15,1.07
Zimbabwe,2011,3,22.39,1.47
Zimbabwe,2011,4,20.88,1.03
Zimbabwe,2011,5,17.96,0.24
Zimbabwe,2011,6,15.28,0.2
Zimbabwe,2011,7,13.57,0.11
Zimbabwe,2011,8,16.04,0.05
Zimbabwe,2011,9,21.05,0.06
Zimbabwe,2011,10,24.18,0.93
Zimbabwe,2011,11,24.76,4.83
Zimbabwe,2011,12,22.37,6.93
Zimbabwe,2011,13,20.08,2.2
Zimbabwe,2012,1,22.31,3.81
Zimbabwe,2012,2,22.49,4.39
Zimbabwe,2012,3,22.37,2.18
Zimbabwe,2012,4,18.46,0.79
Zimbabwe,2012,5,17.45,0.0
Zimbabwe,2012,6,14.92,0.01
Zimbabwe,2012,7,14.54,0.0
Zimbabwe,2012,8,18.34,0.0
Zimbabwe,2012,9,22.57,0.08
Zimbabwe,2012,10,24.3,1.33
Zimbabwe,2012,11,24.81,1.28
Zimbabwe,2012,12,23.0,4.83
Zimbabwe,2012,13,20.46,1.55
Zimbabwe,2013,1,21.8,8.5
Zimbabwe,2013,2,22.07,2.99
Zimbabwe,2013,3,21.83,1.62
Zimbabwe,2013,4,19.79,0.44
Zimbabwe,2013,5,16.62,0.16
Zimbabwe,2013,6,15.4,0.02
Zimbabwe,2013,7,14.73,0.01
Zimbabwe,2013,8,18.5,0.02
Zimbabwe,2013,9,22.66,0.23
Zimbabwe,2013,10,23.31,0.87
Zimbabwe,2013,11,24.38,2.35
Zimbabwe,2013,12,22.95,6.8
Zimbabwe,2013,13,20.32,2.01
Zimbabwe,2014,1,22.08,7.26
Zimbabwe,2014,2,21.07,6.67
Zimbabwe,2014,3,21.18,2.3
Zimbabwe,2014,4,19.06,0.97
Zimbabwe,2014,5,17.19,0.08
Zimbabwe,2014,6,15.0,0.05
Zimbabwe,2014,7,14.73,0.04
Zimbabwe,2014,8,17.3,0.0
Zimbabwe,2014,9,21.03,0.05
Zimbabwe,2014,10,23.89,0.35
Zimbabwe,2014,11,24.52,2.25
Zimbabwe,2014,12,22.78,9.35
Zimbabwe,2014,13,19.98,2.43
Zimbabwe,2015,1,21.62,3.41
Zimbabwe,2015,2,23.1,1.45
Zimbabwe,2015,3,21.95,4.5
Zimbabwe,2015,4,19.06,3.36
Zimbabwe,2015,5,17.29,0.0
Zimbabwe,2015,6,14.86,0.0
Zimbabwe,2015,7,15.61,0.04
Zimbabwe,2015,8,17.91,0.0
Zimbabwe,2015,9,22.17,0.08
Zimbabwe,2015,10,25.05,0.09
Zimbabwe,2015,11,25.0,1.27
Zimbabwe,2015,12,25.06,5.51
Zimbabwe,2015,13,20.71,1.65
Zimbabwe,2016,1,24.49,2.34
Zimbabwe,2016,2,25.98,1.85
Zimbabwe,2016,3,22.84,4.88
Zimbabwe,2016,4,20.51,1.0
Zimbabwe,2016,5,16.73,0.06
Zimbabwe,2016,6,15.01,0.03
Zimbabwe,2016,7,14.83,0.26
Zimbabwe,2016,8,17.33,0.01
Zimbabwe,2016,9,22.79,0.01
Zimbabwe,2016,10,25.87,0.09
Zimbabwe,2016,11,25.25,2.7
Zimbabwe,2016,12,23.02,8.45
Zimbabwe,2016,13,21.2,1.82
Zimbabwe,2017,1,21.56,9.56
Zimbabwe,2017,2,21.67,8.41
Zimbabwe,2017,3,20.0,2.28
Zimbabwe,2017,4,18.44,1.12
Zimbabwe,2017,5,16.37,0.2
Zimbabwe,2017,6,15.41,0.04
Zimbabwe,2017,7,14.75,0.08
Zimbabwe,2017,8,16.67,0.01
Zimbabwe,2017,9,21.43,0.03
Zimbabwe,2017,10,24.59,1.5
Zimbabwe,2017,11,22.6,2.26
Zimbabwe,2017,12,24.34,3.05
Zimbabwe,2017,13,19.81,2.35
Zimbabwe,2018,1,24.31,1.2
Zimbabwe,2018,2,21.02,12.33
Zimbabwe,2018,3,21.18,2.82
Zimbabwe,2018,4,19.09,1.19
Zimbabwe,2018,5,17.45,0.53
Zimbabwe,2018,6,14.62,0.01
Zimbabwe,2018,7,14.05,0.17
Zimbabwe,2018,8,19.21,0.01
Zimbabwe,2018,9,22.46,0.09
Zimbabwe,2018,10,22.77,0.13
Zimbabwe,2018,11,24.08,2.36
Zimbabwe,2018,12,24.5,3.02
Zimbabwe,2018,13,20.39,1.92
Zimbabwe,2019,1,23.61,3.33
Zimbabwe,2019,2,22.98,4.83
Zimbabwe,2019,3,23.2,1.39
Zimbabwe,2019,4,21.99,0.5
Zimbabwe,2019,5,18.06,0.29
Zimbabwe,2019,6,15.34,0.14
Zimbabwe,2019,7,15.79,0.0
Zimbabwe,2019,8,19.46,0.03
Zimbabwe,2019,9,20.48,0.08
Zimbabwe,2019,10,25.77,0.21
Zimbabwe,2019,11,25.49,2.34
Zimbabwe,2019,12,26.01,1.92
Zimbabwe,2019,13,21.51,1.23
Zimbabwe,2020,1,24.88,2.58
Zimbabwe,2020,2,22.99,4.68
Zimbabwe,2020,3,23.15,0.8
Zimbabwe,2020,4,21.86,0.51
Zimbabwe,2020,5,17.95,0.07
Zimbabwe,2020,6,15.18,0.11
Zimbabwe,2020,7,14.16,0.07
Zimbabwe,2020,8,18.53,0.05
Zimbabwe,2020,9,21.62,0.26
Zimbabwe,2020,10,24.22,0.84
Zimbabwe,2020,11,25.08,3.58
Zimbabwe,2020,12,22.18,11.97
Zimbabwe,2020,13,20.97,2.12
Zimbabwe,2021,1,21.64,9.03
Zimbabwe,2021,2,20.86,8.07
Zimbabwe,2021,3,19.44,1.29
Zimbabwe,2021,4,17.91,0.46
Zimbabwe,2021,5,15.51,0.21
Zimbabwe,2021,6,13.93,0.12
Zimbabwe,2021,7,13.08,0.13
Zimbabwe,2021,8,17.05,0.1
Zimbabwe,2021,9,21.24,0.1
Zimbabwe,2021,10,23.37,1.77
Zimbabwe,2021,11,24.78,3.45
Zimbabwe,2021,12,23.84,4.89
Zimbabwe,2021,13,19.37,2.44
Zimbabwe,2022,1,21.43,8.15
Zimbabwe,2022,2,22.6,0.51
Zimbabwe,2022,3,22.3,3.08
Zimbabwe,2022,4,19.65,3.33
Zimbabwe,2022,5,16.87,0.55
Zimbabwe,2022,6,13.74,0.32
Zimbabwe,2022,7,14.73,0.12
Zimbabwe,2022,8,17.51,0.05
Zimbabwe,2022,9,20.91,0.13
Zimbabwe,2022,10,24.87,0.45
Zimbabwe,2022,11,22.13,5.57
Zimbabwe,2022,12,23.17,3.38
Zimbabwe,2022,13,19.98,2.15
Zimbabwe,2023,1,21.93,4.73
Zimbabwe,2023,2,21.81,7.47
Zimbabwe,2023,3,21.6,0.97
Zimbabwe,2023,4,21.46,0.1
Zimbabwe,2023,5,19.15,0.36
Zimbabwe,2023,6,17.37,0.08
Zimbabwe,2023,7,14.8,0.09
Zimbabwe,2023,8,17.59,0.04
Zimbabwe,2023,9,23.05,0.15
Zimbabwe,2023,10,24.3,3.78
Zimbabwe,2023,11,25.7,0.85
Zimbabwe,2023,12,24.34,5.55
Zimbabwe,2023,13,21.08,1.99
Zimbabwe,2024,1,22.54,3.09
Zimbabwe,2024,2,25.23,0.23
Zimbabwe,2024,3,24.74,2.26
Zimbabwe,2024,4,21.06,0.44
Zimbabwe,2024,5,18.38,0.01
Zimbabwe,2024,6,15.63,0.07
Zimbabwe,2024,7,17.18,0.0
Zimbabwe,2024,8,19.12,0.02
Zimbabwe,2024,9,22.41,0.04
Zimbabwe,2024,10,23.24,0.96
Zimbabwe,2024,11,24.91,3.28
Zimbabwe,2024,12,25.85,6.48
Zimbabwe,2024,13,21.68,1.42
Madagascar,2005,1,20.16,11.81
Madagascar,2005,2,20.4,17.46
Madagascar,2005,3,19.79,9.74
Madagascar,2005,4,18.43,4.55
Madagascar,2005,5,16.66,2.06
Madagascar,2005,6,14.6,1.35
Madagascar,2005,7,13.15,2.42
Madagascar,2005,8,13.68,1.34
Madagascar,2005,9,15.46,0.67
Madagascar,2005,10,18.51,0.79
Madagascar,2005,11,20.01,7.05
Madagascar,2005,12,20.43,19.58
Madagascar,2005,13,17.59,6.51
Madagascar,2006,1,20.13,6.4
Madagascar,2006,2,20.07,4.9
Madagascar,2006,3,19.84,7.97
Madagascar,2006,4,18.7,1.95
Madagascar,2006,5,16.47,0.6
Madagascar,2006,6,14.83,1.33
Madagascar,2006,7,13.8,1.95
Madagascar,2006,8,14.42,0.94
Madagascar,2006,9,16.34,0.57
Madagascar,2006,10,18.67,1.45
Madagascar,2006,11,20.22,9.97
Madagascar,2006,12,20.26,9.76
Madagascar,2006,13,17.8,3.98
Madagascar,2007,1,19.94,29.9
Madagascar,2007,2,19.95,15.59
Madagascar,2007,3,19.35,3.59
Madagascar,2007,4,18.49,2.03
Madagascar,2007,5,17.21,1.25
Madagascar,2007,6,13.52,0.4
Madagascar,2007,7,13.78,1.37
Madagascar,2007,8,14.35,0.5
Madagascar,2007,9,16.67,0.7
Madagascar,2007,10,18.79,2.7
Madagascar,2007,11,20.43,5.12
Madagascar,2007,12,20.71,8.86
Madagascar,2007,13,17.75,5.97
Madagascar,2008,1,20.3,10.53
Madagascar,2008,2,19.86,12.27
Madagascar,2008,3,19.27,3.12
Madagascar,2008,4,18.57,1.55
Madagascar,2008,5,15.61,0.71
Madagascar,2008,6,13.56,0.68
Madagascar,2008,7,13.39,0.62
Madagascar,2008,8,15.27,0.23
Madagascar,2008,9,17.72,1.62
Madagascar,2008,10,19.36,4.84
Madagascar,2008,11,20.45,6.94
Madagascar,2008,12,21.14,3.64
Madagascar,2008,13,17.87,3.86
Madagascar,2009,1,20.89,12.33
Madagascar,2009,2,20.35,8.44
Madagascar,2009,3,20.22,8.6
Madagascar,2009,4,17.87,6.53
Madagascar,2009,5,16.33,0.31
Madagascar,2009,6,15.01,0.38
Madagascar,2009,7,13.73,1.94
Madagascar,2009,8,14.86,1.53
Madagascar,2009,9,17.16,0.75
Madagascar,2009,10,18.99,4.6
Madagascar,2009,11,20.2,4.8
Madagascar,2009,12,20.53,12.25
Madagascar,2009,13,18.0,5.2
Madagascar,2010,1,20.26,11.03
Madagascar,2010,2,20.42,4.9
Madagascar,2010,3,20.33,12.06
Madagascar,2010,4,19.01,0.43
Madagascar,2010,5,17.64,0.75
Madagascar,2010,6,15.1,1.41
Madagascar,2010,7,13.29,1.21
Madagascar,2010,8,14.08,1.25
Madagascar,2010,9,16.44,0.12
Madagascar,2010,10,19.97,1.87
Madagascar,2010,11,20.12,5.06
Madagascar,2010,12,20.64,7.14
Madagascar,2010,13,18.09,3.95
Madagascar,2011,1,20.46,12.6
Madagascar,2011,2,20.14,11.22
Madagascar,2011,3,19.28,10.24
Madagascar,2011,4,19.11,5.95
Madagascar,2011,5,17.02,1.74
Madagascar,2011,6,15.12,0.5
Madagascar,2011,7,13.96,0.3
Madagascar,2011,8,15.42,0.6
Madagascar,2011,9,16.67,0.38
Madagascar,2011,10,18.99,5.13
Madagascar,2011,11,20.82,5.1
Madagascar,2011,12,21.03,8.04
Madagascar,2011,13,18.15,5.12
Madagascar,2012,1,19.55,12.5
Madagascar,2012,2,20.41,15.67
Madagascar,2012,3,19.05,7.94
Madagascar,2012,4,18.55,10.65
Madagascar,2012,5,16.41,2.0
Madagascar,2012,6,14.45,2.04
Madagascar,2012,7,13.5,1.19
Madagascar,2012,8,14.79,0.52
Madagascar,2012,9,16.63,0.61
Madagascar,2012,10,19.3,3.15
Madagascar,2012,11,19.94,9.1
Madagascar,2012,12,20.42,7.61
Madagascar,2012,13,17.74,6.03
Madagascar,2013,1,20.51,14.17
Madagascar,2013,2,19.82,14.7
Madagascar,2013,3,19.42,12.67
Madagascar,2013,4,18.36,1.18
Madagascar,2013,5,16.38,0.88
Madagascar,2013,6,13.04,0.59
Madagascar,2013,7,13.51,0.5
Madagascar,2013,8,13.94,0.51
Madagascar,2013,9,16.91,0.89
Madagascar,2013,10,19.05,4.7
Madagascar,2013,11,20.9,6.29
Madagascar,2013,12,20.53,15.49
Madagascar,2013,13,17.68,6.02
Madagascar,2014,1,19.77,15.89
Madagascar,2014,2,19.73,10.97
Madagascar,2014,3,19.6,3.56
Madagascar,2014,4,17.67,1.08
Madagascar,2014,5,15.62,0.65
Madagascar,2014,6,14.14,1.11
Madagascar,2014,7,13.89,1.96
Madagascar,2014,8,15.18,0.55
Madagascar,2014,9,16.6,0.34
Madagascar,2014,10,20.03,0.74
Madagascar,2014,11,20.75,7.63
Madagascar,2014,12,20.97,10.71
Madagascar,2014,13,17.82,4.57
Madagascar,2015,1,20.15,14.76
Madagascar,2015,2,19.08,22.37
Madagascar,2015,3,19.22,8.02
Madagascar,2015,4,19.02,0.29
Madagascar,2015,5,17.05,0.88
Madagascar,2015,6,15.01,0.47
Madagascar,2015,7,14.09,0.28
Madagascar,2015,8,14.72,1.06
Madagascar,2015,9,17.06,0.33
Madagascar,2015,10,19.54,1.52
Madagascar,2015,11,21.14,3.26
Madagascar,2015,12,21.47,12.7
Madagascar,2015,13,18.12,5.4
Madagascar,2016,1,20.69,11.35
Madagascar,2016,2,20.3,10.43
Madagascar,2016,3,20.64,12.33
Madagascar,2016,4,19.06,0.72
Madagascar,2016,5,15.11,0.72
Madagascar,2016,6,14.02,1.34
Madagascar,2016,7,13.31,0.31
Madagascar,2016,8,15.24,0.16
Madagascar,2016,9,16.35,0.11
Madagascar,2016,10,19.63,1.15
Madagascar,2016,11,21.09,5.89
Madagascar,2016,12,21.43,2.46
Madagascar,2016,13,18.07,3.9
Madagascar,2017,1,20.63,11.05
Madagascar,2017,2,20.6,11.81
Madagascar,2017,3,20.31,9.63
Madagascar,2017,4,18.4,3.23
Madagascar,2017,5,17.03,0.41
Madagascar,2017,6,15.47,0.66
Madagascar,2017,7,14.57,1.45
Madagascar,2017,8,15.75,0.9
Madagascar,2017,9,18.14,0.48
Madagascar,2017,10,20.45,1.4
Madagascar,2017,11,20.69,10.96
Madagascar,2017,12,20.55,16.26
Madagascar,2017,13,18.54,5.66
Madagascar,2018,1,20.14,16.29
Madagascar,2018,2,20.24,14.91
Madagascar,2018,3,19.54,3.74
Madagascar,2018,4,18.3,3.9
Madagascar,2018,5,17.0,0.59
Madagascar,2018,6,14.69,0.26
Madagascar,2018,7,13.45,0.48
Madagascar,2018,8,15.1,0.15
Madagascar,2018,9,17.14,0.2
Madagascar,2018,10,18.79,1.46
Madagascar,2018,11,20.88,4.99
Madagascar,2018,12,21.33,8.06
Madagascar,2018,13,18.04,4.53
Madagascar,2019,1,20.74,14.94
Madagascar,2019,2,20.69,6.58
Madagascar,2019,3,20.4,8.25
Madagascar,2019,4,20.11,5.13
Madagascar,2019,5,17.07,0.74
Madagascar,2019,6,14.97,1.02
Madagascar,2019,7,14.27,0.21
Madagascar,2019,8,15.36,0.14
Madagascar,2019,9,18.14,0.77
Madagascar,2019,10,20.59,1.95
Madagascar,2019,11,21.5,11.34
Madagascar,2019,12,21.43,9.46
Madagascar,2019,13,18.76,5.04
Madagascar,2020,1,20.74,14.34
Madagascar,2020,2,20.62,11.37
Madagascar,2020,3,20.46,5.49
Madagascar,2020,4,18.38,11.0
Madagascar,2020,5,16.85,0.29
Madagascar,2020,6,14.68,1.33
Madagascar,2020,7,13.37,0.68
Madagascar,2020,8,15.28,0.09
Madagascar,2020,9,17.32,0.27
Madagascar,2020,10,20.23,1.29
Madagascar,2020,11,21.71,2.37
Madagascar,2020,12,21.07,9.42
Madagascar,2020,13,18.38,4.8
Madagascar,2021,1,21.52,13.54
Madagascar,2021,2,20.5,17.1
Madagascar,2021,3,19.71,6.01
Madagascar,2021,4,18.69,1.86
Madagascar,2021,5,16.34,0.38
Madagascar,2021,6,14.13,0.92
Madagascar,2021,7,14.11,0.62
Madagascar,2021,8,15.84,0.3
Madagascar,2021,9,16.94,0.42
Madagascar,2021,10,19.77,1.05
Madagascar,2021,11,22.18,4.12
Madagascar,2021,12,21.81,7.39
Madagascar,2021,13,18.45,4.4
Madagascar,2022,1,20.52,11.94
Madagascar,2022,2,20.76,9.33
Madagascar,2022,3,20.38,7.43
Madagascar,2022,4,18.96,1.91
Madagascar,2022,5,16.8,0.31
Madagascar,2022,6,14.27,0.49
Madagascar,2022,7,13.69,0.53
Madagascar,2022,8,15.14,0.13
Madagascar,2022,9,16.55,0.11
Madagascar,2022,10,19.69,0.9
Madagascar,2022,11,20.47,7.67
Madagascar,2022,12,20.43,9.33
Madagascar,2022,13,18.12,4.15
Madagascar,2023,1,19.96,15.71
Madagascar,2023,2,20.02,9.45
Madagascar,2023,3,19.78,8.42
Madagascar,2023,4,18.78,3.07
Madagascar,2023,5,16.8,0.82
Madagascar,2023,6,14.89,0.14
Madagascar,2023,7,14.73,0.19
Madagascar,2023,8,16.34,1.08
Madagascar,2023,9,17.8,0.3
Madagascar,2023,10,21.25,4.3
Madagascar,2023,11,20.87,7.16
Madagascar,2023,12,21.86,4.14
Madagascar,2023,13,18.58,4.55
Madagascar,2024,1,21.5,15.53
Madagascar,2024,2,20.63,16.12
Madagascar,2024,3,20.16,5.59
Madagascar,2024,4,19.83,2.56
Madagascar,2024,5,16.34,0.61
Madagascar,2024,6,15.48,0.37
Madagascar,2024,7,14.06,0.04
Madagascar,2024,8,15.43,0.25
Madagascar,2024,9,18.74,0.63
Madagascar,2024,10,20.01,0.84
Madagascar,2024,11,22.79,3.55
Madagascar,2024,12,22.72,5.07
Madagascar,2024,13,18.96,4.23
Benin,2005,1,24.34,0.01
Benin,2005,2,29.67,0.23
Benin,2005,3,29.74,1.38
Benin,2005,4,29.6,1.76
Benin,2005,5,28.02,1.99
Benin,2005,6,26.47,3.66
Benin,2005,7,25.18,5.28
Benin,2005,8,25.0,5.52
Benin,2005,9,25.77,5.1
Benin,2005,10,25.77,2.66
Benin,2005,11,26.94,0.09
Benin,2005,12,27.18,0.0
Benin,2005,13,26.95,2.32
Benin,2006,1,28.33,0.33
Benin,2006,2,30.35,0.12
Benin,2006,3,30.05,0.56
Benin,2006,4,30.5,1.39
Benin,2006,5,27.16,3.54
Benin,2006,6,26.54,2.79
Benin,2006,7,25.79,5.61
Benin,2006,8,24.42,8.25
Benin,2006,9,24.71,7.38
Benin,2006,10,25.89,2.97
Benin,2006,11,24.23,0.14
Benin,2006,12,23.36,0.0
Benin,2006,13,26.75,2.78
Benin,2007,1,23.47,0.0
Benin,2007,2,27.75,0.35
Benin,2007,3,29.4,0.77
Benin,2007,4,27.74,3.59
Benin,2007,5,26.77,5.71
Benin,2007,6,25.36,5.13
Benin,2007,7,24.69,6.26
Benin,2007,8,24.38,9.55
Benin,2007,9,24.82,8.71
Benin,2007,10,25.16,2.56
Benin,2007,11,25.18,0.47
Benin,2007,12,23.18,0.23
Benin,2007,13,25.64,3.63
Benin,2008,1,21.71,0.0
Benin,2008,2,24.77,0.16
Benin,2008,3,29.2,0.59
Benin,2008,4,29.3,1.59
Benin,2008,5,27.84,2.15
Benin,2008,6,26.19,5.44
Benin,2008,7,24.64,7.56
Benin,2008,8,24.3,5.76
Benin,2008,9,24.78,7.85
Benin,2008,10,25.32,3.1
Benin,2008,11,24.96,0.04
Benin,2008,12,25.28,0.58
Benin,2008,13,25.69,2.91
Benin,2009,1,25.91,0.58
Benin,2009,2,28.49,0.32
Benin,2009,3,30.01,1.21
Benin,2009,4,27.34,3.96
Benin,2009,5,27.09,2.85
Benin,2009,6,26.08,4.77
Benin,2009,7,25.14,6.69
Benin,2009,8,24.77,7.76
Benin,2009,9,24.95,6.26
Benin,2009,10,25.3,4.48
Benin,2009,11,24.73,0.8
Benin,2009,12,24.94,0.04
Benin,2009,13,26.22,3.33
Benin,2010,1,26.09,0.01
Benin,2010,2,29.06,0.37
Benin,2010,3,28.78,1.01
Benin,2010,4,28.95,3.0
Benin,2010,5,27.1,4.06
Benin,2010,6,26.15,4.48
Benin,2010,7,24.75,5.78
Benin,2010,8,24.76,7.07
Benin,2010,9,24.51,10.68
Benin,2010,10,24.97,5.08
Benin,2010,11,25.52,0.76
Benin,2010,12,23.56,0.09
Benin,2010,13,26.16,3.55
Benin,2011,1,23.12,0.02
Benin,2011,2,26.8,0.88
Benin,2011,3,28.13,1.29
Benin,2011,4,28.5,1.73
Benin,2011,5,26.82,4.43
Benin,2011,6,25.76,4.46
Benin,2011,7,24.85,5.77
Benin,2011,8,24.38,7.06
Benin,2011,9,24.83,6.62
Benin,2011,10,25.26,4.4
Benin,2011,11,25.25,0.13
Benin,2011,12,23.61,0.0
Benin,2011,13,25.59,3.08
Benin,2012,1,25.07,0.05
Benin,2012,2,27.89,1.02
Benin,2012,3,28.84,0.37
Benin,2012,4,27.42,3.13
Benin,2012,5,26.5,5.1
Benin,2012,6,25.4,6.06
Benin,2012,7,24.44,6.81
Benin,2012,8,24.19,7.0
Benin,2012,9,24.36,7.99
Benin,2012,10,25.23,4.54
Benin,2012,11,25.54,0.64
Benin,2012,12,23.54,0.13
Benin,2012,13,25.69,3.57
Benin,2013,1,24.86,0.15
Benin,2013,2,27.16,0.45
Benin,2013,3,28.81,1.84
Benin,2013,4,27.77,3.87
Benin,2013,5,26.56,3.71
Benin,2013,6,25.63,4.7
Benin,2013,7,25.02,3.4
Benin,2013,8,24.89,4.07
Benin,2013,9,25.27,5.15
Benin,2013,10,26.21,3.05
Benin,2013,11,27.95,0.37
Benin,2013,12,27.27,0.08
Benin,2013,13,26.44,2.58
Benin,2014,1,27.49,0.52
Benin,2014,2,28.75,0.22
Benin,2014,3,29.16,1.5
Benin,2014,4,28.14,2.88
Benin,2014,5,27.2,4.48
Benin,2014,6,26.67,3.59
Benin,2014,7,26.05,3.42
Benin,2014,8,24.63,7.52
Benin,2014,9,24.62,7.97
Benin,2014,10,25.34,4.19
Benin,2014,11,26.0,0.54
Benin,2014,12,25.45,0.0
Benin,2014,13,26.61,3.09
Benin,2015,1,24.68,0.0
Benin,2015,2,28.99,0.39
Benin,2015,3,28.95,3.22
Benin,2015,4,28.98,0.52
Benin,2015,5,28.46,2.8
Benin,2015,6,26.98,2.45
Benin,2015,7,26.38,3.81
Benin,2015,8,25.2,5.42
Benin,2015,9,25.64,5.04
Benin,2015,10,26.8,3.52
Benin,2015,11,27.22,0.19
Benin,2015,12,23.95,0.0
Benin,2015,13,26.83,2.3
Benin,2016,1,25.48,0.0
Benin,2016,2,28.41,0.04
Benin,2016,3,30.58,2.01
Benin,2016,4,29.14,3.03
Benin,2016,5,28.37,4.08
Benin,2016,6,26.88,4.35
Benin,2016,7,25.02,6.22
Benin,2016,8,25.0,5.78
Benin,2016,9,25.01,7.23
Benin,2016,10,25.94,2.16
Benin,2016,11,27.02,0.02
Benin,2016,12,26.79,0.03
Benin,2016,13,26.96,2.92
Benin,2017,1,27.37,0.01
Benin,2017,2,28.08,0.07
Benin,2017,3,31.1,0.31
Benin,2017,4,29.84,1.88
Benin,2017,5,27.85,3.79
Benin,2017,6,26.25,8.56
Benin,2017,7,25.11,6.43
Benin,2017,8,24.73,10.6
Benin,2017,9,25.12,4.54
Benin,2017,10,25.47,1.75
Benin,2017,11,24.86,0.13
Benin,2017,12,24.27,0.14
Benin,2017,13,26.66,3.2
Benin,2018,1,23.32,0.0
Benin,2018,2,28.17,1.24
Benin,2018,3,29.32,0.69
Benin,2018,4,28.48,1.91
Benin,2018,5,27.24,3.99
Benin,2018,6,26.12,5.15
Benin,2018,7,24.91,6.77
Benin,2018,8,24.68,6.26
Benin,2018,9,24.81,5.98
Benin,2018,10,25.92,2.9
Benin,2018,11,26.02,0.05
Benin,2018,12,24.34,0.0
Benin,2018,13,26.09,2.92
Benin,2019,1,26.44,0.07
Benin,2019,2,28.15,0.02
Benin,2019,3,29.69,0.72
Benin,2019,4,29.66,2.2
Benin,2019,5,27.55,4.45
Benin,2019,6,26.53,3.68
Benin,2019,7,25.43,6.83
Benin,2019,8,24.78,5.2
Benin,2019,9,25.12,8.03
Benin,2019,10,24.87,5.87
Benin,2019,11,26.07,0.34
Benin,2019,12,23.76,0.01
Benin,2019,13,26.49,3.14
Benin,2020,1,24.26,0.0
Benin,2020,2,26.71,0.01
Benin,2020,3,29.95,1.4
Benin,2020,4,28.67,2.29
Benin,2020,5,27.91,4.52
Benin,2020,6,26.06,4.79
Benin,2020,7,24.95,5.24
Benin,2020,8,24.87,5.05
Benin,2020,9,24.82,7.79
Benin,2020,10,25.12,7.73
Benin,2020,11,25.23,0.04
Benin,2020,12,26.03,0.0
Benin,2020,13,26.21,3.25
Benin,2021,1,26.21,0.0
Benin,2021,2,27.87,0.0
Benin,2021,3,28.52,1.25
Benin,2021,4,29.11,1.87
Benin,2021,5,28.31,2.62
Benin,2021,6,26.36,5.64
Benin,2021,7,25.29,7.16
Benin,2021,8,24.47,8.43
Benin,2021,9,25.01,5.97
Benin,2021,10,26.12,3.24
Benin,2021,11,26.12,0.47
Benin,2021,12,24.27,0.06
Benin,2021,13,26.46,3.08
Benin,2022,1,24.0,0.82
Benin,2022,2,26.7,0.02
Benin,2022,3,29.73,0.7
Benin,2022,4,28.05,2.95
Benin,2022,5,27.94,3.75
Benin,2022,6,25.63,9.13
Benin,2022,7,25.01,3.93
Benin,2022,8,24.44,9.68
Benin,2022,9,24.55,9.77
Benin,2022,10,25.19,2.51
Benin,2022,11,24.07,0.05
Benin,2022,12,22.89,0.0
Benin,2022,13,25.68,3.62
Benin,2023,1,24.6,0.0
Benin,2023,2,27.65,0.04
Benin,2023,3,28.9,1.42
Benin,2023,4,29.04,2.16
Benin,2023,5,28.77,2.19
Benin,2023,6,26.17,5.51
Benin,2023,7,25.99,6.27
Benin,2023,8,25.04,7.74
Benin,2023,9,25.5,6.53
Benin,2023,10,26.22,4.12
Benin,2023,11,26.18,1.01
Benin,2023,12,24.25,0.0
Benin,2023,13,26.51,3.1
Benin,2024,1,25.34,0.0
Benin,2024,2,28.62,0.02
Benin,2024,3,31.4,0.65
Benin,2024,4,30.15,1.93
Benin,2024,5,29.17,3.02
Benin,2024,6,26.95,5.58
Benin,2024,7,25.63,6.24
Benin,2024,8,25.87,6.15
Benin,2024,9,25.44,5.89
Benin,2024,10,25.74,4.54
Benin,2024,11,24.23,0.01
Benin,2024,12,23.44,0.0
Benin,2024,13,26.82,2.85
Cameroon,2005,1,24.3,0.0
Cameroon,2005,2,27.95,0.12
Cameroon,2005,3,28.27,0.32
Cameroon,2005,4,26.78,4.06
Cameroon,2005,5,24.37,2.03
Cameroon,2005,6,24.35,4.35
Cameroon,2005,7,22.37,4.59
Cameroon,2005,8,21.95,7.65
Cameroon,2005,9,22.56,6.44
Cameroon,2005,10,23.33,1.74
Cameroon,2005,11,25.07,0.07
Cameroon,2005,12,25.62,0.0
Cameroon,2005,13,24.72,2.62
Cameroon,2006,1,26.64,0.04
Cameroon,2006,2,27.43,0.89
Cameroon,2006,3,26.93,0.45
Cameroon,2006,4,25.68,3.88
Cameroon,2006,5,23.5,5.57
Cameroon,2006,6,23.61,3.42
Cameroon,2006,7,22.98,3.36
Cameroon,2006,8,21.69,6.65
Cameroon,2006,9,22.2,6.53
Cameroon,2006,10,23.6,2.57
Cameroon,2006,11,24.43,0.64
Cameroon,2006,12,24.54,0.0
Cameroon,2006,13,24.42,2.84
Cameroon,2007,1,25.22,0.0
Cameroon,2007,2,26.46,0.35
Cameroon,2007,3,28.18,0.04
Cameroon,2007,4,26.68,2.08
Cameroon,2007,5,24.22,6.29
Cameroon,2007,6,22.54,5.93
Cameroon,2007,7,21.72,8.22
Cameroon,2007,8,21.46,6.6
Cameroon,2007,9,21.82,6.02
Cameroon,2007,10,22.45,6.12
Cameroon,2007,11,22.96,1.56
Cameroon,2007,12,22.62,0.11
Cameroon,2007,13,23.84,3.63
Cameroon,2008,1,23.77,0.01
Cameroon,2008,2,25.7,0.01
Cameroon,2008,3,26.64,1.27
Cameroon,2008,4,24.52,4.23
Cameroon,2008,5,23.56,5.76
Cameroon,2008,6,22.43,7.96
Cameroon,2008,7,21.56,9.5
Cameroon,2008,8,21.15,9.92
Cameroon,2008,9,21.92,4.72
Cameroon,2008,10,22.52,6.06
Cameroon,2008,11,22.21,0.28
Cameroon,2008,12,21.89,0.81
Cameroon,2008,13,23.15,4.23
Cameroon,2009,1,23.0,0.07
Cameroon,2009,2,25.09,0.39
Cameroon,2009,3,26.46,0.69
Cameroon,2009,4,24.77,3.32
Cameroon,2009,5,23.77,4.49
Cameroon,2009,6,22.69,8.34
Cameroon,2009,7,21.99,14.9
Cameroon,2009,8,22.03,12.16
Cameroon,2009,9,22.32,9.95
Cameroon,2009,10,22.24,10.02
Cameroon,2009,11,21.87,0.58
Cameroon,2009,12,20.8,0.0
Cameroon,2009,13,23.07,5.45
Cameroon,2010,1,21.92,0.08
Cameroon,2010,2,23.92,0.24
Cameroon,2010,3,24.4,2.23
Cameroon,2010,4,24.3,5.21
Cameroon,2010,5,23.59,6.73
Cameroon,2010,6,22.92,7.42
Cameroon,2010,7,21.6,8.36
Cameroon,2010,8,21.5,12.08
Cameroon,2010,9,21.68,8.03
Cameroon,2010,10,22.15,9.45
Cameroon,2010,11,22.36,2.37
Cameroon,2010,12,20.5,0.09
Cameroon,2010,13,22.56,5.23
Cameroon,2011,1,20.36,0.0
Cameroon,2011,2,23.44,0.91
Cameroon,2011,3,24.15,0.54
Cameroon,2011,4,24.02,2.66
Cameroon,2011,5,23.67,4.63
Cameroon,2011,6,22.67,5.47
Cameroon,2011,7,22.2,6.97
Cameroon,2011,8,21.39,14.25
Cameroon,2011,9,21.46,10.5
Cameroon,2011,10,22.04,8.83
Cameroon,2011,11,21.55,0.34
Cameroon,2011,12,19.95,0.0
Cameroon,2011,13,22.23,4.62
Cameroon,2012,1,21.11,0.0
Cameroon,2012,2,23.42,1.04
Cameroon,2012,3,24.66,0.11
Cameroon,2012,4,23.87,5.65
Cameroon,2012,5,22.82,6.88
Cameroon,2012,6,22.24,9.59
Cameroon,2012,7,21.3,7.79
Cameroon,2012,8,21.01,11.08
Cameroon,2012,9,21.26,13.63
Cameroon,2012,10,22.15,6.93
Cameroon,2012,11,22.15,1.26
Cameroon,2012,12,20.98,0.02
Cameroon,2012,13,22.24,5.33
Cameroon,2013,1,22.16,0.33
Cameroon,2013,2,23.68,0.15
Cameroon,2013,3,24.22,2.13
Cameroon,2013,4,23.4,5.69
Cameroon,2013,5,23.05,5.85
Cameroon,2013,6,22.58,7.12
Cameroon,2013,7,21.52,8.8
Cameroon,2013,8,21.2,10.64
Cameroon,2013,9,21.75,14.27
Cameroon,2013,10,22.07,5.92
Cameroon,2013,11,22.52,0.23
Cameroon,2013,12,21.2,0.77
Cameroon,2013,13,22.43,5.18
Cameroon,2014,1,21.49,0.01
Cameroon,2014,2,22.84,0.33
Cameroon,2014,3,24.59,2.02
Cameroon,2014,4,23.58,4.91
Cameroon,2014,5,23.12,6.22
Cameroon,2014,6,22.87,7.27
Cameroon,2014,7,22.31,5.99
Cameroon,2014,8,21.38,9.93
Cameroon,2014,9,21.47,13.18
Cameroon,2014,10,22.26,3.96
Cameroon,2014,11,22.41,0.47
Cameroon,2014,12,21.1,0.01
Cameroon,2014,13,22.45,4.54
Cameroon,2015,1,19.93,0.0
Cameroon,2015,2,24.29,0.19
Cameroon,2015,3,24.9,0.57
Cameroon,2015,4,25.04,1.5
Cameroon,2015,5,23.47,8.75
Cameroon,2015,6,22.92,7.77
Cameroon,2015,7,22.33,9.93
Cameroon,2015,8,21.94,12.18
Cameroon,2015,9,22.2,7.93
Cameroon,2015,10,22.47,7.53
Cameroon,2015,11,22.07,0.75
Cameroon,2015,12,19.75,0.0
Cameroon,2015,13,22.59,4.8
Cameroon,2016,1,20.84,0.0
Cameroon,2016,2,23.31,0.0
Cameroon,2016,3,26.06,1.71
Cameroon,2016,4,24.45,5.42
Cameroon,2016,5,23.14,8.59
Cameroon,2016,6,22.4,11.99
Cameroon,2016,7,21.82,9.99
Cameroon,2016,8,21.9,9.44
Cameroon,2016,9,21.96,10.18
Cameroon,2016,10,22.62,5.2
Cameroon,2016,11,22.46,0.26
Cameroon,2016,12,21.46,0.01
Cameroon,2016,13,22.7,5.24
Cameroon,2017,1,22.19,0.01
Cameroon,2017,2,22.64,0.0
Cameroon,2017,3,25.57,0.2
Cameroon,2017,4,24.39,4.6
Cameroon,2017,5,23.15,11.31
Cameroon,2017,6,22.62,9.81
Cameroon,2017,7,22.03,10.57
Cameroon,2017,8,21.66,11.02
Cameroon,2017,9,21.92,10.35
Cameroon,2017,10,22.65,4.17
Cameroon,2017,11,22.46,0.71
Cameroon,2017,12,21.8,0.0
Cameroon,2017,13,22.76,5.26
Cameroon,2018,1,19.99,0.0
Cameroon,2018,2,24.1,0.93
Cameroon,2018,3,24.4,0.89
Cameroon,2018,4,23.68,4.3
Cameroon,2018,5,23.14,8.48
Cameroon,2018,6,22.59,10.83
Cameroon,2018,7,21.78,16.57
Cameroon,2018,8,21.72,9.42
Cameroon,2018,9,22.16,12.99
Cameroon,2018,10,22.47,6.06
Cameroon,2018,11,22.87,1.01
Cameroon,2018,12,21.27,0.01
Cameroon,2018,13,22.5,5.98
Cameroon,2019,1,21.84,0.22
Cameroon,2019,2,22.94,0.17
Cameroon,2019,3,25.68,1.23
Cameroon,2019,4,24.47,3.64
Cameroon,2019,5,23.89,4.72
Cameroon,2019,6,23.04,6.9
Cameroon,2019,7,22.0,8.88
Cameroon,2019,8,21.55,9.94
Cameroon,2019,9,22.02,16.35
Cameroon,2019,10,21.6,9.04
Cameroon,2019,11,22.37,0.31
Cameroon,2019,12,21.09,0.0
Cameroon,2019,13,22.7,5.14
Cameroon,2020,1,20.5,0.0
Cameroon,2020,2,22.83,0.0
Cameroon,2020,3,24.48,7.63
Cameroon,2020,4,23.7,6.54
Cameroon,2020,5,23.38,7.58
Cameroon,2020,6,22.65,8.4
Cameroon,2020,7,21.51,9.76
Cameroon,2020,8,21.52,5.9
Cameroon,2020,9,21.46,7.72
Cameroon,2020,10,22.22,4.89
Cameroon,2020,11,22.12,1.65
Cameroon,2020,12,21.97,0.02
Cameroon,2020,13,22.36,5.02
Cameroon,2021,1,21.88,0.0
Cameroon,2021,2,22.7,0.0
Cameroon,2021,3,23.63,2.92
Cameroon,2021,4,23.54,2.28
Cameroon,2021,5,23.12,4.76
Cameroon,2021,6,22.72,5.28
Cameroon,2021,7,22.0,2.79
Cameroon,2021,8,21.99,4.21
Cameroon,2021,9,22.03,9.34
Cameroon,2021,10,23.05,3.31
Cameroon,2021,11,23.27,1.12
Cameroon,2021,12,23.52,0.03
Cameroon,2021,13,22.79,3.01
Cameroon,2022,1,23.79,0.0
Cameroon,2022,2,25.3,0.0
Cameroon,2022,3,27.02,0.37
Cameroon,2022,4,25.45,2.99
Cameroon,2022,5,23.32,8.6
Cameroon,2022,6,22.45,6.03
Cameroon,2022,7,21.65,11.26
Cameroon,2022,8,21.23,11.95
Cameroon,2022,9,21.68,14.03
Cameroon,2022,10,21.81,8.47
Cameroon,2022,11,21.89,0.04
Cameroon,2022,12,20.65,0.0
Cameroon,2022,13,23.0,5.35
Cameroon,2023,1,21.31,0.0
Cameroon,2023,2,22.81,0.0
Cameroon,2023,3,23.92,2.84
Cameroon,2023,4,24.0,3.87
Cameroon,2023,5,24.07,7.0
Cameroon,2023,6,22.43,11.35
Cameroon,2023,7,22.85,6.69
Cameroon,2023,8,22.67,6.71
Cameroon,2023,9,22.75,8.24
Cameroon,2023,10,23.5,3.45
Cameroon,2023,11,23.35,1.1
Cameroon,2023,12,22.07,0.05
Cameroon,2023,13,22.98,4.29
Cameroon,2024,1,21.72,0.0
Cameroon,2024,2,25.53,0.01
Cameroon,2024,3,27.39,0.74
Cameroon,2024,4,25.79,2.3
Cameroon,2024,5,25.79,1.81
Cameroon,2024,6,24.18,6.26
Cameroon,2024,7,22.67,3.7
Cameroon,2024,8,22.19,5.17
Cameroon,2024,9,22.49,4.7
Cameroon,2024,10,22.87,7.63
Cameroon,2024,11,23.89,0.03
Cameroon,2024,12,24.78,0.0
Cameroon,2024,13,24.1,2.7
Central African Republic,2005,1,27.89,0.02
Central African Republic,2005,2,31.98,0.09
Central African Republic,2005,3,30.35,2.09
Central African Republic,2005,4,30.25,3.29
Central African Republic,2005,5,27.52,2.91
Central African Republic,2005,6,26.98,3.14
Central African Republic,2005,7,26.24,3.66
Central African Republic,2005,8,25.73,4.4
Central African Republic,2005,9,26.17,3.7
Central African Republic,2005,10,27.4,2.13
Central African Republic,2005,11,29.67,0.03
Central African Republic,2005,12,30.14,0.03
Central African Republic,2005,13,28.33,2.14
Central African Republic,2006,1,30.73,0.44
Central African Republic,2006,2,32.06,0.21
Central African Republic,2006,3,29.65,2.05
Central African Republic,2006,4,28.92,3.2
Central African Republic,2006,5,27.47,2.99
Central African Republic,2006,6,28.18,1.26
Central African Republic,2006,7,26.45,5.48
Central African Republic,2006,8,25.11,3.96
Central African Republic,2006,9,25.34,4.85
Central African Republic,2006,10,26.93,1.84
Central African Republic,2006,11,28.64,0.1
Central African Republic,2006,12,28.21,0.0
Central African Republic,2006,13,28.11,2.21
Central African Republic,2007,1,28.86,0.0
Central African Republic,2007,2,30.4,0.2
Central African Republic,2007,3,30.87,2.05
Central African Republic,2007,4,28.63,3.5
Central African Republic,2007,5,27.03,4.19
Central African Republic,2007,6,24.9,5.78
Central African Republic,2007,7,24.58,5.2
Central African Republic,2007,8,24.04,4.86
Central African Republic,2007,9,24.23,9.72
Central African Republic,2007,10,24.55,5.84
Central African Republic,2007,11,24.61,2.92
Central African Republic,2007,12,25.19,0.01
Central African Republic,2007,13,26.47,3.7
Central African Republic,2008,1,26.99,0.22
Central African Republic,2008,2,28.39,0.11
Central African Republic,2008,3,28.33,2.64
Central African Republic,2008,4,26.3,4.2
Central African Republic,2008,5,26.1,3.74
Central African Republic,2008,6,25.74,4.08
Central African Republic,2008,7,24.38,5.79
Central African Republic,2008,8,23.89,7.52
Central African Republic,2008,9,24.45,7.98
Central African Republic,2008,10,24.76,4.64
Central African Republic,2008,11,25.46,0.35
Central African Republic,2008,12,26.6,0.06
Central African Republic,2008,13,25.94,3.45
Central African Republic,2009,1,28.23,0.25
Central African Republic,2009,2,29.27,1.16
Central African Republic,2009,3,28.34,1.96
Central African Republic,2009,4,26.8,5.53
Central African Republic,2009,5,26.47,2.99
Central African Republic,2009,6,25.3,6.79
Central African Republic,2009,7,24.4,5.77
Central African Republic,2009,8,24.51,9.16
Central African Republic,2009,9,24.67,7.81
Central African Republic,2009,10,24.58,7.35
Central African Republic,2009,11,24.1,3.7
Central African Republic,2009,12,23.98,0.06
Central African Republic,2009,13,25.87,4.39
Central African Republic,2010,1,26.36,0.1
Central African Republic,2010,2,28.99,0.89
Central African Republic,2010,3,27.73,2.55
Central African Republic,2010,4,26.93,4.84
Central African Republic,2010,5,25.94,5.84
Central African Republic,2010,6,24.67,4.62
Central African Republic,2010,7,23.95,7.96
Central African Republic,2010,8,23.84,7.7
Central African Republic,2010,9,24.13,6.1
Central African Republic,2010,10,24.5,8.31
Central African Republic,2010,11,25.0,2.61
Central African Republic,2010,12,24.12,0.01
Central African Republic,2010,13,25.49,4.32
Central African Republic,2011,1,25.18,0.22
Central African Republic,2011,2,27.62,0.87
Central African Republic,2011,3,28.63,1.13
Central African Republic,2011,4,26.39,4.37
Central African Republic,2011,5,26.57,4.37
Central African Republic,2011,6,25.6,3.69
Central African Republic,2011,7,24.95,8.25
Central African Republic,2011,8,23.85,8.06
Central African Republic,2011,9,24.01,8.17
Central African Republic,2011,10,24.34,8.71
Central African Republic,2011,11,23.51,0.5
Central African Republic,2011,12,23.35,0.0
Central African Republic,2011,13,25.32,4.05
Central African Republic,2012,1,25.24,0.23
Central African Republic,2012,2,27.94,0.64
Central African Republic,2012,3,28.03,1.27
Central African Republic,2012,4,27.66,3.29
Central African Republic,2012,5,25.46,5.26
Central African Republic,2012,6,24.44,6.07
Central African Republic,2012,7,23.6,9.13
Central African Republic,2012,8,23.47,7.89
Central African Republic,2012,9,23.88,8.85
Central African Republic,2012,10,24.57,6.17
Central African Republic,2012,11,24.35,2.54
Central African Republic,2012,12,24.08,0.29
Central African Republic,2012,13,25.21,4.31
Central African Republic,2013,1,25.34,0.33
Central African Republic,2013,2,27.49,0.6
Central African Republic,2013,3,26.96,3.08
Central African Republic,2013,4,25.89,5.15
Central African Republic,2013,5,25.13,6.08
Central African Republic,2013,6,24.66,7.26
Central African Republic,2013,7,23.86,6.93
Central African Republic,2013,8,23.55,5.72
Central African Republic,2013,9,24.08,6.71
Central African Republic,2013,10,24.34,6.7
Central African Republic,2013,11,24.56,1.94
Central African Republic,2013,12,23.79,0.03
Central African Republic,2013,13,24.95,4.23
Central African Republic,2014,1,25.94,0.09
Central African Republic,2014,2,27.03,1.05
Central African Republic,2014,3,26.64,2.95
Central African Republic,2014,4,25.56,5.04
Central African Republic,2014,5,25.78,4.24
Central African Republic,2014,6,25.18,6.41
Central African Republic,2014,7,24.46,5.86
Central African Republic,2014,8,23.77,6.44
Central African Republic,2014,9,23.92,8.07
Central African Republic,2014,10,24.39,6.29
Central African Republic,2014,11,24.2,1.79
Central African Republic,2014,12,24.4,0.51
Central African Republic,2014,13,25.09,4.07
Central African Republic,2015,1,24.61,0.11
Central African Republic,2015,2,28.48,0.62
Central African Republic,2015,3,27.04,3.42
Central African Republic,2015,4,27.42,1.19
Central African Republic,2015,5,25.94,7.22
Central African Republic,2015,6,24.95,5.9
Central African Republic,2015,7,24.8,4.85
Central African Republic,2015,8,24.54,11.22
Central African Republic,2015,9,24.95,7.02
Central African Republic,2015,10,24.84,7.95
Central African Republic,2015,11,24.47,0.84
Central African Republic,2015,12,22.86,0.08
Central African Republic,2015,13,25.38,4.24
Central African Republic,2016,1,25.64,0.03
Central African Republic,2016,2,29.09,0.0
Central African Republic,2016,3,27.71,6.32
Central African Republic,2016,4,26.15,5.4
Central African Republic,2016,5,25.54,5.9
Central African Republic,2016,6,24.56,6.62
Central African Republic,2016,7,24.13,6.9
Central African Republic,2016,8,23.93,7.66
Central African Republic,2016,9,24.45,6.32
Central African Republic,2016,10,24.74,10.05
Central African Republic,2016,11,24.65,0.98
Central African Republic,2016,12,23.67,0.01
Central African Republic,2016,13,25.34,4.71
Central African Republic,2017,1,25.81,0.04
Central African Republic,2017,2,27.89,0.05
Central African Republic,2017,3,27.12,3.32
Central African Republic,2017,4,26.0,6.7
Central African Republic,2017,5,25.14,8.82
Central African Republic,2017,6,24.87,5.9
Central African Republic,2017,7,24.12,6.98
Central African Republic,2017,8,23.87,6.52
Central African Republic,2017,9,24.17,6.87
Central African Republic,2017,10,24.85,7.91
Central African Republic,2017,11,23.6,3.96
Central African Republic,2017,12,24.19,0.04
Central African Republic,2017,13,25.12,4.79
Central African Republic,2018,1,23.51,0.0
Central African Republic,2018,2,25.79,5.18
Central African Republic,2018,3,25.61,2.78
Central African Republic,2018,4,25.57,3.09
Central African Republic,2018,5,24.84,9.95
Central African Republic,2018,6,24.34,5.3
Central African Republic,2018,7,24.12,4.72
Central African Republic,2018,8,24.08,5.63
Central African Republic,2018,9,24.41,6.41
Central African Republic,2018,10,24.68,8.98
Central African Republic,2018,11,24.35,1.79
Central African Republic,2018,12,23.59,0.0
Central African Republic,2018,13,24.56,4.48
Central African Republic,2019,1,25.95,0.13
Central African Republic,2019,2,26.97,1.27
Central African Republic,2019,3,27.73,1.8
Central African Republic,2019,4,27.25,2.91
Central African Republic,2019,5,26.22,5.31
Central African Republic,2019,6,24.96,5.29
Central African Republic,2019,7,24.38,8.09
Central African Republic,2019,8,23.96,5.45
Central African Republic,2019,9,24.52,8.34
Central African Republic,2019,10,23.88,7.28
Central African Republic,2019,11,24.41,0.41
Central African Republic,2019,12,24.0,0.03
Central African Republic,2019,13,25.34,3.88
Central African Republic,2020,1,24.44,0.01
Central African Republic,2020,2,28.73,0.0
Central African Republic,2020,3,29.18,4.03
Central African Republic,2020,4,25.74,6.74
Central African Republic,2020,5,25.67,5.05
Central African Republic,2020,6,24.67,4.19
Central African Republic,2020,7,23.85,7.44
Central African Republic,2020,8,23.69,14.2
Central African Republic,2020,9,23.64,10.22
Central African Republic,2020,10,24.71,4.16
Central African Republic,2020,11,23.99,0.66
Central African Republic,2020,12,24.1,0.0
Central African Republic,2020,13,25.19,4.74
Central African Republic,2021,1,25.18,0.16
Central African Republic,2021,2,26.79,0.02
Central African Republic,2021,3,26.54,2.97
Central African Republic,2021,4,26.48,3.12
Central African Republic,2021,5,25.4,7.14
Central African Republic,2021,6,24.83,6.08
Central African Republic,2021,7,23.85,7.14
Central African Republic,2021,8,24.12,7.22
Central African Republic,2021,9,23.97,10.19
Central African Republic,2021,10,25.11,11.1
Central African Republic,2021,11,24.57,4.13
Central African Republic,2021,12,23.67,0.02
Central African Republic,2021,13,25.03,4.97
Central African Republic,2022,1,24.84,0.02
Central African Republic,2022,2,26.45,0.0
Central African Republic,2022,3,27.3,0.85
Central African Republic,2022,4,25.83,5.25
Central African Republic,2022,5,25.08,6.98
Central African Republic,2022,6,24.25,5.47
Central African Republic,2022,7,23.71,8.05
Central African Republic,2022,8,23.35,9.86
Central African Republic,2022,9,23.93,7.46
Central African Republic,2022,10,24.4,7.2
Central African Republic,2022,11,24.47,1.37
Central African Republic,2022,12,23.63,0.0
Central African Republic,2022,13,24.76,4.41
Central African Republic,2023,1,25.02,0.0
Central African Republic,2023,2,27.4,0.23
Central African Republic,2023,3,26.67,3.3
Central African Republic,2023,4,26.48,3.25
Central African Republic,2023,5,25.92,6.7
Central African Republic,2023,6,24.93,6.79
Central African Republic,2023,7,25.18,9.5
Central African Republic,2023,8,24.74,6.54
Central African Republic,2023,9,25.07,6.58
Central African Republic,2023,10,25.55,6.52
Central African Republic,2023,11,24.98,7.64
Central African Republic,2023,12,24.13,0.08
Central African Republic,2023,13,25.49,4.78
Central African Republic,2024,1,24.37,0.0
Central African Republic,2024,2,27.44,0.0
Central African Republic,2024,3,28.8,1.72
Central African Republic,2024,4,27.81,3.96
Central African Republic,2024,5,27.55,4.39
Central African Republic,2024,6,25.64,6.25
Central African Republic,2024,7,24.89,6.4
Central African Republic,2024,8,24.4,8.8
Central African Republic,2024,9,25.04,11.36
Central African Republic,2024,10,24.91,6.27
Central African Republic,2024,11,24.26,1.41
Central African Republic,2024,12,24.38,0.03
Central African Republic,2024,13,25.78,4.22
Chad,2005,1,18.43,0.0
Chad,2005,2,26.3,0.0
Chad,2005,3,28.2,0.0
Chad,2005,4,31.06,0.0
Chad,2005,5,32.92,0.01
Chad,2005,6,35.45,0.01
Chad,2005,7,33.19,0.64
Chad,2005,8,31.9,2.03
Chad,2005,9,31.41,0.7
Chad,2005,10,29.11,0.01
Chad,2005,11,23.26,0.0
Chad,2005,12,22.54,0.0
Chad,2005,13,28.65,0.29
Chad,2006,1,22.48,0.0
Chad,2006,2,26.01,0.0
Chad,2006,3,27.26,0.0
Chad,2006,4,28.87,0.0
Chad,2006,5,34.42,0.01
Chad,2006,6,34.02,0.1
Chad,2006,7,34.12,0.2
Chad,2006,8,31.14,2.69
Chad,2006,9,32.01,0.2
Chad,2006,10,30.27,0.01
Chad,2006,11,22.82,0.0
Chad,2006,12,17.69,0.0
Chad,2006,13,28.43,0.27
Chad,2007,1,17.42,0.0
Chad,2007,2,22.83,0.0
Chad,2007,3,26.52,0.0
Chad,2007,4,32.34,0.0
Chad,2007,5,34.85,0.02
Chad,2007,6,34.61,0.02
Chad,2007,7,33.41,0.33
Chad,2007,8,31.12,1.65
Chad,2007,9,31.12,0.29
Chad,2007,10,29.1,0.01
Chad,2007,11,24.8,0.0
Chad,2007,12,20.26,0.0
Chad,2007,13,28.21,0.2
Chad,2008,1,19.26,0.0
Chad,2008,2,19.15,0.0
Chad,2008,3,27.0,0.0
Chad,2008,4,30.36,0.0
Chad,2008,5,33.52,0.02
Chad,2008,6,34.27,0.02
Chad,2008,7,32.97,1.25
Chad,2008,8,31.53,0.97
Chad,2008,9,31.87,0.5
Chad,2008,10,28.55,0.06
Chad,2008,11,23.55,0.0
Chad,2008,12,22.08,0.0
Chad,2008,13,27.87,0.24
Chad,2009,1,22.07,0.0
Chad,2009,2,23.74,0.0
Chad,2009,3,25.95,0.0
Chad,2009,4,33.12,0.04
Chad,2009,5,33.03,0.07
Chad,2009,6,34.09,0.18
Chad,2009,7,33.37,0.44
Chad,2009,8,32.48,1.42
Chad,2009,9,32.25,0.55
Chad,2009,10,31.1,0.1
Chad,2009,11,25.27,0.0
Chad,2009,12,20.34,0.0
Chad,2009,13,28.92,0.24
Chad,2010,1,21.03,0.0
Chad,2010,2,24.72,0.0
Chad,2010,3,26.3,0.0
Chad,2010,4,31.44,0.0
Chad,2010,5,33.71,0.01
Chad,2010,6,35.27,0.06
Chad,2010,7,31.26,2.8
Chad,2010,8,29.17,2.58
Chad,2010,9,30.3,0.46
Chad,2010,10,29.94,0.03
Chad,2010,11,24.91,0.0
Chad,2010,12,19.11,0.0
Chad,2010,13,28.1,0.5
Chad,2011,1,17.8,0.0
Chad,2011,2,24.93,0.0
Chad,2011,3,26.29,0.0
Chad,2011,4,30.85,0.0
Chad,2011,5,32.96,0.07
Chad,2011,6,34.79,0.44
Chad,2011,7,33.58,0.37
Chad,2011,8,31.2,1.96
Chad,2011,9,31.0,0.36
Chad,2011,10,29.15,0.01
Chad,2011,11,21.94,0.0
Chad,2011,12,18.24,0.0
Chad,2011,13,27.73,0.27
Chad,2012,1,18.39,0.0
Chad,2012,2,24.64,0.0
Chad,2012,3,24.62,0.0
Chad,2012,4,32.52,0.0
Chad,2012,5,33.74,0.11
Chad,2012,6,34.53,0.37
Chad,2012,7,31.87,1.82
Chad,2012,8,29.62,2.39
Chad,2012,9,30.67,0.21
Chad,2012,10,29.09,0.01
Chad,2012,11,24.61,0.0
Chad,2012,12,19.25,0.0
Chad,2012,13,27.78,0.41
Chad,2013,1,21.31,0.0
Chad,2013,2,24.05,0.0
Chad,2013,3,28.48,0.0
Chad,2013,4,30.83,0.02
Chad,2013,5,33.56,0.0
Chad,2013,6,33.79,0.23
Chad,2013,7,33.2,0.05
Chad,2013,8,29.74,3.27
Chad,2013,9,31.26,0.12
Chad,2013,10,27.71,0.07
Chad,2013,11,24.43,0.0
Chad,2013,12,20.44,0.0
Chad,2013,13,28.25,0.32
Chad,2014,1,18.99,0.0
Chad,2014,2,21.91,0.0
Chad,2014,3,27.87,0.01
Chad,2014,4,32.06,0.02
Chad,2014,5,33.09,0.13
Chad,2014,6,34.68,0.01
Chad,2014,7,33.64,0.83
Chad,2014,8,30.01,1.7
Chad,2014,9,31.17,0.49
Chad,2014,10,29.44,0.07
Chad,2014,11,24.0,0.0
Chad,2014,12,19.9,0.0
Chad,2014,13,28.09,0.28
Chad,2015,1,17.55,0.0
Chad,2015,2,24.34,0.0
Chad,2015,3,28.05,0.0
Chad,2015,4,27.62,0.0
Chad,2015,5,32.8,0.01
Chad,2015,6,34.25,0.17
Chad,2015,7,34.15,0.44
Chad,2015,8,31.93,0.76
Chad,2015,9,32.73,0.23
Chad,2015,10,30.17,0.0
Chad,2015,11,23.72,0.0
Chad,2015,12,16.54,0.0
Chad,2015,13,27.83,0.14
Chad,2016,1,17.13,0.0
Chad,2016,2,21.03,0.0
Chad,2016,3,30.13,0.0
Chad,2016,4,31.7,0.01
Chad,2016,5,34.05,0.0
Chad,2016,6,34.65,0.16
Chad,2016,7,32.49,0.9
Chad,2016,8,31.66,1.27
Chad,2016,9,31.94,0.29
Chad,2016,10,28.93,0.0
Chad,2016,11,25.49,0.0
Chad,2016,12,20.68,0.0
Chad,2016,13,28.33,0.22
Chad,2017,1,22.16,0.0
Chad,2017,2,20.96,0.0
Chad,2017,3,26.2,0.0
Chad,2017,4,31.31,0.0
Chad,2017,5,34.05,0.0
Chad,2017,6,34.73,0.24
Chad,2017,7,33.26,0.85
Chad,2017,8,31.66,0.71
Chad,2017,9,32.16,0.12
Chad,2017,10,28.16,0.0
Chad,2017,11,23.77,0.0
Chad,2017,12,21.25,0.0
Chad,2017,13,28.34,0.16
Chad,2018,1,16.86,0.0
Chad,2018,2,24.89,0.0
Chad,2018,3,27.99,0.0
Chad,2018,4,30.59,0.0
Chad,2018,5,34.76,0.04
Chad,2018,6,33.99,0.79
Chad,2018,7,33.08,1.11
Chad,2018,8,30.28,3.09
Chad,2018,9,31.25,0.13
Chad,2018,10,29.63,0.0
Chad,2018,11,24.17,0.0
Chad,2018,12,19.33,0.0
Chad,2018,13,28.07,0.44
Chad,2019,1,19.99,0.0
Chad,2019,2,21.59,0.01
Chad,2019,3,27.36,0.0
Chad,2019,4,31.2,0.0
Chad,2019,5,34.27,0.56
Chad,2019,6,34.83,0.05
Chad,2019,7,33.12,1.6
Chad,2019,8,29.6,3.24
Chad,2019,9,31.7,0.06
Chad,2019,10,30.0,0.28
Chad,2019,11,25.03,0.0
Chad,2019,12,18.66,0.0
Chad,2019,13,28.14,0.49
Chad,2020,1,17.95,0.0
Chad,2020,2,20.15,0.0
Chad,2020,3,27.97,0.0
Chad,2020,4,31.65,0.0
Chad,2020,5,33.41,0.0
Chad,2020,6,35.05,0.0
Chad,2020,7,33.07,1.12
Chad,2020,8,29.48,5.83
Chad,2020,9,29.89,1.37
Chad,2020,10,27.95,0.08
Chad,2020,11,22.49,0.0
Chad,2020,12,21.64,0.0
Chad,2020,13,27.57,0.71
Chad,2021,1,20.34,0.0
Chad,2021,2,20.55,0.0
Chad,2021,3,27.27,0.0
Chad,2021,4,29.88,0.0
Chad,2021,5,32.94,0.02
Chad,2021,6,34.71,0.0
Chad,2021,7,32.29,2.95
Chad,2021,8,30.71,1.53
Chad,2021,9,30.71,1.38
Chad,2021,10,27.97,1.09
Chad,2021,11,24.74,0.0
Chad,2021,12,19.57,0.0
Chad,2021,13,27.67,0.59
Chad,2022,1,17.91,0.01
Chad,2022,2,18.71,0.0
Chad,2022,3,25.22,0.0
Chad,2022,4,32.56,0.0
Chad,2022,5,33.5,0.01
Chad,2022,6,33.68,1.45
Chad,2022,7,31.98,2.06
Chad,2022,8,29.09,3.36
Chad,2022,9,30.04,1.72
Chad,2022,10,27.73,0.0
Chad,2022,11,22.18,0.0
Chad,2022,12,19.7,0.0
Chad,2022,13,26.9,0.72
Chad,2023,1,19.97,0.0
Chad,2023,2,20.92,0.0
Chad,2023,3,27.54,0.01
Chad,2023,4,31.67,0.0
Chad,2023,5,34.69,0.02
Chad,2023,6,34.22,0.17
Chad,2023,7,34.81,0.13
Chad,2023,8,30.86,6.66
Chad,2023,9,31.47,0.56
Chad,2023,10,28.83,0.0
Chad,2023,11,26.0,0.0
Chad,2023,12,19.96,0.0
Chad,2023,13,28.45,0.64
Chad,2024,1,18.28,0.0
Chad,2024,2,21.82,0.0
Chad,2024,3,29.33,0.0
Chad,2024,4,32.17,0.0
Chad,2024,5,35.07,0.0
Chad,2024,6,36.09,0.02
Chad,2024,7,31.67,5.6
Chad,2024,8,27.15,10.4
Chad,2024,9,28.18,2.12
Chad,2024,10,26.3,0.03
Chad,2024,11,18.88,0.0
Chad,2024,12,17.14,0.0
Chad,2024,13,26.85,1.53
Equatorial Guinea,2005,1,23.77,0.95
Equatorial Guinea,2005,2,24.25,3.47
Equatorial Guinea,2005,3,24.16,6.63
Equatorial Guinea,2005,4,24.03,7.12
Equatorial Guinea,2005,5,23.38,3.56
Equatorial Guinea,2005,6,22.72,1.18
Equatorial Guinea,2005,7,22.09,0.66
Equatorial Guinea,2005,8,21.75,7.0
Equatorial Guinea,2005,9,22.53,6.23
Equatorial Guinea,2005,10,22.58,12.49
Equatorial Guinea,2005,11,23.27,6.58
Equatorial Guinea,2005,12,23.32,6.49
Equatorial Guinea,2005,13,23.15,5.21
Equatorial Guinea,2006,1,23.62,3.92
Equatorial Guinea,2006,2,23.85,6.15
Equatorial Guinea,2006,3,23.51,5.56
Equatorial Guinea,2006,4,23.53,8.03
Equatorial Guinea,2006,5,23.22,7.55
Equatorial Guinea,2006,6,23.13,5.05
Equatorial Guinea,2006,7,22.24,2.27
Equatorial Guinea,2006,8,22.13,1.59
Equatorial Guinea,2006,9,22.15,3.49
Equatorial Guinea,2006,10,22.92,5.15
Equatorial Guinea,2006,11,22.66,7.08
Equatorial Guinea,2006,12,23.23,2.79
Equatorial Guinea,2006,13,23.01,4.86
Equatorial Guinea,2007,1,23.86,2.05
Equatorial Guinea,2007,2,23.84,4.41
Equatorial Guinea,2007,3,23.73,6.08
Equatorial Guinea,2007,4,23.61,5.49
Equatorial Guinea,2007,5,23.64,10.43
Equatorial Guinea,2007,6,22.52,7.5
Equatorial Guinea,2007,7,22.07,1.85
Equatorial Guinea,2007,8,21.96,2.3
Equatorial Guinea,2007,9,22.31,8.83
Equatorial Guinea,2007,10,22.44,11.83
Equatorial Guinea,2007,11,22.95,8.61
Equatorial Guinea,2007,12,23.01,6.32
Equatorial Guinea,2007,13,22.99,6.31
Equatorial Guinea,2008,1,22.91,4.85
Equatorial Guinea,2008,2,23.66,2.39
Equatorial Guinea,2008,3,23.39,5.07
Equatorial Guinea,2008,4,23.26,4.96
Equatorial Guinea,2008,5,23.02,5.73
Equatorial Guinea,2008,6,22.52,1.94
Equatorial Guinea,2008,7,22.27,0.83
Equatorial Guinea,2008,8,22.15,3.49
Equatorial Guinea,2008,9,22.65,6.9
Equatorial Guinea,2008,10,22.78,7.79
Equatorial Guinea,2008,11,23.16,6.08
Equatorial Guinea,2008,12,23.08,5.12
Equatorial Guinea,2008,13,22.9,4.6
Equatorial Guinea,2009,1,23.38,2.52
Equatorial Guinea,2009,2,23.66,5.28
Equatorial Guinea,2009,3,23.93,4.09
Equatorial Guinea,2009,4,23.46,6.74
Equatorial Guinea,2009,5,23.09,5.45
Equatorial Guinea,2009,6,22.66,1.99
Equatorial Guinea,2009,7,22.21,0.46
Equatorial Guinea,2009,8,22.12,2.39
Equatorial Guinea,2009,9,22.75,5.07
Equatorial Guinea,2009,10,22.57,12.05
Equatorial Guinea,2009,11,23.0,14.54
Equatorial Guinea,2009,12,23.51,7.9
Equatorial Guinea,2009,13,23.02,5.7
Equatorial Guinea,2010,1,23.79,5.72
Equatorial Guinea,2010,2,24.16,5.63
Equatorial Guinea,2010,3,23.94,11.86
Equatorial Guinea,2010,4,24.11,11.9
Equatorial Guinea,2010,5,23.84,5.05
Equatorial Guinea,2010,6,22.97,3.34
Equatorial Guinea,2010,7,22.19,1.73
Equatorial Guinea,2010,8,22.21,1.65
Equatorial Guinea,2010,9,22.34,5.83
Equatorial Guinea,2010,10,22.36,14.0
Equatorial Guinea,2010,11,23.03,18.23
Equatorial Guinea,2010,12,23.02,5.67
Equatorial Guinea,2010,13,23.16,7.54
Equatorial Guinea,2011,1,23.15,3.34
Equatorial Guinea,2011,2,23.37,5.71
Equatorial Guinea,2011,3,23.53,5.84
Equatorial Guinea,2011,4,23.41,7.64
Equatorial Guinea,2011,5,23.56,4.29
Equatorial Guinea,2011,6,22.87,3.35
Equatorial Guinea,2011,7,22.31,1.17
Equatorial Guinea,2011,8,22.04,1.27
Equatorial Guinea,2011,9,22.23,8.29
Equatorial Guinea,2011,10,22.25,8.37
Equatorial Guinea,2011,11,22.79,5.32
Equatorial Guinea,2011,12,23.15,1.8
Equatorial Guinea,2011,13,22.89,4.67
Equatorial Guinea,2012,1,23.39,3.99
Equatorial Guinea,2012,2,22.99,6.17
Equatorial Guinea,2012,3,23.46,8.45
Equatorial Guinea,2012,4,23.37,6.36
Equatorial Guinea,2012,5,22.96,5.91
Equatorial Guinea,2012,6,22.43,3.43
Equatorial Guinea,2012,7,22.0,0.85
Equatorial Guinea,2012,8,21.81,3.17
Equatorial Guinea,2012,9,22.15,7.52
Equatorial Guinea,2012,10,22.5,18.49
Equatorial Guinea,2012,11,23.01,11.44
Equatorial Guinea,2012,12,23.27,4.15
Equatorial Guinea,2012,13,22.78,6.66
Equatorial Guinea,2013,1,23.69,5.19
Equatorial Guinea,2013,2,23.89,4.2
Equatorial Guinea,2013,3,23.72,5.72
Equatorial Guinea,2013,4,23.3,5.31
Equatorial Guinea,2013,5,23.31,4.31
Equatorial Guinea,2013,6,22.6,0.6
Equatorial Guinea,2013,7,21.85,0.88
Equatorial Guinea,2013,8,21.73,0.57
Equatorial Guinea,2013,9,22.55,1.83
Equatorial Guinea,2013,10,22.29,10.19
Equatorial Guinea,2013,11,22.83,12.19
Equatorial Guinea,2013,12,22.86,5.07
Equatorial Guinea,2013,13,22.88,4.67
Equatorial Guinea,2014,1,23.45,4.28
Equatorial Guinea,2014,2,23.64,3.77
Equatorial Guinea,2014,3,23.42,5.74
Equatorial Guinea,2014,4,23.34,6.23
Equatorial Guinea,2014,5,23.38,6.28
Equatorial Guinea,2014,6,23.13,1.63
Equatorial Guinea,2014,7,22.06,0.61
Equatorial Guinea,2014,8,22.05,1.3
Equatorial Guinea,2014,9,22.15,2.67
Equatorial Guinea,2014,10,22.59,15.78
Equatorial Guinea,2014,11,22.92,15.3
Equatorial Guinea,2014,12,23.28,5.47
Equatorial Guinea,2014,13,22.95,5.76
Equatorial Guinea,2015,1,23.14,1.79
Equatorial Guinea,2015,2,23.56,5.09
Equatorial Guinea,2015,3,23.65,6.3
Equatorial Guinea,2015,4,23.32,13.91
Equatorial Guinea,2015,5,23.47,6.34
Equatorial Guinea,2015,6,22.6,0.96
Equatorial Guinea,2015,7,22.56,0.57
Equatorial Guinea,2015,8,22.34,0.68
Equatorial Guinea,2015,9,22.66,2.09
Equatorial Guinea,2015,10,22.91,9.76
Equatorial Guinea,2015,11,23.06,14.2
Equatorial Guinea,2015,12,23.17,6.59
Equatorial Guinea,2015,13,23.03,5.67
Equatorial Guinea,2016,1,23.9,5.46
Equatorial Guinea,2016,2,24.17,2.96
Equatorial Guinea,2016,3,24.3,10.07
Equatorial Guinea,2016,4,24.05,10.43
Equatorial Guinea,2016,5,23.76,4.01
Equatorial Guinea,2016,6,22.88,1.38
Equatorial Guinea,2016,7,22.65,1.47
Equatorial Guinea,2016,8,22.47,3.12
Equatorial Guinea,2016,9,22.62,4.1
Equatorial Guinea,2016,10,22.95,8.01
Equatorial Guinea,2016,11,23.16,12.18
Equatorial Guinea,2016,12,23.59,4.39
Equatorial Guinea,2016,13,23.37,5.63
Equatorial Guinea,2017,1,23.59,5.83
Equatorial Guinea,2017,2,23.81,4.16
Equatorial Guinea,2017,3,23.89,5.24
Equatorial Guinea,2017,4,23.85,5.04
Equatorial Guinea,2017,5,23.74,3.71
Equatorial Guinea,2017,6,23.23,2.89
Equatorial Guinea,2017,7,22.37,0.32
Equatorial Guinea,2017,8,22.14,0.76
Equatorial Guinea,2017,9,22.62,4.98
Equatorial Guinea,2017,10,22.87,6.87
Equatorial Guinea,2017,11,23.09,11.34
Equatorial Guinea,2017,12,23.53,5.28
Equatorial Guinea,2017,13,23.22,4.69
Equatorial Guinea,2018,1,23.4,2.95
Equatorial Guinea,2018,2,24.03,2.81
Equatorial Guinea,2018,3,23.55,8.38
Equatorial Guinea,2018,4,23.26,8.52
Equatorial Guinea,2018,5,23.31,8.36
Equatorial Guinea,2018,6,22.91,0.76
Equatorial Guinea,2018,7,22.37,0.99
Equatorial Guinea,2018,8,22.25,0.66
Equatorial Guinea,2018,9,22.73,6.99
Equatorial Guinea,2018,10,23.04,5.23
Equatorial Guinea,2018,11,23.48,7.39
Equatorial Guinea,2018,12,23.56,2.46
Equatorial Guinea,2018,13,23.15,4.63
Equatorial Guinea,2019,1,23.74,2.05
Equatorial Guinea,2019,2,24.11,3.56
Equatorial Guinea,2019,3,24.39,3.43
Equatorial Guinea,2019,4,24.54,1.93
Equatorial Guinea,2019,5,24.25,2.85
Equatorial Guinea,2019,6,23.57,0.25
Equatorial Guinea,2019,7,22.92,1.0
Equatorial Guinea,2019,8,22.82,1.34
Equatorial Guinea,2019,9,23.23,2.38
Equatorial Guinea,2019,10,22.55,6.16
Equatorial Guinea,2019,11,23.82,4.31
Equatorial Guinea,2019,12,24.25,1.33
Equatorial Guinea,2019,13,23.68,2.54
Equatorial Guinea,2020,1,25.56,1.06
Equatorial Guinea,2020,2,25.59,2.79
Equatorial Guinea,2020,3,24.2,12.79
Equatorial Guinea,2020,4,24.14,3.83
Equatorial Guinea,2020,5,23.88,7.91
Equatorial Guinea,2020,6,23.46,4.6
Equatorial Guinea,2020,7,22.5,1.52
Equatorial Guinea,2020,8,22.67,1.05
Equatorial Guinea,2020,9,22.71,2.91
Equatorial Guinea,2020,10,22.77,14.53
Equatorial Guinea,2020,11,23.22,9.91
Equatorial Guinea,2020,12,23.61,4.58
Equatorial Guinea,2020,13,23.69,5.64
Equatorial Guinea,2021,1,23.87,4.34
Equatorial Guinea,2021,2,24.0,2.32
Equatorial Guinea,2021,3,23.68,7.52
Equatorial Guinea,2021,4,23.98,3.97
Equatorial Guinea,2021,5,23.4,8.61
Equatorial Guinea,2021,6,23.28,2.84
Equatorial Guinea,2021,7,22.59,0.8
Equatorial Guinea,2021,8,22.7,3.73
Equatorial Guinea,2021,9,22.59,4.66
Equatorial Guinea,2021,10,23.01,8.23
Equatorial Guinea,2021,11,23.42,6.34
Equatorial Guinea,2021,12,23.93,11.38
Equatorial Guinea,2021,13,23.37,5.43
Equatorial Guinea,2022,1,24.02,0.77
Equatorial Guinea,2022,2,24.52,0.69
Equatorial Guinea,2022,3,24.24,3.64
Equatorial Guinea,2022,4,23.61,5.3
Equatorial Guinea,2022,5,23.5,4.44
Equatorial Guinea,2022,6,22.84,7.02
Equatorial Guinea,2022,7,22.34,1.89
Equatorial Guinea,2022,8,22.34,1.58
Equatorial Guinea,2022,9,22.42,5.16
Equatorial Guinea,2022,10,22.76,21.16
Equatorial Guinea,2022,11,23.04,12.32
Equatorial Guinea,2022,12,23.46,4.19
Equatorial Guinea,2022,13,23.25,5.7
Equatorial Guinea,2023,1,23.87,3.2
Equatorial Guinea,2023,2,24.33,2.83
Equatorial Guinea,2023,3,23.52,4.82
Equatorial Guinea,2023,4,23.76,5.15
Equatorial Guinea,2023,5,24.01,4.86
Equatorial Guinea,2023,6,23.38,0.83
Equatorial Guinea,2023,7,23.74,0.4
Equatorial Guinea,2023,8,23.67,1.28
Equatorial Guinea,2023,9,23.75,2.85
Equatorial Guinea,2023,10,23.75,6.9
Equatorial Guinea,2023,11,23.57,9.3
Equatorial Guinea,2023,12,24.23,3.32
Equatorial Guinea,2023,13,23.8,3.81
Equatorial Guinea,2024,1,25.04,1.07
Equatorial Guinea,2024,2,25.53,1.2
Equatorial Guinea,2024,3,25.39,6.47
Equatorial Guinea,2024,4,24.81,7.48
Equatorial Guinea,2024,5,24.49,6.32
Equatorial Guinea,2024,6,24.05,2.22
Equatorial Guinea,2024,7,23.49,0.17
Equatorial Guinea,2024,8,23.72,0.4
Equatorial Guinea,2024,9,23.72,3.69
Equatorial Guinea,2024,10,23.12,6.63
Equatorial Guinea,2024,11,23.68,6.0
Equatorial Guinea,2024,12,24.1,2.5
Equatorial Guinea,2024,13,24.26,3.68
Niger,2005,1,16.74,0.0
Niger,2005,2,25.3,0.0
Niger,2005,3,27.13,0.0
Niger,2005,4,30.17,0.0
Niger,2005,5,31.59,0.46
Niger,2005,6,32.98,0.78
Niger,2005,7,32.42,0.71
Niger,2005,8,31.52,1.11
Niger,2005,9,31.04,0.51
Niger,2005,10,27.82,0.08
Niger,2005,11,22.65,0.0
Niger,2005,12,19.94,0.0
Niger,2005,13,27.44,0.31
Niger,2006,1,21.05,0.0
Niger,2006,2,24.03,0.0
Niger,2006,3,25.64,0.0
Niger,2006,4,27.97,0.0
Niger,2006,5,32.94,0.0
Niger,2006,6,33.55,0.01
Niger,2006,7,33.15,0.34
Niger,2006,8,31.4,1.93
Niger,2006,9,30.96,1.12
Niger,2006,10,28.97,0.04
Niger,2006,11,20.83,0.0
Niger,2006,12,16.73,0.0
Niger,2006,13,27.28,0.29
Niger,2007,1,16.02,0.0
Niger,2007,2,21.13,0.0
Niger,2007,3,25.14,0.0
Niger,2007,4,31.62,0.0
Niger,2007,5,33.45,0.1
Niger,2007,6,33.77,0.24
Niger,2007,7,32.21,1.07
Niger,2007,8,30.12,3.39
Niger,2007,9,28.94,0.71
Niger,2007,10,27.14,0.0
Niger,2007,11,23.27,0.0
Niger,2007,12,18.75,0.0
Niger,2007,13,26.81,0.47
Niger,2008,1,14.81,0.0
Niger,2008,2,17.79,0.0
Niger,2008,3,25.58,0.0
Niger,2008,4,27.93,0.0
Niger,2008,5,32.62,0.01
Niger,2008,6,33.64,0.26
Niger,2008,7,32.37,0.73
Niger,2008,8,30.8,1.59
Niger,2008,9,31.17,0.41
Niger,2008,10,27.58,0.0
Niger,2008,11,22.57,0.0
Niger,2008,12,20.28,0.0
Niger,2008,13,26.45,0.25
Niger,2009,1,20.07,0.0
Niger,2009,2,23.23,0.0
Niger,2009,3,25.44,0.0
Niger,2009,4,31.89,0.0
Niger,2009,5,31.79,0.26
Niger,2009,6,33.26,0.08
Niger,2009,7,32.94,0.83
Niger,2009,8,31.62,2.11
Niger,2009,9,31.27,0.57
Niger,2009,10,29.62,0.05
Niger,2009,11,22.64,0.0
Niger,2009,12,19.65,0.0
Niger,2009,13,27.8,0.33
Niger,2010,1,19.3,0.0
Niger,2010,2,24.19,0.0
Niger,2010,3,25.38,0.0
Niger,2010,4,30.36,0.0
Niger,2010,5,33.81,0.01
Niger,2010,6,34.43,0.25
Niger,2010,7,31.54,2.59
Niger,2010,8,30.21,1.36
Niger,2010,9,30.46,0.73
Niger,2010,10,29.5,0.04
Niger,2010,11,24.79,0.0
Niger,2010,12,18.36,0.0
Niger,2010,13,27.7,0.42
Niger,2011,1,17.14,0.0
Niger,2011,2,23.41,0.02
Niger,2011,3,26.81,0.01
Niger,2011,4,29.01,0.02
Niger,2011,5,32.63,0.17
Niger,2011,6,33.88,0.6
Niger,2011,7,32.71,0.61
Niger,2011,8,31.02,1.74
Niger,2011,9,30.82,0.2
Niger,2011,10,28.04,0.06
Niger,2011,11,21.76,0.0
Niger,2011,12,16.84,0.0
Niger,2011,13,27.01,0.29
Niger,2012,1,16.91,0.0
Niger,2012,2,22.55,0.0
Niger,2012,3,23.05,0.0
Niger,2012,4,31.4,0.0
Niger,2012,5,32.82,0.21
Niger,2012,6,33.15,0.35
Niger,2012,7,31.0,2.05
Niger,2012,8,29.84,2.08
Niger,2012,9,30.01,0.86
Niger,2012,10,28.15,0.0
Niger,2012,11,24.27,0.0
Niger,2012,12,18.62,0.0
Niger,2012,13,26.81,0.47
Niger,2013,1,18.53,0.0
Niger,2013,2,21.23,0.0
Niger,2013,3,28.28,0.0
Niger,2013,4,29.43,0.19
Niger,2013,5,32.9,0.0
Niger,2013,6,33.08,0.12
Niger,2013,7,32.43,0.69
Niger,2013,8,29.56,3.43
Niger,2013,9,30.32,0.2
Niger,2013,10,26.69,0.0
Niger,2013,11,23.36,0.0
Niger,2013,12,19.11,0.0
Niger,2013,13,27.1,0.39
Niger,2014,1,19.2,0.0
Niger,2014,2,20.3,0.0
Niger,2014,3,25.66,0.0
Niger,2014,4,30.96,0.07
Niger,2014,5,32.45,0.06
Niger,2014,6,33.93,0.23
Niger,2014,7,33.36,0.33
Niger,2014,8,30.92,1.6
Niger,2014,9,31.15,0.25
Niger,2014,10,27.53,0.05
Niger,2014,11,23.77,0.0
Niger,2014,12,18.02,0.0
Niger,2014,13,27.3,0.22
Niger,2015,1,15.44,0.0
Niger,2015,2,22.41,0.0
Niger,2015,3,24.4,0.01
Niger,2015,4,25.97,0.0
Niger,2015,5,31.68,0.01
Niger,2015,6,34.37,0.01
Niger,2015,7,33.54,0.28
Niger,2015,8,30.65,1.76
Niger,2015,9,31.63,0.34
Niger,2015,10,29.16,0.0
Niger,2015,11,22.05,0.0
Niger,2015,12,14.88,0.0
Niger,2015,13,26.36,0.2
Niger,2016,1,16.53,0.0
Niger,2016,2,19.97,0.0
Niger,2016,3,27.76,0.03
Niger,2016,4,31.92,0.0
Niger,2016,5,33.77,0.03
Niger,2016,6,33.79,1.18
Niger,2016,7,32.29,0.44
Niger,2016,8,31.88,0.47
Niger,2016,9,32.03,0.21
Niger,2016,10,27.84,0.0
Niger,2016,11,23.88,0.0
Niger,2016,12,19.81,0.0
Niger,2016,13,27.63,0.2
Niger,2017,1,18.6,0.0
Niger,2017,2,19.59,0.0
Niger,2017,3,24.99,0.0
Niger,2017,4,28.85,0.0
Niger,2017,5,33.05,0.1
Niger,2017,6,33.88,0.18
Niger,2017,7,33.12,0.12
Niger,2017,8,31.77,1.19
Niger,2017,9,31.15,0.19
Niger,2017,10,26.68,0.0
Niger,2017,11,22.14,0.0
Niger,2017,12,18.98,0.0
Niger,2017,13,26.94,0.15
Niger,2018,1,15.97,0.0
Niger,2018,2,22.7,0.0
Niger,2018,3,26.5,0.0
Niger,2018,4,30.29,0.0
Niger,2018,5,34.19,0.01
Niger,2018,6,34.04,0.11
Niger,2018,7,32.42,1.05
Niger,2018,8,30.1,0.98
Niger,2018,9,30.92,0.08
Niger,2018,10,29.91,0.3
Niger,2018,11,23.13,0.0
Niger,2018,12,17.19,0.0
Niger,2018,13,27.29,0.21
Niger,2019,1,17.14,0.0
Niger,2019,2,18.45,0.0
Niger,2019,3,25.69,0.0
Niger,2019,4,29.81,0.01
Niger,2019,5,33.49,0.01
Niger,2019,6,34.08,0.07
Niger,2019,7,33.2,0.38
Niger,2019,8,30.36,1.21
Niger,2019,9,31.34,0.02
Niger,2019,10,28.77,0.73
Niger,2019,11,25.32,0.0
Niger,2019,12,18.09,0.0
Niger,2019,13,27.18,0.21
Niger,2020,1,16.57,0.0
Niger,2020,2,18.94,0.0
Niger,2020,3,26.1,0.0
Niger,2020,4,31.14,0.0
Niger,2020,5,31.81,0.35
Niger,2020,6,33.65,0.35
Niger,2020,7,32.47,0.48
Niger,2020,8,30.27,1.97
Niger,2020,9,30.09,0.17
Niger,2020,10,28.08,0.0
Niger,2020,11,21.57,0.0
Niger,2020,12,21.35,0.0
Niger,2020,13,26.85,0.28
Niger,2021,1,19.9,0.0
Niger,2021,2,19.33,0.0
Niger,2021,3,26.01,0.0
Niger,2021,4,29.11,0.0
Niger,2021,5,32.23,0.0
Niger,2021,6,33.56,0.0
Niger,2021,7,32.62,0.93
Niger,2021,8,31.34,0.86
Niger,2021,9,31.02,0.07
Niger,2021,10,28.21,0.08
Niger,2021,11,25.07,0.0
Niger,2021,12,18.3,0.0
Niger,2021,13,27.26,0.16
Niger,2022,1,15.69,0.0
Niger,2022,2,18.37,0.0
Niger,2022,3,25.22,0.0
Niger,2022,4,31.08,0.02
Niger,2022,5,32.45,0.05
Niger,2022,6,33.05,0.16
Niger,2022,7,32.36,0.5
Niger,2022,8,30.58,1.5
Niger,2022,9,31.09,0.23
Niger,2022,10,27.08,0.0
Niger,2022,11,21.44,0.0
Niger,2022,12,18.94,0.0
Niger,2022,13,26.48,0.21
Niger,2023,1,18.22,0.0
Niger,2023,2,20.87,0.0
Niger,2023,3,26.35,0.0
Niger,2023,4,30.01,0.0
Niger,2023,5,33.29,0.0
Niger,2023,6,34.04,0.18
Niger,2023,7,34.06,0.01
Niger,2023,8,32.15,1.19
Niger,2023,9,32.42,0.12
Niger,2023,10,28.38,0.04
Niger,2023,11,24.73,0.01
Niger,2023,12,18.03,0.0
Niger,2023,13,27.74,0.13
Niger,2024,1,17.53,0.0
Niger,2024,2,19.99,0.0
Niger,2024,3,27.41,0.0
Niger,2024,4,32.0,0.02
Niger,2024,5,34.4,0.07
Niger,2024,6,35.32,0.01
Niger,2024,7,32.4,0.63
Niger,2024,8,29.5,3.3
Niger,2024,9,29.41,0.88
Niger,2024,10,27.6,0.07
Niger,2024,11,20.3,0.0
Niger,2024,12,17.03,0.0
Niger,2024,13,26.92,0.42
Nigeria,2005,1,25.53,0.0
Nigeria,2005,2,29.47,0.01
Nigeria,2005,3,29.62,0.42
Nigeria,2005,4,28.66,2.16
Nigeria,2005,5,26.59,2.22
Nigeria,2005,6,25.34,4.12
Nigeria,2005,7,24.31,2.56
Nigeria,2005,8,23.94,4.57
Nigeria,2005,9,24.05,8.66
Nigeria,2005,10,24.45,2.29
Nigeria,2005,11,25.05,0.05
Nigeria,2005,12,26.09,0.0
Nigeria,2005,13,26.07,2.26
Nigeria,2006,1,27.45,0.04
Nigeria,2006,2,28.47,0.18
Nigeria,2006,3,29.16,0.06
Nigeria,2006,4,28.88,1.44
Nigeria,2006,5,25.88,3.28
Nigeria,2006,6,25.75,2.0
Nigeria,2006,7,24.89,3.76
Nigeria,2006,8,23.26,14.53
Nigeria,2006,9,23.24,5.99
Nigeria,2006,10,24.47,1.29
Nigeria,2006,11,22.65,0.04
Nigeria,2006,12,22.84,0.0
Nigeria,2006,13,25.56,2.74
Nigeria,2007,1,23.93,0.0
Nigeria,2007,2,27.3,0.15
Nigeria,2007,3,29.03,0.36
Nigeria,2007,4,27.77,2.7
Nigeria,2007,5,26.43,3.9
Nigeria,2007,6,24.1,8.96
Nigeria,2007,7,22.93,8.76
Nigeria,2007,8,22.36,14.98
Nigeria,2007,9,23.28,9.1
Nigeria,2007,10,23.82,4.34
Nigeria,2007,11,23.42,0.28
Nigeria,2007,12,21.87,0.02
Nigeria,2007,13,24.67,4.49
Nigeria,2008,1,22.43,0.04
Nigeria,2008,2,25.24,0.0
Nigeria,2008,3,28.15,0.4
Nigeria,2008,4,27.47,1.78
Nigeria,2008,5,26.42,3.4
Nigeria,2008,6,24.8,4.21
Nigeria,2008,7,23.15,7.88
Nigeria,2008,8,22.64,12.25
Nigeria,2008,9,23.41,6.53
Nigeria,2008,10,23.8,3.44
Nigeria,2008,11,23.03,0.0
Nigeria,2008,12,23.82,0.04
Nigeria,2008,13,24.52,3.35
Nigeria,2009,1,25.75,0.06
Nigeria,2009,2,27.78,0.0
Nigeria,2009,3,29.11,0.11
Nigeria,2009,4,27.04,3.59
Nigeria,2009,5,25.43,5.16
Nigeria,2009,6,24.2,4.72
Nigeria,2009,7,23.7,5.06
Nigeria,2009,8,23.24,8.0
Nigeria,2009,9,23.62,4.13
Nigeria,2009,10,23.88,2.66
Nigeria,2009,11,24.09,0.5
Nigeria,2009,12,24.3,0.0
Nigeria,2009,13,25.16,2.85
Nigeria,2010,1,26.2,0.08
Nigeria,2010,2,28.61,0.06
Nigeria,2010,3,28.61,0.26
Nigeria,2010,4,28.06,1.61
Nigeria,2010,5,25.8,6.45
Nigeria,2010,6,24.73,5.1
Nigeria,2010,7,22.88,9.7
Nigeria,2010,8,22.72,9.73
Nigeria,2010,9,22.99,6.74
Nigeria,2010,10,23.8,3.45
Nigeria,2010,11,23.73,0.36
Nigeria,2010,12,21.95,0.01
Nigeria,2010,13,24.98,3.66
Nigeria,2011,1,23.23,0.0
Nigeria,2011,2,27.14,0.08
Nigeria,2011,3,28.65,0.02
Nigeria,2011,4,28.48,0.47
Nigeria,2011,5,25.59,5.79
Nigeria,2011,6,24.39,4.07
Nigeria,2011,7,23.78,4.45
Nigeria,2011,8,23.09,8.36
Nigeria,2011,9,23.09,6.31
Nigeria,2011,10,23.8,3.25
Nigeria,2011,11,23.44,0.03
Nigeria,2011,12,23.2,0.0
Nigeria,2011,13,24.8,2.76
Nigeria,2012,1,25.08,0.0
Nigeria,2012,2,28.2,0.02
Nigeria,2012,3,28.99,0.0
Nigeria,2012,4,27.7,1.8
Nigeria,2012,5,25.49,4.43
Nigeria,2012,6,23.73,7.48
Nigeria,2012,7,22.78,9.44
Nigeria,2012,8,22.5,10.66
Nigeria,2012,9,22.89,10.62
Nigeria,2012,10,23.92,5.53
Nigeria,2012,11,23.61,0.14
Nigeria,2012,12,22.03,0.01
Nigeria,2012,13,24.73,4.19
Nigeria,2013,1,24.12,0.3
Nigeria,2013,2,26.7,0.24
Nigeria,2013,3,27.71,1.02
Nigeria,2013,4,27.25,1.65
Nigeria,2013,5,26.04,2.36
Nigeria,2013,6,24.94,3.11
Nigeria,2013,7,23.96,4.25
Nigeria,2013,8,22.79,4.16
Nigeria,2013,9,24.03,2.58
Nigeria,2013,10,25.13,2.36
Nigeria,2013,11,26.7,0.31
Nigeria,2013,12,25.95,0.05
Nigeria,2013,13,25.43,1.88
Nigeria,2014,1,26.85,0.09
Nigeria,2014,2,28.36,0.02
Nigeria,2014,3,28.49,0.65
Nigeria,2014,4,27.22,4.06
Nigeria,2014,5,26.16,4.63
Nigeria,2014,6,24.75,4.05
Nigeria,2014,7,23.73,4.22
Nigeria,2014,8,22.77,8.25
Nigeria,2014,9,23.28,5.42
Nigeria,2014,10,24.25,1.8
Nigeria,2014,11,25.05,0.1
Nigeria,2014,12,25.01,0.0
Nigeria,2014,13,25.47,2.79
Nigeria,2015,1,24.25,0.0
Nigeria,2015,2,28.82,0.15
Nigeria,2015,3,28.71,0.36
Nigeria,2015,4,29.01,0.39
Nigeria,2015,5,28.83,0.8
Nigeria,2015,6,25.95,2.51
Nigeria,2015,7,24.01,7.28
Nigeria,2015,8,23.18,10.09
Nigeria,2015,9,23.62,6.89
Nigeria,2015,10,24.54,2.7
Nigeria,2015,11,23.94,0.12
Nigeria,2015,12,22.27,0.0
Nigeria,2015,13,25.57,2.63
Nigeria,2016,1,24.75,0.0
Nigeria,2016,2,27.83,0.0
Nigeria,2016,3,29.74,1.18
Nigeria,2016,4,28.0,3.87
Nigeria,2016,5,26.13,6.03
Nigeria,2016,6,24.24,6.45
Nigeria,2016,7,23.29,10.71
Nigeria,2016,8,23.16,9.19
Nigeria,2016,9,23.44,10.61
Nigeria,2016,10,24.07,3.39
Nigeria,2016,11,23.51,0.0
Nigeria,2016,12,23.24,0.0
Nigeria,2016,13,25.11,4.3
Nigeria,2017,1,25.14,0.0
Nigeria,2017,2,26.69,0.01
Nigeria,2017,3,29.11,0.02
Nigeria,2017,4,28.59,1.82
Nigeria,2017,5,25.8,6.2
Nigeria,2017,6,24.65,7.83
Nigeria,2017,7,23.47,9.58
Nigeria,2017,8,23.07,9.46
Nigeria,2017,9,23.58,3.59
Nigeria,2017,10,24.23,1.63
Nigeria,2017,11,24.02,0.0
Nigeria,2017,12,24.78,0.0
Nigeria,2017,13,25.25,3.37
Nigeria,2018,1,23.9,0.0
Nigeria,2018,2,27.99,2.55
Nigeria,2018,3,28.82,0.01
Nigeria,2018,4,28.87,0.36
Nigeria,2018,5,25.93,5.43
Nigeria,2018,6,24.49,7.88
Nigeria,2018,7,23.49,7.84
Nigeria,2018,8,22.97,6.77
Nigeria,2018,9,23.5,4.46
Nigeria,2018,10,24.22,2.1
Nigeria,2018,11,24.74,0.08
Nigeria,2018,12,24.54,0.0
Nigeria,2018,13,25.26,3.13
Nigeria,2019,1,26.54,0.0
Nigeria,2019,2,27.68,0.03
Nigeria,2019,3,30.02,0.96
Nigeria,2019,4,30.03,0.36
Nigeria,2019,5,26.81,3.44
Nigeria,2019,6,25.79,3.35
Nigeria,2019,7,23.89,6.48
Nigeria,2019,8,22.67,11.24
Nigeria,2019,9,23.72,4.06
Nigeria,2019,10,23.23,9.49
Nigeria,2019,11,23.89,2.35
Nigeria,2019,12,21.65,0.0
Nigeria,2019,13,25.47,3.52
Nigeria,2020,1,23.26,0.0
Nigeria,2020,2,26.47,0.0
Nigeria,2020,3,28.48,3.75
Nigeria,2020,4,25.65,25.79
Nigeria,2020,5,25.05,7.15
Nigeria,2020,6,24.07,6.96
Nigeria,2020,7,22.76,15.87
Nigeria,2020,8,22.39,7.2
Nigeria,2020,9,22.98,8.69
Nigeria,2020,10,23.5,1.61
Nigeria,2020,11,23.03,0.56
Nigeria,2020,12,24.51,0.0
Nigeria,2020,13,24.34,6.46
Nigeria,2021,1,25.51,0.0
Nigeria,2021,2,27.08,0.0
Nigeria,2021,3,27.52,4.03
Nigeria,2021,4,27.56,2.15
Nigeria,2021,5,26.59,12.92
Nigeria,2021,6,24.39,20.99
Nigeria,2021,7,22.82,19.91
Nigeria,2021,8,22.81,15.28
Nigeria,2021,9,23.6,16.44
Nigeria,2021,10,24.12,6.35
Nigeria,2021,11,23.02,6.62
Nigeria,2021,12,21.25,2.81
Nigeria,2021,13,24.67,9.0
Nigeria,2022,1,22.06,0.22
Nigeria,2022,2,24.91,0.0
Nigeria,2022,3,27.42,3.65
Nigeria,2022,4,25.64,34.34
Nigeria,2022,5,24.61,26.59
Nigeria,2022,6,23.59,17.97
Nigeria,2022,7,23.04,5.84
Nigeria,2022,8,22.52,10.67
Nigeria,2022,9,23.0,8.24
Nigeria,2022,10,23.06,2.84
Nigeria,2022,11,22.63,0.0
Nigeria,2022,12,22.23,0.0
Nigeria,2022,13,23.72,9.21
Nigeria,2023,1,24.57,0.0
Nigeria,2023,2,27.16,0.0
Nigeria,2023,3,26.56,16.29
Nigeria,2023,4,26.75,6.17
Nigeria,2023,5,26.23,17.33
Nigeria,2023,6,24.44,5.9
Nigeria,2023,7,24.61,2.95
Nigeria,2023,8,24.08,4.44
Nigeria,2023,9,24.56,3.57
Nigeria,2023,10,25.27,3.61
Nigeria,2023,11,25.44,0.26
Nigeria,2023,12,25.17,0.0
Nigeria,2023,13,25.39,5.1
Nigeria,2024,1,25.56,0.0
Nigeria,2024,2,28.62,0.06
Nigeria,2024,3,29.2,8.96
Nigeria,2024,4,28.56,5.13
Nigeria,2024,5,26.98,2.81
Nigeria,2024,6,25.79,3.3
Nigeria,2024,7,24.05,22.21
Nigeria,2024,8,23.05,4.94
Nigeria,2024,9,23.89,3.76
Nigeria,2024,10,23.99,2.16
Nigeria,2024,11,22.75,0.0
Nigeria,2024,12,23.8,0.0
Nigeria,2024,13,25.51,4.48
Togo,2005,1,22.73,0.05
Togo,2005,2,27.29,0.75
Togo,2005,3,27.26,1.63
Togo,2005,4,26.95,3.16
Togo,2005,5,26.08,3.64
Togo,2005,6,25.06,4.99
Togo,2005,7,24.19,7.09
Togo,2005,8,24.15,6.75
Togo,2005,9,24.96,6.32
Togo,2005,10,25.07,3.39
Togo,2005,11,25.74,0.2
Togo,2005,12,25.77,0.07
Togo,2005,13,25.42,3.18
Togo,2006,1,26.72,0.91
Togo,2006,2,28.18,0.3
Togo,2006,3,27.66,1.11
Togo,2006,4,28.39,1.99
Togo,2006,5,26.1,4.84
Togo,2006,6,25.49,4.47
Togo,2006,7,24.7,5.77
Togo,2006,8,23.76,7.8
Togo,2006,9,24.26,8.94
Togo,2006,10,25.44,3.85
Togo,2006,11,24.66,0.17
Togo,2006,12,24.1,0.02
Togo,2006,13,25.77,3.37
Togo,2007,1,23.1,0.0
Togo,2007,2,27.44,0.53
Togo,2007,3,27.93,0.77
Togo,2007,4,26.56,4.91
Togo,2007,5,26.13,6.93
Togo,2007,6,24.99,4.58
Togo,2007,7,23.98,9.62
Togo,2007,8,23.77,8.67
Togo,2007,9,24.48,10.3
Togo,2007,10,24.82,2.65
Togo,2007,11,25.35,0.48
Togo,2007,12,23.74,0.54
Togo,2007,13,25.17,4.18
Togo,2008,1,22.01,0.06
Togo,2008,2,24.58,0.21
Togo,2008,3,26.97,1.35
Togo,2008,4,27.64,1.78
Togo,2008,5,26.29,3.34
Togo,2008,6,25.23,7.25
Togo,2008,7,24.15,10.35
Togo,2008,8,23.76,6.11
Togo,2008,9,24.32,8.86
Togo,2008,10,25.12,3.23
Togo,2008,11,25.12,0.1
Togo,2008,12,24.86,0.94
Togo,2008,13,25.0,3.64
Togo,2009,1,24.73,1.01
Togo,2009,2,26.85,0.64
Togo,2009,3,27.63,1.94
Togo,2009,4,26.34,5.8
Togo,2009,5,26.01,3.75
Togo,2009,6,25.17,6.11
Togo,2009,7,24.41,9.52
Togo,2009,8,24.25,7.57
Togo,2009,9,24.66,8.38
Togo,2009,10,25.08,4.52
Togo,2009,11,24.73,0.84
Togo,2009,12,24.77,0.04
Togo,2009,13,25.38,4.19
Togo,2010,1,25.6,0.03
Togo,2010,2,26.98,0.61
Togo,2010,3,27.16,1.73
Togo,2010,4,27.54,3.84
Togo,2010,5,26.55,4.4
Togo,2010,6,25.5,4.99
Togo,2010,7,24.16,6.22
Togo,2010,8,24.22,7.99
Togo,2010,9,24.3,12.13
Togo,2010,10,24.76,6.11
Togo,2010,11,25.37,0.62
Togo,2010,12,24.15,0.05
Togo,2010,13,25.51,4.07
Togo,2011,1,23.83,0.03
Togo,2011,2,26.01,1.22
Togo,2011,3,26.53,2.25
Togo,2011,4,26.51,2.09
Togo,2011,5,25.96,4.74
Togo,2011,6,25.15,5.0
Togo,2011,7,24.28,7.34
Togo,2011,8,24.01,7.38
Togo,2011,9,24.65,8.96
Togo,2011,10,24.89,5.45
Togo,2011,11,25.18,0.05
Togo,2011,12,23.42,0.0
Togo,2011,13,25.02,3.73
Togo,2012,1,23.94,0.18
Togo,2012,2,26.11,1.77
Togo,2012,3,27.02,0.65
Togo,2012,4,26.35,3.5
Togo,2012,5,25.75,6.5
Togo,2012,6,24.61,7.59
Togo,2012,7,23.88,7.17
Togo,2012,8,23.93,6.15
Togo,2012,9,24.26,8.18
Togo,2012,10,25.03,4.85
Togo,2012,11,25.58,0.56
Togo,2012,12,24.02,0.1
Togo,2012,13,25.03,3.93
Togo,2013,1,24.86,0.21
Togo,2013,2,26.32,0.54
Togo,2013,3,27.01,2.78
Togo,2013,4,26.54,5.39
Togo,2013,5,26.15,4.36
Togo,2013,6,25.08,5.3
Togo,2013,7,24.42,4.41
Togo,2013,8,24.43,4.24
Togo,2013,9,24.77,6.33
Togo,2013,10,25.35,3.96
Togo,2013,11,26.26,0.59
Togo,2013,12,26.17,0.14
Togo,2013,13,25.61,3.2
Togo,2014,1,27.34,1.29
Togo,2014,2,27.96,0.37
Togo,2014,3,27.9,2.16
Togo,2014,4,26.97,3.7
Togo,2014,5,26.59,4.71
Togo,2014,6,25.82,4.63
Togo,2014,7,25.28,4.6
Togo,2014,8,23.97,8.51
Togo,2014,9,24.42,9.16
Togo,2014,10,25.17,4.81
Togo,2014,11,25.59,0.53
Togo,2014,12,25.13,0.01
Togo,2014,13,26.0,3.73
Togo,2015,1,24.26,0.07
Togo,2015,2,27.85,0.57
Togo,2015,3,27.91,2.93
Togo,2015,4,27.38,1.65
Togo,2015,5,26.88,3.3
Togo,2015,6,25.78,3.86
Togo,2015,7,25.33,5.13
Togo,2015,8,24.73,7.83
Togo,2015,9,25.02,7.41
Togo,2015,10,25.68,4.85
Togo,2015,11,26.05,0.23
Togo,2015,12,23.36,0.0
Togo,2015,13,25.83,3.17
Togo,2016,1,25.22,0.0
Togo,2016,2,28.13,0.29
Togo,2016,3,29.02,2.43
Togo,2016,4,27.51,5.7
Togo,2016,5,26.6,4.58
Togo,2016,6,25.35,6.84
Togo,2016,7,24.39,9.79
Togo,2016,8,24.53,8.34
Togo,2016,9,24.66,9.05
Togo,2016,10,25.61,3.04
Togo,2016,11,25.88,0.08
Togo,2016,12,25.01,0.24
Togo,2016,13,25.98,4.21
Togo,2017,1,25.49,0.11
Togo,2017,2,26.51,0.42
Togo,2017,3,28.65,1.31
Togo,2017,4,27.09,4.13
Togo,2017,5,26.74,4.33
Togo,2017,6,25.27,9.78
Togo,2017,7,24.49,8.51
Togo,2017,8,24.24,8.4
Togo,2017,9,24.84,5.97
Togo,2017,10,25.39,2.2
Togo,2017,11,25.15,0.62
Togo,2017,12,24.41,0.06
Togo,2017,13,25.68,3.83
Togo,2018,1,23.57,0.0
Togo,2018,2,27.15,1.06
Togo,2018,3,26.92,2.4
Togo,2018,4,26.5,3.96
Togo,2018,5,25.79,3.75
Togo,2018,6,25.19,6.57
Togo,2018,7,24.3,9.65
Togo,2018,8,23.97,9.96
Togo,2018,9,24.26,9.44
Togo,2018,10,25.28,4.18
Togo,2018,11,25.73,0.23
Togo,2018,12,23.5,0.0
Togo,2018,13,25.16,4.28
Togo,2019,1,25.03,0.12
Togo,2019,2,26.18,0.16
Togo,2019,3,27.13,2.32
Togo,2019,4,27.3,2.9
Togo,2019,5,26.28,4.52
Togo,2019,6,25.51,7.07
Togo,2019,7,24.69,10.22
Togo,2019,8,24.25,5.42
Togo,2019,9,24.95,8.57
Togo,2019,10,24.42,8.03
Togo,2019,11,25.91,0.77
Togo,2019,12,24.29,0.04
Togo,2019,13,25.48,4.2
Togo,2020,1,23.75,0.0
Togo,2020,2,25.29,0.32
Togo,2020,3,27.25,2.88
Togo,2020,4,26.78,4.63
Togo,2020,5,26.36,6.55
Togo,2020,6,25.21,6.91
Togo,2020,7,24.11,9.47
Togo,2020,8,23.95,2.85
Togo,2020,9,24.44,7.1
Togo,2020,10,25.04,12.1
Togo,2020,11,24.95,0.06
Togo,2020,12,25.46,0.03
Togo,2020,13,25.21,4.43
Togo,2021,1,25.36,0.05
Togo,2021,2,26.62,0.03
Togo,2021,3,26.58,3.07
Togo,2021,4,26.93,3.0
Togo,2021,5,26.53,3.93
Togo,2021,6,25.47,5.68
Togo,2021,7,24.32,8.14
Togo,2021,8,24.25,10.54
Togo,2021,9,24.75,7.87
Togo,2021,10,25.7,4.14
Togo,2021,11,25.89,0.98
Togo,2021,12,24.64,0.19
Togo,2021,13,25.58,4.0
Togo,2022,1,24.27,0.69
Togo,2022,2,26.65,0.35
Togo,2022,3,27.17,2.52
Togo,2022,4,26.09,6.61
Togo,2022,5,25.92,4.77
Togo,2022,6,24.94,7.82
Togo,2022,7,24.24,7.37
Togo,2022,8,23.88,12.79
Togo,2022,9,24.28,9.73
Togo,2022,10,25.01,7.39
Togo,2022,11,24.68,0.29
Togo,2022,12,23.1,0.02
Togo,2022,13,25.01,5.06
Togo,2023,1,24.21,0.03
Togo,2023,2,26.09,0.4
Togo,2023,3,26.97,1.57
Togo,2023,4,26.92,2.79
Togo,2023,5,26.81,4.39
Togo,2023,6,25.45,7.76
Togo,2023,7,25.07,10.05
Togo,2023,8,24.76,8.2
Togo,2023,9,25.22,9.65
Togo,2023,10,25.65,6.85
Togo,2023,11,25.91,0.99
Togo,2023,12,24.16,0.0
Togo,2023,13,25.59,4.41
Togo,2024,1,24.85,0.0
Togo,2024,2,26.59,0.18
Togo,2024,3,28.14,1.87
Togo,2024,4,27.75,3.62
Togo,2024,5,27.21,4.56
Togo,2024,6,26.01,5.64
Togo,2024,7,24.87,6.43
Togo,2024,8,24.85,5.01
Togo,2024,9,25.2,11.97
Togo,2024,10,25.49,8.48
Togo,2024,11,24.17,0.01
Togo,2024,12,23.26,0.0
Togo,2024,13,25.69,3.99
Djibouti,2005,1,22.06,1.2
Djibouti,2005,2,23.23,0.0
Djibouti,2005,3,25.83,1.12
Djibouti,2005,4,25.85,10.83
Djibouti,2005,5,26.38,2.85
Djibouti,2005,6,30.19,0.08
Djibouti,2005,7,30.95,0.5
Djibouti,2005,8,31.82,1.54
Djibouti,2005,9,31.34,0.85
Djibouti,2005,10,27.24,0.26
Djibouti,2005,11,24.38,0.3
Djibouti,2005,12,22.17,0.0
Djibouti,2005,13,26.8,1.63
Djibouti,2006,1,22.42,0.44
Djibouti,2006,2,23.6,0.18
Djibouti,2006,3,24.78,1.68
Djibouti,2006,4,26.21,2.16
Djibouti,2006,5,30.84,0.43
Djibouti,2006,6,32.88,0.46
Djibouti,2006,7,30.98,2.46
Djibouti,2006,8,28.84,6.58
Djibouti,2006,9,28.8,1.76
Djibouti,2006,10,26.58,0.82
Djibouti,2006,11,24.3,0.24
Djibouti,2006,12,23.23,2.62
Djibouti,2006,13,26.97,1.67
Djibouti,2007,1,21.84,0.63
Djibouti,2007,2,24.34,0.26
Djibouti,2007,3,25.85,0.26
Djibouti,2007,4,26.86,2.43
Djibouti,2007,5,30.28,1.43
Djibouti,2007,6,32.27,0.05
Djibouti,2007,7,29.91,2.09
Djibouti,2007,8,30.15,1.23
Djibouti,2007,9,30.76,1.03
Djibouti,2007,10,26.97,0.56
Djibouti,2007,11,24.44,0.12
Djibouti,2007,12,22.6,0.01
Djibouti,2007,13,27.2,0.85
Djibouti,2008,1,22.66,0.49
Djibouti,2008,2,21.79,0.58
Djibouti,2008,3,23.48,0.09
Djibouti,2008,4,26.83,0.86
Djibouti,2008,5,30.83,0.44
Djibouti,2008,6,32.69,0.18
Djibouti,2008,7,31.19,3.0
Djibouti,2008,8,30.74,2.04
Djibouti,2008,9,29.89,1.31
Djibouti,2008,10,27.77,0.2
Djibouti,2008,11,23.73,0.64
Djibouti,2008,12,22.04,0.0
Djibouti,2008,13,26.98,0.82
Djibouti,2009,1,21.84,0.4
Djibouti,2009,2,23.1,0.48
Djibouti,2009,3,25.31,0.17
Djibouti,2009,4,26.59,2.35
Djibouti,2009,5,30.5,0.08
Djibouti,2009,6,32.62,1.25
Djibouti,2009,7,31.44,1.62
Djibouti,2009,8,31.94,1.53
Djibouti,2009,9,30.95,0.62
Djibouti,2009,10,27.08,0.66
Djibouti,2009,11,24.68,0.08
Djibouti,2009,12,23.75,0.25
Djibouti,2009,13,27.51,0.79
Djibouti,2010,1,22.17,0.0
Djibouti,2010,2,23.2,1.89
Djibouti,2010,3,25.17,1.39
Djibouti,2010,4,27.57,1.58
Djibouti,2010,5,30.57,1.29
Djibouti,2010,6,33.29,1.38
Djibouti,2010,7,29.34,3.34
Djibouti,2010,8,28.91,3.72
Djibouti,2010,9,28.63,2.21
Djibouti,2010,10,28.02,0.18
Djibouti,2010,11,24.18,0.05
Djibouti,2010,12,21.91,0.03
Djibouti,2010,13,26.93,1.42
Djibouti,2011,1,22.11,0.06
Djibouti,2011,2,23.58,0.07
Djibouti,2011,3,24.2,0.76
Djibouti,2011,4,27.5,0.82
Djibouti,2011,5,30.03,1.23
Djibouti,2011,6,32.87,0.01
Djibouti,2011,7,32.86,0.32
Djibouti,2011,8,32.07,0.96
Djibouti,2011,9,31.82,0.58
Djibouti,2011,10,27.06,0.53
Djibouti,2011,11,25.81,0.27
Djibouti,2011,12,22.71,0.01
Djibouti,2011,13,27.73,0.47
Djibouti,2012,1,23.19,0.1
Djibouti,2012,2,22.77,0.0
Djibouti,2012,3,24.45,0.02
Djibouti,2012,4,26.98,1.15
Djibouti,2012,5,29.39,0.66
Djibouti,2012,6,33.43,0.01
Djibouti,2012,7,32.03,1.19
Djibouti,2012,8,30.83,1.61
Djibouti,2012,9,30.95,1.2
Djibouti,2012,10,26.32,0.19
Djibouti,2012,11,24.59,0.02
Djibouti,2012,12,23.53,0.19
Djibouti,2012,13,27.38,0.53
Djibouti,2013,1,22.86,0.21
Djibouti,2013,2,23.0,0.0
Djibouti,2013,3,24.58,2.92
Djibouti,2013,4,27.12,1.49
Djibouti,2013,5,30.14,1.26
Djibouti,2013,6,33.35,0.02
Djibouti,2013,7,31.27,3.04
Djibouti,2013,8,28.8,2.58
Djibouti,2013,9,30.51,1.07
Djibouti,2013,10,27.03,2.24
Djibouti,2013,11,24.64,0.24
Djibouti,2013,12,22.49,0.11
Djibouti,2013,13,27.16,1.28
Djibouti,2014,1,22.08,0.07
Djibouti,2014,2,23.18,0.06
Djibouti,2014,3,24.92,0.82
Djibouti,2014,4,27.28,1.05
Djibouti,2014,5,29.67,1.53
Djibouti,2014,6,32.68,0.09
Djibouti,2014,7,32.44,1.38
Djibouti,2014,8,31.09,1.13
Djibouti,2014,9,29.69,3.19
Djibouti,2014,10,26.4,1.41
Djibouti,2014,11,24.98,0.17
Djibouti,2014,12,22.63,0.5
Djibouti,2014,13,27.27,0.96
Djibouti,2015,1,22.19,0.33
Djibouti,2015,2,23.25,0.03
Djibouti,2015,3,25.02,0.34
Djibouti,2015,4,27.64,0.0
Djibouti,2015,5,30.06,1.16
Djibouti,2015,6,32.39,0.5
Djibouti,2015,7,33.86,0.03
Djibouti,2015,8,32.52,1.12
Djibouti,2015,9,32.27,0.42
Djibouti,2015,10,28.01,0.15
Djibouti,2015,11,25.26,1.09
Djibouti,2015,12,23.26,1.56
Djibouti,2015,13,28.0,0.57
Djibouti,2016,1,22.94,0.29
Djibouti,2016,2,22.95,0.53
Djibouti,2016,3,26.43,0.6
Djibouti,2016,4,26.97,2.34
Djibouti,2016,5,31.48,0.65
Djibouti,2016,6,33.68,0.05
Djibouti,2016,7,31.34,1.89
Djibouti,2016,8,29.75,2.75
Djibouti,2016,9,31.91,0.15
Djibouti,2016,10,27.69,0.46
Djibouti,2016,11,24.36,0.15
Djibouti,2016,12,23.22,0.02
Djibouti,2016,13,27.74,0.83
Djibouti,2017,1,22.4,0.01
Djibouti,2017,2,23.45,0.43
Djibouti,2017,3,25.59,0.74
Djibouti,2017,4,27.68,0.57
Djibouti,2017,5,29.81,3.37
Djibouti,2017,6,33.02,0.01
Djibouti,2017,7,33.18,1.11
Djibouti,2017,8,32.59,0.74
Djibouti,2017,9,31.04,0.94
Djibouti,2017,10,28.83,0.03
Djibouti,2017,11,24.66,0.41
Djibouti,2017,12,21.56,0.01
Djibouti,2017,13,27.84,0.7
Djibouti,2018,1,22.03,0.11
Djibouti,2018,2,22.76,0.35
Djibouti,2018,3,25.12,0.15
Djibouti,2018,4,27.93,0.74
Djibouti,2018,5,30.97,0.02
Djibouti,2018,6,33.01,0.07
Djibouti,2018,7,32.73,1.12
Djibouti,2018,8,32.31,0.59
Djibouti,2018,9,31.46,0.39
Djibouti,2018,10,27.26,0.75
Djibouti,2018,11,24.27,1.01
Djibouti,2018,12,23.22,0.07
Djibouti,2018,13,27.78,0.45
Djibouti,2019,1,22.49,0.0
Djibouti,2019,2,24.1,0.4
Djibouti,2019,3,26.14,0.38
Djibouti,2019,4,27.96,0.4
Djibouti,2019,5,30.2,0.07
Djibouti,2019,6,32.0,1.45
Djibouti,2019,7,33.34,0.09
Djibouti,2019,8,32.21,0.84
Djibouti,2019,9,31.86,8.54
Djibouti,2019,10,23.8,4.55
Djibouti,2019,11,23.93,0.9
Djibouti,2019,12,23.05,1.81
Djibouti,2019,13,27.6,1.62
Djibouti,2020,1,22.67,0.33
Djibouti,2020,2,23.53,0.15
Djibouti,2020,3,26.02,0.89
Djibouti,2020,4,27.26,1.55
Djibouti,2020,5,30.99,0.53
Djibouti,2020,6,32.65,0.55
Djibouti,2020,7,30.7,1.8
Djibouti,2020,8,30.3,0.53
Djibouti,2020,9,30.88,1.1
Djibouti,2020,10,28.62,0.23
Djibouti,2020,11,24.63,0.32
Djibouti,2020,12,23.34,0.35
Djibouti,2020,13,27.64,0.7
Djibouti,2021,1,21.6,0.85
Djibouti,2021,2,23.15,0.48
Djibouti,2021,3,24.77,0.0
Djibouti,2021,4,26.88,0.91
Djibouti,2021,5,30.47,1.92
Djibouti,2021,6,32.88,0.03
Djibouti,2021,7,29.72,4.66
Djibouti,2021,8,29.53,1.59
Djibouti,2021,9,30.0,1.59
Djibouti,2021,10,28.04,0.63
Djibouti,2021,11,25.3,1.29
Djibouti,2021,12,22.6,1.89
Djibouti,2021,13,27.09,1.33
Djibouti,2022,1,22.88,1.59
Djibouti,2022,2,23.78,0.68
Djibouti,2022,3,25.24,0.36
Djibouti,2022,4,27.64,1.85
Djibouti,2022,5,32.17,0.01
Djibouti,2022,6,33.46,0.31
Djibouti,2022,7,29.85,3.06
Djibouti,2022,8,28.09,3.79
Djibouti,2022,9,30.33,0.77
Djibouti,2022,10,27.71,0.16
Djibouti,2022,11,24.85,0.27
Djibouti,2022,12,23.25,0.89
Djibouti,2022,13,27.45,1.15
Djibouti,2023,1,22.66,0.1
Djibouti,2023,2,23.79,0.48
Djibouti,2023,3,25.16,1.92
Djibouti,2023,4,27.11,2.27
Djibouti,2023,5,29.5,0.99
Djibouti,2023,6,32.84,0.34
Djibouti,2023,7,34.06,0.17
Djibouti,2023,8,32.78,1.21
Djibouti,2023,9,33.67,0.35
Djibouti,2023,10,27.82,1.87
Djibouti,2023,11,25.51,0.83
Djibouti,2023,12,23.93,0.01
Djibouti,2023,13,28.26,0.88
Djibouti,2024,1,23.58,0.79
Djibouti,2024,2,25.35,0.29
Djibouti,2024,3,26.76,0.55
Djibouti,2024,4,28.33,1.44
Djibouti,2024,5,31.45,0.41
Djibouti,2024,6,34.57,0.19
Djibouti,2024,7,32.65,1.15
Djibouti,2024,8,28.54,4.24
Djibouti,2024,9,30.63,1.06
Djibouti,2024,10,28.55,1.7
Djibouti,2024,11,25.14,0.36
Djibouti,2024,12,23.23,0.26
Djibouti,2024,13,28.23,1.04
Eritrea,2005,1,18.96,0.36
Eritrea,2005,2,21.16,0.03
Eritrea,2005,3,22.91,0.07
Eritrea,2005,4,24.53,1.77
Eritrea,2005,5,24.22,0.88
Eritrea,2005,6,26.38,0.22
Eritrea,2005,7,24.19,0.93
Eritrea,2005,8,24.34,1.76
Eritrea,2005,9,24.14,0.92
Eritrea,2005,10,22.47,0.01
Eritrea,2005,11,20.89,0.02
Eritrea,2005,12,19.5,0.01
Eritrea,2005,13,22.81,0.58
Eritrea,2006,1,19.97,0.05
Eritrea,2006,2,21.3,0.21
Eritrea,2006,3,21.42,1.24
Eritrea,2006,4,22.68,3.86
Eritrea,2006,5,24.75,1.35
Eritrea,2006,6,26.42,0.45
Eritrea,2006,7,23.85,3.81
Eritrea,2006,8,22.96,3.23
Eritrea,2006,9,23.39,1.22
Eritrea,2006,10,22.74,0.46
Eritrea,2006,11,20.52,0.05
Eritrea,2006,12,19.39,0.49
Eritrea,2006,13,22.45,1.38
Eritrea,2007,1,19.06,0.31
Eritrea,2007,2,20.82,0.3
Eritrea,2007,3,22.49,0.06
Eritrea,2007,4,24.02,1.07
Eritrea,2007,5,26.17,0.65
Eritrea,2007,6,25.78,1.12
Eritrea,2007,7,22.71,3.67
Eritrea,2007,8,23.55,2.29
Eritrea,2007,9,23.5,0.49
Eritrea,2007,10,22.06,0.15
Eritrea,2007,11,20.28,0.03
Eritrea,2007,12,18.65,0.0
Eritrea,2007,13,22.43,0.85
Eritrea,2008,1,19.48,0.49
Eritrea,2008,2,19.53,0.05
Eritrea,2008,3,22.31,0.01
Eritrea,2008,4,23.7,1.65
Eritrea,2008,5,25.12,0.42
Eritrea,2008,6,26.15,0.34
Eritrea,2008,7,25.15,1.06
Eritrea,2008,8,24.6,1.48
Eritrea,2008,9,24.46,0.99
Eritrea,2008,10,22.11,0.24
Eritrea,2008,11,20.08,0.35
Eritrea,2008,12,18.79,0.0
Eritrea,2008,13,22.63,0.59
Eritrea,2009,1,19.28,0.1
Eritrea,2009,2,21.23,0.14
Eritrea,2009,3,22.24,0.12
Eritrea,2009,4,24.37,0.26
Eritrea,2009,5,25.79,0.02
Eritrea,2009,6,27.07,0.47
Eritrea,2009,7,24.04,2.55
Eritrea,2009,8,24.49,2.75
Eritrea,2009,9,24.7,0.22
Eritrea,2009,10,22.79,0.45
Eritrea,2009,11,21.18,0.07
Eritrea,2009,12,20.45,0.16
Eritrea,2009,13,23.14,0.62
Eritrea,2010,1,19.55,0.05
Eritrea,2010,2,21.5,0.24
Eritrea,2010,3,22.46,0.41
Eritrea,2010,4,25.06,1.23
Eritrea,2010,5,25.94,0.56
Eritrea,2010,6,26.89,0.42
Eritrea,2010,7,23.71,3.17
Eritrea,2010,8,23.22,4.65
Eritrea,2010,9,23.42,0.57
Eritrea,2010,10,22.55,0.03
Eritrea,2010,11,20.86,0.07
Eritrea,2010,12,19.04,0.06
Eritrea,2010,13,22.85,0.97
Eritrea,2011,1,19.22,0.33
Eritrea,2011,2,20.44,0.18
Eritrea,2011,3,20.87,0.72
Eritrea,2011,4,24.42,0.45
Eritrea,2011,5,24.67,1.67
Eritrea,2011,6,26.44,0.1
Eritrea,2011,7,25.25,0.77
Eritrea,2011,8,25.0,0.94
Eritrea,2011,9,24.52,0.24
Eritrea,2011,10,22.36,0.15
Eritrea,2011,11,20.38,0.5
Eritrea,2011,12,18.94,0.01
Eritrea,2011,13,22.71,0.51
Eritrea,2012,1,19.07,0.02
Eritrea,2012,2,20.47,0.0
Eritrea,2012,3,21.54,0.1
Eritrea,2012,4,24.16,0.59
Eritrea,2012,5,26.28,0.08
Eritrea,2012,6,26.57,0.2
Eritrea,2012,7,24.76,1.19
Eritrea,2012,8,24.12,1.14
Eritrea,2012,9,24.66,0.26
Eritrea,2012,10,22.95,0.01
Eritrea,2012,11,21.92,0.12
Eritrea,2012,12,19.97,0.08
Eritrea,2012,13,23.04,0.32
Eritrea,2013,1,20.02,0.21
Eritrea,2013,2,20.62,0.07
Eritrea,2013,3,23.28,0.51
Eritrea,2013,4,24.13,0.34
Eritrea,2013,5,26.55,0.42
Eritrea,2013,6,26.45,0.47
Eritrea,2013,7,24.24,2.11
Eritrea,2013,8,22.76,5.06
Eritrea,2013,9,23.99,0.66
Eritrea,2013,10,21.99,0.67
Eritrea,2013,11,21.19,0.24
Eritrea,2013,12,18.55,0.28
Eritrea,2013,13,22.82,0.93
Eritrea,2014,1,19.81,0.15
Eritrea,2014,2,20.36,0.37
Eritrea,2014,3,22.46,0.55
Eritrea,2014,4,24.28,1.9
Eritrea,2014,5,24.77,1.47
Eritrea,2014,6,26.47,0.37
Eritrea,2014,7,24.66,3.71
Eritrea,2014,8,23.5,3.92
Eritrea,2014,9,23.01,1.81
Eritrea,2014,10,21.28,0.4
Eritrea,2014,11,20.81,0.41
Eritrea,2014,12,18.91,0.02
Eritrea,2014,13,22.53,1.27
Eritrea,2015,1,18.07,0.64
Eritrea,2015,2,20.82,0.05
Eritrea,2015,3,23.12,0.27
Eritrea,2015,4,23.79,0.01
Eritrea,2015,5,26.03,0.13
Eritrea,2015,6,25.76,1.42
Eritrea,2015,7,25.71,1.79
Eritrea,2015,8,24.25,3.14
Eritrea,2015,9,24.96,0.11
Eritrea,2015,10,23.48,0.23
Eritrea,2015,11,21.35,0.6
Eritrea,2015,12,19.12,3.0
Eritrea,2015,13,23.05,0.96
Eritrea,2016,1,18.86,0.74
Eritrea,2016,2,20.37,0.29
Eritrea,2016,3,24.03,1.7
Eritrea,2016,4,24.1,3.12
Eritrea,2016,5,24.75,1.84
Eritrea,2016,6,26.21,0.46
Eritrea,2016,7,23.57,6.39
Eritrea,2016,8,22.61,3.67
Eritrea,2016,9,23.65,0.45
Eritrea,2016,10,22.0,0.43
Eritrea,2016,11,20.21,0.16
Eritrea,2016,12,19.05,0.01
Eritrea,2016,13,22.45,1.62
Eritrea,2017,1,18.69,0.05
Eritrea,2017,2,19.73,2.74
Eritrea,2017,3,22.43,0.23
Eritrea,2017,4,24.33,1.66
Eritrea,2017,5,24.77,1.11
Eritrea,2017,6,26.93,0.35
Eritrea,2017,7,25.45,1.33
Eritrea,2017,8,24.25,2.78
Eritrea,2017,9,24.27,0.3
Eritrea,2017,10,22.61,0.21
Eritrea,2017,11,20.55,0.71
Eritrea,2017,12,17.98,0.0
Eritrea,2017,13,22.68,0.94
Eritrea,2018,1,18.05,1.9
Eritrea,2018,2,20.16,0.99
Eritrea,2018,3,21.82,0.32
Eritrea,2018,4,23.54,1.37
Eritrea,2018,5,25.89,0.06
Eritrea,2018,6,26.43,0.08
Eritrea,2018,7,24.63,1.16
Eritrea,2018,8,24.08,1.76
Eritrea,2018,9,24.31,2.23
Eritrea,2018,10,22.41,0.94
Eritrea,2018,11,21.08,1.77
Eritrea,2018,12,19.67,0.35
Eritrea,2018,13,22.68,1.08
Eritrea,2019,1,19.89,0.1
Eritrea,2019,2,20.4,4.52
Eritrea,2019,3,21.27,1.28
Eritrea,2019,4,23.55,1.9
Eritrea,2019,5,25.74,0.27
Eritrea,2019,6,26.44,0.35
Eritrea,2019,7,26.26,0.04
Eritrea,2019,8,23.76,1.77
Eritrea,2019,9,24.18,2.46
Eritrea,2019,10,21.4,2.1
Eritrea,2019,11,21.45,2.3
Eritrea,2019,12,19.27,1.79
Eritrea,2019,13,22.81,1.55
Eritrea,2020,1,17.84,1.45
Eritrea,2020,2,20.19,0.23
Eritrea,2020,3,22.1,0.15
Eritrea,2020,4,23.77,3.3
Eritrea,2020,5,24.73,1.03
Eritrea,2020,6,26.08,0.32
Eritrea,2020,7,24.24,3.11
Eritrea,2020,8,22.63,4.46
Eritrea,2020,9,23.62,0.69
Eritrea,2020,10,21.81,0.38
Eritrea,2020,11,20.4,0.49
Eritrea,2020,12,19.43,0.08
Eritrea,2020,13,22.23,1.31
Eritrea,2021,1,19.14,0.08
Eritrea,2021,2,19.09,2.31
Eritrea,2021,3,22.02,0.05
Eritrea,2021,4,23.5,1.32
Eritrea,2021,5,24.54,3.9
Eritrea,2021,6,26.3,0.75
Eritrea,2021,7,22.69,7.27
Eritrea,2021,8,22.82,5.15
Eritrea,2021,9,22.76,2.07
Eritrea,2021,10,21.48,0.81
Eritrea,2021,11,20.41,0.01
Eritrea,2021,12,18.93,5.01
Eritrea,2021,13,21.98,2.41
Eritrea,2022,1,18.27,2.6
Eritrea,2022,2,19.51,1.03
Eritrea,2022,3,20.98,0.98
Eritrea,2022,4,24.3,1.1
Eritrea,2022,5,25.98,0.14
Eritrea,2022,6,25.9,2.14
Eritrea,2022,7,22.66,6.57
Eritrea,2022,8,22.01,3.51
Eritrea,2022,9,23.49,0.75
Eritrea,2022,10,21.56,0.89
Eritrea,2022,11,20.63,0.06
Eritrea,2022,12,19.02,0.65
Eritrea,2022,13,22.03,1.71
Eritrea,2023,1,19.45,0.28
Eritrea,2023,2,20.31,0.23
Eritrea,2023,3,21.78,1.29
Eritrea,2023,4,23.53,5.37
Eritrea,2023,5,24.49,3.06
Eritrea,2023,6,24.82,2.34
Eritrea,2023,7,24.51,4.07
Eritrea,2023,8,24.33,2.85
Eritrea,2023,9,24.73,0.63
Eritrea,2023,10,22.31,5.17
Eritrea,2023,11,20.75,1.73
Eritrea,2023,12,19.69,0.04
Eritrea,2023,13,22.57,2.27
Eritrea,2024,1,19.09,1.05
Eritrea,2024,2,20.32,0.36
Eritrea,2024,3,23.33,0.26
Eritrea,2024,4,24.71,1.19
Eritrea,2024,5,26.23,0.29
Eritrea,2024,6,27.3,0.97
Eritrea,2024,7,24.49,3.46
Eritrea,2024,8,22.31,5.42
Eritrea,2024,9,23.93,0.73
Eritrea,2024,10,22.68,0.59
Eritrea,2024,11,20.84,0.1
Eritrea,2024,12,19.01,0.03
Eritrea,2024,13,22.85,1.21
South Sudan,2005,1,28.99,0.01
South Sudan,2005,2,33.12,0.04
South Sudan,2005,3,33.28,0.01
South Sudan,2005,4,33.95,0.46
South Sudan,2005,5,29.68,2.46
South Sudan,2005,6,28.61,2.41
South Sudan,2005,7,26.85,5.07
South Sudan,2005,8,26.9,4.06
South Sudan,2005,9,27.51,4.39
South Sudan,2005,10,29.3,1.07
South Sudan,2005,11,30.73,0.29
South Sudan,2005,12,30.96,0.01
South Sudan,2005,13,29.96,1.7
South Sudan,2006,1,31.06,0.0
South Sudan,2006,2,32.43,0.02
South Sudan,2006,3,33.06,0.34
South Sudan,2006,4,32.89,0.84
South Sudan,2006,5,29.33,2.12
South Sudan,2006,6,29.76,2.1
South Sudan,2006,7,28.03,3.02
South Sudan,2006,8,26.85,5.83
South Sudan,2006,9,27.12,5.04
South Sudan,2006,10,28.9,1.85
South Sudan,2006,11,29.19,0.57
South Sudan,2006,12,28.81,0.02
South Sudan,2006,13,29.76,1.82
South Sudan,2007,1,28.42,0.04
South Sudan,2007,2,30.83,0.0
South Sudan,2007,3,32.69,0.58
South Sudan,2007,4,31.6,1.63
South Sudan,2007,5,29.59,3.21
South Sudan,2007,6,27.22,3.71
South Sudan,2007,7,26.15,5.52
South Sudan,2007,8,25.38,4.26
South Sudan,2007,9,26.42,5.82
South Sudan,2007,10,27.28,4.1
South Sudan,2007,11,28.79,0.66
South Sudan,2007,12,29.29,0.51
South Sudan,2007,13,28.62,2.52
South Sudan,2008,1,29.9,0.02
South Sudan,2008,2,30.33,0.0
South Sudan,2008,3,32.7,0.44
South Sudan,2008,4,30.71,2.01
South Sudan,2008,5,29.42,1.67
South Sudan,2008,6,27.61,5.28
South Sudan,2008,7,26.77,1.99
South Sudan,2008,8,27.1,2.58
South Sudan,2008,9,27.29,3.68
South Sudan,2008,10,27.93,2.18
South Sudan,2008,11,30.67,0.26
South Sudan,2008,12,31.02,0.0
South Sudan,2008,13,29.28,1.67
South Sudan,2009,1,30.69,0.2
South Sudan,2009,2,32.08,0.2
South Sudan,2009,3,32.58,0.17
South Sudan,2009,4,29.74,2.73
South Sudan,2009,5,29.89,1.26
South Sudan,2009,6,28.65,2.83
South Sudan,2009,7,27.28,3.42
South Sudan,2009,8,27.87,3.32
South Sudan,2009,9,27.98,3.57
South Sudan,2009,10,28.87,2.09
South Sudan,2009,11,30.49,0.5
South Sudan,2009,12,29.68,0.12
South Sudan,2009,13,29.63,1.71
South Sudan,2010,1,30.67,0.02
South Sudan,2010,2,32.57,0.26
South Sudan,2010,3,32.63,0.15
South Sudan,2010,4,33.22,1.38
South Sudan,2010,5,28.68,3.59
South Sudan,2010,6,27.71,3.24
South Sudan,2010,7,26.74,2.81
South Sudan,2010,8,26.75,4.83
South Sudan,2010,9,26.92,3.37
South Sudan,2010,10,28.86,2.2
South Sudan,2010,11,30.79,0.67
South Sudan,2010,12,30.46,0.03
South Sudan,2010,13,29.64,1.89
South Sudan,2011,1,29.42,0.0
South Sudan,2011,2,31.4,0.0
South Sudan,2011,3,32.35,0.24
South Sudan,2011,4,32.49,0.32
South Sudan,2011,5,30.39,2.88
South Sudan,2011,6,27.71,3.78
South Sudan,2011,7,27.25,3.36
South Sudan,2011,8,26.28,5.74
South Sudan,2011,9,26.59,2.46
South Sudan,2011,10,27.33,3.04
South Sudan,2011,11,28.08,0.76
South Sudan,2011,12,29.31,0.04
South Sudan,2011,13,29.03,1.9
South Sudan,2012,1,28.95,0.05
South Sudan,2012,2,31.56,0.0
South Sudan,2012,3,32.44,0.02
South Sudan,2012,4,31.74,0.96
South Sudan,2012,5,27.93,4.3
South Sudan,2012,6,27.35,3.23
South Sudan,2012,7,25.18,5.62
South Sudan,2012,8,24.98,6.26
South Sudan,2012,9,25.77,4.67
South Sudan,2012,10,27.24,2.78
South Sudan,2012,11,28.12,0.43
South Sudan,2012,12,29.32,0.23
South Sudan,2012,13,28.37,2.39
South Sudan,2013,1,30.67,0.03
South Sudan,2013,2,31.99,0.0
South Sudan,2013,3,33.15,0.39
South Sudan,2013,4,31.43,1.27
South Sudan,2013,5,27.93,4.86
South Sudan,2013,6,27.09,6.17
South Sudan,2013,7,25.01,5.06
South Sudan,2013,8,25.35,4.08
South Sudan,2013,9,26.22,5.01
South Sudan,2013,10,27.28,2.88
South Sudan,2013,11,28.49,0.78
South Sudan,2013,12,29.41,0.18
South Sudan,2013,13,28.64,2.57
South Sudan,2014,1,29.84,0.02
South Sudan,2014,2,30.43,0.01
South Sudan,2014,3,32.41,0.28
South Sudan,2014,4,29.3,2.9
South Sudan,2014,5,27.09,6.37
South Sudan,2014,6,26.26,6.26
South Sudan,2014,7,25.75,6.47
South Sudan,2014,8,25.09,5.41
South Sudan,2014,9,25.54,6.44
South Sudan,2014,10,25.93,5.87
South Sudan,2014,11,25.6,0.17
South Sudan,2014,12,27.21,0.21
South Sudan,2014,13,27.52,3.39
South Sudan,2015,1,27.46,0.0
South Sudan,2015,2,30.88,0.0
South Sudan,2015,3,32.21,0.62
South Sudan,2015,4,31.96,0.15
South Sudan,2015,5,28.27,5.34
South Sudan,2015,6,26.79,5.9
South Sudan,2015,7,26.7,4.02
South Sudan,2015,8,26.29,6.75
South Sudan,2015,9,26.54,4.89
South Sudan,2015,10,26.86,7.06
South Sudan,2015,11,25.99,1.44
South Sudan,2015,12,25.34,1.39
South Sudan,2015,13,27.92,3.16
South Sudan,2016,1,28.27,0.0
South Sudan,2016,2,31.3,0.01
South Sudan,2016,3,33.79,0.59
South Sudan,2016,4,31.69,3.73
South Sudan,2016,5,27.4,6.81
South Sudan,2016,6,26.19,6.07
South Sudan,2016,7,25.17,8.15
South Sudan,2016,8,26.04,7.77
South Sudan,2016,9,26.6,4.53
South Sudan,2016,10,26.93,4.91
South Sudan,2016,11,28.02,0.03
South Sudan,2016,12,28.99,0.0
South Sudan,2016,13,28.35,3.57
South Sudan,2017,1,29.84,0.0
South Sudan,2017,2,30.31,0.09
South Sudan,2017,3,32.51,0.39
South Sudan,2017,4,30.57,2.73
South Sudan,2017,5,28.08,4.53
South Sudan,2017,6,27.47,3.94
South Sudan,2017,7,25.72,8.54
South Sudan,2017,8,25.68,6.88
South Sudan,2017,9,26.04,4.24
South Sudan,2017,10,26.27,5.36
South Sudan,2017,11,26.11,0.95
South Sudan,2017,12,28.63,0.0
South Sudan,2017,13,28.09,3.16
South Sudan,2018,1,27.88,0.0
South Sudan,2018,2,32.28,0.07
South Sudan,2018,3,30.3,4.32
South Sudan,2018,4,30.73,2.27
South Sudan,2018,5,27.44,6.39
South Sudan,2018,6,25.96,4.26
South Sudan,2018,7,26.4,3.4
South Sudan,2018,8,26.22,5.17
South Sudan,2018,9,26.95,6.78
South Sudan,2018,10,27.29,2.89
South Sudan,2018,11,29.29,0.07
South Sudan,2018,12,29.86,0.01
South Sudan,2018,13,28.35,2.99
South Sudan,2019,1,30.96,0.01
South Sudan,2019,2,31.63,0.88
South Sudan,2019,3,32.56,0.21
South Sudan,2019,4,32.54,0.91
South Sudan,2019,5,29.12,4.08
South Sudan,2019,6,26.17,9.91
South Sudan,2019,7,25.77,4.6
South Sudan,2019,8,25.77,5.03
South Sudan,2019,9,26.39,7.71
South Sudan,2019,10,25.3,4.9
South Sudan,2019,11,25.96,0.43
South Sudan,2019,12,26.27,0.52
South Sudan,2019,13,28.18,3.27
South Sudan,2020,1,27.25,0.0
South Sudan,2020,2,30.54,0.0
South Sudan,2020,3,31.7,1.08
South Sudan,2020,4,31.53,2.0
South Sudan,2020,5,28.04,6.52
South Sudan,2020,6,26.8,7.15
South Sudan,2020,7,25.2,6.51
South Sudan,2020,8,25.41,9.09
South Sudan,2020,9,26.13,6.86
South Sudan,2020,10,26.61,5.23
South Sudan,2020,11,25.78,0.46
South Sudan,2020,12,26.45,2.54
South Sudan,2020,13,27.6,3.97
South Sudan,2021,1,28.02,0.97
South Sudan,2021,2,29.85,0.0
South Sudan,2021,3,32.45,0.01
South Sudan,2021,4,32.51,0.71
South Sudan,2021,5,28.24,9.19
South Sudan,2021,6,27.81,4.69
South Sudan,2021,7,25.42,7.83
South Sudan,2021,8,25.95,6.4
South Sudan,2021,9,25.94,8.3
South Sudan,2021,10,27.05,4.16
South Sudan,2021,11,27.16,1.22
South Sudan,2021,12,27.14,1.11
South Sudan,2021,13,28.11,3.75
South Sudan,2022,1,28.57,0.04
South Sudan,2022,2,29.99,0.0
South Sudan,2022,3,32.72,0.03
South Sudan,2022,4,32.62,0.51
South Sudan,2022,5,29.1,3.82
South Sudan,2022,6,27.54,4.27
South Sudan,2022,7,25.7,9.68
South Sudan,2022,8,24.96,6.27
South Sudan,2022,9,25.77,6.74
South Sudan,2022,10,26.23,5.01
South Sudan,2022,11,26.57,0.24
South Sudan,2022,12,28.44,0.04
South Sudan,2022,13,28.17,3.08
South Sudan,2023,1,29.31,0.0
South Sudan,2023,2,30.84,0.0
South Sudan,2023,3,32.78,0.05
South Sudan,2023,4,31.83,1.85
South Sudan,2023,5,30.95,2.43
South Sudan,2023,6,27.6,7.9
South Sudan,2023,7,27.32,5.99
South Sudan,2023,8,27.01,6.73
South Sudan,2023,9,27.85,5.26
South Sudan,2023,10,27.01,6.52
South Sudan,2023,11,26.98,2.86
South Sudan,2023,12,27.73,0.02
South Sudan,2023,13,28.92,3.32
South Sudan,2024,1,28.97,0.03
South Sudan,2024,2,31.2,0.11
South Sudan,2024,3,34.24,0.03
South Sudan,2024,4,33.19,0.69
South Sudan,2024,5,32.79,2.73
South Sudan,2024,6,28.32,4.99
South Sudan,2024,7,26.44,9.53
South Sudan,2024,8,25.9,5.95
South Sudan,2024,9,27.52,7.07
South Sudan,2024,10,26.99,5.85
South Sudan,2024,11,26.29,0.69
South Sudan,2024,12,27.51,1.77
South Sudan,2024,13,29.11,3.3
Sudan,2005,1,18.14,0.0
Sudan,2005,2,24.83,0.0
Sudan,2005,3,25.18,0.0
Sudan,2005,4,29.15,0.0
Sudan,2005,5,31.16,0.13
Sudan,2005,6,34.08,0.03
Sudan,2005,7,32.65,0.76
Sudan,2005,8,32.39,1.08
Sudan,2005,9,32.19,0.81
Sudan,2005,10,29.52,0.04
Sudan,2005,11,22.86,0.0
Sudan,2005,12,22.54,0.0
Sudan,2005,13,27.9,0.24
Sudan,2006,1,21.62,0.0
Sudan,2006,2,23.45,0.0
Sudan,2006,3,25.59,0.0
Sudan,2006,4,27.46,0.03
Sudan,2006,5,33.26,0.1
Sudan,2006,6,34.04,0.07
Sudan,2006,7,33.28,0.41
Sudan,2006,8,31.96,0.94
Sudan,2006,9,33.55,0.18
Sudan,2006,10,31.1,0.19
Sudan,2006,11,21.91,0.0
Sudan,2006,12,17.12,0.0
Sudan,2006,13,27.88,0.16
Sudan,2007,1,16.18,0.0
Sudan,2007,2,20.81,0.0
Sudan,2007,3,25.21,0.0
Sudan,2007,4,29.65,0.02
Sudan,2007,5,33.11,0.01
Sudan,2007,6,33.33,0.34
Sudan,2007,7,29.49,2.86
Sudan,2007,8,29.34,2.03
Sudan,2007,9,29.99,0.26
Sudan,2007,10,30.17,0.06
Sudan,2007,11,25.43,0.0
Sudan,2007,12,20.28,0.0
Sudan,2007,13,26.94,0.47
Sudan,2008,1,19.44,0.0
Sudan,2008,2,19.1,0.0
Sudan,2008,3,26.25,0.0
Sudan,2008,4,30.05,0.03
Sudan,2008,5,31.9,0.01
Sudan,2008,6,33.86,0.06
Sudan,2008,7,33.31,0.55
Sudan,2008,8,33.35,0.45
Sudan,2008,9,33.14,0.32
Sudan,2008,10,28.72,0.13
Sudan,2008,11,23.75,0.0
Sudan,2008,12,21.57,0.0
Sudan,2008,13,27.89,0.13
Sudan,2009,1,20.82,0.0
Sudan,2009,2,22.84,0.0
Sudan,2009,3,23.79,0.0
Sudan,2009,4,31.4,0.0
Sudan,2009,5,30.97,0.02
Sudan,2009,6,33.65,0.02
Sudan,2009,7,32.67,0.91
Sudan,2009,8,33.02,0.88
Sudan,2009,9,33.53,0.24
Sudan,2009,10,30.55,0.08
Sudan,2009,11,24.15,0.0
Sudan,2009,12,18.81,0.0
Sudan,2009,13,28.03,0.18
Sudan,2010,1,21.45,0.0
Sudan,2010,2,23.91,0.0
Sudan,2010,3,25.31,0.0
Sudan,2010,4,29.32,0.0
Sudan,2010,5,32.08,0.0
Sudan,2010,6,34.16,0.01
Sudan,2010,7,31.79,0.73
Sudan,2010,8,30.93,1.43
Sudan,2010,9,32.64,0.36
Sudan,2010,10,32.13,0.12
Sudan,2010,11,26.38,0.0
Sudan,2010,12,20.82,0.0
Sudan,2010,13,28.42,0.22
Sudan,2011,1,17.45,0.0
Sudan,2011,2,22.89,0.0
Sudan,2011,3,23.57,0.0
Sudan,2011,4,28.64,0.0
Sudan,2011,5,31.68,0.07
Sudan,2011,6,33.6,0.0
Sudan,2011,7,33.26,0.75
Sudan,2011,8,32.1,1.11
Sudan,2011,9,31.57,0.31
Sudan,2011,10,30.34,0.13
Sudan,2011,11,20.71,0.0
Sudan,2011,12,18.42,0.0
Sudan,2011,13,27.04,0.2
Sudan,2012,1,17.26,0.0
Sudan,2012,2,22.65,0.0
Sudan,2012,3,22.72,0.0
Sudan,2012,4,28.92,0.0
Sudan,2012,5,32.79,0.14
Sudan,2012,6,33.8,0.11
Sudan,2012,7,31.74,1.57
Sudan,2012,8,30.49,1.68
Sudan,2012,9,32.18,0.05
Sudan,2012,10,30.64,0.05
Sudan,2012,11,24.22,0.0
Sudan,2012,12,18.78,0.0
Sudan,2012,13,27.18,0.3
Sudan,2013,1,20.47,0.0
Sudan,2013,2,22.8,0.0
Sudan,2013,3,25.76,0.0
Sudan,2013,4,27.91,0.0
Sudan,2013,5,31.95,0.0
Sudan,2013,6,33.03,0.06
Sudan,2013,7,32.86,0.15
Sudan,2013,8,29.72,1.72
Sudan,2013,9,32.01,0.52
Sudan,2013,10,28.31,0.0
Sudan,2013,11,23.98,0.0
Sudan,2013,12,19.47,0.0
Sudan,2013,13,27.37,0.21
Sudan,2014,1,19.24,0.0
Sudan,2014,2,20.41,0.0
Sudan,2014,3,26.82,0.0
Sudan,2014,4,31.95,0.0
Sudan,2014,5,32.27,0.02
Sudan,2014,6,33.35,0.44
Sudan,2014,7,31.83,2.5
Sudan,2014,8,29.69,1.26
Sudan,2014,9,31.13,0.14
Sudan,2014,10,29.44,0.06
Sudan,2014,11,22.94,0.0
Sudan,2014,12,20.18,0.0
Sudan,2014,13,27.47,0.37
Sudan,2015,1,17.2,0.0
Sudan,2015,2,23.53,0.0
Sudan,2015,3,26.97,0.0
Sudan,2015,4,26.14,0.0
Sudan,2015,5,32.28,0.0
Sudan,2015,6,33.84,0.01
Sudan,2015,7,33.83,0.22
Sudan,2015,8,32.12,1.83
Sudan,2015,9,33.64,0.07
Sudan,2015,10,31.35,0.01
Sudan,2015,11,23.19,0.0
Sudan,2015,12,16.71,0.0
Sudan,2015,13,27.58,0.18
Sudan,2016,1,15.78,0.0
Sudan,2016,2,19.86,0.0
Sudan,2016,3,27.9,0.0
Sudan,2016,4,29.16,0.0
Sudan,2016,5,32.87,0.01
Sudan,2016,6,34.35,0.13
Sudan,2016,7,30.79,3.48
Sudan,2016,8,28.96,3.22
Sudan,2016,9,30.93,0.06
Sudan,2016,10,29.2,0.42
Sudan,2016,11,24.64,0.0
Sudan,2016,12,19.61,0.0
Sudan,2016,13,27.01,0.62
Sudan,2017,1,21.19,0.0
Sudan,2017,2,19.31,0.0
Sudan,2017,3,24.6,0.0
Sudan,2017,4,29.78,0.0
Sudan,2017,5,32.89,0.05
Sudan,2017,6,34.49,0.01
Sudan,2017,7,33.37,0.72
Sudan,2017,8,31.72,1.21
Sudan,2017,9,32.24,0.2
Sudan,2017,10,28.89,0.0
Sudan,2017,11,22.92,0.0
Sudan,2017,12,21.28,0.0
Sudan,2017,13,27.77,0.19
Sudan,2018,1,16.89,0.0
Sudan,2018,2,25.1,0.0
Sudan,2018,3,26.35,0.0
Sudan,2018,4,27.96,0.0
Sudan,2018,5,33.18,0.02
Sudan,2018,6,33.23,0.02
Sudan,2018,7,32.45,1.58
Sudan,2018,8,30.86,0.63
Sudan,2018,9,32.6,0.33
Sudan,2018,10,30.24,0.15
Sudan,2018,11,23.15,0.0
Sudan,2018,12,18.44,0.0
Sudan,2018,13,27.54,0.23
Sudan,2019,1,20.73,0.0
Sudan,2019,2,22.64,0.01
Sudan,2019,3,24.17,0.0
Sudan,2019,4,28.64,0.0
Sudan,2019,5,33.02,0.0
Sudan,2019,6,34.89,0.01
Sudan,2019,7,34.21,0.04
Sudan,2019,8,29.8,3.27
Sudan,2019,9,31.74,0.22
Sudan,2019,10,29.92,0.66
Sudan,2019,11,24.39,0.0
Sudan,2019,12,19.14,0.0
Sudan,2019,13,27.79,0.36
Sudan,2020,1,16.57,0.0
Sudan,2020,2,19.37,0.0
Sudan,2020,3,25.96,0.0
Sudan,2020,4,29.04,0.0
Sudan,2020,5,32.04,0.15
Sudan,2020,6,33.78,0.0
Sudan,2020,7,32.64,1.41
Sudan,2020,8,29.17,3.09
Sudan,2020,9,30.29,0.79
Sudan,2020,10,29.77,0.0
Sudan,2020,11,22.84,0.0
Sudan,2020,12,21.3,0.0
Sudan,2020,13,26.92,0.46
Sudan,2021,1,20.06,0.0
Sudan,2021,2,20.94,0.0
Sudan,2021,3,25.81,0.0
Sudan,2021,4,28.31,0.0
Sudan,2021,5,32.72,0.05
Sudan,2021,6,34.84,0.0
Sudan,2021,7,29.63,5.13
Sudan,2021,8,28.51,5.04
Sudan,2021,9,28.6,1.89
Sudan,2021,10,28.58,0.11
Sudan,2021,11,25.17,0.0
Sudan,2021,12,19.79,0.0
Sudan,2021,13,26.94,1.03
Sudan,2022,1,17.66,0.01
Sudan,2022,2,18.24,0.0
Sudan,2022,3,23.46,0.0
Sudan,2022,4,31.53,0.0
Sudan,2022,5,32.64,0.0
Sudan,2022,6,32.88,0.87
Sudan,2022,7,30.18,4.66
Sudan,2022,8,29.11,1.21
Sudan,2022,9,30.29,1.24
Sudan,2022,10,29.12,0.01
Sudan,2022,11,23.2,0.0
Sudan,2022,12,20.0,0.0
Sudan,2022,13,26.56,0.67
Sudan,2023,1,18.7,0.0
Sudan,2023,2,19.95,0.0
Sudan,2023,3,25.38,0.0
Sudan,2023,4,29.44,0.0
Sudan,2023,5,32.57,0.02
Sudan,2023,6,34.15,0.55
Sudan,2023,7,33.12,1.81
Sudan,2023,8,30.84,3.37
Sudan,2023,9,31.95,0.02
Sudan,2023,10,31.71,0.0
Sudan,2023,11,26.9,0.0
Sudan,2023,12,20.66,0.0
Sudan,2023,13,27.98,0.49
Sudan,2024,1,18.19,0.0
Sudan,2024,2,20.38,0.0
Sudan,2024,3,26.79,0.02
Sudan,2024,4,29.55,0.0
Sudan,2024,5,32.6,0.09
Sudan,2024,6,35.36,0.02
Sudan,2024,7,31.87,3.8
Sudan,2024,8,27.17,6.31
Sudan,2024,9,28.67,1.86
Sudan,2024,10,27.88,0.02
Sudan,2024,11,21.73,0.0
Sudan,2024,12,19.21,0.0
Sudan,2024,13,26.63,1.02
Uganda,2005,1,25.72,2.04
Uganda,2005,2,27.31,1.21
Uganda,2005,3,26.12,2.55
Uganda,2005,4,25.84,2.53
Uganda,2005,5,23.62,2.87
Uganda,2005,6,23.91,1.32
Uganda,2005,7,23.28,3.03
Uganda,2005,8,24.52,2.36
Uganda,2005,9,25.06,2.93
Uganda,2005,10,25.29,2.57
Uganda,2005,11,25.84,1.55
Uganda,2005,12,27.02,0.09
Uganda,2005,13,25.28,2.09
Uganda,2006,1,27.85,0.53
Uganda,2006,2,28.14,1.3
Uganda,2006,3,26.41,2.12
Uganda,2006,4,24.0,4.78
Uganda,2006,5,23.54,3.32
Uganda,2006,6,23.81,0.98
Uganda,2006,7,23.94,1.85
Uganda,2006,8,24.58,1.8
Uganda,2006,9,25.34,2.47
Uganda,2006,10,26.04,3.54
Uganda,2006,11,24.02,5.0
Uganda,2006,12,24.36,2.98
Uganda,2006,13,25.15,2.56
Uganda,2007,1,26.05,1.5
Uganda,2007,2,26.01,1.46
Uganda,2007,3,26.63,1.67
Uganda,2007,4,25.51,4.33
Uganda,2007,5,23.71,4.75
Uganda,2007,6,22.27,2.96
Uganda,2007,7,22.51,3.43
Uganda,2007,8,23.38,2.82
Uganda,2007,9,23.41,4.63
Uganda,2007,10,24.63,3.21
Uganda,2007,11,25.41,1.48
Uganda,2007,12,25.43,1.9
Uganda,2007,13,24.57,2.85
Uganda,2008,1,26.41,1.37
Uganda,2008,2,25.68,2.36
Uganda,2008,3,25.63,3.13
Uganda,2008,4,24.42,3.21
Uganda,2008,5,24.19,2.5
Uganda,2008,6,22.81,2.15
Uganda,2008,7,22.73,2.35
Uganda,2008,8,23.38,2.94
Uganda,2008,9,23.26,4.86
Uganda,2008,10,23.34,4.42
Uganda,2008,11,24.6,1.94
Uganda,2008,12,26.22,0.37
Uganda,2008,13,24.39,2.63
Uganda,2009,1,26.66,1.08
Uganda,2009,2,26.92,1.38
Uganda,2009,3,27.14,2.63
Uganda,2009,4,23.8,5.46
Uganda,2009,5,23.62,3.17
Uganda,2009,6,24.6,1.5
Uganda,2009,7,23.41,1.12
Uganda,2009,8,24.35,2.26
Uganda,2009,9,24.82,3.06
Uganda,2009,10,24.53,3.26
Uganda,2009,11,25.02,3.35
Uganda,2009,12,24.85,3.77
Uganda,2009,13,24.97,2.67
Uganda,2010,1,26.1,1.23
Uganda,2010,2,26.32,3.46
Uganda,2010,3,25.33,3.87
Uganda,2010,4,24.37,5.39
Uganda,2010,5,23.31,4.37
Uganda,2010,6,23.45,1.56
Uganda,2010,7,23.68,1.78
Uganda,2010,8,23.71,2.87
Uganda,2010,9,23.94,4.14
Uganda,2010,10,23.82,4.34
Uganda,2010,11,24.52,4.6
Uganda,2010,12,24.57,1.71
Uganda,2010,13,24.42,3.27
Uganda,2011,1,26.45,0.46
Uganda,2011,2,27.19,0.61
Uganda,2011,3,25.84,3.55
Uganda,2011,4,25.14,2.51
Uganda,2011,5,23.3,4.33
Uganda,2011,6,23.16,3.39
Uganda,2011,7,23.91,1.8
Uganda,2011,8,23.06,5.7
Uganda,2011,9,23.13,3.11
Uganda,2011,10,23.16,7.09
Uganda,2011,11,23.02,6.57
Uganda,2011,12,24.67,1.03
Uganda,2011,13,24.32,3.36
Uganda,2012,1,25.97,0.04
Uganda,2012,2,26.45,0.5
Uganda,2012,3,27.02,1.25
Uganda,2012,4,24.09,5.09
Uganda,2012,5,23.04,3.87
Uganda,2012,6,22.84,2.62
Uganda,2012,7,23.27,2.93
Uganda,2012,8,22.9,3.82
Uganda,2012,9,23.08,5.5
Uganda,2012,10,24.28,3.92
Uganda,2012,11,23.59,4.57
Uganda,2012,12,24.21,4.04
Uganda,2012,13,24.23,3.18
Uganda,2013,1,25.62,0.94
Uganda,2013,2,27.17,0.35
Uganda,2013,3,26.03,3.05
Uganda,2013,4,23.8,4.5
Uganda,2013,5,23.22,4.16
Uganda,2013,6,23.34,1.12
Uganda,2013,7,23.58,1.86
Uganda,2013,8,23.26,3.74
Uganda,2013,9,23.38,5.4
Uganda,2013,10,23.54,3.79
Uganda,2013,11,23.65,3.97
Uganda,2013,12,25.04,2.17
Uganda,2013,13,24.29,2.93
Uganda,2014,1,26.97,0.58
Uganda,2014,2,26.67,0.53
Uganda,2014,3,26.58,1.9
Uganda,2014,4,24.57,2.94
Uganda,2014,5,23.16,6.31
Uganda,2014,6,23.42,2.56
Uganda,2014,7,23.63,2.1
Uganda,2014,8,23.13,3.06
Uganda,2014,9,23.13,4.86
Uganda,2014,10,22.87,8.48
Uganda,2014,11,23.17,2.89
Uganda,2014,12,24.67,2.16
Uganda,2014,13,24.32,3.22
Uganda,2015,1,24.56,0.42
Uganda,2015,2,27.36,0.66
Uganda,2015,3,27.13,2.48
Uganda,2015,4,23.09,5.14
Uganda,2015,5,22.92,4.55
Uganda,2015,6,23.48,2.25
Uganda,2015,7,24.01,1.29
Uganda,2015,8,24.85,1.93
Uganda,2015,9,24.78,2.66
Uganda,2015,10,24.3,5.46
Uganda,2015,11,22.83,9.63
Uganda,2015,12,23.29,3.33
Uganda,2015,13,24.37,3.32
Uganda,2016,1,25.08,0.92
Uganda,2016,2,27.21,0.26
Uganda,2016,3,27.62,2.68
Uganda,2016,4,23.68,6.97
Uganda,2016,5,23.23,2.68
Uganda,2016,6,22.73,2.58
Uganda,2016,7,23.24,1.16
Uganda,2016,8,24.26,1.81
Uganda,2016,9,24.13,4.11
Uganda,2016,10,24.04,3.65
Uganda,2016,11,24.75,1.56
Uganda,2016,12,26.81,0.44
Uganda,2016,13,24.73,2.4
Uganda,2017,1,26.97,0.92
Uganda,2017,2,26.87,2.85
Uganda,2017,3,25.61,2.68
Uganda,2017,4,25.13,3.41
Uganda,2017,5,23.09,5.14
Uganda,2017,6,23.83,2.32
Uganda,2017,7,23.33,2.48
Uganda,2017,8,23.56,2.91
Uganda,2017,9,23.5,3.63
Uganda,2017,10,24.56,2.82
Uganda,2017,11,24.74,2.02
Uganda,2017,12,27.2,0.03
Uganda,2017,13,24.86,2.6
Uganda,2018,1,26.65,0.35
Uganda,2018,2,27.82,1.47
Uganda,2018,3,24.54,2.96
Uganda,2018,4,22.88,7.24
Uganda,2018,5,22.92,2.69
Uganda,2018,6,22.73,2.21
Uganda,2018,7,23.0,1.0
Uganda,2018,8,23.59,2.96
Uganda,2018,9,24.93,2.33
Uganda,2018,10,23.91,3.14
Uganda,2018,11,24.49,1.77
Uganda,2018,12,25.84,1.61
Uganda,2018,13,24.42,2.48
Uganda,2019,1,27.08,0.54
Uganda,2019,2,28.08,1.92
Uganda,2019,3,28.04,1.06
Uganda,2019,4,25.46,5.02
Uganda,2019,5,23.66,3.9
Uganda,2019,6,22.78,5.01
Uganda,2019,7,22.86,2.6
Uganda,2019,8,23.54,4.09
Uganda,2019,9,23.98,3.87
Uganda,2019,10,22.55,11.82
Uganda,2019,11,23.02,3.27
Uganda,2019,12,23.13,3.73
Uganda,2019,13,24.49,3.91
Uganda,2020,1,24.38,1.6
Uganda,2020,2,25.65,1.93
Uganda,2020,3,24.29,7.44
Uganda,2020,4,23.7,5.31
Uganda,2020,5,22.3,3.94
Uganda,2020,6,21.73,2.62
Uganda,2020,7,21.13,2.43
Uganda,2020,8,22.85,2.74
Uganda,2020,9,23.63,5.64
Uganda,2020,10,22.78,5.96
Uganda,2020,11,23.84,3.12
Uganda,2020,12,24.83,1.08
Uganda,2020,13,23.42,3.65
Uganda,2021,1,24.67,2.89
Uganda,2021,2,25.57,0.74
Uganda,2021,3,26.75,0.66
Uganda,2021,4,23.68,4.76
Uganda,2021,5,23.36,2.2
Uganda,2021,6,23.52,0.68
Uganda,2021,7,23.65,0.31
Uganda,2021,8,24.98,0.74
Uganda,2021,9,23.93,2.4
Uganda,2021,10,25.7,2.29
Uganda,2021,11,25.39,2.94
Uganda,2021,12,26.45,0.81
Uganda,2021,13,24.81,1.78
Uganda,2022,1,26.22,1.02
Uganda,2022,2,26.8,0.57
Uganda,2022,3,27.47,2.13
Uganda,2022,4,25.18,3.55
Uganda,2022,5,24.14,2.97
Uganda,2022,6,23.26,1.4
Uganda,2022,7,23.66,1.82
Uganda,2022,8,22.97,3.74
Uganda,2022,9,23.57,5.21
Uganda,2022,10,23.91,4.31
Uganda,2022,11,24.5,2.43
Uganda,2022,12,25.16,1.97
Uganda,2022,13,24.73,2.6
Uganda,2023,1,26.3,0.61
Uganda,2023,2,28.17,0.51
Uganda,2023,3,24.97,6.37
Uganda,2023,4,23.94,4.26
Uganda,2023,5,24.01,2.85
Uganda,2023,6,23.17,4.89
Uganda,2023,7,23.28,1.51
Uganda,2023,8,24.99,1.9
Uganda,2023,9,24.42,5.89
Uganda,2023,10,23.89,7.09
Uganda,2023,11,23.88,5.18
Uganda,2023,12,25.28,1.12
Uganda,2023,13,24.67,3.52
Uganda,2024,1,25.44,2.41
Uganda,2024,2,26.79,2.21
Uganda,2024,3,26.88,2.18
Uganda,2024,4,24.22,4.18
Uganda,2024,5,24.77,2.68
Uganda,2024,6,23.31,3.48
Uganda,2024,7,23.79,2.34
Uganda,2024,8,24.52,4.36
Uganda,2024,9,24.58,4.53
Uganda,2024,10,23.94,5.76
Uganda,2024,11,23.64,3.79
Uganda,2024,12,25.62,0.72
Uganda,2024,13,24.79,3.22
Somalia,2005,1,24.89,0.11
Somalia,2005,2,26.49,0.0
Somalia,2005,3,28.85,0.51
Somalia,2005,4,28.57,4.79
Somalia,2005,5,27.0,2.68
Somalia,2005,6,27.14,0.06
Somalia,2005,7,27.02,0.07
Somalia,2005,8,27.83,0.03
Somalia,2005,9,28.68,0.51
Somalia,2005,10,28.29,0.65
Somalia,2005,11,27.47,0.35
Somalia,2005,12,25.39,0.03
Somalia,2005,13,27.3,0.82
Somalia,2006,1,25.83,0.04
Somalia,2006,2,26.92,0.39
Somalia,2006,3,28.76,0.18
Somalia,2006,4,28.66,1.42
Somalia,2006,5,29.03,0.99
Somalia,2006,6,28.58,0.12
Somalia,2006,7,27.14,0.4
Somalia,2006,8,27.76,0.49
Somalia,2006,9,28.71,0.29
Somalia,2006,10,27.78,3.09
Somalia,2006,11,26.05,1.95
Somalia,2006,12,25.97,0.32
Somalia,2006,13,27.6,0.81
Somalia,2007,1,25.72,0.02
Somalia,2007,2,27.29,0.03
Somalia,2007,3,28.95,0.02
Somalia,2007,4,29.52,1.64
Somalia,2007,5,29.11,1.8
Somalia,2007,6,27.41,0.44
Somalia,2007,7,28.02,0.04
Somalia,2007,8,28.64,0.06
Somalia,2007,9,29.32,0.29
Somalia,2007,10,28.46,1.45
Somalia,2007,11,25.84,2.18
Somalia,2007,12,25.26,0.01
Somalia,2007,13,27.8,0.67
Somalia,2008,1,25.74,0.03
Somalia,2008,2,25.45,0.0
Somalia,2008,3,26.98,0.0
Somalia,2008,4,27.31,6.6
Somalia,2008,5,27.21,0.3
Somalia,2008,6,27.04,0.1
Somalia,2008,7,26.75,0.11
Somalia,2008,8,28.14,0.07
Somalia,2008,9,29.4,0.11
Somalia,2008,10,27.79,3.21
Somalia,2008,11,24.85,2.34
Somalia,2008,12,24.34,0.0
Somalia,2008,13,26.75,1.07
Somalia,2009,1,25.46,0.09
Somalia,2009,2,26.77,0.03
Somalia,2009,3,28.35,0.06
Somalia,2009,4,29.01,1.89
Somalia,2009,5,29.45,0.76
Somalia,2009,6,29.66,0.11
Somalia,2009,7,27.76,0.07
Somalia,2009,8,28.33,0.04
Somalia,2009,9,29.41,0.09
Somalia,2009,10,26.66,5.61
Somalia,2009,11,25.74,0.53
Somalia,2009,12,25.83,0.02
Somalia,2009,13,27.7,0.78
Somalia,2010,1,25.56,0.0
Somalia,2010,2,27.36,0.59
Somalia,2010,3,28.33,1.39
Somalia,2010,4,27.61,8.29
Somalia,2010,5,26.66,1.52
Somalia,2010,6,27.14,1.27
Somalia,2010,7,26.27,0.15
Somalia,2010,8,26.44,0.97
Somalia,2010,9,28.3,0.21
Somalia,2010,10,28.72,0.64
Somalia,2010,11,26.96,0.04
Somalia,2010,12,25.26,0.0
Somalia,2010,13,27.04,1.25
Somalia,2011,1,24.9,0.0
Somalia,2011,2,25.72,0.01
Somalia,2011,3,27.36,0.01
Somalia,2011,4,28.97,7.28
Somalia,2011,5,26.04,1.43
Somalia,2011,6,26.94,0.05
Somalia,2011,7,27.33,0.02
Somalia,2011,8,27.96,0.0
Somalia,2011,9,29.55,0.0
Somalia,2011,10,26.72,5.63
Somalia,2011,11,25.09,3.39
Somalia,2011,12,24.28,0.03
Somalia,2011,13,26.74,1.49
Somalia,2012,1,24.43,0.02
Somalia,2012,2,26.04,0.01
Somalia,2012,3,27.66,0.0
Somalia,2012,4,26.9,5.65
Somalia,2012,5,26.61,2.4
Somalia,2012,6,26.41,0.07
Somalia,2012,7,25.95,0.07
Somalia,2012,8,27.48,0.66
Somalia,2012,9,28.09,0.7
Somalia,2012,10,27.69,1.52
Somalia,2012,11,27.22,0.68
Somalia,2012,12,27.16,0.03
Somalia,2012,13,26.8,0.98
Somalia,2013,1,26.41,0.0
Somalia,2013,2,27.07,0.0
Somalia,2013,3,28.51,1.5
Somalia,2013,4,27.32,6.92
Somalia,2013,5,25.43,1.62
Somalia,2013,6,26.03,0.1
Somalia,2013,7,25.93,0.04
Somalia,2013,8,27.63,0.08
Somalia,2013,9,29.03,0.11
Somalia,2013,10,28.23,1.02
Somalia,2013,11,24.98,5.7
Somalia,2013,12,24.01,0.0
Somalia,2013,13,26.71,1.42
Somalia,2014,1,24.47,0.0
Somalia,2014,2,26.45,0.0
Somalia,2014,3,28.74,0.09
Somalia,2014,4,29.22,1.43
Somalia,2014,5,28.44,1.46
Somalia,2014,6,28.25,0.22
Somalia,2014,7,27.84,0.04
Somalia,2014,8,28.32,0.1
Somalia,2014,9,29.01,0.95
Somalia,2014,10,25.44,7.07
Somalia,2014,11,25.36,1.1
Somalia,2014,12,24.39,0.22
Somalia,2014,13,27.16,1.07
Somalia,2015,1,23.97,0.0
Somalia,2015,2,26.34,0.02
Somalia,2015,3,27.57,0.9
Somalia,2015,4,28.99,1.88
Somalia,2015,5,27.84,3.21
Somalia,2015,6,27.4,0.7
Somalia,2015,7,27.35,0.55
Somalia,2015,8,27.32,1.02
Somalia,2015,9,29.35,0.31
Somalia,2015,10,28.49,3.4
Somalia,2015,11,24.26,7.27
Somalia,2015,12,24.52,0.14
Somalia,2015,13,26.95,1.62
Somalia,2016,1,25.4,0.13
Somalia,2016,2,26.14,0.01
Somalia,2016,3,29.6,0.2
Somalia,2016,4,29.3,5.65
Somalia,2016,5,27.07,1.14
Somalia,2016,6,27.24,0.06
Somalia,2016,7,26.65,0.05
Somalia,2016,8,27.65,0.11
Somalia,2016,9,28.38,0.05
Somalia,2016,10,28.48,0.42
Somalia,2016,11,27.76,0.1
Somalia,2016,12,26.4,0.01
Somalia,2016,13,27.51,0.66
Somalia,2017,1,25.01,0.0
Somalia,2017,2,27.41,0.01
Somalia,2017,3,28.53,0.01
Somalia,2017,4,30.26,1.34
Somalia,2017,5,29.17,0.87
Somalia,2017,6,29.3,0.08
Somalia,2017,7,27.77,0.09
Somalia,2017,8,28.63,0.02
Somalia,2017,9,29.38,0.03
Somalia,2017,10,29.08,1.18
Somalia,2017,11,25.45,3.49
Somalia,2017,12,23.78,0.02
Somalia,2017,13,27.81,0.59
Somalia,2018,1,24.25,0.01
Somalia,2018,2,27.08,0.0
Somalia,2018,3,28.83,0.18
Somalia,2018,4,27.93,3.63
Somalia,2018,5,27.62,1.05
Somalia,2018,6,27.18,0.49
Somalia,2018,7,26.94,0.11
Somalia,2018,8,27.61,0.35
Somalia,2018,9,29.42,1.07
Somalia,2018,10,28.28,0.5
Somalia,2018,11,27.95,0.37
Somalia,2018,12,27.24,0.02
Somalia,2018,13,27.52,0.65
Somalia,2019,1,25.62,0.02
Somalia,2019,2,27.52,0.02
Somalia,2019,3,29.12,0.02
Somalia,2019,4,30.18,0.35
Somalia,2019,5,29.89,1.47
Somalia,2019,6,27.88,1.61
Somalia,2019,7,27.68,0.14
Somalia,2019,8,28.71,0.07
Somalia,2019,9,29.64,0.59
Somalia,2019,10,27.45,3.25
Somalia,2019,11,26.66,0.88
Somalia,2019,12,26.45,0.24
Somalia,2019,13,28.07,0.73
Somalia,2020,1,27.39,0.02
Somalia,2020,2,27.82,0.0
Somalia,2020,3,29.25,0.55
Somalia,2020,4,28.9,3.8
Somalia,2020,5,26.77,6.04
Somalia,2020,6,26.95,0.3
Somalia,2020,7,26.62,0.33
Somalia,2020,8,27.22,0.31
Somalia,2020,9,26.93,5.78
Somalia,2020,10,27.47,2.33
Somalia,2020,11,26.02,0.63
Somalia,2020,12,25.38,0.01
Somalia,2020,13,27.22,1.67
Somalia,2021,1,25.22,0.06
Somalia,2021,2,26.44,0.04
Somalia,2021,3,28.23,0.0
Somalia,2021,4,29.35,2.65
Somalia,2021,5,26.64,7.73
Somalia,2021,6,24.98,0.3
Somalia,2021,7,25.17,0.4
Somalia,2021,8,26.66,0.47
Somalia,2021,9,28.0,0.41
Somalia,2021,10,29.19,0.22
Somalia,2021,11,28.11,1.17
Somalia,2021,12,25.52,0.37
Somalia,2021,13,26.96,1.16
Somalia,2022,1,26.0,0.26
Somalia,2022,2,26.53,0.34
Somalia,2022,3,27.93,0.35
Somalia,2022,4,29.49,2.45
Somalia,2022,5,28.49,1.34
Somalia,2022,6,27.35,0.46
Somalia,2022,7,26.39,0.4
Somalia,2022,8,27.13,0.39
Somalia,2022,9,28.2,0.2
Somalia,2022,10,28.3,0.69
Somalia,2022,11,27.57,1.05
Somalia,2022,12,26.12,0.67
Somalia,2022,13,27.46,0.72
Somalia,2023,1,25.9,0.0
Somalia,2023,2,26.33,0.04
Somalia,2023,3,28.74,1.18
Somalia,2023,4,29.39,2.16
Somalia,2023,5,26.51,5.93
Somalia,2023,6,26.96,0.76
Somalia,2023,7,26.75,0.23
Somalia,2023,8,28.4,0.13
Somalia,2023,9,30.11,0.25
Somalia,2023,10,27.85,5.08
Somalia,2023,11,24.61,6.71
Somalia,2023,12,25.18,0.02
Somalia,2023,13,27.23,1.88
Somalia,2024,1,26.04,0.02
Somalia,2024,2,27.89,0.15
Somalia,2024,3,29.89,0.01
Somalia,2024,4,29.61,7.66
Somalia,2024,5,27.05,5.22
Somalia,2024,6,26.14,0.98
Somalia,2024,7,27.03,0.21
Somalia,2024,8,27.44,0.3
Somalia,2024,9,29.23,0.3
Somalia,2024,10,29.25,1.82
Somalia,2024,11,27.57,1.07
Somalia,2024,12,25.59,0.0
Somalia,2024,13,27.72,1.47
